Address,Size,Type,Symbol
0x0040137D,0x00000121,func,fn_0040137D
0x00405D29,0x00000251,func,fn_00405D29
0x004132A0,0x0000001C,func,fn_004132A0
0x004132BC,0x00000006,func,fn_004132BC
0x004132C2,0x00000006,func,fn_004132C2
0x004132C8,0x0000001A,func,fn_004132C8
0x004132E2,0x0000003A,func,fn_004132E2
0x0041331C,0x0000002B,func,fn_0041331C
0x00413347,0x0000001A,func,fn_00413347
0x00413361,0x0000002F,func,fn_00413361
0x00413390,0x00000018,func,fn_00413390
0x004133A8,0x0000002B,func,fn_004133A8
0x004133D3,0x00000041,func,fn_004133D3
0x00413414,0x00000050,func,fn_00413414
0x00413464,0x00000050,func,fn_00413464
0x00413570,0x000000AB,func,fn_00413570
0x004137E3,0x00000061,func,fn_004137E3
0x00413844,0x00000045,func,fn_00413844
0x00413889,0x0000003B,func,fn_00413889
0x004138C4,0x00000011,func,fn_004138C4
0x004138D5,0x0000003A,func,fn_004138D5
0x0041390F,0x00000016,func,fn_0041390F
0x00413925,0x0000004E,func,fn_00413925
0x00413980,0x00000028,func,fn_00413980
0x004139A8,0x00000023,func,fn_004139A8
0x004139CB,0x0000001D,func,fn_004139CB
0x004139E8,0x0000002D,func,fn_004139E8
0x00413A15,0x00000067,func,fn_00413A15
0x00413A7C,0x0000006F,func,fn_00413A7C
0x00413AEB,0x000000CC,func,fn_00413AEB
0x00413BB7,0x0000005B,func,fn_00413BB7
0x00413C12,0x00000125,func,fn_00413C12
0x00413D38,0x00000060,func,fn_00413D38
0x00413D98,0x0000001D,func,fn_00413D98
0x00413DB5,0x0000002D,func,fn_00413DB5
0x00413DE2,0x00000014,func,fn_00413DE2
0x00413E62,0x00000370,func,fn_00413E62
0x0041425A,0x00000030,func,fn_0041425A
0x0041428A,0x0000005D,func,fn_0041428A
0x004142E7,0x0000007D,func,fn_004142E7
0x004152F4,0x00000056,func,fn_004152F4
0x0041534A,0x00000054,func,fn_0041534A
0x0041539E,0x00000011,func,fn_0041539E
0x004153AF,0x000000CC,func,fn_004153AF
0x0041547B,0x0000009E,func,fn_0041547B
0x00415519,0x00000008,func,fn_00415519
0x0041558E,0x000000A3,func,fn_0041558E
0x00415631,0x00000077,func,fn_00415631
0x004156A8,0x0000004E,func,fn_004156A8
0x004156F6,0x00000066,func,fn_004156F6
0x0041575C,0x00000079,func,fn_0041575C
0x004157D5,0x0000007A,func,fn_004157D5
0x0041584F,0x00000106,func,fn_0041584F
0x00415955,0x0000004C,func,fn_00415955
0x004159B4,0x00000109,func,fn_004159B4
0x00415ABD,0x00000016,func,fn_00415ABD
0x00415AD3,0x00000073,func,fn_00415AD3
0x00415B46,0x000000BC,func,fn_00415B46
0x00415C38,0x00000028,func,fn_00415C38
0x00415C60,0x0000001D,func,fn_00415C60
0x00415C7D,0x00000060,func,fn_00415C7D
0x00415CFA,0x00000073,func,fn_00415CFA
0x00415D6D,0x000000A3,func,fn_00415D6D
0x00415E10,0x000000C7,func,fn_00415E10
0x00415ED7,0x000000DB,func,fn_00415ED7
0x00415FB3,0x0000000F,func,fn_00415FB3
0x00415FF2,0x0000007B,func,fn_00415FF2
0x0041606D,0x0000004E,func,fn_0041606D
0x004160D0,0x0000007F,func,fn_004160D0
0x0041614F,0x00000049,func,fn_0041614F
0x00416198,0x0000008A,func,fn_00416198
0x00416222,0x000000F7,func,fn_00416222
0x0041631A,0x00000096,func,fn_0041631A
0x004163B0,0x000000CF,func,fn_004163B0
0x0041647F,0x00000077,func,fn_0041647F
0x004164F6,0x00000064,func,fn_004164F6
0x0041655A,0x00000060,func,fn_0041655A
0x004165BA,0x0000000B,func,fn_004165BA
0x004165C5,0x0000000E,func,fn_004165C5
0x004165D3,0x0000014B,func,fn_004165D3
0x0041673B,0x0000002E,func,fn_0041673B
0x00416769,0x00000044,func,fn_00416769
0x004167AD,0x00000188,func,fn_004167AD
0x00416935,0x0000005C,func,fn_00416935
0x00416991,0x00000036,func,fn_00416991
0x004169C7,0x00000077,func,fn_004169C7
0x00416A3E,0x0000011A,func,fn_00416A3E
0x00416B58,0x00000032,func,fn_00416B58
0x00416BD8,0x0000005C,func,fn_00416BD8
0x00416C34,0x000000CF,func,fn_00416C34
0x00416EDA,0x0000000A,func,fn_00416EDA
0x00416F89,0x0000007C,func,fn_00416F89
0x00417463,0x00000010,func,fn_00417463
0x004174BE,0x00000028,func,fn_004174BE
0x004174E6,0x0000002F,func,fn_004174E6
0x00417686,0x00000027,func,fn_00417686
0x00417B39,0x000000B1,func,fn_00417B39
0x00417BEA,0x000000B1,func,fn_00417BEA
0x0041819E,0x000000B1,func,fn_0041819E
0x0041824F,0x000000B1,func,fn_0041824F
0x00418300,0x0000001F,func,fn_00418300
0x0041831F,0x0000001F,func,fn_0041831F
0x0041833E,0x0000002C,func,fn_0041833E
0x004183DA,0x00000021,func,fn_004183DA
0x00418496,0x00000035,func,fn_00418496
0x00418516,0x00000035,func,fn_00418516
0x004186C1,0x00000052,func,fn_004186C1
0x00418889,0x00000052,func,fn_00418889
0x004188DB,0x0000001C,func,fn_004188DB
0x004188F7,0x0000001C,func,fn_004188F7
0x00418913,0x00000021,func,fn_00418913
0x00418A5D,0x00000035,func,fn_00418A5D
0x00418A92,0x00000035,func,fn_00418A92
0x00418C7C,0x00000052,func,fn_00418C7C
0x00418E38,0x00000052,func,fn_00418E38
0x0041900E,0x00000044,func,fn_0041900E
0x00419169,0x00000044,func,fn_00419169
0x004191EC,0x00000035,func,fn_004191EC
0x00419221,0x00000035,func,fn_00419221
0x00419256,0x00000019,func,fn_00419256
0x0041926F,0x00000019,func,fn_0041926F
0x004192D3,0x0000002E,func,fn_004192D3
0x00419301,0x00000059,func,fn_00419301
0x0041935A,0x000000A9,func,fn_0041935A
0x00419403,0x00000028,func,fn_00419403
0x0041942B,0x0000002E,func,fn_0041942B
0x00419459,0x00000059,func,fn_00419459
0x004194B2,0x0000009B,func,fn_004194B2
0x0041954D,0x00000028,func,fn_0041954D
0x00419575,0x00000038,func,fn_00419575
0x0041963F,0x00000033,func,fn_0041963F
0x00419672,0x000000DA,func,fn_00419672
0x0041974C,0x00000038,func,fn_0041974C
0x00419808,0x00000033,func,fn_00419808
0x0041983B,0x000000CC,func,fn_0041983B
0x00419F46,0x00000029,func,fn_00419F46
0x00419F6F,0x0000004F,func,fn_00419F6F
0x00419FBE,0x0000005A,func,fn_00419FBE
0x0041A018,0x00000029,func,fn_0041A018
0x0041A041,0x00000064,func,fn_0041A041
0x0041A0A5,0x00000045,func,fn_0041A0A5
0x0041A0EA,0x000000A2,func,fn_0041A0EA
0x0041A18C,0x00000071,func,fn_0041A18C
0x0041A1FD,0x000000A9,func,fn_0041A1FD
0x0041A2A6,0x000000FD,func,fn_0041A2A6
0x0041A3A3,0x0000001A,func,fn_0041A3A3
0x0041A3BD,0x0000001A,func,fn_0041A3BD
0x0041A3D7,0x0000012E,func,fn_0041A3D7
0x0041A505,0x0000002F,func,fn_0041A505
0x0041A534,0x0000002D,func,fn_0041A534
0x0041A561,0x000000B5,func,fn_0041A561
0x0041A616,0x00000009,func,fn_0041A616
0x0041A61F,0x00000075,func,fn_0041A61F
0x0041A694,0x00000019,func,fn_0041A694
0x0041A6AD,0x00000027,func,fn_0041A6AD
0x0041A6D4,0x000000CB,func,fn_0041A6D4
0x0041A79F,0x00000014,func,fn_0041A79F
0x0041A7B3,0x0000003A,func,fn_0041A7B3
0x0041A7ED,0x0000002A,func,fn_0041A7ED
0x0041A817,0x0000001F,func,fn_0041A817
0x0041A836,0x0000001F,func,fn_0041A836
0x0041A855,0x0000001C,func,fn_0041A855
0x0041A871,0x00000016,func,fn_0041A871
0x0041A887,0x0000001B,func,fn_0041A887
0x0041A8A2,0x00000020,func,fn_0041A8A2
0x0041A8C2,0x00000060,func,fn_0041A8C2
0x0041A922,0x000001D2,func,fn_0041A922
0x0041AAF5,0x00000007,func,fn_0041AAF5
0x0041AAFC,0x00000080,func,fn_0041AAFC
0x0041AB7C,0x0000009D,func,fn_0041AB7C
0x0041AC19,0x0000014C,func,fn_0041AC19
0x0041AD65,0x000000B9,func,fn_0041AD65
0x0041AE1E,0x000000D5,func,fn_0041AE1E
0x0041AEF3,0x000000AF,func,fn_0041AEF3
0x0041AFA2,0x00000075,func,fn_0041AFA2
0x0041B017,0x00000067,func,fn_0041B017
0x0041B07E,0x00000061,func,fn_0041B07E
0x0041B0DF,0x00000048,func,fn_0041B0DF
0x0041B127,0x000000DF,func,fn_0041B127
0x0041B206,0x00000219,func,fn_0041B206
0x0041B41F,0x0000001B,func,fn_0041B41F
0x0041B4CC,0x0000012B,func,fn_0041B4CC
0x0041B5F7,0x0000004E,func,fn_0041B5F7
0x0041B645,0x00000076,func,fn_0041B645
0x0041B6BC,0x0000005B,func,fn_0041B6BC
0x0041B717,0x000000BB,func,fn_0041B717
0x0041B7EC,0x00000028,func,fn_0041B7EC
0x0041B814,0x00000024,func,fn_0041B814
0x0041B838,0x0000002C,func,fn_0041B838
0x0041B864,0x00000040,func,fn_0041B864
0x0041B8A4,0x00000157,func,fn_0041B8A4
0x0041B9FB,0x00000153,func,fn_0041B9FB
0x0041BB4F,0x00000083,func,fn_0041BB4F
0x0041C009,0x000000E8,func,fn_0041C009
0x0041C24F,0x00000098,func,fn_0041C24F
0x0041C55E,0x00000025,func,fn_0041C55E
0x0041C583,0x000003CA,func,fn_0041C583
0x0041D057,0x0000004B,func,fn_0041D057
0x0041D352,0x00000093,func,fn_0041D352
0x0041D3E5,0x000000B2,func,fn_0041D3E5
0x0041D4A1,0x00000020,func,fn_0041D4A1
0x0041D4C1,0x00000034,func,fn_0041D4C1
0x0041D4F5,0x00000027,func,fn_0041D4F5
0x0041D532,0x0000006B,func,fn_0041D532
0x0041D59D,0x000001C9,func,fn_0041D59D
0x0041D766,0x00000986,func,fn_0041D766
0x0041E0EC,0x0000009E,func,fn_0041E0EC
0x0041E18A,0x00000026,func,fn_0041E18A
0x0041E21E,0x000000BE,func,fn_0041E21E
0x0041E2DC,0x000003B3,func,fn_0041E2DC
0x0041E975,0x00000028,func,fn_0041E975
0x0041E9B9,0x00000039,func,fn_0041E9B9
0x0041EB1D,0x0000001A,func,fn_0041EB1D
0x0041EB82,0x00000020,func,fn_0041EB82
0x0041EBA2,0x00000020,func,fn_0041EBA2
0x0041EBC2,0x0000004A,func,fn_0041EBC2
0x0041EC6D,0x0000001A,func,fn_0041EC6D
0x0041ECD2,0x00000053,func,fn_0041ECD2
0x0041F161,0x0000001D,func,fn_0041F161
0x0041F17E,0x0000001D,func,fn_0041F17E
0x0041F19B,0x00000008,func,fn_0041F19B
0x0041F1A3,0x00000008,func,fn_0041F1A3
0x0041F1AB,0x00000008,func,fn_0041F1AB
0x0041F216,0x0000002C,func,fn_0041F216
0x0041F242,0x00000022,func,fn_0041F242
0x0041F264,0x00000045,func,fn_0041F264
0x0041F2A9,0x00000036,func,fn_0041F2A9
0x0041F2F9,0x00000030,func,fn_0041F2F9
0x0041F329,0x00000044,func,fn_0041F329
0x0041F36D,0x00000057,func,fn_0041F36D
0x0041F3C4,0x00000013,func,fn_0041F3C4
0x0041F3D7,0x0000001C,func,fn_0041F3D7
0x0041F3F3,0x0000001F,func,fn_0041F3F3
0x0041F412,0x00000089,func,fn_0041F412
0x0041F49B,0x0000058E,func,fn_0041F49B
0x0041FFA1,0x000002CA,func,fn_0041FFA1
0x0042026B,0x0000014D,func,fn_0042026B
0x004203B8,0x00000006,func,fn_004203B8
0x004203BE,0x00000088,func,fn_004203BE
0x00420481,0x00000048,func,fn_00420481
0x004204C9,0x000000E2,func,fn_004204C9
0x004205AB,0x00000071,func,fn_004205AB
0x0042061C,0x000000BF,func,fn_0042061C
0x004206DB,0x00000022,func,fn_004206DB
0x004206FD,0x0000008C,func,fn_004206FD
0x00420789,0x00000072,func,fn_00420789
0x004207FB,0x00000077,func,fn_004207FB
0x00420872,0x00000031,func,fn_00420872
0x004208B0,0x0000045C,func,fn_004208B0
0x00420D0C,0x00000C3A,func,fn_00420D0C
0x00421946,0x00000B92,func,fn_00421946
0x004224D8,0x000002C7,func,fn_004224D8
0x0042279F,0x0000004F,func,fn_0042279F
0x004227EE,0x00000007,func,fn_004227EE
0x00422818,0x000000A2,func,fn_00422818
0x004228BA,0x00000012,func,fn_004228BA
0x004228CC,0x0000000B,func,fn_004228CC
0x004228D7,0x00000073,func,fn_004228D7
0x0042294A,0x00000053,func,fn_0042294A
0x00422A20,0x000000A8,func,fn_00422A20
0x00422AFD,0x0000002C,func,fn_00422AFD
0x00422B6F,0x0000002C,func,fn_00422B6F
0x00422B9B,0x00000035,func,fn_00422B9B
0x00422BD0,0x00000021,func,fn_00422BD0
0x00422BF1,0x00000003,func,fn_00422BF1
0x00422BF4,0x0000002B,func,fn_00422BF4
0x00422C1F,0x00000021,func,fn_00422C1F
0x00422C40,0x0000001F,func,fn_00422C40
0x00422C5F,0x00000024,func,fn_00422C5F
0x00422C83,0x00000028,func,fn_00422C83
0x00422CAB,0x0000002A,func,fn_00422CAB
0x00422CD5,0x00000032,func,fn_00422CD5
0x00422D07,0x0000000B,func,fn_00422D07
0x00422D12,0x00000009,func,fn_00422D12
0x00422D1B,0x00000016,func,fn_00422D1B
0x00422D31,0x000000AD,func,fn_00422D31
0x00422DDE,0x000001C6,func,fn_00422DDE
0x00422FA4,0x00000044,func,fn_00422FA4
0x00422FE8,0x00000023,func,fn_00422FE8
0x0042300B,0x00000030,func,fn_0042300B
0x0042303B,0x0000001F,func,fn_0042303B
0x0042305A,0x0000001F,func,fn_0042305A
0x00423079,0x00000021,func,fn_00423079
0x0042309A,0x0000001F,func,fn_0042309A
0x004230B9,0x00000033,func,fn_004230B9
0x004230EC,0x0000001F,func,fn_004230EC
0x0042310B,0x0000009F,func,fn_0042310B
0x004231AA,0x000000B0,func,fn_004231AA
0x0042325A,0x000000BF,func,fn_0042325A
0x00423319,0x0000007A,func,fn_00423319
0x00423393,0x000000D1,func,fn_00423393
0x00423464,0x00000041,func,fn_00423464
0x004234A5,0x00000056,func,fn_004234A5
0x004234FB,0x00000065,func,fn_004234FB
0x00423560,0x00000113,func,fn_00423560
0x00423673,0x00000088,func,fn_00423673
0x004236FB,0x000000B1,func,fn_004236FB
0x004237AC,0x0000008D,func,fn_004237AC
0x00423839,0x00000015,func,fn_00423839
0x0042384E,0x00000131,func,fn_0042384E
0x0042397F,0x00000043,func,fn_0042397F
0x00423A31,0x000000A1,func,fn_00423A31
0x00423AD2,0x0000002E,func,fn_00423AD2
0x00423B00,0x00000023,func,fn_00423B00
0x00423B23,0x0000009A,func,fn_00423B23
0x00423BBD,0x00000047,func,fn_00423BBD
0x00423C05,0x00000076,func,fn_00423C05
0x00423C7B,0x00000043,func,fn_00423C7B
0x00423CBF,0x00000184,func,fn_00423CBF
0x00423E79,0x000000AE,func,fn_00423E79
0x00423F27,0x000000A1,func,fn_00423F27
0x00423FC9,0x00000015,func,fn_00423FC9
0x00423FDE,0x00000036,func,fn_00423FDE
0x00424014,0x00000034,func,fn_00424014
0x00424048,0x000003CF,func,fn_00424048
0x004245DA,0x00000027,func,fn_004245DA
0x004246F0,0x0000003C,func,fn_004246F0
0x0042472C,0x0000003B,func,fn_0042472C
0x00424767,0x000000CD,func,fn_00424767
0x00424834,0x00000013,func,fn_00424834
0x00424847,0x00000007,func,fn_00424847
0x0042484E,0x00000019,func,fn_0042484E
0x00424867,0x00000038,func,fn_00424867
0x0042489F,0x00000017,func,fn_0042489F
0x004248B6,0x00000051,func,fn_004248B6
0x00424907,0x00000057,func,fn_00424907
0x0042495F,0x00000049,func,fn_0042495F
0x004249A8,0x000003CA,func,fn_004249A8
0x00424D72,0x00000042,func,fn_00424D72
0x00424DB4,0x00000024,func,fn_00424DB4
0x00424DD8,0x0000004B,func,fn_00424DD8
0x00424E23,0x000000A8,func,fn_00424E23
0x00424ECB,0x00000032,func,fn_00424ECB
0x00424EFD,0x0000002C,func,fn_00424EFD
0x00424F29,0x00000063,func,fn_00424F29
0x00424F8C,0x00000052,func,fn_00424F8C
0x00424FDE,0x00000019,func,fn_00424FDE
0x00424FF7,0x0000000C,func,fn_00424FF7
0x00425003,0x0000000C,func,fn_00425003
0x0042500F,0x0000000C,func,fn_0042500F
0x0042501B,0x00000023,func,fn_0042501B
0x0042503E,0x0000001D,func,fn_0042503E
0x0042505B,0x00000058,func,fn_0042505B
0x004250B3,0x00000050,func,fn_004250B3
0x00425104,0x00000050,func,fn_00425104
0x00425155,0x0000007F,func,fn_00425155
0x004251D4,0x00000026,func,fn_004251D4
0x004251FB,0x0000006C,func,fn_004251FB
0x00425267,0x0000006C,func,fn_00425267
0x004252D3,0x0000003D,func,fn_004252D3
0x00425344,0x00000022,func,fn_00425344
0x00425366,0x0000004A,func,fn_00425366
0x004253B0,0x00000025,func,fn_004253B0
0x004253D5,0x00000048,func,fn_004253D5
0x0042541D,0x0000007F,func,fn_0042541D
0x0042549C,0x00000131,func,fn_0042549C
0x004255CD,0x00000029,func,fn_004255CD
0x004255F6,0x0000002C,func,fn_004255F6
0x00425622,0x0000001F,func,fn_00425622
0x00425641,0x00000179,func,fn_00425641
0x004257BA,0x0000002A,func,fn_004257BA
0x004257E4,0x0000002A,func,fn_004257E4
0x0042580E,0x000000AB,func,fn_0042580E
0x004258B9,0x0000007A,func,fn_004258B9
0x00425933,0x00000018,func,fn_00425933
0x0042594B,0x00000017,func,fn_0042594B
0x00425962,0x000001F9,func,fn_00425962
0x00425B5B,0x00000005,func,fn_00425B5B
0x00425B60,0x00000005,func,fn_00425B60
0x00425B65,0x00000034,func,fn_00425B65
0x00425B9E,0x0000001E,func,fn_00425B9E
0x00425BBC,0x00000019,func,fn_00425BBC
0x00425BD5,0x00000041,func,fn_00425BD5
0x00425C2F,0x00000045,func,fn_00425C2F
0x00425C74,0x0000001E,func,fn_00425C74
0x00425C92,0x000000D6,func,fn_00425C92
0x00425D68,0x0000000F,func,fn_00425D68
0x00425DBB,0x000000CC,func,fn_00425DBB
0x00425E87,0x0000001D,func,fn_00425E87
0x00425EA4,0x000000C2,func,fn_00425EA4
0x00425F67,0x00000026,func,fn_00425F67
0x00426009,0x00000097,func,fn_00426009
0x004261A0,0x000000A5,func,fn_004261A0
0x00426245,0x00000059,func,fn_00426245
0x0042629E,0x00000147,func,fn_0042629E
0x004263E5,0x0000003A,func,fn_004263E5
0x0042641F,0x0000005B,func,fn_0042641F
0x0042647A,0x00000248,func,fn_0042647A
0x004266CD,0x00000027,func,fn_004266CD
0x004266F4,0x000000C1,func,fn_004266F4
0x004267B5,0x000000A5,func,fn_004267B5
0x0042685A,0x00000077,func,fn_0042685A
0x004268D2,0x00000026,func,fn_004268D2
0x004268F8,0x00000032,func,fn_004268F8
0x0042692A,0x00000031,func,fn_0042692A
0x00426992,0x0000001F,func,fn_00426992
0x004269B1,0x0000001F,func,fn_004269B1
0x004269D0,0x00000022,func,fn_004269D0
0x004269F2,0x00000020,func,fn_004269F2
0x00426A12,0x00000076,func,fn_00426A12
0x00426A88,0x00000437,func,fn_00426A88
0x00426ECD,0x0000022A,func,fn_00426ECD
0x004270F7,0x000000E6,func,fn_004270F7
0x004271DD,0x00000013,func,fn_004271DD
0x004271F0,0x00000072,func,fn_004271F0
0x00427262,0x00000033,func,fn_00427262
0x004273D8,0x00000090,func,fn_004273D8
0x00427468,0x00000132,func,fn_00427468
0x0042759A,0x000000F7,func,fn_0042759A
0x00427691,0x000000F0,func,fn_00427691
0x00427781,0x0000001E,func,fn_00427781
0x004277BD,0x000003B5,func,fn_004277BD
0x00427B78,0x00000030,func,fn_00427B78
0x00427BB2,0x00000276,func,fn_00427BB2
0x00427E28,0x00000028,func,fn_00427E28
0x00427E50,0x0000008C,func,fn_00427E50
0x00427EDC,0x00000013,func,fn_00427EDC
0x00427F28,0x00000091,func,fn_00427F28
0x00427FB9,0x00000035,func,fn_00427FB9
0x00427FEE,0x00000091,func,fn_00427FEE
0x0042807F,0x00000251,func,fn_0042807F
0x004282D0,0x000000D1,func,fn_004282D0
0x004283A1,0x000000B9,func,fn_004283A1
0x0042845A,0x00000057,func,fn_0042845A
0x004284B1,0x000001A1,func,fn_004284B1
0x00428652,0x0000044B,func,fn_00428652
0x00428A9D,0x0000001F,func,fn_00428A9D
0x00428ABC,0x00000034,func,fn_00428ABC
0x00428AF0,0x0000002A,func,fn_00428AF0
0x004290A0,0x00000120,func,fn_004290A0
0x004291C1,0x000000E4,func,fn_004291C1
0x004292A5,0x00000266,func,fn_004292A5
0x0042950B,0x00000062,func,fn_0042950B
0x0042956D,0x00000023,func,fn_0042956D
0x00429590,0x0000007C,func,fn_00429590
0x0042960C,0x0000002A,func,fn_0042960C
0x00429636,0x0000004A,func,fn_00429636
0x00429680,0x0000024A,func,fn_00429680
0x004298CA,0x00000072,func,fn_004298CA
0x0042993C,0x00000112,func,fn_0042993C
0x00429AE4,0x00000022,func,fn_00429AE4
0x00429BF2,0x00000008,func,fn_00429BF2
0x00429C25,0x000000EA,func,fn_00429C25
0x00429ECF,0x00000010,func,fn_00429ECF
0x00429F01,0x00000010,func,fn_00429F01
0x0042A095,0x00000037,func,fn_0042A095
0x0042A284,0x00000037,func,fn_0042A284
0x0042A3B9,0x00000027,func,fn_0042A3B9
0x0042A3FA,0x00000023,func,fn_0042A3FA
0x0042A41D,0x00000005,func,fn_0042A41D
0x0042A422,0x00000023,func,fn_0042A422
0x0042A445,0x00000019,func,fn_0042A445
0x0042A45E,0x00000024,func,fn_0042A45E
0x0042A482,0x00000022,func,fn_0042A482
0x0042A4A4,0x0000002B,func,fn_0042A4A4
0x0042A4E2,0x00000042,func,fn_0042A4E2
0x0042A524,0x0000008E,func,fn_0042A524
0x0042A5B2,0x0000002C,func,fn_0042A5B2
0x0042A5DE,0x000000B7,func,fn_0042A5DE
0x0042A695,0x0000001A,func,fn_0042A695
0x0042A6B0,0x00000020,func,fn_0042A6B0
0x0042A6D1,0x00000021,func,fn_0042A6D1
0x0042A6F2,0x00000018,func,fn_0042A6F2
0x0042A70A,0x00000019,func,fn_0042A70A
0x0042A723,0x000005DE,func,fn_0042A723
0x0042AD01,0x0000028D,func,fn_0042AD01
0x0042AF8E,0x00000185,func,fn_0042AF8E
0x0042B218,0x0000000B,func,fn_0042B218
0x0042B2BC,0x0000015A,func,fn_0042B2BC
0x0042B417,0x000000AC,func,fn_0042B417
0x0042B51F,0x00000026,func,fn_0042B51F
0x0042B592,0x0000003B,func,fn_0042B592
0x0042B5CD,0x00000059,func,fn_0042B5CD
0x0042B626,0x000000BC,func,fn_0042B626
0x0042B6E2,0x00000021,func,fn_0042B6E2
0x0042B703,0x0000002C,func,fn_0042B703
0x0042B730,0x00000199,func,fn_0042B730
0x0042B921,0x00000072,func,fn_0042B921
0x0042B994,0x0000003B,func,fn_0042B994
0x0042BA9E,0x00000077,func,fn_0042BA9E
0x0042BBB2,0x00000054,func,fn_0042BBB2
0x0042BC06,0x000000E0,func,fn_0042BC06
0x0042BCE7,0x00000021,func,fn_0042BCE7
0x0042BDBC,0x0000008A,func,fn_0042BDBC
0x0042BE47,0x00000080,func,fn_0042BE47
0x0042BEC7,0x0000006B,func,fn_0042BEC7
0x0042BF32,0x000000A0,func,fn_0042BF32
0x0042BFD2,0x00000066,func,fn_0042BFD2
0x0042C038,0x00000082,func,fn_0042C038
0x0042C0BB,0x00000081,func,fn_0042C0BB
0x0042C13C,0x000000FA,func,fn_0042C13C
0x0042C237,0x000000D8,func,fn_0042C237
0x0042C30F,0x000000A0,func,fn_0042C30F
0x0042C3AF,0x00000081,func,fn_0042C3AF
0x0042C430,0x00000071,func,fn_0042C430
0x0042C518,0x00000065,func,fn_0042C518
0x0042C5A6,0x00000066,func,fn_0042C5A6
0x0042C60C,0x00000066,func,fn_0042C60C
0x0042C672,0x00000065,func,fn_0042C672
0x0042C6D7,0x0000005F,func,fn_0042C6D7
0x0042C75F,0x00000065,func,fn_0042C75F
0x0042C7ED,0x00000013,func,fn_0042C7ED
0x0042C800,0x00000065,func,fn_0042C800
0x0042C88E,0x00000066,func,fn_0042C88E
0x0042C8F4,0x00000062,func,fn_0042C8F4
0x0042C987,0x0000006F,func,fn_0042C987
0x0042C9F6,0x00000074,func,fn_0042C9F6
0x0042CA6A,0x0000005F,func,fn_0042CA6A
0x0042CAC9,0x00000065,func,fn_0042CAC9
0x0042CB2E,0x00000074,func,fn_0042CB2E
0x0042CBA2,0x00000065,func,fn_0042CBA2
0x0042CF79,0x0000003D,func,fn_0042CF79
0x0042D00E,0x0000004B,func,fn_0042D00E
0x0042D059,0x0000022D,func,fn_0042D059
0x0042DCB0,0x00000039,func,fn_0042DCB0
0x0042DCE9,0x0000005F,func,fn_0042DCE9
0x0042DD48,0x000000AE,func,fn_0042DD48
0x0042DDF6,0x000001AF,func,fn_0042DDF6
0x0042E05E,0x000002FB,func,fn_0042E05E
0x0042E382,0x00000180,func,fn_0042E382
0x0042E759,0x00000259,func,fn_0042E759
0x0042E9B2,0x00000060,func,fn_0042E9B2
0x0042EA13,0x00000026,func,fn_0042EA13
0x0042EA39,0x00000012,func,fn_0042EA39
0x0042EA4B,0x0000001C,func,fn_0042EA4B
0x0042EA67,0x0000001B,func,fn_0042EA67
0x0042EA82,0x00000010,func,fn_0042EA82
0x0042EA92,0x00000012,func,fn_0042EA92
0x0042EAA4,0x00000012,func,fn_0042EAA4
0x0042EAB6,0x00000014,func,fn_0042EAB6
0x0042EACA,0x00000012,func,fn_0042EACA
0x0042EADC,0x00000012,func,fn_0042EADC
0x0042EAEE,0x00000017,func,fn_0042EAEE
0x0042EB05,0x00000089,func,fn_0042EB05
0x0042EB8E,0x0000001A,func,fn_0042EB8E
0x0042EBA8,0x00000049,func,fn_0042EBA8
0x0042EBF1,0x00000051,func,fn_0042EBF1
0x0042EC42,0x00000043,func,fn_0042EC42
0x0042EC85,0x000000A2,func,fn_0042EC85
0x0042ED27,0x00000067,func,fn_0042ED27
0x0042ED8E,0x000000E8,func,fn_0042ED8E
0x0042EE76,0x00000027,func,fn_0042EE76
0x0042EF50,0x0000009A,func,fn_0042EF50
0x0042EFEA,0x00000039,func,fn_0042EFEA
0x0042F023,0x00000040,func,fn_0042F023
0x0042F063,0x00000035,func,fn_0042F063
0x0042F098,0x00000052,func,fn_0042F098
0x0042F0EA,0x0000002D,func,fn_0042F0EA
0x0042F117,0x00000038,func,fn_0042F117
0x0042F14F,0x00000104,func,fn_0042F14F
0x0042F253,0x0000002F,func,fn_0042F253
0x0042F282,0x0000022F,func,fn_0042F282
0x0042F4B1,0x000000AB,func,fn_0042F4B1
0x0042F55C,0x00000052,func,fn_0042F55C
0x0042F5AE,0x00000047,func,fn_0042F5AE
0x0042F5F5,0x0000003B,func,fn_0042F5F5
0x0042F630,0x0000003F,func,fn_0042F630
0x0042F66F,0x00000018,func,fn_0042F66F
0x0042F687,0x0000002F,func,fn_0042F687
0x0042F6B6,0x00000081,func,fn_0042F6B6
0x0042F737,0x00000026,func,fn_0042F737
0x0042F75D,0x0000002E,func,fn_0042F75D
0x0042F78B,0x0000002A,func,fn_0042F78B
0x0042F7B5,0x0000002E,func,fn_0042F7B5
0x0042F7E3,0x0000002F,func,fn_0042F7E3
0x0042F812,0x00000081,func,fn_0042F812
0x0042F893,0x00000026,func,fn_0042F893
0x0042F8B9,0x0000002E,func,fn_0042F8B9
0x0042F8E7,0x0000002E,func,fn_0042F8E7
0x0042F915,0x0000002F,func,fn_0042F915
0x0042F944,0x00000081,func,fn_0042F944
0x0042F9C5,0x00000026,func,fn_0042F9C5
0x0042F9EB,0x0000002E,func,fn_0042F9EB
0x0042FA19,0x0000002F,func,fn_0042FA19
0x0042FA48,0x00000081,func,fn_0042FA48
0x0042FAC9,0x00000026,func,fn_0042FAC9
0x0042FAEF,0x0000002E,func,fn_0042FAEF
0x0042FB1D,0x0000002E,func,fn_0042FB1D
0x0042FB4B,0x0000002E,func,fn_0042FB4B
0x0042FB79,0x0000002A,func,fn_0042FB79
0x0042FBA3,0x0000002F,func,fn_0042FBA3
0x0042FBD2,0x0000002F,func,fn_0042FBD2
0x0042FC01,0x00000081,func,fn_0042FC01
0x0042FC82,0x00000081,func,fn_0042FC82
0x0042FD03,0x00000026,func,fn_0042FD03
0x0042FD29,0x00000026,func,fn_0042FD29
0x0042FD4F,0x0000002F,func,fn_0042FD4F
0x0042FD7E,0x00000081,func,fn_0042FD7E
0x0042FDFF,0x00000026,func,fn_0042FDFF
0x0042FE25,0x0000002E,func,fn_0042FE25
0x0042FE53,0x0000002F,func,fn_0042FE53
0x0042FE82,0x00000081,func,fn_0042FE82
0x0042FF03,0x00000026,func,fn_0042FF03
0x0042FF29,0x0000002E,func,fn_0042FF29
0x0042FF57,0x0000001A,func,fn_0042FF57
0x0042FF71,0x0000001A,func,fn_0042FF71
0x0042FF8B,0x0000001A,func,fn_0042FF8B
0x0042FFA5,0x0000004B,func,fn_0042FFA5
0x0042FFF0,0x0000001E,func,fn_0042FFF0
0x0043000E,0x0000001A,func,fn_0043000E
0x00430028,0x00000026,func,fn_00430028
0x00430F64,0x0000006A,func,fn_00430F64
0x00430FCE,0x00000065,func,fn_00430FCE
0x00431033,0x00000108,func,fn_00431033
0x0043113B,0x0000008D,func,fn_0043113B
0x004311C8,0x00000476,func,fn_004311C8
0x004319E1,0x0000009F,func,fn_004319E1
0x00431A80,0x00000025,func,fn_00431A80
0x00431AA5,0x0000002D,func,fn_00431AA5
0x00431AD2,0x000000CA,func,fn_00431AD2
0x00431B9C,0x0000009F,func,fn_00431B9C
0x00431C3B,0x00000072,func,fn_00431C3B
0x00431CAD,0x00000074,func,fn_00431CAD
0x00431D21,0x0000008A,func,fn_00431D21
0x00431DAB,0x0000007F,func,fn_00431DAB
0x00431E2A,0x00000051,func,fn_00431E2A
0x00431E7B,0x00000019,func,fn_00431E7B
0x00431E94,0x00000079,func,fn_00431E94
0x00431F0D,0x00000206,func,fn_00431F0D
0x00432113,0x000000D1,func,fn_00432113
0x004321E5,0x00000082,func,fn_004321E5
0x00432267,0x000000F8,func,fn_00432267
0x0043235F,0x00000007,func,fn_0043235F
0x004323F0,0x00000030,func,fn_004323F0
0x00432420,0x00000038,func,fn_00432420
0x00432458,0x0000017B,func,fn_00432458
0x004325D3,0x00000058,func,fn_004325D3
0x0043262B,0x00000023,func,fn_0043262B
0x0043264E,0x00000040,func,fn_0043264E
0x0043268E,0x0000003A,func,fn_0043268E
0x004326C8,0x0000029F,func,fn_004326C8
0x00432967,0x00000022,func,fn_00432967
0x00432989,0x00000064,func,fn_00432989
0x004329ED,0x0000003E,func,fn_004329ED
0x00432A61,0x000000A4,func,fn_00432A61
0x00432B05,0x00000064,func,fn_00432B05
0x00432B69,0x00000388,func,fn_00432B69
0x00432EF8,0x0000018F,func,fn_00432EF8
0x00433087,0x00000053,func,fn_00433087
0x00433353,0x00000052,func,fn_00433353
0x004333A5,0x00000320,func,fn_004333A5
0x004336E1,0x0000003C,func,fn_004336E1
0x0043371D,0x00000040,func,fn_0043371D
0x0043375D,0x0000007A,func,fn_0043375D
0x004337D7,0x00000290,func,fn_004337D7
0x00433A67,0x000000DB,func,fn_00433A67
0x00433B42,0x00000019,func,fn_00433B42
0x00433B5B,0x0000002A,func,fn_00433B5B
0x00433B85,0x0000001E,func,fn_00433B85
0x00433BA3,0x00000046,func,fn_00433BA3
0x00433BE9,0x0000002D,func,fn_00433BE9
0x00433C16,0x00000077,func,fn_00433C16
0x00433C8D,0x0000003E,func,fn_00433C8D
0x00433CCB,0x00000029,func,fn_00433CCB
0x00433CF4,0x00000070,func,fn_00433CF4
0x00434405,0x000000A3,func,fn_00434405
0x004344A8,0x00000099,func,fn_004344A8
0x00434541,0x00000013,func,fn_00434541
0x00434BC8,0x00000025,func,fn_00434BC8
0x0043590A,0x00000078,func,fn_0043590A
0x00435982,0x0000002F,func,fn_00435982
0x004359B1,0x000000C9,func,fn_004359B1
0x00435A7A,0x00000065,func,fn_00435A7A
0x00435CB6,0x00000007,func,fn_00435CB6
0x00435D09,0x00000070,func,fn_00435D09
0x00435D79,0x00000212,func,fn_00435D79
0x00435F8B,0x00000174,func,fn_00435F8B
0x004363C0,0x00000032,func,fn_004363C0
0x004363F2,0x00000025,func,fn_004363F2
0x00436417,0x00000024,func,fn_00436417
0x0043643B,0x000000D4,func,fn_0043643B
0x004367F4,0x0000028C,func,fn_004367F4
0x00436A80,0x000000A0,func,fn_00436A80
0x00436B20,0x00000613,func,fn_00436B20
0x00437133,0x00000016,func,fn_00437133
0x00437164,0x000000CD,func,fn_00437164
0x00437231,0x000001B8,func,fn_00437231
0x004373E9,0x00000053,func,fn_004373E9
0x0043743C,0x00000055,func,fn_0043743C
0x004374EF,0x00000078,func,fn_004374EF
0x00437567,0x00000022,func,fn_00437567
0x00437589,0x0000004B,func,fn_00437589
0x004375D4,0x00000019,func,fn_004375D4
0x004375ED,0x00000018,func,fn_004375ED
0x00437605,0x00000040,func,fn_00437605
0x00437645,0x000000AC,func,fn_00437645
0x004376F1,0x00000050,func,fn_004376F1
0x00437741,0x00000029,func,fn_00437741
0x0043776A,0x00000186,func,fn_0043776A
0x0043793E,0x0000024D,func,fn_0043793E
0x00437BCE,0x0000000F,func,fn_00437BCE
0x00437BED,0x0000007F,func,fn_00437BED
0x00437C6C,0x000000A3,func,fn_00437C6C
0x00437D0F,0x00000059,func,fn_00437D0F
0x00437EF0,0x00000075,func,fn_00437EF0
0x00437F65,0x00000092,func,fn_00437F65
0x004380FC,0x00000016,func,fn_004380FC
0x00438112,0x00000004,func,fn_00438112
0x00438116,0x00000028,func,fn_00438116
0x0043813E,0x00000028,func,fn_0043813E
0x00438166,0x00000A14,func,fn_00438166
0x00438B84,0x00000088,func,fn_00438B84
0x00438C29,0x00000010,func,fn_00438C29
0x00439191,0x000000C5,func,fn_00439191
0x00439256,0x00000020,func,fn_00439256
0x00439276,0x00000017,func,fn_00439276
0x0043928D,0x00000063,func,fn_0043928D
0x004392F0,0x0000005F,func,fn_004392F0
0x0043934F,0x0000014A,func,fn_0043934F
0x00439499,0x00000104,func,fn_00439499
0x0043959D,0x000003B4,func,fn_0043959D
0x00439951,0x00000082,func,fn_00439951
0x004399D3,0x000001E3,func,fn_004399D3
0x00439BB6,0x000005BC,func,fn_00439BB6
0x0043A172,0x00000285,func,fn_0043A172
0x0043A3F7,0x000002F3,func,fn_0043A3F7
0x0043A717,0x000000D1,func,fn_0043A717
0x0043A7E8,0x00000100,func,fn_0043A7E8
0x0043A8E8,0x0000006E,func,fn_0043A8E8
0x0043A956,0x00000091,func,fn_0043A956
0x0043AA0A,0x00000017,func,fn_0043AA0A
0x0043AA21,0x00000258,func,fn_0043AA21
0x0043AC79,0x00000102,func,fn_0043AC79
0x0043AD7B,0x00000028,func,fn_0043AD7B
0x0043ADA3,0x00000083,func,fn_0043ADA3
0x0043AF32,0x000000A3,func,fn_0043AF32
0x0043AFD5,0x0000003B,func,fn_0043AFD5
0x0043B010,0x00000063,func,fn_0043B010
0x0043B073,0x00000038,func,fn_0043B073
0x0043B0AB,0x000005EC,func,fn_0043B0AB
0x0043B6D7,0x00000113,func,fn_0043B6D7
0x0043B7EA,0x00000194,func,fn_0043B7EA
0x0043B97E,0x00000101,func,fn_0043B97E
0x0043BA7F,0x000000AD,func,fn_0043BA7F
0x0043BB2C,0x000000B8,func,fn_0043BB2C
0x0043BBE4,0x00000155,func,fn_0043BBE4
0x0043BD39,0x000002A9,func,fn_0043BD39
0x0043C005,0x000000D1,func,fn_0043C005
0x0043C0D6,0x000000E4,func,fn_0043C0D6
0x0043C1BA,0x0000006F,func,fn_0043C1BA
0x0043C229,0x00000034,func,fn_0043C229
0x0043C25D,0x000000E0,func,fn_0043C25D
0x0043C33D,0x000000F8,func,fn_0043C33D
0x0043C435,0x0000047C,func,fn_0043C435
0x0043C8B1,0x000004A5,func,fn_0043C8B1
0x0043CD56,0x00000658,func,fn_0043CD56
0x0043D3AE,0x000002CF,func,fn_0043D3AE
0x0043D67D,0x00000156,func,fn_0043D67D
0x0043D7D3,0x000003D4,func,fn_0043D7D3
0x0043DBA7,0x00000344,func,fn_0043DBA7
0x0043DEEB,0x000004A3,func,fn_0043DEEB
0x0043E38E,0x000000D5,func,fn_0043E38E
0x0043E463,0x00000C16,func,fn_0043E463
0x0043F07A,0x000000D7,func,fn_0043F07A
0x0043F151,0x00000285,func,fn_0043F151
0x0043F3D6,0x0000008E,func,fn_0043F3D6
0x0043F464,0x00000067,func,fn_0043F464
0x0043F4CB,0x00000058,func,fn_0043F4CB
0x0043F523,0x00000176,func,fn_0043F523
0x0043F699,0x00000056,func,fn_0043F699
0x0043F978,0x00000029,func,fn_0043F978
0x0043FC93,0x0000008E,func,fn_0043FC93
0x0043FD21,0x000000F5,func,fn_0043FD21
0x0043FE17,0x0000001A,func,fn_0043FE17
0x0043FE32,0x00000094,func,fn_0043FE32
0x0043FEC6,0x0000011E,func,fn_0043FEC6
0x0043FFE4,0x00000170,func,fn_0043FFE4
0x00440154,0x00000170,func,fn_00440154
0x004402C4,0x000001F4,func,fn_004402C4
0x004408BF,0x000001E1,func,fn_004408BF
0x00440AA0,0x00000AFA,func,fn_00440AA0
0x00441E65,0x0000000C,func,fn_00441E65
0x00441E71,0x00000018,func,fn_00441E71
0x00441E89,0x00000027,func,fn_00441E89
0x00441EB0,0x0000001F,func,fn_00441EB0
0x00441ECF,0x0000002F,func,fn_00441ECF
0x00441EFE,0x00000426,func,fn_00441EFE
0x00442324,0x000000E3,func,fn_00442324
0x00442407,0x000000BB,func,fn_00442407
0x004424C2,0x00000017,func,fn_004424C2
0x004424D9,0x000000DF,func,fn_004424D9
0x004425B9,0x00000018,func,fn_004425B9
0x004425D2,0x0000001A,func,fn_004425D2
0x004425ED,0x00000017,func,fn_004425ED
0x00442605,0x00000011,func,fn_00442605
0x00442617,0x00000015,func,fn_00442617
0x0044262C,0x0000000C,func,fn_0044262C
0x00442639,0x00000017,func,fn_00442639
0x00442650,0x00000040,func,fn_00442650
0x00442690,0x00000015,func,fn_00442690
0x004426A5,0x00000017,func,fn_004426A5
0x004426BC,0x0000005A,func,fn_004426BC
0x00442716,0x0000016D,func,fn_00442716
0x00442883,0x00000198,func,fn_00442883
0x00442A1B,0x000003B8,func,fn_00442A1B
0x00442DD3,0x00000184,func,fn_00442DD3
0x00442F57,0x00000010,func,fn_00442F57
0x00442F67,0x0000000B,func,fn_00442F67
0x00442F72,0x0000002D,func,fn_00442F72
0x00442F9F,0x0000008F,func,fn_00442F9F
0x0044302E,0x00000051,func,fn_0044302E
0x0044307F,0x00000108,func,fn_0044307F
0x00443187,0x0000006E,func,fn_00443187
0x004431F5,0x0000000A,func,fn_004431F5
0x004431FF,0x00000024,func,fn_004431FF
0x00443223,0x000000C0,func,fn_00443223
0x004432E3,0x00000016,func,fn_004432E3
0x004432F9,0x0000002E,func,fn_004432F9
0x00443327,0x0000003A,func,fn_00443327
0x004436B4,0x00000137,func,fn_004436B4
0x00443AB0,0x00000035,func,fn_00443AB0
0x00443C5A,0x000000B4,func,fn_00443C5A
0x00443D0E,0x00000059,func,fn_00443D0E
0x00443D67,0x00000037,func,fn_00443D67
0x00443D9E,0x0000003D,func,fn_00443D9E
0x00443DDB,0x00000061,func,fn_00443DDB
0x00443E3C,0x00000027,func,fn_00443E3C
0x00443E63,0x00000037,func,fn_00443E63
0x00443E9A,0x00000027,func,fn_00443E9A
0x00443EC1,0x00000041,func,fn_00443EC1
0x00443F02,0x00000019,func,fn_00443F02
0x00443F1B,0x00000041,func,fn_00443F1B
0x00443F5C,0x0000004E,func,fn_00443F5C
0x00443FAA,0x0000029F,func,fn_00443FAA
0x00444341,0x00000133,func,fn_00444341
0x004444F5,0x0000004E,func,fn_004444F5
0x00444543,0x00000032,func,fn_00444543
0x00444575,0x00000044,func,fn_00444575
0x004445B9,0x00000040,func,fn_004445B9
0x004445F9,0x00000012,func,fn_004445F9
0x0044460B,0x00000171,func,fn_0044460B
0x0044477C,0x00000056,func,fn_0044477C
0x004447D2,0x00000099,func,fn_004447D2
0x0044486B,0x00000178,func,fn_0044486B
0x004449E3,0x00000073,func,fn_004449E3
0x00444A56,0x000000B1,func,fn_00444A56
0x00444B07,0x00000061,func,fn_00444B07
0x00444B68,0x0000037F,func,fn_00444B68
0x00444EE8,0x00000075,func,fn_00444EE8
0x00444F5D,0x00000AAA,func,fn_00444F5D
0x00446284,0x0000000C,func,fn_00446284
0x00446293,0x0000000C,func,fn_00446293
0x004462A2,0x0000000C,func,fn_004462A2
0x004468B7,0x0000010C,func,fn_004468B7
0x004469C3,0x00000035,func,fn_004469C3
0x004469F8,0x0000008C,func,fn_004469F8
0x00446A84,0x0000001C,func,fn_00446A84
0x00446AA0,0x00000072,func,fn_00446AA0
0x00446B30,0x00000100,func,fn_00446B30
0x00446C30,0x00000097,func,fn_00446C30
0x00446CC7,0x000000E4,func,fn_00446CC7
0x00446DAB,0x00000029,func,fn_00446DAB
0x00446DD4,0x000000CB,func,fn_00446DD4
0x00446E9F,0x000000B9,func,fn_00446E9F
0x00446F58,0x00000027,func,fn_00446F58
0x00446F7F,0x0000004B,func,fn_00446F7F
0x00446FCA,0x00000114,func,fn_00446FCA
0x004470DE,0x000000EA,func,fn_004470DE
0x004471C8,0x000000A1,func,fn_004471C8
0x00447269,0x000001E1,func,fn_00447269
0x0044744B,0x00000006,func,fn_0044744B
0x004474AB,0x000001AD,func,fn_004474AB
0x00447658,0x00000045,func,fn_00447658
0x0044769E,0x00000112,func,fn_0044769E
0x004477B0,0x000001C4,func,fn_004477B0
0x00447974,0x000000C7,func,fn_00447974
0x00447A3B,0x00000186,func,fn_00447A3B
0x00447BC1,0x000002F7,func,fn_00447BC1
0x00447EB8,0x00000255,func,fn_00447EB8
0x0044810D,0x00000282,func,fn_0044810D
0x0044838F,0x00000049,func,fn_0044838F
0x004483D8,0x000000AE,func,fn_004483D8
0x00448486,0x00000136,func,fn_00448486
0x004485BC,0x0000005B,func,fn_004485BC
0x00448634,0x00000028,func,fn_00448634
0x0044865C,0x00000051,func,fn_0044865C
0x004486AD,0x000002EA,func,fn_004486AD
0x00448997,0x0000000A,func,fn_00448997
0x004489B9,0x00000023,func,fn_004489B9
0x004489DC,0x0000007D,func,fn_004489DC
0x00448A59,0x000000C0,func,fn_00448A59
0x00448B19,0x00000048,func,fn_00448B19
0x00448B61,0x00000018,func,fn_00448B61
0x00448B79,0x0000002A,func,fn_00448B79
0x00448BA3,0x00000012,func,fn_00448BA3
0x00448BB5,0x0000001E,func,fn_00448BB5
0x00448BD3,0x00000020,func,fn_00448BD3
0x00448BF3,0x00000084,func,fn_00448BF3
0x00448C77,0x00000023,func,fn_00448C77
0x00448C9A,0x00000035,func,fn_00448C9A
0x00448CCF,0x0000001E,func,fn_00448CCF
0x00448CED,0x00000018,func,fn_00448CED
0x00448D5E,0x00000038,func,fn_00448D5E
0x00448D96,0x0000001A,func,fn_00448D96
0x00448DB0,0x00000023,func,fn_00448DB0
0x00448DD3,0x0000010B,func,fn_00448DD3
0x00448EDE,0x00000236,func,fn_00448EDE
0x00449114,0x00000060,func,fn_00449114
0x00449174,0x0000007E,func,fn_00449174
0x004491F2,0x00000026,func,fn_004491F2
0x00449218,0x00000027,func,fn_00449218
0x0044923F,0x00000025,func,fn_0044923F
0x00449264,0x0000018F,func,fn_00449264
0x004493F3,0x00000058,func,fn_004493F3
0x0044944B,0x00000023,func,fn_0044944B
0x0044946E,0x00000036,func,fn_0044946E
0x004494A4,0x0000008E,func,fn_004494A4
0x00449532,0x00000031,func,fn_00449532
0x00449563,0x000000BA,func,fn_00449563
0x0044961D,0x00000090,func,fn_0044961D
0x004496AD,0x00000212,func,fn_004496AD
0x004498BF,0x00000141,func,fn_004498BF
0x00449A00,0x00000030,func,fn_00449A00
0x00449A30,0x00000016,func,fn_00449A30
0x00449A46,0x00000046,func,fn_00449A46
0x00449E7D,0x0000008A,func,fn_00449E7D
0x00449F07,0x00000004,func,fn_00449F07
0x00449F18,0x0000003A,func,fn_00449F18
0x00449F52,0x00000076,func,fn_00449F52
0x00449FC8,0x00000052,func,fn_00449FC8
0x0044A01A,0x00000076,func,fn_0044A01A
0x0044A090,0x0000004B,func,fn_0044A090
0x0044A0DB,0x00000048,func,fn_0044A0DB
0x0044A123,0x0000003F,func,fn_0044A123
0x0044A162,0x00000041,func,fn_0044A162
0x0044A1A3,0x0000002D,func,fn_0044A1A3
0x0044A1D0,0x0000003A,func,fn_0044A1D0
0x0044A20A,0x00000036,func,fn_0044A20A
0x0044A240,0x0000002E,func,fn_0044A240
0x0044A26E,0x00000057,func,fn_0044A26E
0x0044A2C5,0x00000064,func,fn_0044A2C5
0x0044A329,0x00000048,func,fn_0044A329
0x0044A371,0x0000003E,func,fn_0044A371
0x0044A3AF,0x00000006,func,fn_0044A3AF
0x0044A3C9,0x0000000E,func,fn_0044A3C9
0x0044A3D7,0x00000021,func,fn_0044A3D7
0x0044A3F8,0x00000052,func,fn_0044A3F8
0x0044A44A,0x00000023,func,fn_0044A44A
0x0044A46D,0x00000016,func,fn_0044A46D
0x0044A483,0x0000003E,func,fn_0044A483
0x0044A4C1,0x0000001D,func,fn_0044A4C1
0x0044A4DE,0x0000001C,func,fn_0044A4DE
0x0044A4FA,0x00000028,func,fn_0044A4FA
0x0044A522,0x0000004E,func,fn_0044A522
0x0044A570,0x0000003F,func,fn_0044A570
0x0044A5AF,0x00000009,func,fn_0044A5AF
0x0044A5B8,0x00000032,func,fn_0044A5B8
0x0044A5EA,0x000000C9,func,fn_0044A5EA
0x0044A6B3,0x000000A6,func,fn_0044A6B3
0x0044A7A7,0x0000001B,func,fn_0044A7A7
0x0044A7C2,0x000001B1,func,fn_0044A7C2
0x0044A973,0x000000F5,func,fn_0044A973
0x0044AA68,0x0000004D,func,fn_0044AA68
0x0044AAB5,0x0000005E,func,fn_0044AAB5
0x0044AB13,0x00000074,func,fn_0044AB13
0x0044AB87,0x000000DD,func,fn_0044AB87
0x0044AC64,0x0000000D,func,fn_0044AC64
0x0044ACCA,0x00000045,func,fn_0044ACCA
0x0044AD0F,0x000000E3,func,fn_0044AD0F
0x0044ADF2,0x0000019E,func,fn_0044ADF2
0x0044B085,0x0000003C,func,fn_0044B085
0x0044B0C1,0x00000035,func,fn_0044B0C1
0x0044B0F6,0x00000041,func,fn_0044B0F6
0x0044B137,0x0000003C,func,fn_0044B137
0x0044B173,0x0000003C,func,fn_0044B173
0x0044B1AF,0x0000004D,func,fn_0044B1AF
0x0044B1FC,0x00000044,func,fn_0044B1FC
0x0044B240,0x00000020,func,fn_0044B240
0x0044B260,0x00000040,func,fn_0044B260
0x0044B2A0,0x000001B5,func,fn_0044B2A0
0x0044B455,0x00000290,func,fn_0044B455
0x0044B77D,0x0000003A,func,fn_0044B77D
0x0044B7B7,0x00000082,func,fn_0044B7B7
0x0044B839,0x00000069,func,fn_0044B839
0x0044B8A2,0x00000080,func,fn_0044B8A2
0x0044B922,0x0000004B,func,fn_0044B922
0x0044B96D,0x00000145,func,fn_0044B96D
0x0044BAB2,0x0000002B,func,fn_0044BAB2
0x0044BADD,0x00000074,func,fn_0044BADD
0x0044BB51,0x00000059,func,fn_0044BB51
0x0044BBAA,0x00000176,func,fn_0044BBAA
0x0044BD20,0x0000004E,func,fn_0044BD20
0x0044BE05,0x00000020,func,fn_0044BE05
0x0044BE25,0x00000050,func,fn_0044BE25
0x0044BE75,0x0000014D,func,fn_0044BE75
0x0044BFC2,0x00000069,func,fn_0044BFC2
0x0044C02B,0x0000004B,func,fn_0044C02B
0x0044C076,0x0000005A,func,fn_0044C076
0x0044C0D0,0x00000021,func,fn_0044C0D0
0x0044C0F1,0x00000057,func,fn_0044C0F1
0x0044C148,0x00000129,func,fn_0044C148
0x0044C271,0x00000092,func,fn_0044C271
0x0044C303,0x0000044A,func,fn_0044C303
0x0044C74D,0x00000564,func,fn_0044C74D
0x0044CCB1,0x0000008A,func,fn_0044CCB1
0x0044CD3B,0x0000009C,func,fn_0044CD3B
0x0044CDD7,0x0000003C,func,fn_0044CDD7
0x0044CE13,0x0000006B,func,fn_0044CE13
0x0044CE7E,0x000001AF,func,fn_0044CE7E
0x0044D02D,0x00000047,func,fn_0044D02D
0x0044D074,0x00000131,func,fn_0044D074
0x0044D1A5,0x00000092,func,fn_0044D1A5
0x0044D237,0x00000060,func,fn_0044D237
0x0044D297,0x0000006A,func,fn_0044D297
0x0044D301,0x000001E0,func,fn_0044D301
0x0044D4F6,0x0000016A,func,fn_0044D4F6
0x0044D660,0x00000255,func,fn_0044D660
0x0044D8C7,0x00000071,func,fn_0044D8C7
0x0044D938,0x0000004E,func,fn_0044D938
0x0044DA32,0x0000001F,func,fn_0044DA32
0x0044DA51,0x0000008A,func,fn_0044DA51
0x0044DADB,0x0000001F,func,fn_0044DADB
0x0044DB87,0x0000027A,func,fn_0044DB87
0x0044DE01,0x000000EF,func,fn_0044DE01
0x0044DEF0,0x00000239,func,fn_0044DEF0
0x0044E129,0x000000FF,func,fn_0044E129
0x0044E228,0x00000794,func,fn_0044E228
0x0044E9BC,0x0000002F,func,fn_0044E9BC
0x0044E9EB,0x0000001A,func,fn_0044E9EB
0x0044EA05,0x000001BA,func,fn_0044EA05
0x0044EBC0,0x000000E2,func,fn_0044EBC0
0x0044ECA2,0x00000021,func,fn_0044ECA2
0x0044ECC3,0x00000040,func,fn_0044ECC3
0x0044ED03,0x0000023E,func,fn_0044ED03
0x0044EF4E,0x00000027,func,fn_0044EF4E
0x0044EF75,0x0000002F,func,fn_0044EF75
0x0044EFA4,0x00000049,func,fn_0044EFA4
0x0044EFED,0x000001AF,func,fn_0044EFED
0x0044F19C,0x000000A3,func,fn_0044F19C
0x0044F23F,0x0000003B,func,fn_0044F23F
0x0044F27A,0x000003CB,func,fn_0044F27A
0x0044F645,0x000000A4,func,fn_0044F645
0x0044F6E9,0x00000104,func,fn_0044F6E9
0x0044F7ED,0x00000031,func,fn_0044F7ED
0x0044F81E,0x00000076,func,fn_0044F81E
0x0044F894,0x000000CE,func,fn_0044F894
0x0044F962,0x00000030,func,fn_0044F962
0x0044F992,0x000000BE,func,fn_0044F992
0x0044FA50,0x00000028,func,fn_0044FA50
0x0044FA78,0x00000066,func,fn_0044FA78
0x0044FADE,0x00000055,func,fn_0044FADE
0x0044FB33,0x00000426,func,fn_0044FB33
0x0044FF5A,0x00000155,func,fn_0044FF5A
0x004500AF,0x0000001D,func,fn_004500AF
0x004500CC,0x0000001A,func,fn_004500CC
0x004500E7,0x00000022,func,fn_004500E7
0x00450109,0x000000A2,func,fn_00450109
0x004501AB,0x00000062,func,fn_004501AB
0x00450403,0x00000055,func,fn_00450403
0x0045056C,0x000000A9,func,fn_0045056C
0x00450615,0x0000009B,func,fn_00450615
0x004506B0,0x0000008F,func,fn_004506B0
0x0045073F,0x00000180,func,fn_0045073F
0x004508BF,0x00000099,func,fn_004508BF
0x00450958,0x0000020B,func,fn_00450958
0x00450B63,0x00000BB9,func,fn_00450B63
0x0045172B,0x0000008E,func,fn_0045172B
0x004517B9,0x00000095,func,fn_004517B9
0x0045234A,0x00000087,func,fn_0045234A
0x004523D1,0x0000001C,func,fn_004523D1
0x00452641,0x00000027,func,fn_00452641
0x00452668,0x00000F3B,func,fn_00452668
0x004535A3,0x00000012,func,fn_004535A3
0x004535B5,0x00000049,func,fn_004535B5
0x004535FE,0x00000068,func,fn_004535FE
0x00453666,0x0000002C,func,fn_00453666
0x00453692,0x0000004F,func,fn_00453692
0x004536E1,0x0000012A,func,fn_004536E1
0x004538EF,0x00000006,func,fn_004538EF
0x004539AE,0x00000022,func,fn_004539AE
0x004539D0,0x0000004C,func,fn_004539D0
0x00453A1C,0x0000005F,func,fn_00453A1C
0x00453A7B,0x00000021,func,fn_00453A7B
0x00453A9C,0x00000062,func,fn_00453A9C
0x00453AFE,0x00000055,func,fn_00453AFE
0x00453B53,0x0000008D,func,fn_00453B53
0x00453BE0,0x00000038,func,fn_00453BE0
0x00453C18,0x0000000B,func,fn_00453C18
0x00453D30,0x00000006,func,fn_00453D30
0x00454049,0x000000A0,func,fn_00454049
0x004540FA,0x00000017,func,fn_004540FA
0x00454111,0x000000C8,func,fn_00454111
0x004541D9,0x000000C8,func,fn_004541D9
0x004542A1,0x00000112,func,fn_004542A1
0x004543B3,0x00000035,func,fn_004543B3
0x004543E8,0x00000188,func,fn_004543E8
0x00454570,0x000000C6,func,fn_00454570
0x004548D9,0x00000019,func,fn_004548D9
0x00454909,0x000000D8,func,fn_00454909
0x004549E1,0x00000109,func,fn_004549E1
0x00454AEB,0x000000FD,func,fn_00454AEB
0x00454BE8,0x000000FB,func,fn_00454BE8
0x00454CE3,0x00000110,func,fn_00454CE3
0x00454DF3,0x000001D2,func,fn_00454DF3
0x00454FC5,0x0000007B,func,fn_00454FC5
0x00455040,0x0000003B,func,fn_00455040
0x0045507B,0x00000074,func,fn_0045507B
0x004550EF,0x000000D5,func,fn_004550EF
0x004551C4,0x00000030,func,fn_004551C4
0x004551F4,0x000000F5,func,fn_004551F4
0x004552E9,0x0000004B,func,fn_004552E9
0x00455334,0x00000079,func,fn_00455334
0x004553AD,0x0000001B,func,fn_004553AD
0x004553C8,0x00000058,func,fn_004553C8
0x00455420,0x000002E6,func,fn_00455420
0x00455706,0x00000067,func,fn_00455706
0x0045576D,0x0000006E,func,fn_0045576D
0x004557DB,0x000000A1,func,fn_004557DB
0x0045587C,0x0000016D,func,fn_0045587C
0x004559E9,0x000000E5,func,fn_004559E9
0x00455CCB,0x000000B0,func,fn_00455CCB
0x00455D7B,0x0000002C,func,fn_00455D7B
0x00455DA7,0x00000018,func,fn_00455DA7
0x00455DBF,0x0000001E,func,fn_00455DBF
0x00455E76,0x0000002B,func,fn_00455E76
0x00455EA1,0x0000018A,func,fn_00455EA1
0x0045602B,0x000000F3,func,fn_0045602B
0x0045611E,0x00000091,func,fn_0045611E
0x004561AF,0x00000055,func,fn_004561AF
0x00456273,0x00000049,func,fn_00456273
0x004562BC,0x00000083,func,fn_004562BC
0x0045633F,0x0000039F,func,fn_0045633F
0x004566DE,0x000001BD,func,fn_004566DE
0x0045689B,0x000002E3,func,fn_0045689B
0x00456B7E,0x0000005C,func,fn_00456B7E
0x00456BDA,0x00000020,func,fn_00456BDA
0x00456BFA,0x000000A1,func,fn_00456BFA
0x00456C9B,0x00000063,func,fn_00456C9B
0x00456CFE,0x000000DF,func,fn_00456CFE
0x00456DDD,0x00000124,func,fn_00456DDD
0x00456F01,0x000000AB,func,fn_00456F01
0x00456FAC,0x000000F5,func,fn_00456FAC
0x004570A1,0x00000044,func,fn_004570A1
0x004570E5,0x00000081,func,fn_004570E5
0x004574AC,0x00000127,func,fn_004574AC
0x004575D3,0x00000175,func,fn_004575D3
0x00457748,0x000000D1,func,fn_00457748
0x00457819,0x00000894,func,fn_00457819
0x004580D9,0x00000030,func,fn_004580D9
0x00458109,0x0000002E,func,fn_00458109
0x00458137,0x00000037,func,fn_00458137
0x0045816E,0x00000168,func,fn_0045816E
0x004582D6,0x0000171C,func,fn_004582D6
0x004599F2,0x0000003C,func,fn_004599F2
0x00459A2E,0x0000001A,func,fn_00459A2E
0x00459A49,0x000000E3,func,fn_00459A49
0x00459B2C,0x00000012,func,fn_00459B2C
0x00459B3E,0x000000A1,func,fn_00459B3E
0x00459BDF,0x000000CE,func,fn_00459BDF
0x00459CCB,0x0000001F,func,fn_00459CCB
0x00459CEA,0x0000021B,func,fn_00459CEA
0x00459F05,0x00000074,func,fn_00459F05
0x00459F79,0x000000CD,func,fn_00459F79
0x0045A1AD,0x00000294,func,fn_0045A1AD
0x0045A441,0x000043B5,func,fn_0045A441
0x0045F572,0x00000083,func,fn_0045F572
0x0045F5F5,0x00000084,func,fn_0045F5F5
0x0045F679,0x0000001F,func,fn_0045F679
0x0045F698,0x00000038,func,fn_0045F698
0x0045F6D0,0x00000053,func,fn_0045F6D0
0x0045F723,0x000000A3,func,fn_0045F723
0x0045F7C6,0x00000019,func,fn_0045F7C6
0x0045F7DF,0x00000193,func,fn_0045F7DF
0x0045F972,0x00000100,func,fn_0045F972
0x0045FA72,0x00000027,func,fn_0045FA72
0x0045FA99,0x00000033,func,fn_0045FA99
0x0045FACC,0x00000240,func,fn_0045FACC
0x0045FD0C,0x00000037,func,fn_0045FD0C
0x0045FD43,0x00000100,func,fn_0045FD43
0x0045FE43,0x000000AF,func,fn_0045FE43
0x0045FEF2,0x00000082,func,fn_0045FEF2
0x0045FF74,0x00000192,func,fn_0045FF74
0x00460107,0x0000008B,func,fn_00460107
0x00460192,0x00000038,func,fn_00460192
0x004601CA,0x000002EC,func,fn_004601CA
0x004604B6,0x000000F9,func,fn_004604B6
0x004605AF,0x0000004B,func,fn_004605AF
0x004605FA,0x0000014A,func,fn_004605FA
0x00460744,0x000000A6,func,fn_00460744
0x004607EA,0x000000A2,func,fn_004607EA
0x0046088C,0x00000298,func,fn_0046088C
0x00460C13,0x0000000C,func,fn_00460C13
0x00460D41,0x000000F8,func,fn_00460D41
0x00460E39,0x000004DC,func,fn_00460E39
0x00461316,0x000001B7,func,fn_00461316
0x004614CE,0x000003E2,func,fn_004614CE
0x004618B0,0x00000030,func,fn_004618B0
0x004618E0,0x000000F6,func,fn_004618E0
0x004619D6,0x000000AF,func,fn_004619D6
0x00461A85,0x0000002B,func,fn_00461A85
0x00461AB0,0x00000033,func,fn_00461AB0
0x00461AE3,0x0000009C,func,fn_00461AE3
0x00461B7F,0x0000000A,func,fn_00461B7F
0x00461B89,0x000000A6,func,fn_00461B89
0x00461C2F,0x00000099,func,fn_00461C2F
0x00461CC8,0x00000067,func,fn_00461CC8
0x00461D2F,0x00000019,func,fn_00461D2F
0x00461D48,0x0000016F,func,fn_00461D48
0x00461EB7,0x00000146,func,fn_00461EB7
0x00461FFE,0x00000187,func,fn_00461FFE
0x00462185,0x00000170,func,fn_00462185
0x004622F5,0x00000137,func,fn_004622F5
0x0046242C,0x000000ED,func,fn_0046242C
0x0046251A,0x0000010A,func,fn_0046251A
0x00462624,0x00000212,func,fn_00462624
0x00462836,0x000006EF,func,fn_00462836
0x00462F88,0x0000000C,func,fn_00462F88
0x00462F94,0x00000014,func,fn_00462F94
0x00462FA8,0x00000011,func,fn_00462FA8
0x00462FB9,0x0000001C,func,fn_00462FB9
0x00462FD5,0x00000021,func,fn_00462FD5
0x00462FF6,0x0000001B,func,fn_00462FF6
0x00463011,0x000000A5,func,fn_00463011
0x004630B6,0x0000001C,func,fn_004630B6
0x004630D2,0x00000095,func,fn_004630D2
0x00463167,0x0000014D,func,fn_00463167
0x004632B4,0x00000022,func,fn_004632B4
0x004632D6,0x000001BC,func,fn_004632D6
0x00463492,0x00000044,func,fn_00463492
0x004634D6,0x000001C2,func,fn_004634D6
0x0046374C,0x00000061,func,fn_0046374C
0x004637AD,0x00000062,func,fn_004637AD
0x0046380F,0x00000246,func,fn_0046380F
0x00463A55,0x000000A0,func,fn_00463A55
0x00463AF5,0x00000124,func,fn_00463AF5
0x00463C19,0x000001B4,func,fn_00463C19
0x00463F05,0x0000013E,func,fn_00463F05
0x004640A2,0x00000038,func,fn_004640A2
0x004640DA,0x000001BC,func,fn_004640DA
0x00464296,0x00000345,func,fn_00464296
0x004645DB,0x0000005D,func,fn_004645DB
0x00464638,0x0000003C,func,fn_00464638
0x00464674,0x000000A6,func,fn_00464674
0x0046471A,0x000000D1,func,fn_0046471A
0x004647EB,0x00000086,func,fn_004647EB
0x00464B1C,0x00000033,func,fn_00464B1C
0x00464B4F,0x000000C4,func,fn_00464B4F
0x00464C13,0x00000152,func,fn_00464C13
0x00464DDF,0x00000059,func,fn_00464DDF
0x00464E38,0x000002D3,func,fn_00464E38
0x0046510B,0x000001BA,func,fn_0046510B
0x004652C5,0x00000072,func,fn_004652C5
0x00465337,0x00000066,func,fn_00465337
0x0046539D,0x00000023,func,fn_0046539D
0x004653C0,0x0000002C,func,fn_004653C0
0x004653EC,0x00000083,func,fn_004653EC
0x0046546F,0x000001BF,func,fn_0046546F
0x0046562E,0x00000348,func,fn_0046562E
0x00465976,0x0000011F,func,fn_00465976
0x00465A95,0x0000011C,func,fn_00465A95
0x00465BB1,0x00000065,func,fn_00465BB1
0x00465C17,0x0000000E,func,fn_00465C17
0x00465C25,0x00000082,func,fn_00465C25
0x00465CA7,0x0000008F,func,fn_00465CA7
0x00465D36,0x0000000C,func,fn_00465D36
0x00465D89,0x00000020,func,fn_00465D89
0x00465DD2,0x00000001,func,fn_00465DD2
0x00465DD3,0x00000156,func,fn_00465DD3
0x00465F6C,0x00000022,func,fn_00465F6C
0x00465F8E,0x00000019,func,fn_00465F8E
0x00465FA7,0x00000026,func,fn_00465FA7
0x00465FCD,0x0000004B,func,fn_00465FCD
0x004663B9,0x00000046,func,fn_004663B9
0x004663FF,0x000000E6,func,fn_004663FF
0x004664E5,0x000000D1,func,fn_004664E5
0x004665B6,0x000002A3,func,fn_004665B6
0x00466922,0x0000009C,func,fn_00466922
0x004669BE,0x00000028,func,fn_004669BE
0x004669E6,0x000004B7,func,fn_004669E6
0x00466E9D,0x00000053,func,fn_00466E9D
0x00466EF0,0x000002C0,func,fn_00466EF0
0x004671B0,0x00000118,func,fn_004671B0
0x004672C8,0x0000002C,func,fn_004672C8
0x00467598,0x00000028,func,fn_00467598
0x004675C0,0x0000002C,func,fn_004675C0
0x004675EC,0x0000002C,func,fn_004675EC
0x00467618,0x0000001E,func,fn_00467618
0x00467636,0x00000051,func,fn_00467636
0x00467687,0x00000021,func,fn_00467687
0x004676A8,0x00000067,func,fn_004676A8
0x0046770F,0x0000008D,func,fn_0046770F
0x0046779C,0x0000002E,func,fn_0046779C
0x004677CB,0x0000000E,func,fn_004677CB
0x004677D9,0x00000033,func,fn_004677D9
0x0046780C,0x0000001E,func,fn_0046780C
0x0046782A,0x00000056,func,fn_0046782A
0x00467880,0x000000A8,func,fn_00467880
0x00467928,0x00000049,func,fn_00467928
0x00467972,0x0000001D,func,fn_00467972
0x0046798F,0x000000B2,func,fn_0046798F
0x00467A41,0x00000015,func,fn_00467A41
0x00467A56,0x0000005E,func,fn_00467A56
0x00467AB4,0x00000020,func,fn_00467AB4
0x00467AD4,0x000000C9,func,fn_00467AD4
0x00467B9D,0x00000077,func,fn_00467B9D
0x00467C14,0x00000036,func,fn_00467C14
0x00467C4A,0x00000046,func,fn_00467C4A
0x00467C90,0x0000001C,func,fn_00467C90
0x00467CAC,0x0000001A,func,fn_00467CAC
0x00467CC6,0x00000041,func,fn_00467CC6
0x00467D07,0x00000039,func,fn_00467D07
0x00467D40,0x0000003D,func,fn_00467D40
0x00467D7D,0x0000003F,func,fn_00467D7D
0x00467DBC,0x0000002C,func,fn_00467DBC
0x00467DE8,0x00000034,func,fn_00467DE8
0x00467E1C,0x0000004C,func,fn_00467E1C
0x00467E68,0x00000037,func,fn_00467E68
0x00467E9F,0x00000032,func,fn_00467E9F
0x00467ED1,0x00000039,func,fn_00467ED1
0x00467F0A,0x00000080,func,fn_00467F0A
0x00467F8A,0x00000036,func,fn_00467F8A
0x00467FDF,0x00000042,func,fn_00467FDF
0x00468021,0x00000045,func,fn_00468021
0x00468066,0x00000020,func,fn_00468066
0x00468086,0x0000001E,func,fn_00468086
0x004680A4,0x0000001A,func,fn_004680A4
0x004680BE,0x00000040,func,fn_004680BE
0x004680FE,0x00000047,func,fn_004680FE
0x00468145,0x00000026,func,fn_00468145
0x0046816B,0x0000005A,func,fn_0046816B
0x004681C5,0x000000CC,func,fn_004681C5
0x004684AF,0x0000018E,func,fn_004684AF
0x00468FE9,0x000000B4,func,fn_00468FE9
0x0046909D,0x00000014,func,fn_0046909D
0x004690B1,0x00000015,func,fn_004690B1
0x004690C6,0x00000108,func,fn_004690C6
0x004691E4,0x00000070,func,fn_004691E4
0x00469254,0x00000042,func,fn_00469254
0x00469296,0x000000ED,func,fn_00469296
0x00469383,0x0000011A,func,fn_00469383
0x0046949D,0x0000001D,func,fn_0046949D
0x004694BA,0x0000002B,func,fn_004694BA
0x004694E5,0x00000044,func,fn_004694E5
0x00469529,0x0000004A,func,fn_00469529
0x00469574,0x00000044,func,fn_00469574
0x004695B8,0x00000042,func,fn_004695B8
0x004695FA,0x00000045,func,fn_004695FA
0x00469767,0x000000B0,func,fn_00469767
0x00469818,0x00000096,func,fn_00469818
0x004698AE,0x000002F6,func,fn_004698AE
0x00469BA4,0x000002DA,func,fn_00469BA4
0x00469E7E,0x000000D7,func,fn_00469E7E
0x00469F55,0x0000015D,func,fn_00469F55
0x0046A0B3,0x0000053B,func,fn_0046A0B3
0x0046A5EE,0x000000DB,func,fn_0046A5EE
0x0046A6C9,0x00000027,func,fn_0046A6C9
0x0046A6F0,0x00000027,func,fn_0046A6F0
0x0046A7B1,0x0000002C,func,fn_0046A7B1
0x0046A7DD,0x0000002C,func,fn_0046A7DD
0x0046A944,0x0000001E,func,fn_0046A944
0x0046ABA8,0x00000058,func,fn_0046ABA8
0x0046AC00,0x0000002D,func,fn_0046AC00
0x0046AC6A,0x00000033,func,fn_0046AC6A
0x0046ACBE,0x0000007C,func,fn_0046ACBE
0x0046ADD5,0x00000063,func,fn_0046ADD5
0x0046AEB4,0x00000063,func,fn_0046AEB4
0x0046AF87,0x0000009B,func,fn_0046AF87
0x0046B2C8,0x000002BA,func,fn_0046B2C8
0x0046B582,0x000000F1,func,fn_0046B582
0x0046B955,0x00000060,func,fn_0046B955
0x0046BA4C,0x00000138,func,fn_0046BA4C
0x0046BE6B,0x0000019B,func,fn_0046BE6B
0x0046C006,0x0000005A,func,fn_0046C006
0x0046C060,0x00000195,func,fn_0046C060
0x0046C295,0x00000136,func,fn_0046C295
0x0046C3CB,0x00000028,func,fn_0046C3CB
0x0046C3F3,0x0000003D,func,fn_0046C3F3
0x0046C46D,0x000001B6,func,fn_0046C46D
0x0046C643,0x0000003E,func,fn_0046C643
0x0046C8F9,0x000000E0,func,fn_0046C8F9
0x0046CA31,0x000000F1,func,fn_0046CA31
0x0046CDF2,0x000000E9,func,fn_0046CDF2
0x0046CF33,0x000000F1,func,fn_0046CF33
0x0046D07B,0x00000063,func,fn_0046D07B
0x0046D111,0x00000152,func,fn_0046D111
0x0046D263,0x0000044C,func,fn_0046D263
0x0046D6AF,0x00000156,func,fn_0046D6AF
0x0046D805,0x00000037,func,fn_0046D805
0x0046DA7A,0x00000141,func,fn_0046DA7A
0x0046DBBB,0x00000065,func,fn_0046DBBB
0x0046DC20,0x00000042,func,fn_0046DC20
0x0046DC62,0x0000002E,func,fn_0046DC62
0x0046DC90,0x00000068,func,fn_0046DC90
0x0046DCF8,0x00000028,func,fn_0046DCF8
0x0046DD20,0x00000025,func,fn_0046DD20
0x0046DD45,0x00000028,func,fn_0046DD45
0x0046DD6D,0x0000004A,func,fn_0046DD6D
0x0046DDB7,0x0000001A,func,fn_0046DDB7
0x0046DDD1,0x0000002D,func,fn_0046DDD1
0x0046DDFE,0x0000002A,func,fn_0046DDFE
0x0046DE28,0x0000002D,func,fn_0046DE28
0x0046DE55,0x0000000F,func,fn_0046DE55
0x0046DE64,0x0000000F,func,fn_0046DE64
0x0046DE73,0x00000019,func,fn_0046DE73
0x0046DE8C,0x0000001E,func,fn_0046DE8C
0x0046DEAA,0x00000033,func,fn_0046DEAA
0x0046DEDD,0x00000022,func,fn_0046DEDD
0x0046DEFF,0x0000011B,func,fn_0046DEFF
0x0046E01A,0x000000A7,func,fn_0046E01A
0x0046E0C1,0x00000196,func,fn_0046E0C1
0x0046E257,0x000000F1,func,fn_0046E257
0x0046E348,0x0000019E,func,fn_0046E348
0x0046E4E6,0x00000433,func,fn_0046E4E6
0x0046E919,0x0000003B,func,fn_0046E919
0x0046E96F,0x00000074,func,fn_0046E96F
0x0046E9E3,0x0000004F,func,fn_0046E9E3
0x0046EA32,0x00000028,func,fn_0046EA32
0x0046EA5A,0x00000028,func,fn_0046EA5A
0x0046EA82,0x00000083,func,fn_0046EA82
0x0046EB06,0x0000003F,func,fn_0046EB06
0x0046EB45,0x00000037,func,fn_0046EB45
0x0046EB7C,0x00000017,func,fn_0046EB7C
0x0046EB93,0x00000087,func,fn_0046EB93
0x0046EC1B,0x00000079,func,fn_0046EC1B
0x0046EC95,0x000000D9,func,fn_0046EC95
0x0046ED6E,0x000000E1,func,fn_0046ED6E
0x0046EE4F,0x0000022E,func,fn_0046EE4F
0x0046F07D,0x0000008E,func,fn_0046F07D
0x0046F10B,0x00000203,func,fn_0046F10B
0x0046F51A,0x0000003D,func,fn_0046F51A
0x0046F557,0x00000010,func,fn_0046F557
0x0046F567,0x000000BD,func,fn_0046F567
0x0046F624,0x0000004E,func,fn_0046F624
0x0046F69B,0x0000010D,func,fn_0046F69B
0x0046FCAB,0x000001FD,func,fn_0046FCAB
0x0046FEA8,0x000000E4,func,fn_0046FEA8
0x0046FF8C,0x000000AF,func,fn_0046FF8C
0x0047003B,0x00000103,func,fn_0047003B
0x0047013F,0x00000079,func,fn_0047013F
0x004701B8,0x0000005A,func,fn_004701B8
0x00470212,0x00000057,func,fn_00470212
0x00470269,0x0000002B,func,fn_00470269
0x00470294,0x000000D0,func,fn_00470294
0x00470364,0x0000027F,func,fn_00470364
0x00470BB3,0x0000000D,func,fn_00470BB3
0x004712C2,0x00000006,func,fn_004712C2
0x00471604,0x00000116,func,fn_00471604
0x0047171A,0x00000021,func,fn_0047171A
0x0047173B,0x0000002F,func,fn_0047173B
0x0047176A,0x0000015B,func,fn_0047176A
0x004718C5,0x000000C0,func,fn_004718C5
0x004719A6,0x00000080,func,fn_004719A6
0x00471A26,0x000000E3,func,fn_00471A26
0x00471B09,0x00000095,func,fn_00471B09
0x00471B9E,0x00000097,func,fn_00471B9E
0x00471C35,0x00000111,func,fn_00471C35
0x00471D46,0x000002B5,func,fn_00471D46
0x00471FFB,0x0000000D,func,fn_00471FFB
0x004720F9,0x0000002C,func,fn_004720F9
0x00472125,0x0000003E,func,fn_00472125
0x00472163,0x000001FF,func,fn_00472163
0x00472362,0x00000066,func,fn_00472362
0x004723C8,0x0000002C,func,fn_004723C8
0x004726B3,0x00000142,func,fn_004726B3
0x00473152,0x00000074,func,fn_00473152
0x004731C6,0x0000001D,func,fn_004731C6
0x004731E3,0x000000E3,func,fn_004731E3
0x004732C6,0x00000044,func,fn_004732C6
0x0047330A,0x00000028,func,fn_0047330A
0x00473332,0x0000002D,func,fn_00473332
0x0047335F,0x000000AD,func,fn_0047335F
0x0047340C,0x0000007F,func,fn_0047340C
0x0047348B,0x0000001D,func,fn_0047348B
0x004734A8,0x00000005,func,fn_004734A8
0x004734AD,0x00000039,func,fn_004734AD
0x004734E6,0x0000003F,func,fn_004734E6
0x00473525,0x0000001D,func,fn_00473525
0x00473542,0x00000030,func,fn_00473542
0x00473572,0x00000084,func,fn_00473572
0x004735F6,0x00000085,func,fn_004735F6
0x0047367B,0x0000005B,func,fn_0047367B
0x00473707,0x0000008F,func,fn_00473707
0x00473796,0x0000000A,func,fn_00473796
0x004737A0,0x00000011,func,fn_004737A0
0x004737B1,0x00000056,func,fn_004737B1
0x00473807,0x000000DF,func,fn_00473807
0x004738E6,0x000000F2,func,fn_004738E6
0x004739D8,0x0000001B,func,fn_004739D8
0x004739F3,0x00000008,func,fn_004739F3
0x004739FB,0x000000AB,func,fn_004739FB
0x00473AA6,0x000000D7,func,fn_00473AA6
0x00473B7D,0x00000098,func,fn_00473B7D
0x00473C15,0x000000A2,func,fn_00473C15
0x00473CB7,0x00000053,func,fn_00473CB7
0x00473D0A,0x00000082,func,fn_00473D0A
0x00473D8C,0x000000BD,func,fn_00473D8C
0x00473E49,0x00000024,func,fn_00473E49
0x00473FA4,0x00000021,func,fn_00473FA4
0x00473FC5,0x00000030,func,fn_00473FC5
0x00473FF5,0x0000012A,func,fn_00473FF5
0x0047411F,0x00000094,func,fn_0047411F
0x004741B3,0x00000032,func,fn_004741B3
0x004741E5,0x0000002D,func,fn_004741E5
0x00474212,0x000000A7,func,fn_00474212
0x004742B9,0x0000001F,func,fn_004742B9
0x004742D8,0x00000029,func,fn_004742D8
0x00474301,0x000000A1,func,fn_00474301
0x004743A2,0x000000A1,func,fn_004743A2
0x00474443,0x00000087,func,fn_00474443
0x004744CA,0x00000087,func,fn_004744CA
0x00474551,0x00000043,func,fn_00474551
0x00474594,0x0000001D,func,fn_00474594
0x004745B1,0x00000139,func,fn_004745B1
0x004746EA,0x00000114,func,fn_004746EA
0x004747FE,0x00000052,func,fn_004747FE
0x00474850,0x00000031,func,fn_00474850
0x00474881,0x00000027,func,fn_00474881
0x004748A8,0x0000005A,func,fn_004748A8
0x00474902,0x00000123,func,fn_00474902
0x00474A25,0x00000042,func,fn_00474A25
0x00474A97,0x0000000F,func,fn_00474A97
0x00474AA6,0x000000A7,func,fn_00474AA6
0x00474B4D,0x00000050,func,fn_00474B4D
0x00474B9D,0x00000039,func,fn_00474B9D
0x00474BD6,0x0000015A,func,fn_00474BD6
0x00474D30,0x00000138,func,fn_00474D30
0x00474E68,0x0000006D,func,fn_00474E68
0x00474ED5,0x0000005C,func,fn_00474ED5
0x00474F32,0x00000048,func,fn_00474F32
0x00474F7A,0x00000048,func,fn_00474F7A
0x00474FC2,0x00000047,func,fn_00474FC2
0x00475020,0x00000032,func,fn_00475020
0x00475057,0x000000C3,func,fn_00475057
0x0047511A,0x000000DC,func,fn_0047511A
0x004751F6,0x000000BE,func,fn_004751F6
0x004752B4,0x000000B4,func,fn_004752B4
0x00475368,0x00000036,func,fn_00475368
0x0047539E,0x000000A4,func,fn_0047539E
0x00475442,0x00000012,func,fn_00475442
0x00475454,0x00000029,func,fn_00475454
0x0047547D,0x00000018,func,fn_0047547D
0x00475495,0x00000087,func,fn_00475495
0x0047551C,0x00000082,func,fn_0047551C
0x0047559E,0x0000006C,func,fn_0047559E
0x0047560A,0x00000027,func,fn_0047560A
0x00475631,0x0000002B,func,fn_00475631
0x0047565C,0x00000077,func,fn_0047565C
0x004756D4,0x0000002B,func,fn_004756D4
0x004756FF,0x00000075,func,fn_004756FF
0x00475774,0x0000008F,func,fn_00475774
0x00475803,0x0000001A,func,fn_00475803
0x0047588B,0x00000003,func,fn_0047588B
0x004758FA,0x0000004D,func,fn_004758FA
0x00475947,0x00000018,func,fn_00475947
0x0047595F,0x00000037,func,fn_0047595F
0x00475996,0x0000001E,func,fn_00475996
0x004759B4,0x000002EE,func,fn_004759B4
0x00475CA2,0x000000CF,func,fn_00475CA2
0x00475D71,0x000001B0,func,fn_00475D71
0x00475F22,0x0000006F,func,fn_00475F22
0x00475F91,0x00000168,func,fn_00475F91
0x004760FA,0x000000AB,func,fn_004760FA
0x004761A5,0x0000014B,func,fn_004761A5
0x004762F1,0x00000113,func,fn_004762F1
0x00476404,0x00000245,func,fn_00476404
0x00476649,0x00000036,func,fn_00476649
0x0047667F,0x0000001B,func,fn_0047667F
0x0047669A,0x00000273,func,fn_0047669A
0x0047690D,0x0000002B,func,fn_0047690D
0x00476938,0x00000059,func,fn_00476938
0x00476991,0x0000002B,func,fn_00476991
0x004769BC,0x00000423,func,fn_004769BC
0x00476DDF,0x00000095,func,fn_00476DDF
0x00476E74,0x00000045,func,fn_00476E74
0x00476FCF,0x00000020,func,fn_00476FCF
0x00477112,0x000001C6,func,fn_00477112
0x004772D8,0x000001AD,func,fn_004772D8
0x00477485,0x00000051,func,fn_00477485
0x004774D6,0x00000069,func,fn_004774D6
0x0047753F,0x00000030,func,fn_0047753F
0x0047756F,0x000000DF,func,fn_0047756F
0x0047764E,0x0000003B,func,fn_0047764E
0x00477689,0x00000081,func,fn_00477689
0x0047770A,0x000000BC,func,fn_0047770A
0x004777C6,0x000000BB,func,fn_004777C6
0x00477881,0x0000006C,func,fn_00477881
0x004778ED,0x0000000A,func,fn_004778ED
0x004778F7,0x000006CA,func,fn_004778F7
0x00477FC1,0x00000072,func,fn_00477FC1
0x00478033,0x00000064,func,fn_00478033
0x00478097,0x0000005A,func,fn_00478097
0x004780F1,0x00000053,func,fn_004780F1
0x00478144,0x000000FF,func,fn_00478144
0x00478243,0x000002E0,func,fn_00478243
0x00478524,0x0000052E,func,fn_00478524
0x00478A52,0x00000EDB,func,fn_00478A52
0x0047992D,0x000000F1,func,fn_0047992D
0x00479A1F,0x00000483,func,fn_00479A1F
0x00479EA2,0x0000015A,func,fn_00479EA2
0x00479FFD,0x000003E6,func,fn_00479FFD
0x0047A3E4,0x00000207,func,fn_0047A3E4
0x0047A5EB,0x00000599,func,fn_0047A5EB
0x0047AB84,0x00000006,func,fn_0047AB84
0x0047ABA7,0x0000001D,func,fn_0047ABA7
0x0047ABC4,0x00000075,func,fn_0047ABC4
0x0047AC39,0x00000015,func,fn_0047AC39
0x0047AC4E,0x00000017,func,fn_0047AC4E
0x0047AC65,0x00000012,func,fn_0047AC65
0x0047ACEB,0x0000002F,func,fn_0047ACEB
0x0047AD1A,0x00000017,func,fn_0047AD1A
0x0047AD31,0x0000001F,func,fn_0047AD31
0x0047AD50,0x0000001D,func,fn_0047AD50
0x0047AD6D,0x000000A7,func,fn_0047AD6D
0x0047AE14,0x0000001E,func,fn_0047AE14
0x0047AE32,0x0000007E,func,fn_0047AE32
0x0047AEB0,0x0000002D,func,fn_0047AEB0
0x0047AEDD,0x00000024,func,fn_0047AEDD
0x0047AF01,0x00000010,func,fn_0047AF01
0x0047AF11,0x00000017,func,fn_0047AF11
0x0047AF28,0x00000046,func,fn_0047AF28
0x0047AF6E,0x0000003D,func,fn_0047AF6E
0x0047B049,0x00000055,func,fn_0047B049
0x0047B0EE,0x00000012,func,fn_0047B0EE
0x0047B100,0x0000001D,func,fn_0047B100
0x0047B11D,0x00000090,func,fn_0047B11D
0x0047B1AD,0x0000002C,func,fn_0047B1AD
0x0047B1D9,0x0000008B,func,fn_0047B1D9
0x0047B264,0x00000030,func,fn_0047B264
0x0047B294,0x00000068,func,fn_0047B294
0x0047B2FC,0x0000001C,func,fn_0047B2FC
0x0047B318,0x0000002A,func,fn_0047B318
0x0047B342,0x0000002A,func,fn_0047B342
0x0047B36C,0x00000182,func,fn_0047B36C
0x0047B4EE,0x0000001E,func,fn_0047B4EE
0x0047B50C,0x00000070,func,fn_0047B50C
0x0047B581,0x0000003E,func,fn_0047B581
0x0047B5BF,0x000000FE,func,fn_0047B5BF
0x0047B6BD,0x000000F5,func,fn_0047B6BD
0x0047B7B2,0x000000A6,func,fn_0047B7B2
0x0047B858,0x00000158,func,fn_0047B858
0x0047B9B0,0x00000053,func,fn_0047B9B0
0x0047BA03,0x000002DE,func,fn_0047BA03
0x0047BCE1,0x00000234,func,fn_0047BCE1
0x0047BF15,0x0000009E,func,fn_0047BF15
0x0047BFB3,0x00000033,func,fn_0047BFB3
0x0047BFE6,0x0000007D,func,fn_0047BFE6
0x0047C063,0x000000A3,func,fn_0047C063
0x0047C106,0x00000017,func,fn_0047C106
0x0047C11D,0x0000002F,func,fn_0047C11D
0x0047C14C,0x00000012,func,fn_0047C14C
0x0047C15E,0x0000008E,func,fn_0047C15E
0x0047C1EC,0x00000019,func,fn_0047C1EC
0x0047C205,0x0000002A,func,fn_0047C205
0x0047C22F,0x00000031,func,fn_0047C22F
0x0047C260,0x00000011,func,fn_0047C260
0x0047C295,0x00000020,func,fn_0047C295
0x0047C2B5,0x0000003D,func,fn_0047C2B5
0x0047C2F2,0x00000008,func,fn_0047C2F2
0x0047C2FA,0x00000023,func,fn_0047C2FA
0x0047C31D,0x0000003B,func,fn_0047C31D
0x0047C358,0x00000073,func,fn_0047C358
0x0047C3CB,0x00000027,func,fn_0047C3CB
0x0047C3F2,0x00000059,func,fn_0047C3F2
0x0047C44B,0x00000032,func,fn_0047C44B
0x0047C47D,0x0000001A,func,fn_0047C47D
0x0047C497,0x00000016,func,fn_0047C497
0x0047C4AD,0x00000016,func,fn_0047C4AD
0x0047C4C3,0x00000032,func,fn_0047C4C3
0x0047C4F5,0x0000006A,func,fn_0047C4F5
0x0047C55F,0x0000009D,func,fn_0047C55F
0x0047C5FC,0x00000051,func,fn_0047C5FC
0x0047C64D,0x0000001F,func,fn_0047C64D
0x0047C66C,0x0000001C,func,fn_0047C66C
0x0047C688,0x00000029,func,fn_0047C688
0x0047C6B1,0x000000A7,func,fn_0047C6B1
0x0047C758,0x00000025,func,fn_0047C758
0x0047C77D,0x00000027,func,fn_0047C77D
0x0047C7A4,0x00000085,func,fn_0047C7A4
0x0047C829,0x00000054,func,fn_0047C829
0x0047C87D,0x00000077,func,fn_0047C87D
0x0047C8F5,0x00000115,func,fn_0047C8F5
0x0047CA0A,0x00000059,func,fn_0047CA0A
0x0047CA63,0x00000083,func,fn_0047CA63
0x0047CAE6,0x0000002B,func,fn_0047CAE6
0x0047CB11,0x0000002F,func,fn_0047CB11
0x0047CB40,0x00000033,func,fn_0047CB40
0x0047CB73,0x0000014B,func,fn_0047CB73
0x0047CCBF,0x00000239,func,fn_0047CCBF
0x0047CEF9,0x00000034,func,fn_0047CEF9
0x0047CFC2,0x000000BE,func,fn_0047CFC2
0x0047D080,0x00000030,func,fn_0047D080
0x0047D0B0,0x000000BE,func,fn_0047D0B0
0x0047D16E,0x000000BF,func,fn_0047D16E
0x0047D22E,0x00000028,func,fn_0047D22E
0x0047D256,0x00000066,func,fn_0047D256
0x0047D2BC,0x00000055,func,fn_0047D2BC
0x0047D311,0x00000055,func,fn_0047D311
0x0047D366,0x00000069,func,fn_0047D366
0x0047D3CF,0x00000093,func,fn_0047D3CF
0x0047D462,0x0000002B,func,fn_0047D462
0x0047D48D,0x000000DE,func,fn_0047D48D
0x0047D56C,0x000000D1,func,fn_0047D56C
0x0047D63D,0x0000006E,func,fn_0047D63D
0x0047D6AB,0x00000024,func,fn_0047D6AB
0x0047D6CF,0x000000D6,func,fn_0047D6CF
0x0047D7A5,0x0000007B,func,fn_0047D7A5
0x0047D820,0x0000010F,func,fn_0047D820
0x0047D92F,0x0000003A,func,fn_0047D92F
0x0047D969,0x00000023,func,fn_0047D969
0x0047D98C,0x00000019,func,fn_0047D98C
0x0047D9A5,0x00000007,func,fn_0047D9A5
0x0047D9AC,0x00000013,func,fn_0047D9AC
0x0047D9BF,0x0000001C,func,fn_0047D9BF
0x0047D9DB,0x00000048,func,fn_0047D9DB
0x0047DA23,0x0000005D,func,fn_0047DA23
0x0047DA80,0x00000016,func,fn_0047DA80
0x0047DA96,0x000000B8,func,fn_0047DA96
0x0047DB4E,0x00000081,func,fn_0047DB4E
0x0047DBCF,0x0000002E,func,fn_0047DBCF
0x0047DBFD,0x0000002B,func,fn_0047DBFD
0x0047DC28,0x0000002B,func,fn_0047DC28
0x0047DC53,0x0000004D,func,fn_0047DC53
0x0047DCA0,0x00000087,func,fn_0047DCA0
0x0047DD27,0x00000087,func,fn_0047DD27
0x0047DDAE,0x00000070,func,fn_0047DDAE
0x0047DE1E,0x0000002F,func,fn_0047DE1E
0x0047DE4D,0x00000030,func,fn_0047DE4D
0x0047DE7D,0x00000030,func,fn_0047DE7D
0x0047DEAD,0x00000086,func,fn_0047DEAD
0x0047DF33,0x00000076,func,fn_0047DF33
0x0047DFA9,0x00000043,func,fn_0047DFA9
0x0047DFEC,0x000000D0,func,fn_0047DFEC
0x0047E0BC,0x0000009C,func,fn_0047E0BC
0x0047E158,0x00000066,func,fn_0047E158
0x0047E1BE,0x0000003B,func,fn_0047E1BE
0x0047E1F9,0x0000005D,func,fn_0047E1F9
0x0047E256,0x00000034,func,fn_0047E256
0x0047E28A,0x000000BE,func,fn_0047E28A
0x0047E348,0x00000030,func,fn_0047E348
0x0047E378,0x000000BB,func,fn_0047E378
0x0047E433,0x00000071,func,fn_0047E433
0x0047E4A5,0x0000002C,func,fn_0047E4A5
0x0047E4D1,0x00000028,func,fn_0047E4D1
0x0047E4F9,0x0000009D,func,fn_0047E4F9
0x0047E597,0x000000A7,func,fn_0047E597
0x0047E63F,0x00000092,func,fn_0047E63F
0x0047E6D1,0x00000097,func,fn_0047E6D1
0x0047E768,0x00000019,func,fn_0047E768
0x0047E781,0x00000044,func,fn_0047E781
0x0047E7C5,0x00000065,func,fn_0047E7C5
0x0047E82A,0x00000094,func,fn_0047E82A
0x0047E8BE,0x00000049,func,fn_0047E8BE
0x0047ED39,0x0000001E,func,fn_0047ED39
0x0047ED57,0x00000018,func,fn_0047ED57
0x0047ED6F,0x00000042,func,fn_0047ED6F
0x0047F247,0x00000141,func,fn_0047F247
0x0047FAF9,0x0000005C,func,fn_0047FAF9
0x0047FBA0,0x00000189,func,fn_0047FBA0
0x0047FDE3,0x0000000A,func,fn_0047FDE3
0x0047FDED,0x0000000F,func,fn_0047FDED
0x0047FDFC,0x0000003F,func,fn_0047FDFC
0x0047FE3B,0x00000036,func,fn_0047FE3B
0x0047FE71,0x00000014,func,fn_0047FE71
0x0047FE85,0x0000000F,func,fn_0047FE85
0x0047FE94,0x000000A4,func,fn_0047FE94
0x0047FF38,0x00000009,func,fn_0047FF38
0x0047FF41,0x00000017,func,fn_0047FF41
0x0047FF60,0x000000AA,func,fn_0047FF60
0x00480010,0x0000002B,func,fn_00480010
0x00480040,0x00000048,func,fn_00480040
0x00480088,0x0000000F,func,fn_00480088
0x004800C0,0x0000001F,func,fn_004800C0
0x00480130,0x0000002C,func,fn_00480130
0x00480182,0x00000006,func,fn_00480182
0x00480190,0x00000035,func,fn_00480190
0x004801D0,0x00000044,func,fn_004801D0
0x00480220,0x000000BC,func,fn_00480220
0x004802DC,0x0000000C,func,fn_004802DC
0x004802F0,0x00000045,func,fn_004802F0
0x00480335,0x00000014,func,fn_00480335
0x00480349,0x00000028,func,fn_00480349
0x00480371,0x00000003,func,fn_00480371
0x00480374,0x0000009B,func,fn_00480374
0x0048040F,0x000000D6,func,fn_0048040F
0x00480516,0x00000038,func,fn_00480516
0x0048515D,0x00000101,func,fn_0048515D
0x0040149C,0x00000004,data,str_0040149C
0x004014A0,0x00000004,data,str_004014A0
0x004014A4,0x00000004,data,str_004014A4
0x004014A8,0x00000004,data,str_004014A8
0x004014AC,0x00000004,data,str_004014AC
0x004014D0,0x00000004,data,str_004014D0
0x004014D4,0x00000004,data,str_004014D4
0x004014D8,0x00000004,data,str_004014D8
0x004014DC,0x00000004,data,str_004014DC
0x00401500,0x00000004,data,str_00401500
0x0040163C,0x00000018,data,wstr_0040163C
0x00401654,0x0000001E,data,wstr_00401654
0x00401674,0x0000001E,data,wstr_00401674
0x00401694,0x0000000C,data,wstr_00401694
0x004016A0,0x00000018,data,wstr_004016A0
0x004016B8,0x0000000E,data,wstr_004016B8
0x004016C8,0x00000010,data,wstr_004016C8
0x004016D8,0x0000000C,data,wstr_004016D8
0x004016E4,0x0000000C,data,wstr_004016E4
0x004016F0,0x0000000E,data,wstr_004016F0
0x00401700,0x00000010,data,wstr_00401700
0x00401710,0x0000000C,data,wstr_00401710
0x0040171C,0x00000012,data,wstr_0040171C
0x00401730,0x00000012,data,wstr_00401730
0x00401744,0x00000012,data,wstr_00401744
0x00401758,0x0000000E,data,wstr_00401758
0x00401768,0x00000008,data,wstr_00401768
0x00401B6F,0x00000009,data,str_00401B6F
0x00401B78,0x00000004,data,str_00401B78
0x00401B80,0x00000012,data,wstr_00401B80
0x00401B94,0x00000008,data,wstr_00401B94
0x00401BA0,0x00000056,data,wstr_00401BA0
0x00401C10,0x00000004,data,str_00401C10
0x00401C18,0x00000004,data,str_00401C18
0x00401C20,0x00000004,data,str_00401C20
0x00401C2C,0x00000004,data,str_00401C2C
0x00401C38,0x00000004,data,str_00401C38
0x00401C70,0x00000004,data,str_00401C70
0x00401C78,0x00000004,data,str_00401C78
0x00401C80,0x00000004,data,str_00401C80
0x00401C8C,0x00000004,data,str_00401C8C
0x00401CE4,0x00000004,data,str_00401CE4
0x00401CF0,0x00000004,data,str_00401CF0
0x00401D00,0x00000004,data,str_00401D00
0x00401D1C,0x00000004,data,str_00401D1C
0x00401D20,0x00000004,data,str_00401D20
0x00401D30,0x00000004,data,str_00401D30
0x00401D34,0x00000004,data,str_00401D34
0x00401D40,0x00000004,data,str_00401D40
0x00401D68,0x00000004,data,str_00401D68
0x00401D7C,0x00000004,data,str_00401D7C
0x00401D80,0x00000004,data,str_00401D80
0x00401D94,0x00000004,data,str_00401D94
0x00401D98,0x00000004,data,str_00401D98
0x00401DA4,0x00000004,data,str_00401DA4
0x00401DB0,0x00000004,data,str_00401DB0
0x00401DB4,0x00000004,data,str_00401DB4
0x00401DB8,0x00000004,data,str_00401DB8
0x00401E18,0x00000004,data,str_00401E18
0x00401E2C,0x00000004,data,str_00401E2C
0x00401E40,0x00000004,data,str_00401E40
0x00401E44,0x00000004,data,str_00401E44
0x00401E58,0x00000004,data,str_00401E58
0x00401E64,0x00000004,data,str_00401E64
0x00401E68,0x00000004,data,str_00401E68
0x00401E80,0x00000004,data,str_00401E80
0x00401E84,0x00000004,data,str_00401E84
0x00401E88,0x00000004,data,str_00401E88
0x00401E8C,0x00000004,data,str_00401E8C
0x00401E90,0x00000004,data,str_00401E90
0x00401FC6,0x00000010,data,wstr_00401FC6
0x00402020,0x00000009,data,str_00402020
0x0040202C,0x00000009,data,str_0040202C
0x00402038,0x00000009,data,str_00402038
0x00402044,0x00000006,data,str_00402044
0x0040204C,0x00000009,data,str_0040204C
0x0040205C,0x00000009,data,str_0040205C
0x00402070,0x00000006,data,str_00402070
0x00402084,0x00000009,data,str_00402084
0x00402098,0x00000009,data,str_00402098
0x004020AC,0x00000009,data,str_004020AC
0x004020C0,0x00000009,data,str_004020C0
0x004021D4,0x00000004,data,str_004021D4
0x004021EC,0x00000004,data,str_004021EC
0x004021F0,0x00000004,data,str_004021F0
0x00402208,0x00000004,data,str_00402208
0x0040220C,0x00000004,data,str_0040220C
0x00402224,0x00000004,data,str_00402224
0x00402228,0x00000004,data,str_00402228
0x00402240,0x00000004,data,str_00402240
0x0040228C,0x00000019,data,str_0040228C
0x004022CC,0x00000004,data,str_004022CC
0x004022D0,0x00000004,data,str_004022D0
0x004022F8,0x00000004,data,str_004022F8
0x00402300,0x00000004,data,str_00402300
0x00402304,0x00000004,data,str_00402304
0x00402310,0x00000004,data,str_00402310
0x00402320,0x00000004,data,str_00402320
0x00402324,0x00000004,data,str_00402324
0x0040232C,0x00000011,data,str_0040232C
0x00402364,0x00000004,data,str_00402364
0x00402378,0x00000004,data,str_00402378
0x0040238C,0x00000004,data,str_0040238C
0x004023A0,0x00000004,data,str_004023A0
0x004023A8,0x00000004,data,str_004023A8
0x004023AC,0x00000004,data,str_004023AC
0x004023B8,0x00000004,data,str_004023B8
0x004023C4,0x00000015,data,str_004023C4
0x004023DC,0x00000007,data,str_004023DC
0x004023E4,0x0000001A,data,wstr_004023E4
0x00402400,0x0000003C,data,wstr_00402400
0x00402440,0x0000004A,data,wstr_00402440
0x0040248C,0x00000030,data,wstr_0040248C
0x004024BC,0x0000003E,data,wstr_004024BC
0x004024FC,0x00000034,data,wstr_004024FC
0x00402538,0x0000003C,data,wstr_00402538
0x00402580,0x00000036,data,wstr_00402580
0x004025B8,0x00000028,data,wstr_004025B8
0x004025E0,0x00000044,data,wstr_004025E0
0x0040262E,0x0000003C,data,wstr_0040262E
0x0040266C,0x00000009,data,str_0040266C
0x00402678,0x0000003C,data,wstr_00402678
0x004026B8,0x00000044,data,wstr_004026B8
0x004026FC,0x00000036,data,wstr_004026FC
0x00402734,0x00000009,data,str_00402734
0x00402740,0x00000009,data,str_00402740
0x0040274C,0x00000026,data,wstr_0040274C
0x00402774,0x00000007,data,str_00402774
0x0040277C,0x00000007,data,str_0040277C
0x00402784,0x00000009,data,str_00402784
0x00402790,0x00000005,data,str_00402790
0x00402798,0x00000008,data,str_00402798
0x004027A0,0x00000007,data,str_004027A0
0x004027A8,0x0000000A,data,wstr_004027A8
0x004027B8,0x00000040,data,wstr_004027B8
0x00402808,0x00000040,data,wstr_00402808
0x00402854,0x0000002C,data,wstr_00402854
0x00402880,0x00000008,data,wstr_00402880
0x00402888,0x0000000A,data,wstr_00402888
0x00402894,0x0000000A,data,wstr_00402894
0x004028A0,0x00000028,data,wstr_004028A0
0x004028C8,0x00000004,data,str_004028C8
0x004028E8,0x00000004,data,str_004028E8
0x00402904,0x00000004,data,str_00402904
0x00402928,0x00000004,data,str_00402928
0x00402AD2,0x0000000C,data,wstr_00402AD2
0x00402AE0,0x00000010,data,wstr_00402AE0
0x00402AF0,0x00000018,data,wstr_00402AF0
0x00402B08,0x00000016,data,wstr_00402B08
0x00402B20,0x00000014,data,wstr_00402B20
0x00402B34,0x0000000A,data,wstr_00402B34
0x00402B40,0x0000000C,data,wstr_00402B40
0x00402B4C,0x00000010,data,wstr_00402B4C
0x00402B5C,0x00000010,data,wstr_00402B5C
0x00402B6C,0x00000012,data,wstr_00402B6C
0x00402B80,0x00000016,data,wstr_00402B80
0x00402B98,0x00000010,data,wstr_00402B98
0x00402BA8,0x00000016,data,wstr_00402BA8
0x00402BC0,0x00000008,data,wstr_00402BC0
0x00402BC8,0x00000018,data,wstr_00402BC8
0x00402BE0,0x00000012,data,wstr_00402BE0
0x00402BF4,0x00000010,data,wstr_00402BF4
0x00402C04,0x00000024,data,wstr_00402C04
0x00402C28,0x0000001E,data,wstr_00402C28
0x00402C48,0x00000010,data,wstr_00402C48
0x00402C58,0x00000014,data,wstr_00402C58
0x00402C6C,0x0000001E,data,wstr_00402C6C
0x00402C8C,0x0000000C,data,wstr_00402C8C
0x00402C98,0x00000014,data,wstr_00402C98
0x00402CAC,0x0000000E,data,wstr_00402CAC
0x00402CBC,0x0000000C,data,wstr_00402CBC
0x00402CC8,0x00000018,data,wstr_00402CC8
0x00402CE0,0x00000016,data,wstr_00402CE0
0x00402CF8,0x0000001C,data,wstr_00402CF8
0x00402D14,0x0000000E,data,wstr_00402D14
0x00402D24,0x00000016,data,wstr_00402D24
0x00402D3C,0x00000008,data,wstr_00402D3C
0x00402D44,0x00000014,data,wstr_00402D44
0x00402D58,0x0000001A,data,wstr_00402D58
0x00402D74,0x00000016,data,wstr_00402D74
0x00402D8C,0x0000001A,data,wstr_00402D8C
0x00402DA8,0x0000001A,data,wstr_00402DA8
0x00402DC4,0x00000036,data,wstr_00402DC4
0x00402DFC,0x0000001A,data,wstr_00402DFC
0x00402E18,0x0000000C,data,wstr_00402E18
0x00402E24,0x0000000A,data,wstr_00402E24
0x00402E30,0x0000001C,data,wstr_00402E30
0x00402E4C,0x0000001E,data,wstr_00402E4C
0x00402E6C,0x00000014,data,wstr_00402E6C
0x00402E80,0x0000000C,data,wstr_00402E80
0x00402E9C,0x00000009,data,str_00402E9C
0x00402EA8,0x00000006,data,str_00402EA8
0x00402EB4,0x00000030,data,wstr_00402EB4
0x00402EE4,0x0000002E,data,wstr_00402EE4
0x00402F14,0x00000007,data,str_00402F14
0x00402F1C,0x00000006,data,str_00402F1C
0x00402F24,0x00000008,data,str_00402F24
0x00402F2C,0x00000009,data,str_00402F2C
0x00402F38,0x00000020,data,wstr_00402F38
0x00402F58,0x00000022,data,wstr_00402F58
0x00402F7C,0x00000026,data,wstr_00402F7C
0x00402FA4,0x0000001A,data,wstr_00402FA4
0x00402FC0,0x0000001E,data,wstr_00402FC0
0x00402FE0,0x0000001C,data,wstr_00402FE0
0x00402FFC,0x0000001A,data,wstr_00402FFC
0x00403018,0x0000001C,data,wstr_00403018
0x00403034,0x0000001A,data,wstr_00403034
0x00403050,0x0000001A,data,wstr_00403050
0x0040306C,0x0000001E,data,wstr_0040306C
0x0040308C,0x0000001E,data,wstr_0040308C
0x004030AC,0x00000016,data,wstr_004030AC
0x004030C4,0x0000000A,data,wstr_004030C4
0x004030D0,0x00000016,data,wstr_004030D0
0x004030E8,0x00000010,data,wstr_004030E8
0x004030F8,0x00000014,data,wstr_004030F8
0x0040310C,0x00000010,data,wstr_0040310C
0x0040311C,0x00000012,data,wstr_0040311C
0x00403130,0x0000000E,data,wstr_00403130
0x00403144,0x0000000C,data,wstr_00403144
0x00403150,0x0000000C,data,wstr_00403150
0x0040315C,0x00000036,data,wstr_0040315C
0x00403194,0x00000034,data,wstr_00403194
0x004031C8,0x00000034,data,wstr_004031C8
0x004031FC,0x00000038,data,wstr_004031FC
0x00403234,0x00000018,data,wstr_00403234
0x0040324C,0x0000001A,data,wstr_0040324C
0x00403268,0x00000018,data,wstr_00403268
0x00403280,0x00000018,data,wstr_00403280
0x00403298,0x00000016,data,wstr_00403298
0x004032B0,0x00000014,data,wstr_004032B0
0x004032C4,0x00000018,data,wstr_004032C4
0x004032DC,0x0000001A,data,wstr_004032DC
0x004032F8,0x0000001A,data,wstr_004032F8
0x00403314,0x00000014,data,wstr_00403314
0x00403328,0x00000018,data,wstr_00403328
0x00403340,0x00000018,data,wstr_00403340
0x00403358,0x00000016,data,wstr_00403358
0x00403370,0x00000018,data,wstr_00403370
0x00403388,0x00000016,data,wstr_00403388
0x004033A0,0x00000018,data,wstr_004033A0
0x004033B8,0x00000014,data,wstr_004033B8
0x004033CC,0x00000018,data,wstr_004033CC
0x004033E4,0x00000016,data,wstr_004033E4
0x004033FC,0x00000016,data,wstr_004033FC
0x00403414,0x00000010,data,wstr_00403414
0x00403424,0x00000018,data,wstr_00403424
0x0040343C,0x00000016,data,wstr_0040343C
0x00403454,0x00000010,data,wstr_00403454
0x00403464,0x0000001A,data,wstr_00403464
0x00403480,0x00000018,data,wstr_00403480
0x00403498,0x00000018,data,wstr_00403498
0x004034B0,0x00000018,data,wstr_004034B0
0x004034C8,0x0000001A,data,wstr_004034C8
0x004034E4,0x00000018,data,wstr_004034E4
0x004034FC,0x00000010,data,wstr_004034FC
0x0040350C,0x0000001A,data,wstr_0040350C
0x00403528,0x00000018,data,wstr_00403528
0x00403540,0x00000018,data,wstr_00403540
0x00403558,0x0000001A,data,wstr_00403558
0x00403574,0x00000018,data,wstr_00403574
0x0040358C,0x00000010,data,wstr_0040358C
0x0040359C,0x00000016,data,wstr_0040359C
0x004035B4,0x00000016,data,wstr_004035B4
0x004035CC,0x0000001A,data,wstr_004035CC
0x004035E8,0x0000001A,data,wstr_004035E8
0x00403604,0x00000018,data,wstr_00403604
0x0040361C,0x00000016,data,wstr_0040361C
0x00403634,0x0000001A,data,wstr_00403634
0x00403650,0x00000014,data,wstr_00403650
0x00403664,0x00000018,data,wstr_00403664
0x0040367C,0x0000001A,data,wstr_0040367C
0x00403698,0x00000010,data,wstr_00403698
0x004036A8,0x0000001A,data,wstr_004036A8
0x004036C4,0x00000016,data,wstr_004036C4
0x004036DC,0x0000001A,data,wstr_004036DC
0x004036F8,0x00000016,data,wstr_004036F8
0x00403710,0x00000014,data,wstr_00403710
0x00403724,0x00000018,data,wstr_00403724
0x0040373C,0x00000016,data,wstr_0040373C
0x00403754,0x00000018,data,wstr_00403754
0x0040376C,0x0000001A,data,wstr_0040376C
0x00403788,0x00000018,data,wstr_00403788
0x004037A0,0x0000001A,data,wstr_004037A0
0x004037BC,0x0000001A,data,wstr_004037BC
0x004037D8,0x00000018,data,wstr_004037D8
0x004037F0,0x00000014,data,wstr_004037F0
0x00403804,0x00000018,data,wstr_00403804
0x0040381C,0x00000018,data,wstr_0040381C
0x00403834,0x00000016,data,wstr_00403834
0x0040384C,0x0000001A,data,wstr_0040384C
0x00403868,0x00000018,data,wstr_00403868
0x00403880,0x00000010,data,wstr_00403880
0x00403890,0x00000014,data,wstr_00403890
0x004038A4,0x00000018,data,wstr_004038A4
0x004038BC,0x00000012,data,wstr_004038BC
0x004038D0,0x00000016,data,wstr_004038D0
0x004038E8,0x00000010,data,wstr_004038E8
0x004038F8,0x00000018,data,wstr_004038F8
0x00403910,0x00000018,data,wstr_00403910
0x00403928,0x00000016,data,wstr_00403928
0x00403940,0x00000012,data,wstr_00403940
0x00403954,0x0000001A,data,wstr_00403954
0x00403970,0x00000016,data,wstr_00403970
0x00403988,0x0000001A,data,wstr_00403988
0x004039A4,0x00000014,data,wstr_004039A4
0x004039B8,0x0000001A,data,wstr_004039B8
0x004039D4,0x00000014,data,wstr_004039D4
0x004039E8,0x0000001A,data,wstr_004039E8
0x00403A04,0x00000014,data,wstr_00403A04
0x00403A18,0x00000014,data,wstr_00403A18
0x00403A2C,0x00000014,data,wstr_00403A2C
0x00403A40,0x00000014,data,wstr_00403A40
0x00403A54,0x00000018,data,wstr_00403A54
0x00403A6C,0x00000016,data,wstr_00403A6C
0x00403A84,0x00000016,data,wstr_00403A84
0x00403A9C,0x0000001A,data,wstr_00403A9C
0x00403AB8,0x00000018,data,wstr_00403AB8
0x00403AD0,0x00000016,data,wstr_00403AD0
0x00403AE8,0x00000018,data,wstr_00403AE8
0x00403B00,0x00000018,data,wstr_00403B00
0x00403B18,0x0000001A,data,wstr_00403B18
0x00403B34,0x00000018,data,wstr_00403B34
0x00403B4C,0x00000016,data,wstr_00403B4C
0x00403B64,0x00000018,data,wstr_00403B64
0x00403B7C,0x0000001A,data,wstr_00403B7C
0x00403B98,0x0000001A,data,wstr_00403B98
0x00403BB4,0x00000018,data,wstr_00403BB4
0x00403BCC,0x00000018,data,wstr_00403BCC
0x00403BE4,0x0000001A,data,wstr_00403BE4
0x00403C00,0x0000001A,data,wstr_00403C00
0x00403C1C,0x00000014,data,wstr_00403C1C
0x00403C30,0x0000001A,data,wstr_00403C30
0x00403C4C,0x0000001A,data,wstr_00403C4C
0x00403C68,0x00000016,data,wstr_00403C68
0x00403C80,0x0000001A,data,wstr_00403C80
0x00403C9C,0x00000014,data,wstr_00403C9C
0x00403D18,0x00000004,data,str_00403D18
0x00403D1C,0x00000004,data,str_00403D1C
0x00403D20,0x00000004,data,str_00403D20
0x00403D3C,0x00000004,data,str_00403D3C
0x00403D40,0x00000004,data,str_00403D40
0x00403D44,0x00000004,data,str_00403D44
0x00403D48,0x00000004,data,str_00403D48
0x00403D68,0x00000004,data,str_00403D68
0x00403D6C,0x00000004,data,str_00403D6C
0x00403D70,0x00000004,data,str_00403D70
0x00403D74,0x00000004,data,str_00403D74
0x00403D94,0x00000004,data,str_00403D94
0x00403D98,0x00000004,data,str_00403D98
0x00403D9C,0x00000004,data,str_00403D9C
0x00403DA0,0x00000004,data,str_00403DA0
0x00403DC4,0x00000004,data,str_00403DC4
0x00403DC8,0x00000004,data,str_00403DC8
0x00403DCC,0x00000004,data,str_00403DCC
0x00403DEC,0x00000004,data,str_00403DEC
0x00403DF0,0x00000004,data,str_00403DF0
0x00403DF4,0x00000004,data,str_00403DF4
0x00403DF8,0x00000004,data,str_00403DF8
0x00403E14,0x00000004,data,str_00403E14
0x00403E18,0x00000004,data,str_00403E18
0x00403E1C,0x00000004,data,str_00403E1C
0x00403E20,0x00000004,data,str_00403E20
0x00403E40,0x00000004,data,str_00403E40
0x00403E44,0x00000004,data,str_00403E44
0x00403E48,0x00000004,data,str_00403E48
0x00403E4C,0x00000004,data,str_00403E4C
0x00403E6C,0x00000004,data,str_00403E6C
0x00403E70,0x00000004,data,str_00403E70
0x00403E74,0x00000004,data,str_00403E74
0x00403E78,0x00000004,data,str_00403E78
0x00403E98,0x00000004,data,str_00403E98
0x00403E9C,0x00000004,data,str_00403E9C
0x00403EA0,0x00000004,data,str_00403EA0
0x00403EA4,0x00000004,data,str_00403EA4
0x00403EC4,0x00000004,data,str_00403EC4
0x00403EC8,0x00000004,data,str_00403EC8
0x00403ECC,0x00000004,data,str_00403ECC
0x00403EF8,0x00000004,data,str_00403EF8
0x00403F34,0x0000000C,data,wstr_00403F34
0x00403F40,0x00000062,data,wstr_00403F40
0x00403FA8,0x0000005C,data,wstr_00403FA8
0x00404008,0x00000060,data,wstr_00404008
0x00404068,0x00000016,data,wstr_00404068
0x00404080,0x00000008,data,wstr_00404080
0x00404088,0x0000000A,data,wstr_00404088
0x00404094,0x0000000A,data,wstr_00404094
0x004040A0,0x00000011,data,str_004040A0
0x004040B4,0x00000012,data,str_004040B4
0x004040C8,0x00000010,data,str_004040C8
0x004040D8,0x0000000A,data,str_004040D8
0x004040E4,0x0000000A,data,str_004040E4
0x004040F0,0x0000001D,data,str_004040F0
0x00404110,0x00000018,data,str_00404110
0x00404128,0x00000006,data,str_00404128
0x00404130,0x00000009,data,str_00404130
0x0040413C,0x00000009,data,str_0040413C
0x00404148,0x00000009,data,str_00404148
0x00404154,0x0000000C,data,wstr_00404154
0x00404160,0x00000042,data,wstr_00404160
0x004041A8,0x00000078,data,wstr_004041A8
0x00404220,0x00000074,data,wstr_00404220
0x00404298,0x00000054,data,wstr_00404298
0x004042F0,0x0000006E,data,wstr_004042F0
0x00404360,0x00000010,data,str_00404360
0x0040436E,0x00000018,data,wstr_0040436E
0x00404388,0x00000020,data,wstr_00404388
0x004043A8,0x0000001E,data,wstr_004043A8
0x004043C8,0x0000004E,data,wstr_004043C8
0x00404418,0x00000072,data,wstr_00404418
0x0040448C,0x0000000F,data,str_0040448C
0x0040449C,0x0000001C,data,wstr_0040449C
0x004044C8,0x0000000C,data,str_004044C8
0x004044D4,0x0000000C,data,str_004044D4
0x004044E0,0x0000000C,data,str_004044E0
0x004044EC,0x00000004,data,str_004044EC
0x0040452C,0x0000000F,data,str_0040452C
0x0040453C,0x00000011,data,str_0040453C
0x00404550,0x00000034,data,wstr_00404550
0x00404588,0x00000046,data,wstr_00404588
0x004045D0,0x00000030,data,wstr_004045D0
0x00404600,0x00000030,data,wstr_00404600
0x00404630,0x00000034,data,wstr_00404630
0x00404664,0x00000034,data,wstr_00404664
0x00404698,0x00000004,data,str_00404698
0x0040469C,0x00000007,data,str_0040469C
0x004046D2,0x00000010,data,wstr_004046D2
0x004046E4,0x00000022,data,wstr_004046E4
0x00404708,0x00000018,data,wstr_00404708
0x00404720,0x00000012,data,str_00404720
0x00404734,0x00000018,data,str_00404734
0x0040474A,0x00000010,data,wstr_0040474A
0x0040475C,0x0000000D,data,str_0040475C
0x0040476C,0x0000001E,data,wstr_0040476C
0x0040478C,0x00000014,data,wstr_0040478C
0x004047A0,0x00000056,data,wstr_004047A0
0x004047F8,0x00000012,data,str_004047F8
0x0040480C,0x0000001C,data,wstr_0040480C
0x00404828,0x00000012,data,wstr_00404828
0x0040483C,0x00000016,data,wstr_0040483C
0x00404854,0x00000014,data,wstr_00404854
0x00404868,0x0000000C,data,str_00404868
0x00404872,0x00000016,data,wstr_00404872
0x00404888,0x0000006C,data,wstr_00404888
0x004048F4,0x0000002E,data,wstr_004048F4
0x00404928,0x00000004,data,str_00404928
0x0040492C,0x00000009,data,str_0040492C
0x00404944,0x00000009,data,str_00404944
0x00404950,0x00000009,data,str_00404950
0x0040495C,0x00000007,data,str_0040495C
0x00404964,0x00000007,data,str_00404964
0x0040496C,0x00000007,data,str_0040496C
0x00404974,0x00000007,data,str_00404974
0x0040497C,0x00000017,data,str_0040497C
0x004049F8,0x0000000A,data,wstr_004049F8
0x00404A14,0x00000010,data,wstr_00404A14
0x00404A24,0x0000000E,data,wstr_00404A24
0x00404A34,0x0000001A,data,wstr_00404A34
0x00404A50,0x00000008,data,wstr_00404A50
0x00404A58,0x0000000E,data,wstr_00404A58
0x00404A6C,0x00000010,data,wstr_00404A6C
0x00404A80,0x0000000E,data,wstr_00404A80
0x00404A94,0x00000018,data,wstr_00404A94
0x00404AAC,0x0000000A,data,wstr_00404AAC
0x00404AB8,0x00000018,data,wstr_00404AB8
0x00404AD0,0x0000000A,data,wstr_00404AD0
0x00404AE0,0x0000005A,data,wstr_00404AE0
0x00404B3C,0x0000000A,data,wstr_00404B3C
0x00404B48,0x0000000C,data,wstr_00404B48
0x00404B54,0x0000000E,data,wstr_00404B54
0x00404B64,0x0000000A,data,wstr_00404B64
0x00404B70,0x00000018,data,wstr_00404B70
0x00404B90,0x0000000E,data,wstr_00404B90
0x00404BAC,0x0000002C,data,wstr_00404BAC
0x00404BD8,0x0000001C,data,wstr_00404BD8
0x00404BF4,0x0000001E,data,wstr_00404BF4
0x00404C14,0x00000010,data,wstr_00404C14
0x00404C34,0x0000001E,data,wstr_00404C34
0x00404C54,0x00000010,data,wstr_00404C54
0x00404C64,0x00000012,data,wstr_00404C64
0x00404C78,0x00000016,data,wstr_00404C78
0x00404C90,0x00000016,data,wstr_00404C90
0x00404CB0,0x00000008,data,str_00404CB0
0x00404CB8,0x00000008,data,str_00404CB8
0x00404CC0,0x00000008,data,str_00404CC0
0x00404CC8,0x0000000A,data,str_00404CC8
0x00404CD4,0x00000009,data,str_00404CD4
0x00404CE0,0x00000009,data,str_00404CE0
0x00404CEC,0x00000009,data,str_00404CEC
0x00404CF8,0x00000009,data,str_00404CF8
0x00404D04,0x00000009,data,str_00404D04
0x00404D10,0x00000007,data,str_00404D10
0x00404D18,0x00000007,data,str_00404D18
0x00404D20,0x00000006,data,str_00404D20
0x00404D28,0x00000009,data,str_00404D28
0x00404D34,0x00000009,data,str_00404D34
0x00404D40,0x00000007,data,str_00404D40
0x00404D48,0x00000007,data,str_00404D48
0x00404D50,0x00000008,data,str_00404D50
0x00404D58,0x00000008,data,str_00404D58
0x00404D60,0x00000006,data,str_00404D60
0x00404D68,0x00000008,data,str_00404D68
0x00404D70,0x00000007,data,str_00404D70
0x00404D78,0x00000005,data,str_00404D78
0x00404D80,0x00000009,data,str_00404D80
0x00404D8C,0x00000005,data,str_00404D8C
0x00404D94,0x00000006,data,str_00404D94
0x00404D9C,0x00000007,data,str_00404D9C
0x00405008,0x00000004,data,str_00405008
0x00405010,0x00000004,data,str_00405010
0x00405018,0x00000004,data,str_00405018
0x00405020,0x00000004,data,str_00405020
0x00405028,0x00000004,data,str_00405028
0x0040502F,0x00000005,data,str_0040502F
0x00405038,0x00000004,data,str_00405038
0x00405047,0x00000005,data,str_00405047
0x0040504F,0x00000005,data,str_0040504F
0x00405058,0x00000004,data,str_00405058
0x00405060,0x00000004,data,str_00405060
0x004050A8,0x00000004,data,str_004050A8
0x004050D8,0x00000041,data,str_004050D8
0x00405124,0x0000002A,data,wstr_00405124
0x00405150,0x00000016,data,wstr_00405150
0x00405168,0x0000001E,data,wstr_00405168
0x00405188,0x00000010,data,wstr_00405188
0x00405198,0x00000008,data,wstr_00405198
0x004051A0,0x0000002C,data,wstr_004051A0
0x004051CC,0x00000022,data,wstr_004051CC
0x004051F0,0x0000002C,data,wstr_004051F0
0x0040521C,0x0000001C,data,wstr_0040521C
0x00405238,0x0000001C,data,wstr_00405238
0x00405254,0x00000026,data,wstr_00405254
0x0040527C,0x00000024,data,wstr_0040527C
0x004052A0,0x0000001C,data,wstr_004052A0
0x004052BC,0x0000000A,data,wstr_004052BC
0x004052C8,0x00000010,data,wstr_004052C8
0x004052D8,0x0000000C,data,wstr_004052D8
0x004052E4,0x0000000E,data,wstr_004052E4
0x004052F4,0x0000001E,data,wstr_004052F4
0x00405314,0x00000020,data,wstr_00405314
0x00405334,0x00000014,data,wstr_00405334
0x00405348,0x00000022,data,wstr_00405348
0x0040536C,0x00000018,data,wstr_0040536C
0x00405384,0x00000018,data,wstr_00405384
0x0040539C,0x00000014,data,wstr_0040539C
0x004053B0,0x00000018,data,wstr_004053B0
0x004053C8,0x0000001C,data,wstr_004053C8
0x004053E4,0x0000000C,data,wstr_004053E4
0x00405410,0x00000004,data,str_00405410
0x00405414,0x00000004,data,str_00405414
0x00405418,0x00000004,data,str_00405418
0x00405438,0x00000004,data,str_00405438
0x0040543C,0x00000004,data,str_0040543C
0x00405440,0x00000004,data,str_00405440
0x0040545C,0x00000004,data,str_0040545C
0x00405460,0x00000004,data,str_00405460
0x00405464,0x00000004,data,str_00405464
0x00405466,0x00000012,data,wstr_00405466
0x00405480,0x00000010,data,wstr_00405480
0x00405490,0x00000010,data,wstr_00405490
0x004054A0,0x00000016,data,wstr_004054A0
0x004054B8,0x0000000A,data,wstr_004054B8
0x004054C4,0x0000000A,data,wstr_004054C4
0x004054D0,0x00000026,data,wstr_004054D0
0x004054F8,0x00000016,data,wstr_004054F8
0x00405510,0x0000000A,data,wstr_00405510
0x0040551C,0x0000000A,data,wstr_0040551C
0x00405530,0x00000016,data,wstr_00405530
0x00405548,0x00000008,data,str_00405548
0x00405550,0x0000000B,data,str_00405550
0x0040555C,0x00000022,data,wstr_0040555C
0x00405580,0x0000000A,data,wstr_00405580
0x0040558C,0x00000008,data,str_0040558C
0x00405594,0x00000009,data,str_00405594
0x004055A0,0x00000005,data,str_004055A0
0x004055B0,0x00000008,data,str_004055B0
0x004055B8,0x00000008,data,str_004055B8
0x004055C0,0x00000028,data,str_004055C0
0x00405644,0x0000001A,data,wstr_00405644
0x00405660,0x00000014,data,wstr_00405660
0x00405674,0x0000000C,data,wstr_00405674
0x00405680,0x0000000E,data,wstr_00405680
0x00405690,0x00000014,data,wstr_00405690
0x004056A4,0x00000012,data,wstr_004056A4
0x004056B8,0x0000000A,data,wstr_004056B8
0x004056C4,0x00000014,data,wstr_004056C4
0x004056D8,0x00000018,data,wstr_004056D8
0x004056F0,0x00000018,data,wstr_004056F0
0x00405708,0x00000010,data,wstr_00405708
0x00405718,0x00000018,data,wstr_00405718
0x00405730,0x00000010,data,wstr_00405730
0x00405740,0x00000014,data,wstr_00405740
0x00405754,0x00000012,data,wstr_00405754
0x00405768,0x0000000A,data,wstr_00405768
0x00405774,0x00000010,data,wstr_00405774
0x00405784,0x00000012,data,wstr_00405784
0x00405798,0x00000010,data,wstr_00405798
0x004057B0,0x00000004,data,str_004057B0
0x004057B4,0x00000004,data,str_004057B4
0x004057B8,0x00000004,data,str_004057B8
0x004057BC,0x00000004,data,str_004057BC
0x004057C0,0x00000004,data,str_004057C0
0x004057EC,0x00000004,data,str_004057EC
0x004057F4,0x00000004,data,str_004057F4
0x004057F8,0x00000004,data,str_004057F8
0x004057FC,0x00000004,data,str_004057FC
0x00405808,0x00000010,data,wstr_00405808
0x00405818,0x0000000A,data,wstr_00405818
0x00405824,0x00000012,data,wstr_00405824
0x00405838,0x0000000E,data,wstr_00405838
0x00405848,0x0000001C,data,wstr_00405848
0x00405864,0x0000000A,data,wstr_00405864
0x00405870,0x00000012,data,wstr_00405870
0x00405884,0x0000000C,data,wstr_00405884
0x00405890,0x00000026,data,wstr_00405890
0x004058B8,0x00000026,data,wstr_004058B8
0x004058E0,0x0000000C,data,wstr_004058E0
0x004058EC,0x0000000C,data,wstr_004058EC
0x004058F8,0x0000000A,data,wstr_004058F8
0x00405904,0x0000002C,data,wstr_00405904
0x00405930,0x00000016,data,wstr_00405930
0x00405948,0x00000014,data,wstr_00405948
0x0040595C,0x00000020,data,wstr_0040595C
0x0040597C,0x00000018,data,wstr_0040597C
0x00405994,0x00000016,data,wstr_00405994
0x004059C4,0x00000014,data,wstr_004059C4
0x004059D8,0x00000022,data,wstr_004059D8
0x004059FC,0x00000020,data,wstr_004059FC
0x00405A1C,0x0000000A,data,wstr_00405A1C
0x00405A28,0x0000000C,data,wstr_00405A28
0x00405A38,0x00000014,data,wstr_00405A38
0x00405A4C,0x0000001E,data,wstr_00405A4C
0x00405A6C,0x00000028,data,wstr_00405A6C
0x00405A94,0x00000013,data,str_00405A94
0x00405AA8,0x00000014,data,str_00405AA8
0x00405ABC,0x00000016,data,str_00405ABC
0x00405AD4,0x00000009,data,str_00405AD4
0x00405AE0,0x00000009,data,str_00405AE0
0x00405AEC,0x00000009,data,str_00405AEC
0x00405AF8,0x00000009,data,str_00405AF8
0x00405B04,0x00000009,data,str_00405B04
0x00405B10,0x00000009,data,str_00405B10
0x00405B20,0x0000000C,data,str_00405B20
0x00405B2C,0x00000009,data,str_00405B2C
0x00405B38,0x00000006,data,str_00405B38
0x00405B40,0x0000001B,data,str_00405B40
0x00405B5C,0x0000001F,data,str_00405B5C
0x00405B7C,0x0000000D,data,str_00405B7C
0x00405D1C,0x00000005,data,str_00405D1C
0x00405FFC,0x00000004,data,str_00405FFC
0x00406008,0x00000004,data,str_00406008
0x0040600C,0x00000004,data,str_0040600C
0x00406050,0x00000004,data,str_00406050
0x00406054,0x00000004,data,str_00406054
0x00406064,0x00000004,data,str_00406064
0x00406070,0x00000004,data,str_00406070
0x00406080,0x00000004,data,str_00406080
0x00406090,0x00000004,data,str_00406090
0x004060B0,0x00000004,data,str_004060B0
0x004060CC,0x00000004,data,str_004060CC
0x004060D8,0x00000004,data,str_004060D8
0x004060E8,0x00000004,data,str_004060E8
0x004060EC,0x00000004,data,str_004060EC
0x004060F8,0x00000004,data,str_004060F8
0x00406110,0x00000004,data,str_00406110
0x00406120,0x00000004,data,str_00406120
0x00406124,0x00000004,data,str_00406124
0x0040617C,0x00000007,data,str_0040617C
0x00406198,0x00000004,data,str_00406198
0x0040619C,0x00000004,data,str_0040619C
0x004061A0,0x00000004,data,str_004061A0
0x004061BA,0x0000001C,data,wstr_004061BA
0x004061D8,0x00000014,data,wstr_004061D8
0x004061EC,0x00000016,data,wstr_004061EC
0x00406204,0x00000018,data,wstr_00406204
0x0040621C,0x00000018,data,wstr_0040621C
0x00406234,0x0000001A,data,wstr_00406234
0x00406250,0x00000018,data,wstr_00406250
0x00406268,0x0000001A,data,wstr_00406268
0x00406284,0x00000018,data,wstr_00406284
0x0040629C,0x0000001A,data,wstr_0040629C
0x004062B8,0x00000018,data,wstr_004062B8
0x004062D0,0x0000001A,data,wstr_004062D0
0x004062EC,0x0000001A,data,wstr_004062EC
0x00406308,0x0000001C,data,wstr_00406308
0x00406324,0x00000006,data,str_00406324
0x0040632C,0x00000005,data,str_0040632C
0x00406334,0x00000005,data,str_00406334
0x0040633C,0x00000005,data,str_0040633C
0x00406344,0x00000005,data,str_00406344
0x0040634C,0x00000036,data,wstr_0040634C
0x00406418,0x00000008,data,wstr_00406418
0x00406420,0x0000000C,data,wstr_00406420
0x0040642C,0x0000000E,data,wstr_0040642C
0x0040648C,0x0000001E,data,wstr_0040648C
0x004064AC,0x0000001A,data,wstr_004064AC
0x004064C8,0x0000002A,data,wstr_004064C8
0x004064F4,0x0000001A,data,wstr_004064F4
0x00406510,0x00000026,data,wstr_00406510
0x00406538,0x0000001E,data,wstr_00406538
0x00406558,0x0000001E,data,wstr_00406558
0x00406578,0x0000001A,data,wstr_00406578
0x00406594,0x0000000C,data,wstr_00406594
0x004065A0,0x00000020,data,wstr_004065A0
0x004065C0,0x0000001A,data,wstr_004065C0
0x004065DC,0x00000014,data,wstr_004065DC
0x004065F0,0x00000012,data,wstr_004065F0
0x00406604,0x0000000E,data,wstr_00406604
0x00406614,0x0000000E,data,wstr_00406614
0x00406624,0x00000022,data,wstr_00406624
0x00406648,0x0000000A,data,wstr_00406648
0x00406654,0x00000010,data,wstr_00406654
0x00406664,0x00000026,data,wstr_00406664
0x0040668C,0x00000030,data,wstr_0040668C
0x004066BC,0x00000020,data,wstr_004066BC
0x004066DC,0x0000001E,data,wstr_004066DC
0x004066FC,0x0000001E,data,wstr_004066FC
0x0040671C,0x00000014,data,wstr_0040671C
0x00406730,0x00000018,data,wstr_00406730
0x00406748,0x00000018,data,wstr_00406748
0x00406760,0x0000000E,data,wstr_00406760
0x00406770,0x00000004,data,str_00406770
0x00406774,0x00000004,data,str_00406774
0x00406778,0x00000004,data,str_00406778
0x0040677C,0x00000004,data,str_0040677C
0x00406794,0x00000004,data,str_00406794
0x00406798,0x00000004,data,str_00406798
0x0040679C,0x00000004,data,str_0040679C
0x004067A0,0x00000004,data,str_004067A0
0x004067C0,0x00000004,data,str_004067C0
0x004067C4,0x00000004,data,str_004067C4
0x004067C8,0x00000004,data,str_004067C8
0x004067E0,0x00000007,data,str_004067E0
0x004067E8,0x0000000A,data,wstr_004067E8
0x004067F4,0x0000000E,data,wstr_004067F4
0x00406804,0x00000016,data,wstr_00406804
0x0040681C,0x0000001A,data,wstr_0040681C
0x00406838,0x00000008,data,wstr_00406838
0x00406840,0x00000008,data,wstr_00406840
0x00406848,0x0000000C,data,wstr_00406848
0x00406854,0x0000000C,data,wstr_00406854
0x00406860,0x0000000E,data,wstr_00406860
0x00406870,0x00000008,data,wstr_00406870
0x00406878,0x00000008,data,wstr_00406878
0x00406880,0x0000000C,data,wstr_00406880
0x0040688C,0x00000026,data,wstr_0040688C
0x004069F4,0x00000006,data,str_004069F4
0x004069FC,0x0000001A,data,wstr_004069FC
0x00406A18,0x00000014,data,wstr_00406A18
0x00406A2C,0x0000001C,data,wstr_00406A2C
0x00406A48,0x00000010,data,wstr_00406A48
0x00406A58,0x00000016,data,wstr_00406A58
0x00406A70,0x00000012,data,wstr_00406A70
0x00406A84,0x00000014,data,wstr_00406A84
0x00406A98,0x0000001C,data,wstr_00406A98
0x00406AB4,0x00000018,data,wstr_00406AB4
0x00406ACC,0x00000014,data,wstr_00406ACC
0x00406AE0,0x00000018,data,wstr_00406AE0
0x00406AF8,0x00000012,data,wstr_00406AF8
0x00406B0C,0x0000001A,data,wstr_00406B0C
0x00406B28,0x00000012,data,wstr_00406B28
0x00406B3C,0x0000001C,data,wstr_00406B3C
0x00406B58,0x0000001A,data,wstr_00406B58
0x00406B74,0x00000010,data,wstr_00406B74
0x00406B84,0x00000020,data,wstr_00406B84
0x00406BA4,0x0000001E,data,wstr_00406BA4
0x00406BC4,0x00000012,data,wstr_00406BC4
0x00406BD8,0x0000001C,data,wstr_00406BD8
0x00406BF4,0x00000014,data,wstr_00406BF4
0x00406C08,0x00000018,data,wstr_00406C08
0x00406C20,0x0000001E,data,wstr_00406C20
0x00406C40,0x0000001E,data,wstr_00406C40
0x00406C60,0x0000000C,data,wstr_00406C60
0x00406C6C,0x00000018,data,wstr_00406C6C
0x00406C84,0x00000018,data,wstr_00406C84
0x00406C9C,0x0000000E,data,wstr_00406C9C
0x00406CAC,0x00000012,data,wstr_00406CAC
0x00406CC0,0x00000010,data,wstr_00406CC0
0x00406CD0,0x00000010,data,wstr_00406CD0
0x00406CE0,0x0000002A,data,wstr_00406CE0
0x00406D0C,0x0000000E,data,wstr_00406D0C
0x00406D30,0x0000000A,data,wstr_00406D30
0x00406D3C,0x0000000C,data,wstr_00406D3C
0x00406D48,0x0000000A,data,wstr_00406D48
0x00406D54,0x0000000A,data,wstr_00406D54
0x00406D60,0x0000000A,data,wstr_00406D60
0x00406D6C,0x00000008,data,wstr_00406D6C
0x00406D74,0x0000000A,data,wstr_00406D74
0x00406D80,0x0000000C,data,wstr_00406D80
0x00406D8C,0x0000000E,data,wstr_00406D8C
0x00406D9C,0x0000000E,data,wstr_00406D9C
0x00406DAC,0x0000000C,data,wstr_00406DAC
0x00406DB8,0x0000000A,data,wstr_00406DB8
0x00406DC4,0x00000008,data,wstr_00406DC4
0x00406DCC,0x0000000C,data,wstr_00406DCC
0x00406DD8,0x0000000A,data,wstr_00406DD8
0x00406DE4,0x0000000A,data,wstr_00406DE4
0x00406DF0,0x0000000E,data,wstr_00406DF0
0x00406E00,0x00000010,data,wstr_00406E00
0x00406E10,0x00000010,data,wstr_00406E10
0x00406E20,0x00000010,data,wstr_00406E20
0x00406E30,0x00000012,data,wstr_00406E30
0x00406EB8,0x0000004C,data,wstr_00406EB8
0x00406F08,0x00000044,data,wstr_00406F08
0x00406FC0,0x0000000A,data,wstr_00406FC0
0x00406FCC,0x00000004,data,str_00406FCC
0x00406FCE,0x00000014,data,wstr_00406FCE
0x00406FE4,0x00000007,data,str_00406FE4
0x00406FEC,0x00000008,data,wstr_00406FEC
0x00406FF4,0x0000001C,data,wstr_00406FF4
0x00407018,0x0000001E,data,wstr_00407018
0x0040703A,0x00000042,data,wstr_0040703A
0x00407080,0x00000004,data,str_00407080
0x00407082,0x00000024,data,wstr_00407082
0x004070A8,0x00000006,data,str_004070A8
0x004070B0,0x00000018,data,wstr_004070B0
0x004070C8,0x0000002E,data,wstr_004070C8
0x004070F8,0x0000002C,data,wstr_004070F8
0x00407124,0x0000002A,data,wstr_00407124
0x00407150,0x00000028,data,wstr_00407150
0x00407178,0x0000001C,data,wstr_00407178
0x00407194,0x00000014,data,wstr_00407194
0x004071A8,0x0000001E,data,wstr_004071A8
0x004071C8,0x0000002E,data,wstr_004071C8
0x004071F8,0x00000022,data,wstr_004071F8
0x0040721C,0x00000008,data,wstr_0040721C
0x00407224,0x00000008,data,wstr_00407224
0x0040722C,0x00000016,data,wstr_0040722C
0x00407244,0x00000008,data,wstr_00407244
0x0040724C,0x00000010,data,wstr_0040724C
0x0040725C,0x00000010,data,wstr_0040725C
0x0040726C,0x00000010,data,wstr_0040726C
0x0040727C,0x00000018,data,wstr_0040727C
0x00407294,0x00000008,data,wstr_00407294
0x004072A4,0x00000008,data,wstr_004072A4
0x004072AC,0x0000000C,data,wstr_004072AC
0x004072B8,0x0000000E,data,wstr_004072B8
0x004072C8,0x00000010,data,wstr_004072C8
0x004072D8,0x0000000C,data,wstr_004072D8
0x004072E4,0x00000010,data,wstr_004072E4
0x004072F4,0x0000000C,data,wstr_004072F4
0x00407300,0x0000000C,data,wstr_00407300
0x0040730C,0x0000000C,data,wstr_0040730C
0x00407318,0x0000000C,data,wstr_00407318
0x00407324,0x00000008,data,wstr_00407324
0x0040732C,0x00000016,data,wstr_0040732C
0x00407344,0x0000001A,data,wstr_00407344
0x00407360,0x00000018,data,wstr_00407360
0x00407378,0x00000010,data,wstr_00407378
0x00407388,0x00000010,data,wstr_00407388
0x00407398,0x00000008,data,wstr_00407398
0x004073A0,0x0000000C,data,wstr_004073A0
0x004073AC,0x00000010,data,wstr_004073AC
0x004073BC,0x00000010,data,wstr_004073BC
0x004073CC,0x0000000C,data,wstr_004073CC
0x004073D8,0x0000000E,data,wstr_004073D8
0x004073E8,0x00000016,data,wstr_004073E8
0x00407400,0x00000016,data,wstr_00407400
0x00407418,0x00000014,data,wstr_00407418
0x0040742C,0x0000001E,data,wstr_0040742C
0x0040744C,0x00000008,data,wstr_0040744C
0x00407538,0x0000002A,data,wstr_00407538
0x00407564,0x0000001A,data,wstr_00407564
0x00407580,0x00000014,data,wstr_00407580
0x00407594,0x0000001A,data,wstr_00407594
0x004075B0,0x00000016,data,wstr_004075B0
0x004075C8,0x0000001C,data,wstr_004075C8
0x004075E4,0x00000016,data,wstr_004075E4
0x004075FC,0x00000026,data,wstr_004075FC
0x00407624,0x00000036,data,wstr_00407624
0x0040765C,0x0000001E,data,wstr_0040765C
0x0040767C,0x0000001E,data,wstr_0040767C
0x0040769C,0x00000020,data,wstr_0040769C
0x004076BC,0x00000020,data,wstr_004076BC
0x004076DC,0x00000020,data,wstr_004076DC
0x004076FC,0x00000020,data,wstr_004076FC
0x0040771C,0x0000002A,data,wstr_0040771C
0x00407748,0x0000001E,data,wstr_00407748
0x00407768,0x0000001A,data,wstr_00407768
0x00407784,0x0000001A,data,wstr_00407784
0x004077A0,0x0000001A,data,wstr_004077A0
0x004077BC,0x0000001A,data,wstr_004077BC
0x004077D8,0x0000001C,data,wstr_004077D8
0x004077F4,0x0000001C,data,wstr_004077F4
0x00407810,0x00000014,data,wstr_00407810
0x00407824,0x0000001C,data,wstr_00407824
0x0040785C,0x0000001A,data,wstr_0040785C
0x00407878,0x00000018,data,wstr_00407878
0x00407890,0x0000000E,data,wstr_00407890
0x004078A0,0x00000026,data,wstr_004078A0
0x004078C8,0x00000014,data,wstr_004078C8
0x004078DC,0x0000000E,data,wstr_004078DC
0x004078EC,0x00000010,data,wstr_004078EC
0x004078FC,0x0000002A,data,wstr_004078FC
0x00407928,0x00000018,data,wstr_00407928
0x00407940,0x00000016,data,wstr_00407940
0x00407958,0x00000026,data,wstr_00407958
0x00407980,0x00000028,data,wstr_00407980
0x004079A8,0x00000014,data,wstr_004079A8
0x004079BC,0x0000000E,data,wstr_004079BC
0x004079CC,0x0000000E,data,wstr_004079CC
0x004079DC,0x00000024,data,wstr_004079DC
0x00407A00,0x00000028,data,wstr_00407A00
0x00407A28,0x0000000A,data,wstr_00407A28
0x00407A34,0x0000000E,data,wstr_00407A34
0x00407A44,0x0000000A,data,wstr_00407A44
0x00407A50,0x00000022,data,wstr_00407A50
0x00407A74,0x00000026,data,wstr_00407A74
0x00407A9C,0x0000000C,data,wstr_00407A9C
0x00407BBC,0x00000020,data,wstr_00407BBC
0x00407C0C,0x0000003A,data,wstr_00407C0C
0x00407C48,0x0000002C,data,wstr_00407C48
0x00407C74,0x00000030,data,wstr_00407C74
0x00407CB4,0x00000028,data,wstr_00407CB4
0x00407CDC,0x0000001A,data,wstr_00407CDC
0x00407CF8,0x00000022,data,wstr_00407CF8
0x00407D1C,0x0000000C,data,wstr_00407D1C
0x00407D50,0x00000016,data,wstr_00407D50
0x00407D68,0x0000000A,data,wstr_00407D68
0x00407D7C,0x0000000E,data,wstr_00407D7C
0x00407D8C,0x0000000C,data,wstr_00407D8C
0x00407D98,0x00000014,data,wstr_00407D98
0x00407DAC,0x0000000A,data,wstr_00407DAC
0x00407DC0,0x00000010,data,wstr_00407DC0
0x00407DD0,0x00000018,data,wstr_00407DD0
0x00407DF0,0x0000000E,data,wstr_00407DF0
0x004080AC,0x00000016,data,wstr_004080AC
0x004080C4,0x00000022,data,wstr_004080C4
0x00408118,0x00000010,data,wstr_00408118
0x00408128,0x00000020,data,wstr_00408128
0x00408148,0x00000016,data,wstr_00408148
0x00408160,0x00000026,data,wstr_00408160
0x00408188,0x00000026,data,wstr_00408188
0x004081B0,0x00000022,data,wstr_004081B0
0x004082A4,0x00000010,data,wstr_004082A4
0x004082B4,0x00000016,data,wstr_004082B4
0x004082CC,0x0000001C,data,wstr_004082CC
0x004082E8,0x0000003A,data,wstr_004082E8
0x00408324,0x0000001E,data,wstr_00408324
0x004083DC,0x00000018,data,wstr_004083DC
0x004083F4,0x00000024,data,wstr_004083F4
0x00408418,0x0000000E,data,wstr_00408418
0x00408430,0x0000000A,data,wstr_00408430
0x0040843C,0x0000000E,data,wstr_0040843C
0x0040893C,0x00000032,data,wstr_0040893C
0x00408A2C,0x00000016,data,wstr_00408A2C
0x00408A44,0x0000001E,data,wstr_00408A44
0x00408A64,0x00000026,data,wstr_00408A64
0x00408AB4,0x00000026,data,wstr_00408AB4
0x00408D44,0x00000008,data,wstr_00408D44
0x00408D4C,0x00000010,data,wstr_00408D4C
0x00408D5C,0x00000012,data,wstr_00408D5C
0x00408D70,0x00000030,data,wstr_00408D70
0x00408DA0,0x00000022,data,wstr_00408DA0
0x00408DC4,0x00000022,data,wstr_00408DC4
0x00408DE8,0x00000018,data,wstr_00408DE8
0x00408E00,0x0000000C,data,wstr_00408E00
0x00408E0C,0x0000000C,data,wstr_00408E0C
0x00408E18,0x00000014,data,wstr_00408E18
0x00408E2C,0x00000010,data,wstr_00408E2C
0x00408E3C,0x00000010,data,wstr_00408E3C
0x00408E4C,0x00000010,data,wstr_00408E4C
0x00408E5C,0x00000008,data,wstr_00408E5C
0x00408E64,0x0000000A,data,wstr_00408E64
0x00408EA4,0x00000028,data,wstr_00408EA4
0x00408ECC,0x00000036,data,wstr_00408ECC
0x00408F04,0x00000024,data,wstr_00408F04
0x00408FE0,0x0000000E,data,wstr_00408FE0
0x00408FF0,0x0000001C,data,wstr_00408FF0
0x00409030,0x00000012,data,wstr_00409030
0x00409044,0x00000010,data,wstr_00409044
0x00409054,0x0000000E,data,wstr_00409054
0x00409064,0x00000010,data,wstr_00409064
0x00409074,0x00000026,data,wstr_00409074
0x0040909C,0x00000022,data,wstr_0040909C
0x004090C0,0x00000028,data,wstr_004090C0
0x004090E8,0x00000018,data,wstr_004090E8
0x00409100,0x00000014,data,wstr_00409100
0x00409114,0x00000008,data,wstr_00409114
0x0040911C,0x00000016,data,wstr_0040911C
0x00409134,0x0000001C,data,wstr_00409134
0x00409150,0x00000020,data,wstr_00409150
0x00409170,0x0000000A,data,wstr_00409170
0x0040917C,0x00000008,data,wstr_0040917C
0x00409184,0x0000000E,data,wstr_00409184
0x00409194,0x0000001C,data,wstr_00409194
0x00409244,0x00000024,data,wstr_00409244
0x0040928C,0x00000014,data,wstr_0040928C
0x004092A4,0x00000018,data,wstr_004092A4
0x004092C4,0x0000001E,data,wstr_004092C4
0x004092E8,0x00000068,data,wstr_004092E8
0x004093B0,0x0000000A,data,wstr_004093B0
0x00409418,0x0000000C,data,wstr_00409418
0x0040944C,0x00000020,data,wstr_0040944C
0x0040947C,0x0000001E,data,wstr_0040947C
0x0040949C,0x0000001A,data,wstr_0040949C
0x00409558,0x00000012,data,wstr_00409558
0x004095A8,0x00000058,data,wstr_004095A8
0x00409710,0x00000018,data,wstr_00409710
0x00409728,0x00000016,data,wstr_00409728
0x00409740,0x0000002C,data,wstr_00409740
0x00409770,0x00000040,data,wstr_00409770
0x004097B0,0x0000001A,data,wstr_004097B0
0x004097CC,0x00000020,data,wstr_004097CC
0x004097EC,0x0000001C,data,wstr_004097EC
0x00409808,0x00000026,data,wstr_00409808
0x00409A58,0x00000014,data,wstr_00409A58
0x00409BDE,0x00000022,data,wstr_00409BDE
0x00409C00,0x0000000A,data,wstr_00409C00
0x00409C0C,0x0000000C,data,wstr_00409C0C
0x00409C18,0x00000036,data,wstr_00409C18
0x00409C50,0x0000002E,data,wstr_00409C50
0x00409C80,0x00000030,data,wstr_00409C80
0x00409CB0,0x0000000E,data,wstr_00409CB0
0x00409CC0,0x00000024,data,wstr_00409CC0
0x00409CE4,0x00000028,data,wstr_00409CE4
0x00409D0C,0x0000002A,data,wstr_00409D0C
0x00409D38,0x00000016,data,wstr_00409D38
0x00409D50,0x0000002C,data,wstr_00409D50
0x00409D7C,0x00000022,data,wstr_00409D7C
0x00409DA0,0x0000003C,data,wstr_00409DA0
0x00409DE0,0x0000005C,data,wstr_00409DE0
0x00409E3C,0x0000001E,data,wstr_00409E3C
0x00409FBE,0x0000002A,data,wstr_00409FBE
0x00409FE8,0x00000018,data,wstr_00409FE8
0x0040A000,0x00000066,data,wstr_0040A000
0x0040A19C,0x0000000A,data,wstr_0040A19C
0x0040A1A8,0x00000008,data,wstr_0040A1A8
0x0040A1B0,0x00000008,data,wstr_0040A1B0
0x0040A1B8,0x0000001C,data,wstr_0040A1B8
0x0040A294,0x0000000A,data,wstr_0040A294
0x0040A2A8,0x00000034,data,wstr_0040A2A8
0x0040A3BC,0x0000000C,data,wstr_0040A3BC
0x0040A3C8,0x0000001A,data,wstr_0040A3C8
0x0040A3E4,0x0000001E,data,wstr_0040A3E4
0x0040A404,0x00000024,data,wstr_0040A404
0x0040A428,0x00000026,data,wstr_0040A428
0x0040A450,0x0000001A,data,wstr_0040A450
0x0040A46C,0x0000000E,data,wstr_0040A46C
0x0040A47C,0x00000010,data,wstr_0040A47C
0x0040A48C,0x00000010,data,wstr_0040A48C
0x0040A49C,0x00000010,data,wstr_0040A49C
0x0040A4AC,0x00000010,data,wstr_0040A4AC
0x0040A4BC,0x00000010,data,wstr_0040A4BC
0x0040A4CC,0x00000010,data,wstr_0040A4CC
0x0040A4DC,0x00000010,data,wstr_0040A4DC
0x0040A4EC,0x00000010,data,wstr_0040A4EC
0x0040A4FC,0x00000014,data,wstr_0040A4FC
0x0040A510,0x00000026,data,wstr_0040A510
0x0040A624,0x0000002A,data,wstr_0040A624
0x0040A6B8,0x0000000E,data,str_0040A6B8
0x0040A6C8,0x00000010,data,wstr_0040A6C8
0x0040A6DA,0x0000000E,data,wstr_0040A6DA
0x0040A6E8,0x00000022,data,wstr_0040A6E8
0x0040A764,0x00000034,data,wstr_0040A764
0x0040A804,0x00000012,data,wstr_0040A804
0x0040A818,0x00000020,data,wstr_0040A818
0x0040A838,0x00000008,data,wstr_0040A838
0x0040A840,0x00000020,data,wstr_0040A840
0x0040A860,0x00000014,data,wstr_0040A860
0x0040A874,0x0000001E,data,wstr_0040A874
0x0040A9C6,0x00000030,data,wstr_0040A9C6
0x0040A9FA,0x0000005C,data,wstr_0040A9FA
0x0040AA58,0x00000018,data,wstr_0040AA58
0x0040AA70,0x0000005A,data,wstr_0040AA70
0x0040AACC,0x0000002C,data,wstr_0040AACC
0x0040ABB0,0x00000018,data,wstr_0040ABB0
0x0040ABC8,0x00000010,data,wstr_0040ABC8
0x0040ABFC,0x00000026,data,wstr_0040ABFC
0x0040AC24,0x00000014,data,wstr_0040AC24
0x0040AD3E,0x00000036,data,wstr_0040AD3E
0x0040AD74,0x00000018,data,wstr_0040AD74
0x0040ADE8,0x00000026,data,wstr_0040ADE8
0x0040AE10,0x00000016,data,wstr_0040AE10
0x0040AE28,0x0000000E,data,wstr_0040AE28
0x0040AE38,0x00000016,data,wstr_0040AE38
0x0040B01C,0x00000036,data,wstr_0040B01C
0x0040B054,0x0000002A,data,wstr_0040B054
0x0040B0F0,0x00000018,data,wstr_0040B0F0
0x0040B108,0x0000000A,data,wstr_0040B108
0x0040B114,0x00000030,data,wstr_0040B114
0x0040B144,0x00000022,data,wstr_0040B144
0x0040B168,0x0000000E,data,wstr_0040B168
0x0040B2FC,0x00000020,data,wstr_0040B2FC
0x0040B31C,0x0000001C,data,wstr_0040B31C
0x0040B3D6,0x00000026,data,wstr_0040B3D6
0x0040B3FC,0x00000020,data,wstr_0040B3FC
0x0040B41C,0x00000011,data,str_0040B41C
0x0040B430,0x0000000E,data,wstr_0040B430
0x0040B478,0x0000000C,data,wstr_0040B478
0x0040B4B8,0x00000011,data,str_0040B4B8
0x0040B4D0,0x00000044,data,wstr_0040B4D0
0x0040B82C,0x00000028,data,wstr_0040B82C
0x0040B854,0x0000001C,data,wstr_0040B854
0x0040B870,0x00000018,data,wstr_0040B870
0x0040B8B0,0x00000018,data,wstr_0040B8B0
0x0040B9C8,0x0000001A,data,wstr_0040B9C8
0x0040BB98,0x0000002C,data,wstr_0040BB98
0x0040BBC4,0x00000010,data,wstr_0040BBC4
0x0040BBD4,0x0000000A,data,wstr_0040BBD4
0x0040BBE0,0x00000014,data,wstr_0040BBE0
0x0040BBF4,0x00000016,data,wstr_0040BBF4
0x0040BC0C,0x0000000A,data,wstr_0040BC0C
0x0040BC18,0x0000000A,data,wstr_0040BC18
0x0040BC24,0x0000000C,data,wstr_0040BC24
0x0040BC30,0x00000011,data,str_0040BC30
0x0040BC41,0x00000011,data,str_0040BC41
0x0040BC54,0x00000018,data,wstr_0040BC54
0x0040BD44,0x0000000C,data,wstr_0040BD44
0x0040BD50,0x0000009C,data,wstr_0040BD50
0x0040BDEC,0x0000001C,data,wstr_0040BDEC
0x0040BE08,0x00000012,data,wstr_0040BE08
0x0040BE20,0x00000042,data,wstr_0040BE20
0x0040BE64,0x00000004,data,str_0040BE64
0x0040BE66,0x00000012,data,wstr_0040BE66
0x0040BE78,0x00000010,data,wstr_0040BE78
0x0040BE88,0x0000000E,data,wstr_0040BE88
0x0040BE98,0x0000000A,data,wstr_0040BE98
0x0040BEA4,0x00000008,data,wstr_0040BEA4
0x0040BEAC,0x00000008,data,wstr_0040BEAC
0x0040BEBC,0x00000010,data,wstr_0040BEBC
0x0040BECC,0x00000022,data,wstr_0040BECC
0x0040BEF0,0x0000000A,data,wstr_0040BEF0
0x0040BEFC,0x00000014,data,wstr_0040BEFC
0x0040BF10,0x00000010,data,wstr_0040BF10
0x0040BF20,0x0000000C,data,wstr_0040BF20
0x0040BF2C,0x0000000E,data,wstr_0040BF2C
0x0040BF3C,0x00000026,data,wstr_0040BF3C
0x0040BF64,0x00000010,data,wstr_0040BF64
0x0040BF74,0x00000030,data,wstr_0040BF74
0x0040BFA4,0x00000020,data,wstr_0040BFA4
0x0040BFC4,0x00000010,data,wstr_0040BFC4
0x0040BFD4,0x00000014,data,wstr_0040BFD4
0x0040BFE8,0x0000000C,data,wstr_0040BFE8
0x0040BFF4,0x00000010,data,wstr_0040BFF4
0x0040C004,0x0000000E,data,wstr_0040C004
0x0040C014,0x00000014,data,wstr_0040C014
0x0040C028,0x00000012,data,wstr_0040C028
0x0040C03C,0x0000000E,data,wstr_0040C03C
0x0040C04C,0x00000024,data,wstr_0040C04C
0x0040C070,0x0000001E,data,wstr_0040C070
0x0040C090,0x0000000A,data,wstr_0040C090
0x0040C09C,0x00000018,data,wstr_0040C09C
0x0040C0B4,0x0000000A,data,wstr_0040C0B4
0x0040C0C0,0x0000001E,data,wstr_0040C0C0
0x0040C0E0,0x00000014,data,wstr_0040C0E0
0x0040C150,0x0000000A,data,wstr_0040C150
0x0040C15C,0x0000001A,data,wstr_0040C15C
0x0040C178,0x00000012,data,wstr_0040C178
0x0040C18C,0x0000000A,data,wstr_0040C18C
0x0040C198,0x0000000A,data,wstr_0040C198
0x0040C1F0,0x0000000C,data,wstr_0040C1F0
0x0040C204,0x0000000E,data,wstr_0040C204
0x0040C214,0x00000014,data,wstr_0040C214
0x0040C228,0x0000001A,data,wstr_0040C228
0x0040C244,0x0000000E,data,wstr_0040C244
0x0040C254,0x00000012,data,wstr_0040C254
0x0040C268,0x0000000A,data,wstr_0040C268
0x0040C274,0x00000012,data,wstr_0040C274
0x0040C288,0x00000012,data,str_0040C288
0x0040C29C,0x00000011,data,str_0040C29C
0x0040C2B0,0x0000000E,data,str_0040C2B0
0x0040C2C0,0x0000001B,data,str_0040C2C0
0x0040C2DC,0x00000014,data,str_0040C2DC
0x0040C2F0,0x0000000A,data,str_0040C2F0
0x0040C2FC,0x00000015,data,str_0040C2FC
0x0040C314,0x00000014,data,str_0040C314
0x0040C328,0x00000012,data,str_0040C328
0x0040C33C,0x0000000B,data,str_0040C33C
0x0040C348,0x0000000E,data,str_0040C348
0x0040C358,0x00000014,data,str_0040C358
0x0040C36C,0x00000022,data,str_0040C36C
0x0040C390,0x00000012,data,str_0040C390
0x0040C3A4,0x00000010,data,str_0040C3A4
0x0040C3F8,0x00000004,data,str_0040C3F8
0x0040C3FC,0x0000000C,data,str_0040C3FC
0x0040C406,0x00000008,data,wstr_0040C406
0x0040C410,0x00000010,data,wstr_0040C410
0x0040C420,0x0000000C,data,wstr_0040C420
0x0040C42C,0x0000000C,data,wstr_0040C42C
0x0040C438,0x0000000C,data,wstr_0040C438
0x0040C444,0x0000000C,data,wstr_0040C444
0x0040C450,0x00000010,data,wstr_0040C450
0x0040C460,0x00000006,data,str_0040C460
0x0040C468,0x0000000F,data,str_0040C468
0x0040C488,0x0000000E,data,wstr_0040C488
0x0040C498,0x00000010,data,wstr_0040C498
0x0040C4A8,0x00000016,data,wstr_0040C4A8
0x0040C4C0,0x00000012,data,wstr_0040C4C0
0x0040C4D4,0x00000012,data,wstr_0040C4D4
0x0040C4E8,0x00000012,data,wstr_0040C4E8
0x0040C4FC,0x00000012,data,wstr_0040C4FC
0x0040C510,0x00000012,data,wstr_0040C510
0x0040C524,0x0000000E,data,wstr_0040C524
0x0040C534,0x0000000E,data,wstr_0040C534
0x0040C544,0x0000000E,data,wstr_0040C544
0x0040C554,0x0000000E,data,wstr_0040C554
0x0040C564,0x00000012,data,wstr_0040C564
0x0040C578,0x00000014,data,wstr_0040C578
0x0040C58C,0x00000012,data,wstr_0040C58C
0x0040C5A0,0x00000010,data,wstr_0040C5A0
0x0040C5B0,0x00000010,data,wstr_0040C5B0
0x0040C5C0,0x00000012,data,wstr_0040C5C0
0x0040C5D4,0x00000012,data,wstr_0040C5D4
0x0040C5E8,0x00000012,data,wstr_0040C5E8
0x0040C5FC,0x0000000C,data,wstr_0040C5FC
0x0040C608,0x0000000C,data,wstr_0040C608
0x0040C614,0x00000012,data,str_0040C614
0x0040C660,0x00000013,data,str_0040C660
0x0040C674,0x00000012,data,str_0040C674
0x0040C688,0x00000015,data,str_0040C688
0x0040C6A0,0x00000058,data,wstr_0040C6A0
0x0040C800,0x00000010,data,wstr_0040C800
0x0040C810,0x00000024,data,wstr_0040C810
0x0040C840,0x00000046,data,wstr_0040C840
0x0040C888,0x00000024,data,wstr_0040C888
0x0040C8B0,0x00000070,data,wstr_0040C8B0
0x0040C920,0x00000066,data,wstr_0040C920
0x0040C98E,0x00000066,data,wstr_0040C98E
0x0040C9F8,0x0000005A,data,wstr_0040C9F8
0x0040CA5A,0x00000028,data,wstr_0040CA5A
0x0040CA8A,0x0000003A,data,wstr_0040CA8A
0x0040CAC4,0x00000038,data,wstr_0040CAC4
0x0040CAFC,0x0000001A,data,wstr_0040CAFC
0x0040CB18,0x00000032,data,wstr_0040CB18
0x0040CB4C,0x0000002C,data,wstr_0040CB4C
0x0040CB78,0x0000000E,data,wstr_0040CB78
0x0040CC28,0x0000001A,data,wstr_0040CC28
0x0040CC44,0x0000001C,data,wstr_0040CC44
0x0040CC60,0x00000018,data,wstr_0040CC60
0x0040CC78,0x00000018,data,wstr_0040CC78
0x0040CC90,0x0000000E,data,wstr_0040CC90
0x0040CD20,0x00000024,data,wstr_0040CD20
0x0040CD4A,0x0000003A,data,wstr_0040CD4A
0x0040CD8C,0x00000014,data,wstr_0040CD8C
0x0040CDCE,0x0000002E,data,wstr_0040CDCE
0x0040CDFC,0x00000020,data,wstr_0040CDFC
0x0040CEB4,0x0000000E,data,wstr_0040CEB4
0x0040CEC4,0x0000000C,data,wstr_0040CEC4
0x0040CED0,0x0000000E,data,wstr_0040CED0
0x0040CEE0,0x00000012,data,wstr_0040CEE0
0x0040CEF4,0x00000010,data,wstr_0040CEF4
0x0040CF04,0x0000000C,data,wstr_0040CF04
0x0040CF10,0x0000000C,data,wstr_0040CF10
0x0040CF1C,0x00000010,data,wstr_0040CF1C
0x0040CF2C,0x0000000E,data,wstr_0040CF2C
0x0040CF3C,0x00000018,data,wstr_0040CF3C
0x0040CF54,0x00000010,data,wstr_0040CF54
0x0040CF64,0x00000016,data,wstr_0040CF64
0x0040CF7C,0x0000000E,data,wstr_0040CF7C
0x0040CF8C,0x0000000E,data,wstr_0040CF8C
0x0040CF9C,0x00000018,data,wstr_0040CF9C
0x0040CFB4,0x00000018,data,wstr_0040CFB4
0x0040CFCC,0x00000016,data,wstr_0040CFCC
0x0040CFE4,0x00000014,data,wstr_0040CFE4
0x0040CFF8,0x00000010,data,wstr_0040CFF8
0x0040D008,0x00000014,data,wstr_0040D008
0x0040D01C,0x00000012,data,wstr_0040D01C
0x0040D030,0x00000016,data,wstr_0040D030
0x0040D048,0x00000016,data,wstr_0040D048
0x0040D060,0x0000001A,data,wstr_0040D060
0x0040D07C,0x00000010,data,wstr_0040D07C
0x0040D08C,0x00000014,data,wstr_0040D08C
0x0040D0A0,0x00000014,data,wstr_0040D0A0
0x0040D0B4,0x00000018,data,wstr_0040D0B4
0x0040D0CC,0x00000014,data,wstr_0040D0CC
0x0040D0E0,0x00000018,data,wstr_0040D0E0
0x0040D0F8,0x00000012,data,wstr_0040D0F8
0x0040D10C,0x00000014,data,wstr_0040D10C
0x0040D120,0x00000018,data,wstr_0040D120
0x0040D138,0x00000012,data,wstr_0040D138
0x0040D14C,0x00000016,data,wstr_0040D14C
0x0040D164,0x00000016,data,wstr_0040D164
0x0040D17C,0x00000012,data,wstr_0040D17C
0x0040D190,0x00000016,data,wstr_0040D190
0x0040D1A8,0x00000014,data,wstr_0040D1A8
0x0040D1BC,0x0000001C,data,wstr_0040D1BC
0x0040D1D8,0x00000020,data,wstr_0040D1D8
0x0040D1F8,0x0000001E,data,wstr_0040D1F8
0x0040D218,0x00000014,data,wstr_0040D218
0x0040D22C,0x00000018,data,wstr_0040D22C
0x0040D244,0x00000016,data,wstr_0040D244
0x0040D25C,0x00000020,data,wstr_0040D25C
0x0040D27C,0x0000001E,data,wstr_0040D27C
0x0040D29C,0x0000001C,data,wstr_0040D29C
0x0040D2B8,0x00000022,data,wstr_0040D2B8
0x0040D2DC,0x00000018,data,wstr_0040D2DC
0x0040D2F4,0x00000016,data,wstr_0040D2F4
0x0040D30C,0x0000001A,data,wstr_0040D30C
0x0040D328,0x00000018,data,wstr_0040D328
0x0040D340,0x0000001E,data,wstr_0040D340
0x0040D360,0x0000001C,data,wstr_0040D360
0x0040D37C,0x00000012,data,wstr_0040D37C
0x0040D390,0x0000000A,data,wstr_0040D390
0x0040D434,0x00000007,data,str_0040D434
0x0040D43C,0x0000000A,data,wstr_0040D43C
0x0040D4E0,0x0000002C,data,wstr_0040D4E0
0x0040D50C,0x00000018,data,wstr_0040D50C
0x0040D524,0x0000000A,data,wstr_0040D524
0x0040D530,0x00000013,data,str_0040D530
0x0040D544,0x00000010,data,wstr_0040D544
0x0040D554,0x0000002A,data,wstr_0040D554
0x0040D580,0x00000024,data,wstr_0040D580
0x0040D5A4,0x00000007,data,str_0040D5A4
0x0040D5AC,0x00000007,data,str_0040D5AC
0x0040D5B4,0x0000001A,data,wstr_0040D5B4
0x0040D5D0,0x00000010,data,wstr_0040D5D0
0x0040D5E0,0x0000000E,data,str_0040D5E0
0x0040D5F0,0x0000000F,data,str_0040D5F0
0x0040D85E,0x00000050,data,wstr_0040D85E
0x0040D8B0,0x0000003E,data,wstr_0040D8B0
0x0040D8F0,0x0000002A,data,wstr_0040D8F0
0x0040D91C,0x00000014,data,wstr_0040D91C
0x0040D930,0x00000030,data,wstr_0040D930
0x0040D960,0x0000000A,data,wstr_0040D960
0x0040D96C,0x0000002A,data,wstr_0040D96C
0x0040D998,0x0000001E,data,wstr_0040D998
0x0040D9B8,0x00000012,data,wstr_0040D9B8
0x0040D9CC,0x00000014,data,wstr_0040D9CC
0x0040D9E0,0x00000010,data,wstr_0040D9E0
0x0040D9F0,0x0000000E,data,wstr_0040D9F0
0x0040DA00,0x00000018,data,wstr_0040DA00
0x0040DA18,0x0000001C,data,wstr_0040DA18
0x0040DA34,0x0000001C,data,wstr_0040DA34
0x0040DA50,0x0000001C,data,wstr_0040DA50
0x0040DA6C,0x00000022,data,wstr_0040DA6C
0x0040DA90,0x00000018,data,wstr_0040DA90
0x0040DAA8,0x00000006,data,str_0040DAA8
0x0040DAB0,0x00000006,data,str_0040DAB0
0x0040DAB8,0x00000006,data,str_0040DAB8
0x0040DAC0,0x00000009,data,str_0040DAC0
0x0040DACC,0x00000024,data,wstr_0040DACC
0x0040DAF0,0x00000018,data,wstr_0040DAF0
0x0040DB08,0x00000024,data,wstr_0040DB08
0x0040DB2C,0x00000008,data,wstr_0040DB2C
0x0040DB34,0x0000000E,data,wstr_0040DB34
0x0040DB44,0x0000001A,data,wstr_0040DB44
0x0040DB60,0x00000008,data,wstr_0040DB60
0x0040DB68,0x0000001A,data,wstr_0040DB68
0x0040DB84,0x0000000C,data,wstr_0040DB84
0x0040DB90,0x000000A2,data,wstr_0040DB90
0x0040DC34,0x00000010,data,wstr_0040DC34
0x0040DC44,0x0000000A,data,wstr_0040DC44
0x0040DC50,0x00000018,data,wstr_0040DC50
0x0040DC68,0x0000000A,data,wstr_0040DC68
0x0040DC74,0x00000010,data,wstr_0040DC74
0x0040DC84,0x00000014,data,wstr_0040DC84
0x0040DC98,0x0000000E,data,wstr_0040DC98
0x0040DCA8,0x00000010,data,wstr_0040DCA8
0x0040DCB8,0x0000000E,data,wstr_0040DCB8
0x0040DCC8,0x00000026,data,wstr_0040DCC8
0x0040DCF0,0x0000000C,data,wstr_0040DCF0
0x0040DCFC,0x0000000C,data,wstr_0040DCFC
0x0040DD08,0x00000008,data,wstr_0040DD08
0x0040DD10,0x0000000A,data,wstr_0040DD10
0x0040DD1C,0x00000032,data,wstr_0040DD1C
0x0040DD50,0x0000000E,data,wstr_0040DD50
0x0040DD60,0x00000032,data,wstr_0040DD60
0x0040DDB0,0x00000030,data,wstr_0040DDB0
0x0040DDE0,0x00000036,data,wstr_0040DDE0
0x0040DE18,0x0000000C,data,wstr_0040DE18
0x0040DE24,0x0000001A,data,wstr_0040DE24
0x0040DE40,0x00000010,data,wstr_0040DE40
0x0040DE50,0x00000012,data,wstr_0040DE50
0x0040DE64,0x0000000C,data,wstr_0040DE64
0x0040DE70,0x0000001C,data,wstr_0040DE70
0x0040DE8C,0x00000004,data,str_0040DE8C
0x0040DE90,0x00000007,data,str_0040DE90
0x0040DE98,0x00000005,data,str_0040DE98
0x0040DEA0,0x00000005,data,str_0040DEA0
0x0040DEA8,0x00000004,data,str_0040DEA8
0x0040DEAC,0x00000004,data,str_0040DEAC
0x0040DED8,0x00000004,data,str_0040DED8
0x0040DEDA,0x0000001A,data,wstr_0040DEDA
0x0040DEF4,0x00000018,data,wstr_0040DEF4
0x0040DF0C,0x00000018,data,wstr_0040DF0C
0x0040DF24,0x00000018,data,wstr_0040DF24
0x0040DF3C,0x0000001A,data,wstr_0040DF3C
0x0040DF58,0x00000016,data,wstr_0040DF58
0x0040DF70,0x00000008,data,str_0040DF70
0x0040DF78,0x00000008,data,str_0040DF78
0x0040DFE8,0x0000001E,data,wstr_0040DFE8
0x0040E008,0x00000036,data,wstr_0040E008
0x0040E040,0x0000001E,data,wstr_0040E040
0x0040E060,0x0000003A,data,wstr_0040E060
0x0040E09C,0x00000024,data,wstr_0040E09C
0x0040E0C0,0x00000044,data,wstr_0040E0C0
0x0040E104,0x00000034,data,wstr_0040E104
0x0040E138,0x00000018,data,wstr_0040E138
0x0040E150,0x00000016,data,wstr_0040E150
0x0040E168,0x00000028,data,wstr_0040E168
0x0040E190,0x00000020,data,wstr_0040E190
0x0040E1B0,0x00000022,data,wstr_0040E1B0
0x0040E1D8,0x00000014,data,wstr_0040E1D8
0x0040E1EC,0x00000020,data,wstr_0040E1EC
0x0040E20C,0x00000016,data,wstr_0040E20C
0x0040E22C,0x00000008,data,wstr_0040E22C
0x0040E234,0x0000000E,data,wstr_0040E234
0x0040E244,0x00000008,data,wstr_0040E244
0x0040E24C,0x00000008,data,wstr_0040E24C
0x0040E2A8,0x00000014,data,wstr_0040E2A8
0x0040E2BC,0x0000000C,data,wstr_0040E2BC
0x0040E2C8,0x00000008,data,wstr_0040E2C8
0x0040E2E2,0x00000010,data,wstr_0040E2E2
0x0040E2F4,0x0000000E,data,wstr_0040E2F4
0x0040E304,0x0000000E,data,wstr_0040E304
0x0040E314,0x0000000E,data,wstr_0040E314
0x0040E324,0x0000000C,data,wstr_0040E324
0x0040E330,0x0000002A,data,wstr_0040E330
0x0040E42C,0x00000008,data,str_0040E42C
0x0040E434,0x0000000D,data,str_0040E434
0x0040E444,0x00000024,data,wstr_0040E444
0x0040E468,0x00000010,data,wstr_0040E468
0x0040E478,0x00000005,data,str_0040E478
0x0040E480,0x00000007,data,str_0040E480
0x0040E488,0x00000016,data,wstr_0040E488
0x0040E4A0,0x00000014,data,wstr_0040E4A0
0x0040E4B4,0x0000000B,data,str_0040E4B4
0x0040E4CC,0x00000032,data,wstr_0040E4CC
0x0040E500,0x0000000E,data,str_0040E500
0x0040E510,0x00000012,data,str_0040E510
0x0040E524,0x00000014,data,str_0040E524
0x0040E536,0x00000030,data,wstr_0040E536
0x0040E568,0x00000008,data,str_0040E568
0x0040E56E,0x00000010,data,wstr_0040E56E
0x0040E580,0x0000003A,data,wstr_0040E580
0x0040E5BC,0x0000000E,data,wstr_0040E5BC
0x0040E5CC,0x00000007,data,str_0040E5CC
0x0040E5D4,0x00000007,data,str_0040E5D4
0x0040E5DC,0x00000007,data,str_0040E5DC
0x0040E5E4,0x00000005,data,str_0040E5E4
0x0040E5EC,0x0000002A,data,wstr_0040E5EC
0x0040E618,0x00000012,data,wstr_0040E618
0x0040E62C,0x00000012,data,wstr_0040E62C
0x0040E640,0x0000000F,data,str_0040E640
0x0040E650,0x0000000D,data,str_0040E650
0x0040E660,0x0000000C,data,wstr_0040E660
0x0040E66C,0x0000000A,data,wstr_0040E66C
0x0040E678,0x00000006,data,str_0040E678
0x0040E684,0x00000004,data,str_0040E684
0x0040E686,0x0000000E,data,wstr_0040E686
0x0040E694,0x00000012,data,str_0040E694
0x0040E6A8,0x00000024,data,wstr_0040E6A8
0x0040E6CC,0x00000020,data,wstr_0040E6CC
0x0040E6EC,0x0000001E,data,wstr_0040E6EC
0x0040E70C,0x00000010,data,wstr_0040E70C
0x0040E71C,0x00000010,data,wstr_0040E71C
0x0040E72C,0x00000008,data,wstr_0040E72C
0x0040E734,0x00000008,data,wstr_0040E734
0x0040E73C,0x0000001A,data,wstr_0040E73C
0x0040E758,0x00000010,data,wstr_0040E758
0x0040E768,0x0000000C,data,wstr_0040E768
0x0040E774,0x00000010,data,wstr_0040E774
0x0040E784,0x0000000C,data,wstr_0040E784
0x0040E790,0x00000010,data,wstr_0040E790
0x0040E7A0,0x0000000A,data,wstr_0040E7A0
0x0040E7AC,0x00000008,data,wstr_0040E7AC
0x0040E7B4,0x00000014,data,wstr_0040E7B4
0x0040E7C8,0x00000018,data,wstr_0040E7C8
0x0040E7E0,0x00000008,data,wstr_0040E7E0
0x0040E7E8,0x00000012,data,wstr_0040E7E8
0x0040E7FC,0x00000016,data,wstr_0040E7FC
0x0040E814,0x00000020,data,wstr_0040E814
0x0040E834,0x0000001A,data,wstr_0040E834
0x0040E850,0x0000000A,data,wstr_0040E850
0x0040E85C,0x0000001A,data,wstr_0040E85C
0x0040E878,0x0000001A,data,wstr_0040E878
0x0040E894,0x0000000E,data,wstr_0040E894
0x0040E8A4,0x00000012,data,wstr_0040E8A4
0x0040E8B8,0x0000000E,data,wstr_0040E8B8
0x0040E8C8,0x0000000C,data,wstr_0040E8C8
0x0040E8D4,0x00000008,data,wstr_0040E8D4
0x0040E8DC,0x00000008,data,wstr_0040E8DC
0x0040E8E4,0x0000000E,data,wstr_0040E8E4
0x0040E8F4,0x0000000C,data,wstr_0040E8F4
0x0040E900,0x0000000C,data,wstr_0040E900
0x0040E90C,0x0000000A,data,wstr_0040E90C
0x0040E918,0x0000000E,data,wstr_0040E918
0x0040E928,0x0000000A,data,wstr_0040E928
0x0040E934,0x0000001A,data,wstr_0040E934
0x0040E950,0x0000002C,data,wstr_0040E950
0x0040E97C,0x00000028,data,wstr_0040E97C
0x0040E9A4,0x00000010,data,wstr_0040E9A4
0x0040E9BC,0x00000010,data,wstr_0040E9BC
0x0040E9CC,0x0000000C,data,wstr_0040E9CC
0x0040E9D8,0x00000008,data,wstr_0040E9D8
0x0040E9E8,0x00000018,data,wstr_0040E9E8
0x0040EA00,0x00000014,data,wstr_0040EA00
0x0040EA14,0x0000000E,data,wstr_0040EA14
0x0040EA24,0x00000012,data,wstr_0040EA24
0x0040EA38,0x00000018,data,wstr_0040EA38
0x0040EA50,0x00000018,data,wstr_0040EA50
0x0040EA68,0x00000016,data,wstr_0040EA68
0x0040EA80,0x00000016,data,wstr_0040EA80
0x0040EA98,0x00000008,data,wstr_0040EA98
0x0040EAA0,0x00000016,data,wstr_0040EAA0
0x0040EAB8,0x00000012,data,wstr_0040EAB8
0x0040EACC,0x0000000C,data,wstr_0040EACC
0x0040EAD8,0x00000008,data,wstr_0040EAD8
0x0040EAE0,0x0000000C,data,wstr_0040EAE0
0x0040EAEC,0x0000000C,data,wstr_0040EAEC
0x0040EAF8,0x0000000C,data,wstr_0040EAF8
0x0040EB04,0x00000008,data,wstr_0040EB04
0x0040EB0C,0x00000008,data,wstr_0040EB0C
0x0040EB14,0x0000000E,data,wstr_0040EB14
0x0040EB24,0x00000016,data,wstr_0040EB24
0x0040EB3C,0x0000002A,data,wstr_0040EB3C
0x0040EB68,0x00000010,data,wstr_0040EB68
0x0040EB78,0x00000016,data,wstr_0040EB78
0x0040EB90,0x00000020,data,wstr_0040EB90
0x0040EBB0,0x00000010,data,wstr_0040EBB0
0x0040EBC0,0x0000000A,data,wstr_0040EBC0
0x0040EBCC,0x0000000C,data,wstr_0040EBCC
0x0040EBD8,0x00000016,data,wstr_0040EBD8
0x0040EBF0,0x0000000E,data,wstr_0040EBF0
0x0040EC00,0x00000010,data,wstr_0040EC00
0x0040EC10,0x00000016,data,wstr_0040EC10
0x0040EC28,0x00000018,data,wstr_0040EC28
0x0040EC40,0x00000028,data,wstr_0040EC40
0x0040EC68,0x0000001A,data,wstr_0040EC68
0x0040EC84,0x00000026,data,wstr_0040EC84
0x0040ECAC,0x00000012,data,wstr_0040ECAC
0x0040ECC0,0x0000000C,data,wstr_0040ECC0
0x0040ECCC,0x00000010,data,wstr_0040ECCC
0x0040ECDC,0x00000010,data,wstr_0040ECDC
0x0040ECEC,0x0000000E,data,wstr_0040ECEC
0x0040ECFC,0x00000012,data,wstr_0040ECFC
0x0040ED10,0x00000012,data,wstr_0040ED10
0x0040ED24,0x00000012,data,wstr_0040ED24
0x0040ED38,0x00000012,data,wstr_0040ED38
0x0040ED4C,0x00000008,data,wstr_0040ED4C
0x0040ED54,0x0000001A,data,wstr_0040ED54
0x0040ED70,0x00000016,data,wstr_0040ED70
0x0040ED88,0x00000008,data,wstr_0040ED88
0x0040ED90,0x00000012,data,wstr_0040ED90
0x0040EDA4,0x00000012,data,wstr_0040EDA4
0x0040EDB8,0x00000018,data,wstr_0040EDB8
0x0040EDD0,0x00000008,data,wstr_0040EDD0
0x0040EDD8,0x0000000A,data,wstr_0040EDD8
0x0040EDE4,0x00000010,data,wstr_0040EDE4
0x0040EDF4,0x0000001A,data,wstr_0040EDF4
0x0040EE10,0x00000022,data,wstr_0040EE10
0x0040EE34,0x00000008,data,wstr_0040EE34
0x0040EE3C,0x00000018,data,wstr_0040EE3C
0x0040EE5C,0x00000010,data,wstr_0040EE5C
0x0040EE6C,0x0000000E,data,wstr_0040EE6C
0x0040EE7C,0x0000000E,data,wstr_0040EE7C
0x0040EEC4,0x00000016,data,wstr_0040EEC4
0x0040EEDC,0x0000001E,data,wstr_0040EEDC
0x0040EEFC,0x00000014,data,wstr_0040EEFC
0x0040EF10,0x0000001A,data,wstr_0040EF10
0x0040EF2C,0x00000016,data,wstr_0040EF2C
0x0040EF44,0x00000012,data,wstr_0040EF44
0x0040EF58,0x00000008,data,wstr_0040EF58
0x0040EF60,0x00000012,data,wstr_0040EF60
0x0040EF74,0x0000000C,data,wstr_0040EF74
0x0040EF80,0x0000000C,data,wstr_0040EF80
0x0040EF8C,0x00000014,data,wstr_0040EF8C
0x0040EFA8,0x0000001E,data,wstr_0040EFA8
0x0040EFC8,0x00000016,data,wstr_0040EFC8
0x0040EFE0,0x00000020,data,wstr_0040EFE0
0x0040F000,0x00000008,data,wstr_0040F000
0x0040F008,0x0000000E,data,wstr_0040F008
0x0040F018,0x0000000E,data,wstr_0040F018
0x0040F028,0x0000000E,data,wstr_0040F028
0x0040F038,0x00000008,data,wstr_0040F038
0x0040F040,0x0000001A,data,wstr_0040F040
0x0040F05C,0x00000018,data,wstr_0040F05C
0x0040F074,0x00000014,data,wstr_0040F074
0x0040F088,0x00000014,data,wstr_0040F088
0x0040F09C,0x0000000E,data,wstr_0040F09C
0x0040F0AC,0x0000000E,data,wstr_0040F0AC
0x0040F0BC,0x0000000C,data,wstr_0040F0BC
0x0040F0C8,0x00000016,data,wstr_0040F0C8
0x0040F0E8,0x00000014,data,wstr_0040F0E8
0x0040F0FC,0x0000002A,data,wstr_0040F0FC
0x0040F128,0x0000000E,data,wstr_0040F128
0x0040F138,0x00000010,data,wstr_0040F138
0x0040F148,0x00000010,data,wstr_0040F148
0x0040F158,0x0000000C,data,wstr_0040F158
0x0040F164,0x0000002C,data,wstr_0040F164
0x0040F190,0x00000008,data,wstr_0040F190
0x0040F198,0x00000008,data,wstr_0040F198
0x0040F1A0,0x00000026,data,wstr_0040F1A0
0x0040F1C8,0x0000002E,data,wstr_0040F1C8
0x0040F1F8,0x00000014,data,wstr_0040F1F8
0x0040F20C,0x00000028,data,wstr_0040F20C
0x0040F234,0x00000018,data,wstr_0040F234
0x0040F24C,0x00000008,data,wstr_0040F24C
0x0040F264,0x0000002C,data,wstr_0040F264
0x0040F290,0x00000008,data,wstr_0040F290
0x0040F298,0x0000001A,data,wstr_0040F298
0x0040F2B4,0x0000000E,data,wstr_0040F2B4
0x0040F2C4,0x00000010,data,wstr_0040F2C4
0x0040F2D4,0x0000001C,data,wstr_0040F2D4
0x0040F2F8,0x00000010,data,wstr_0040F2F8
0x0040F308,0x0000000A,data,wstr_0040F308
0x0040F314,0x00000008,data,wstr_0040F314
0x0040F31C,0x00000014,data,wstr_0040F31C
0x0040F330,0x00000010,data,wstr_0040F330
0x0040F340,0x00000026,data,wstr_0040F340
0x0040F368,0x00000022,data,wstr_0040F368
0x0040F39C,0x00000024,data,wstr_0040F39C
0x0040F3C0,0x00000022,data,wstr_0040F3C0
0x0040F3E4,0x00000028,data,wstr_0040F3E4
0x0040F40C,0x0000001E,data,wstr_0040F40C
0x0040F42C,0x0000002E,data,wstr_0040F42C
0x0040F45C,0x00000012,data,wstr_0040F45C
0x0040F470,0x00000010,data,wstr_0040F470
0x0040F480,0x0000002A,data,wstr_0040F480
0x0040F4AC,0x00000010,data,wstr_0040F4AC
0x0040F4BC,0x0000001C,data,wstr_0040F4BC
0x0040F4D8,0x00000016,data,wstr_0040F4D8
0x0040F4F0,0x0000001C,data,wstr_0040F4F0
0x0040F50C,0x0000000C,data,wstr_0040F50C
0x0040F518,0x0000002C,data,wstr_0040F518
0x0040F544,0x00000008,data,wstr_0040F544
0x0040F554,0x0000000E,data,wstr_0040F554
0x0040F564,0x00000016,data,wstr_0040F564
0x0040F57C,0x0000001C,data,wstr_0040F57C
0x0040F598,0x0000001C,data,wstr_0040F598
0x0040F5B4,0x00000038,data,wstr_0040F5B4
0x0040F5EC,0x00000010,data,wstr_0040F5EC
0x0040F5FC,0x0000001A,data,wstr_0040F5FC
0x0040F618,0x00000022,data,wstr_0040F618
0x0040F63C,0x0000001E,data,wstr_0040F63C
0x0040F65C,0x0000002A,data,wstr_0040F65C
0x0040F688,0x00000016,data,wstr_0040F688
0x0040F6A0,0x00000018,data,wstr_0040F6A0
0x0040F6B8,0x0000001A,data,wstr_0040F6B8
0x0040F6D4,0x00000018,data,wstr_0040F6D4
0x0040F6EC,0x00000012,data,wstr_0040F6EC
0x0040F700,0x00000014,data,wstr_0040F700
0x0040F714,0x00000014,data,wstr_0040F714
0x0040F728,0x0000000A,data,wstr_0040F728
0x0040F734,0x0000000A,data,wstr_0040F734
0x0040F740,0x0000000E,data,wstr_0040F740
0x0040F750,0x0000000E,data,wstr_0040F750
0x0040F760,0x0000000A,data,wstr_0040F760
0x0040F76C,0x0000000A,data,wstr_0040F76C
0x0040F778,0x00000040,data,wstr_0040F778
0x0040F7B8,0x00000024,data,wstr_0040F7B8
0x0040F7DC,0x00000018,data,wstr_0040F7DC
0x0040F7F4,0x00000024,data,wstr_0040F7F4
0x0040F818,0x00000008,data,wstr_0040F818
0x0040F820,0x0000000A,data,wstr_0040F820
0x0040F82C,0x0000000E,data,wstr_0040F82C
0x0040F83C,0x00000016,data,wstr_0040F83C
0x0040F884,0x0000000A,data,wstr_0040F884
0x0040F890,0x00000010,data,str_0040F890
0x0040F89E,0x0000000E,data,wstr_0040F89E
0x0040F8AC,0x00000011,data,str_0040F8AC
0x0040F8C0,0x00000029,data,str_0040F8C0
0x0040F8EC,0x0000002B,data,str_0040F8EC
0x0040F918,0x00000010,data,str_0040F918
0x0040F928,0x0000000F,data,str_0040F928
0x0040F938,0x00000006,data,str_0040F938
0x0040F940,0x00000005,data,str_0040F940
0x0040F948,0x00000036,data,str_0040F948
0x0040F980,0x00000035,data,str_0040F980
0x0040F9B8,0x0000003D,data,str_0040F9B8
0x0040F9F8,0x00000029,data,str_0040F9F8
0x0040FA24,0x00000028,data,str_0040FA24
0x0040FA4C,0x00000007,data,str_0040FA4C
0x0040FA54,0x00000006,data,str_0040FA54
0x0040FA5C,0x00000034,data,str_0040FA5C
0x0040FA90,0x00000033,data,str_0040FA90
0x0040FAC4,0x0000003B,data,str_0040FAC4
0x0040FB00,0x00000027,data,str_0040FB00
0x0040FB28,0x00000026,data,str_0040FB28
0x0040FB50,0x0000001E,data,str_0040FB50
0x0040FB70,0x0000001D,data,str_0040FB70
0x0040FB90,0x00000013,data,str_0040FB90
0x0040FBA4,0x00000012,data,wstr_0040FBA4
0x0040FBB8,0x00000012,data,str_0040FBB8
0x0040FBCC,0x00000010,data,wstr_0040FBCC
0x0040FBDC,0x00000009,data,str_0040FBDC
0x0040FBE8,0x00000008,data,str_0040FBE8
0x0040FBF0,0x0000002D,data,str_0040FBF0
0x0040FC20,0x0000002B,data,str_0040FC20
0x0040FC4C,0x0000002B,data,str_0040FC4C
0x0040FC78,0x00000029,data,str_0040FC78
0x0040FCA4,0x0000000D,data,str_0040FCA4
0x0040FCB4,0x0000000C,data,str_0040FCB4
0x0040FCC0,0x0000000A,data,str_0040FCC0
0x0040FCCC,0x00000009,data,str_0040FCCC
0x0040FCD8,0x0000000A,data,wstr_0040FCD8
0x0040FCE4,0x0000000A,data,wstr_0040FCE4
0x0040FCF0,0x00000016,data,wstr_0040FCF0
0x0040FD08,0x0000000C,data,wstr_0040FD08
0x0040FD14,0x00000022,data,wstr_0040FD14
0x0040FD38,0x0000000A,data,wstr_0040FD38
0x0040FD44,0x0000000C,data,wstr_0040FD44
0x0040FD50,0x0000000E,data,wstr_0040FD50
0x0040FD60,0x00000026,data,wstr_0040FD60
0x0040FD88,0x00000010,data,wstr_0040FD88
0x0040FD98,0x00000030,data,wstr_0040FD98
0x0040FDC8,0x00000020,data,wstr_0040FDC8
0x0040FDE8,0x00000010,data,str_0040FDE8
0x0040FDF8,0x0000000F,data,str_0040FDF8
0x0040FE08,0x0000000D,data,str_0040FE08
0x0040FE18,0x0000000D,data,str_0040FE18
0x0040FE28,0x00000020,data,wstr_0040FE28
0x0040FE48,0x00000016,data,str_0040FE48
0x0040FE60,0x00000013,data,str_0040FE60
0x0040FE74,0x00000011,data,str_0040FE74
0x0040FE88,0x00000016,data,str_0040FE88
0x0040FEA0,0x00000012,data,wstr_0040FEA0
0x0040FEB4,0x00000012,data,wstr_0040FEB4
0x0040FEC8,0x0000000C,data,wstr_0040FEC8
0x0040FED4,0x0000000E,data,wstr_0040FED4
0x0040FEE4,0x0000000C,data,wstr_0040FEE4
0x0040FEF0,0x0000000A,data,wstr_0040FEF0
0x0040FEFC,0x00000012,data,wstr_0040FEFC
0x0040FF10,0x00000020,data,wstr_0040FF10
0x0040FF30,0x0000001A,data,wstr_0040FF30
0x0040FF5C,0x0000001A,data,wstr_0040FF5C
0x0040FF78,0x00000022,data,wstr_0040FF78
0x0040FF9C,0x0000000C,data,wstr_0040FF9C
0x0040FFA8,0x00000016,data,wstr_0040FFA8
0x0040FFC0,0x00000028,data,wstr_0040FFC0
0x0040FFE8,0x0000000E,data,wstr_0040FFE8
0x0040FFF8,0x0000001C,data,wstr_0040FFF8
0x00410014,0x00000014,data,wstr_00410014
0x00410068,0x00000004,data,str_00410068
0x004100C4,0x00000004,data,str_004100C4
0x004100D0,0x00000004,data,str_004100D0
0x004100DC,0x00000004,data,str_004100DC
0x004100E0,0x00000004,data,str_004100E0
0x0041015E,0x0000001C,data,wstr_0041015E
0x0041017C,0x0000000E,data,wstr_0041017C
0x0041019A,0x00000014,data,wstr_0041019A
0x004101B0,0x0000000A,data,wstr_004101B0
0x004101BC,0x0000000A,data,wstr_004101BC
0x004101C8,0x0000000A,data,wstr_004101C8
0x004101D4,0x00000016,data,wstr_004101D4
0x004101EC,0x00000010,data,wstr_004101EC
0x00410208,0x00000015,data,str_00410208
0x00410220,0x00000016,data,wstr_00410220
0x00410238,0x00000016,data,wstr_00410238
0x00410250,0x0000000E,data,wstr_00410250
0x00410260,0x0000000C,data,wstr_00410260
0x00410270,0x00000016,data,wstr_00410270
0x00410288,0x00000016,data,wstr_00410288
0x004102A0,0x0000000E,data,wstr_004102A0
0x004102B0,0x0000000E,data,wstr_004102B0
0x004102C0,0x0000000A,data,wstr_004102C0
0x004102CC,0x00000008,data,wstr_004102CC
0x004102D4,0x00000008,data,wstr_004102D4
0x004102DC,0x00000024,data,wstr_004102DC
0x00410300,0x00000012,data,wstr_00410300
0x00410314,0x00000009,data,str_00410314
0x00410320,0x0000000E,data,wstr_00410320
0x00410330,0x0000000E,data,wstr_00410330
0x00410340,0x0000000E,data,wstr_00410340
0x00410350,0x0000000E,data,wstr_00410350
0x00410360,0x00000020,data,wstr_00410360
0x00410380,0x0000000E,data,wstr_00410380
0x00410390,0x00000036,data,wstr_00410390
0x004103C8,0x00000058,data,wstr_004103C8
0x00410420,0x0000000E,data,wstr_00410420
0x00410430,0x00000070,data,wstr_00410430
0x00410798,0x00000016,data,wstr_00410798
0x0041086E,0x00000040,data,wstr_0041086E
0x004108E4,0x00000024,data,wstr_004108E4
0x00410908,0x00000048,data,str_00410908
0x00410964,0x00000028,data,wstr_00410964
0x00410990,0x00000012,data,wstr_00410990
0x004109A2,0x0000000E,data,wstr_004109A2
0x004109B0,0x00000018,data,wstr_004109B0
0x004109C8,0x0000001A,data,wstr_004109C8
0x004109E2,0x00000018,data,wstr_004109E2
0x004109FA,0x0000001A,data,wstr_004109FA
0x00410A14,0x0000001A,data,wstr_00410A14
0x00410A2E,0x0000001A,data,wstr_00410A2E
0x00410A4C,0x00000005,data,str_00410A4C
0x00410A54,0x0000000B,data,str_00410A54
0x00410ACC,0x00000010,data,wstr_00410ACC
0x00410ADC,0x00000024,data,wstr_00410ADC
0x00410B00,0x00000005,data,str_00410B00
0x00410B08,0x0000001E,data,str_00410B08
0x00410B28,0x0000001F,data,str_00410B28
0x00410B80,0x0000000A,data,wstr_00410B80
0x00410C68,0x00000018,data,wstr_00410C68
0x00410CC0,0x00000022,data,wstr_00410CC0
0x00410CE4,0x00000008,data,wstr_00410CE4
0x00410CEC,0x00000016,data,wstr_00410CEC
0x00410D04,0x00000012,data,wstr_00410D04
0x00410D18,0x00000008,data,wstr_00410D18
0x00410D20,0x0000002C,data,wstr_00410D20
0x00410D4C,0x0000000A,data,wstr_00410D4C
0x00410D58,0x0000001A,data,wstr_00410D58
0x00410DE0,0x00000005,data,str_00410DE0
0x00410F08,0x00000010,data,wstr_00410F08
0x00410F24,0x00000010,data,wstr_00410F24
0x00410F34,0x0000000A,data,wstr_00410F34
0x00410F40,0x00000012,data,wstr_00410F40
0x00410F54,0x00000012,data,wstr_00410F54
0x00410F68,0x00000014,data,wstr_00410F68
0x00410F7C,0x00000014,data,wstr_00410F7C
0x00410F90,0x00000010,data,wstr_00410F90
0x00410FA0,0x0000000C,data,wstr_00410FA0
0x00410FAC,0x0000000C,data,wstr_00410FAC
0x00410FB8,0x0000000C,data,wstr_00410FB8
0x00410FC4,0x00000010,data,wstr_00410FC4
0x00410FD4,0x00000010,data,wstr_00410FD4
0x00410FE4,0x0000002A,data,wstr_00410FE4
0x00411010,0x0000000A,data,wstr_00411010
0x0041101C,0x00000014,data,wstr_0041101C
0x00411030,0x00000010,data,wstr_00411030
0x00411040,0x0000001A,data,wstr_00411040
0x0041105C,0x00000018,data,wstr_0041105C
0x00411090,0x00000012,data,wstr_00411090
0x004110B0,0x00000006,data,str_004110B0
0x004110B4,0x0000001A,data,wstr_004110B4
0x004110D0,0x00000016,data,wstr_004110D0
0x004110E8,0x00000012,data,wstr_004110E8
0x00411100,0x0000000A,data,wstr_00411100
0x0041110C,0x00000016,data,wstr_0041110C
0x00411124,0x00000032,data,wstr_00411124
0x00411158,0x0000002A,data,wstr_00411158
0x00411184,0x0000000E,data,wstr_00411184
0x00411194,0x0000002C,data,wstr_00411194
0x00411500,0x0000004E,data,wstr_00411500
0x00411550,0x00000009,data,str_00411550
0x0041155C,0x00000008,data,str_0041155C
0x0041164C,0x0000002C,data,wstr_0041164C
0x00411718,0x0000004E,data,wstr_00411718
0x00411828,0x00000040,data,wstr_00411828
0x00411868,0x0000000A,data,wstr_00411868
0x00411928,0x0000000D,data,str_00411928
0x00411938,0x0000000D,data,str_00411938
0x00411948,0x0000000C,data,str_00411948
0x00411954,0x0000000C,data,str_00411954
0x00411960,0x0000000A,data,str_00411960
0x0041196C,0x0000000A,data,str_0041196C
0x00411978,0x0000000A,data,str_00411978
0x00411984,0x0000000A,data,str_00411984
0x00411990,0x0000000C,data,str_00411990
0x0041199C,0x0000000C,data,str_0041199C
0x00411A08,0x00000008,data,wstr_00411A08
0x00411A48,0x0000000A,data,wstr_00411A48
0x00411A58,0x0000004A,data,wstr_00411A58
0x00411AD4,0x00000010,data,wstr_00411AD4
0x00411AE4,0x00000012,data,wstr_00411AE4
0x00411AF8,0x00000014,data,wstr_00411AF8
0x00411B0C,0x00000012,data,wstr_00411B0C
0x00411B20,0x0000000A,data,wstr_00411B20
0x00411B2C,0x00000012,data,wstr_00411B2C
0x00411B40,0x0000000E,data,wstr_00411B40
0x00411B50,0x0000000E,data,wstr_00411B50
0x00411B60,0x00000012,data,wstr_00411B60
0x00411B74,0x00000012,data,wstr_00411B74
0x00411B88,0x0000000C,data,wstr_00411B88
0x00411B94,0x0000000C,data,wstr_00411B94
0x00411BA0,0x0000000E,data,wstr_00411BA0
0x00411BB0,0x0000000E,data,wstr_00411BB0
0x00411BC0,0x0000000E,data,wstr_00411BC0
0x00411C94,0x00000011,data,str_00411C94
0x00411CA8,0x00000020,data,wstr_00411CA8
0x00411CC8,0x00000019,data,str_00411CC8
0x00411CE4,0x00000019,data,str_00411CE4
0x00411D00,0x0000000E,data,str_00411D00
0x00411D10,0x00000010,data,wstr_00411D10
0x00411D20,0x00000018,data,wstr_00411D20
0x00411D38,0x00000018,data,wstr_00411D38
0x00411D50,0x00000018,data,wstr_00411D50
0x00411D68,0x0000001A,data,wstr_00411D68
0x00411D84,0x0000001A,data,wstr_00411D84
0x00411DA0,0x00000018,data,wstr_00411DA0
0x00411DB8,0x00000018,data,wstr_00411DB8
0x00411DD0,0x0000001A,data,wstr_00411DD0
0x00411DEC,0x0000001A,data,wstr_00411DEC
0x00411E08,0x00000010,data,wstr_00411E08
0x00411E18,0x0000001A,data,wstr_00411E18
0x00411E34,0x0000001A,data,wstr_00411E34
0x00411E50,0x00000010,data,wstr_00411E50
0x00411E60,0x00000012,data,wstr_00411E60
0x00411E74,0x00000012,data,wstr_00411E74
0x00411F85,0x00000022,data,str_00411F85
0x00411FA8,0x00000023,data,str_00411FA8
0x00412041,0x00000019,data,str_00412041
0x00412090,0x00000014,data,wstr_00412090
0x004120B4,0x00000007,data,str_004120B4
0x004120BC,0x00000016,data,wstr_004120BC
0x004120D4,0x00000012,data,wstr_004120D4
0x004120F4,0x00000008,data,wstr_004120F4
0x004120FC,0x0000000C,data,wstr_004120FC
0x004121D4,0x00000030,data,wstr_004121D4
0x00412204,0x0000001E,data,wstr_00412204
0x00412224,0x0000001E,data,wstr_00412224
0x00412244,0x00000026,data,wstr_00412244
0x00412270,0x00000046,data,wstr_00412270
0x004122B8,0x0000003C,data,wstr_004122B8
0x004122F4,0x00000026,data,wstr_004122F4
0x0041231C,0x00000038,data,wstr_0041231C
0x00412354,0x00000036,data,wstr_00412354
0x0041238C,0x00000022,data,wstr_0041238C
0x004123B0,0x00000008,data,wstr_004123B0
0x004123B8,0x0000000A,data,wstr_004123B8
0x004123C4,0x0000000A,data,wstr_004123C4
0x004123D0,0x0000000C,data,wstr_004123D0
0x004123DC,0x00000010,data,wstr_004123DC
0x004123EC,0x0000003A,data,wstr_004123EC
0x00412428,0x00000024,data,wstr_00412428
0x0041244C,0x00000022,data,wstr_0041244C
0x00412470,0x00000008,data,wstr_00412470
0x00412478,0x0000000A,data,str_00412478
0x00412484,0x00000012,data,wstr_00412484
0x00412498,0x00000009,data,str_00412498
0x004124A4,0x00000014,data,wstr_004124A4
0x004124B8,0x0000001E,data,wstr_004124B8
0x004124D8,0x00000012,data,wstr_004124D8
0x004124EC,0x00000020,data,wstr_004124EC
0x0041250C,0x00000012,data,wstr_0041250C
0x00412520,0x0000001C,data,wstr_00412520
0x0041253C,0x0000000A,data,wstr_0041253C
0x00412550,0x0000000A,data,wstr_00412550
0x0041255C,0x00000008,data,wstr_0041255C
0x0041256C,0x00000017,data,str_0041256C
0x00412584,0x00000022,data,wstr_00412584
0x004125A8,0x00000009,data,str_004125A8
0x004125B4,0x00000006,data,str_004125B4
0x004125BC,0x00000018,data,wstr_004125BC
0x004125D4,0x00000012,data,wstr_004125D4
0x004125E8,0x00000019,data,str_004125E8
0x0041261A,0x0000000E,data,wstr_0041261A
0x00412628,0x0000000C,data,wstr_00412628
0x00412634,0x0000000C,data,wstr_00412634
0x00412640,0x0000000C,data,wstr_00412640
0x0041264C,0x0000000C,data,wstr_0041264C
0x00412658,0x0000000C,data,wstr_00412658
0x00412664,0x0000000A,data,wstr_00412664
0x00412670,0x0000000A,data,wstr_00412670
0x0041267C,0x0000000A,data,wstr_0041267C
0x00412688,0x0000000A,data,wstr_00412688
0x00412694,0x0000000A,data,wstr_00412694
0x004126A0,0x0000000A,data,wstr_004126A0
0x004126AC,0x0000000A,data,wstr_004126AC
0x004126B8,0x0000000A,data,wstr_004126B8
0x004126C4,0x0000000A,data,wstr_004126C4
0x004126D0,0x0000000A,data,wstr_004126D0
0x004126DC,0x00000008,data,wstr_004126DC
0x004126E4,0x00000008,data,wstr_004126E4
0x004126EC,0x00000008,data,wstr_004126EC
0x004126F4,0x00000008,data,wstr_004126F4
0x004126FC,0x00000008,data,wstr_004126FC
0x00412704,0x00000008,data,wstr_00412704
0x0041271C,0x00000008,data,wstr_0041271C
0x00412724,0x00000008,data,wstr_00412724
0x0041272C,0x00000008,data,wstr_0041272C
0x00412734,0x00000008,data,wstr_00412734
0x0041273C,0x00000008,data,wstr_0041273C
0x00412744,0x00000008,data,wstr_00412744
0x0041274C,0x00000008,data,wstr_0041274C
0x00412754,0x00000008,data,wstr_00412754
0x00412760,0x00000004,data,str_00412760
0x00412764,0x00000004,data,str_00412764
0x00412768,0x00000004,data,str_00412768
0x0041276C,0x00000004,data,str_0041276C
0x00412770,0x00000004,data,str_00412770
0x00412774,0x00000004,data,str_00412774
0x00412778,0x00000004,data,str_00412778
0x004127BC,0x00000004,data,str_004127BC
0x004127C0,0x00000004,data,str_004127C0
0x004127C4,0x00000004,data,str_004127C4
0x004127C8,0x00000004,data,str_004127C8
0x004127CC,0x00000004,data,str_004127CC
0x004127D0,0x00000004,data,str_004127D0
0x004127D4,0x00000004,data,str_004127D4
0x004127D8,0x00000004,data,str_004127D8
0x004127DE,0x00000012,data,wstr_004127DE
0x004127F0,0x00000010,data,wstr_004127F0
0x00412800,0x00000010,data,wstr_00412800
0x00412810,0x00000010,data,wstr_00412810
0x00412820,0x00000010,data,wstr_00412820
0x00412830,0x00000010,data,wstr_00412830
0x004128E0,0x0000001C,data,wstr_004128E0
0x004128FC,0x00000014,data,wstr_004128FC
0x00412910,0x00000014,data,wstr_00412910
0x00412924,0x00000015,data,str_00412924
0x0041293C,0x00000014,data,str_0041293C
0x0041294E,0x0000002C,data,wstr_0041294E
0x0041297C,0x00000011,data,str_0041297C
0x00412AA8,0x00000024,data,wstr_00412AA8
0x00412DC4,0x0000001A,data,wstr_00412DC4
0x00412ED4,0x00000016,data,wstr_00412ED4
0x00412EEC,0x00000014,data,wstr_00412EEC
0x00412F00,0x00000014,data,wstr_00412F00
0x00412F14,0x0000000C,data,wstr_00412F14
0x00412F4E,0x00000024,data,wstr_00412F4E
0x00412FDC,0x00000004,data,str_00412FDC
0x00412FE0,0x00000004,data,str_00412FE0
0x00413000,0x00000009,data,str_00413000
0x00413009,0x00000023,data,str_00413009
0x004132A5,0x00000004,data,str_004132A5
0x004132AE,0x00000004,data,str_004132AE
0x004132B4,0x00000004,data,str_004132B4
0x004132BD,0x00000004,data,str_004132BD
0x004132C3,0x00000004,data,str_004132C3
0x004132C9,0x00000004,data,str_004132C9
0x004134BE,0x00000004,data,str_004134BE
0x004138EE,0x00000004,data,str_004138EE
0x00413A53,0x00000004,data,str_00413A53
0x00413A60,0x00000004,data,str_00413A60
0x00413AED,0x00000004,data,str_00413AED
0x00413AF3,0x00000005,data,str_00413AF3
0x00413B10,0x00000004,data,str_00413B10
0x00413B6B,0x00000004,data,str_00413B6B
0x00413B92,0x00000005,data,str_00413B92
0x00413BAC,0x00000005,data,str_00413BAC
0x00413BE9,0x00000004,data,str_00413BE9
0x00413DF6,0x00000006,data,str_00413DF6
0x00413E00,0x00000005,data,str_00413E00
0x00413E0B,0x00000004,data,str_00413E0B
0x00413E10,0x00000005,data,str_00413E10
0x00413E23,0x00000005,data,str_00413E23
0x00413E29,0x00000005,data,str_00413E29
0x00413E3A,0x00000004,data,str_00413E3A
0x00413E46,0x00000005,data,str_00413E46
0x00413E4C,0x00000005,data,str_00413E4C
0x00413E58,0x00000004,data,str_00413E58
0x00413F76,0x00000004,data,str_00413F76
0x00413F7D,0x00000004,data,str_00413F7D
0x004141AC,0x00000004,data,str_004141AC
0x0041429C,0x00000004,data,str_0041429C
0x004142A2,0x00000004,data,str_004142A2
0x004142B7,0x00000004,data,str_004142B7
0x004142CD,0x00000004,data,str_004142CD
0x004142D5,0x00000004,data,str_004142D5
0x004142DE,0x00000004,data,str_004142DE
0x00414315,0x00000004,data,str_00414315
0x00414336,0x00000004,data,str_00414336
0x0041434E,0x00000004,data,str_0041434E
0x00414916,0x00000004,data,str_00414916
0x004152A8,0x00000004,data,str_004152A8
0x004152B4,0x00000004,data,str_004152B4
0x004152BC,0x00000004,data,str_004152BC
0x004152C4,0x00000004,data,str_004152C4
0x004152C8,0x00000004,data,str_004152C8
0x004152CC,0x00000004,data,str_004152CC
0x004152D0,0x00000004,data,str_004152D0
0x004152D8,0x00000004,data,str_004152D8
0x004152E8,0x00000004,data,str_004152E8
0x0041531C,0x00000004,data,str_0041531C
0x004153B1,0x00000004,data,str_004153B1
0x00415485,0x00000004,data,str_00415485
0x0041551F,0x00000004,data,str_0041551F
0x00415956,0x00000004,data,str_00415956
0x0041596E,0x00000004,data,str_0041596E
0x00415974,0x00000007,data,str_00415974
0x0041597B,0x00000006,data,str_0041597B
0x0041599D,0x00000004,data,str_0041599D
0x004159A1,0x00000007,data,str_004159A1
0x004159A8,0x00000005,data,str_004159A8
0x004159AD,0x00000005,data,str_004159AD
0x00415A84,0x00000004,data,str_00415A84
0x00415ABF,0x00000004,data,str_00415ABF
0x00415ADD,0x00000004,data,str_00415ADD
0x00415B66,0x00000004,data,str_00415B66
0x00415B6A,0x00000004,data,str_00415B6A
0x00415B78,0x00000006,data,str_00415B78
0x00415BC8,0x00000005,data,str_00415BC8
0x00415C8A,0x00000005,data,str_00415C8A
0x00415CD5,0x00000004,data,str_00415CD5
0x00415CDD,0x00000005,data,str_00415CDD
0x00415CE2,0x00000005,data,str_00415CE2
0x00415CE7,0x00000005,data,str_00415CE7
0x00415DED,0x00000004,data,str_00415DED
0x00415FB4,0x00000004,data,str_00415FB4
0x00415FC2,0x00000007,data,str_00415FC2
0x00415FCE,0x00000004,data,str_00415FCE
0x00415FD2,0x00000005,data,str_00415FD2
0x00415FE0,0x00000004,data,str_00415FE0
0x00416073,0x00000004,data,str_00416073
0x00416079,0x00000004,data,str_00416079
0x00416080,0x00000004,data,str_00416080
0x00416086,0x00000004,data,str_00416086
0x0041608A,0x00000008,data,str_0041608A
0x00416092,0x00000005,data,str_00416092
0x004160B6,0x00000005,data,str_004160B6
0x004160BB,0x00000007,data,str_004160BB
0x00416150,0x00000004,data,str_00416150
0x0041615D,0x00000004,data,str_0041615D
0x00416165,0x00000005,data,str_00416165
0x0041616A,0x00000005,data,str_0041616A
0x0041616F,0x00000005,data,str_0041616F
0x0041619C,0x00000005,data,str_0041619C
0x004161A5,0x00000004,data,str_004161A5
0x004161AE,0x0000000B,data,str_004161AE
0x004161DC,0x00000005,data,str_004161DC
0x004161EA,0x00000004,data,str_004161EA
0x004161EE,0x00000008,data,str_004161EE
0x004161F6,0x00000005,data,str_004161F6
0x004162BA,0x00000004,data,str_004162BA
0x004165CE,0x00000004,data,str_004165CE
0x004165DA,0x00000004,data,str_004165DA
0x00416648,0x00000004,data,str_00416648
0x00416654,0x00000004,data,str_00416654
0x00416671,0x00000004,data,str_00416671
0x0041671E,0x00000004,data,str_0041671E
0x00416755,0x00000004,data,str_00416755
0x0041675B,0x00000004,data,str_0041675B
0x0041677F,0x00000004,data,str_0041677F
0x0041682D,0x00000005,data,str_0041682D
0x00416886,0x00000009,data,str_00416886
0x0041688F,0x00000006,data,str_0041688F
0x00416943,0x00000004,data,str_00416943
0x00416957,0x00000004,data,str_00416957
0x00416964,0x00000004,data,str_00416964
0x00416969,0x00000004,data,str_00416969
0x0041697F,0x00000004,data,str_0041697F
0x00416AD8,0x00000007,data,str_00416AD8
0x00416ADF,0x00000006,data,str_00416ADF
0x00416B6E,0x00000004,data,str_00416B6E
0x00416B84,0x00000004,data,str_00416B84
0x00416B8A,0x00000005,data,str_00416B8A
0x00416B8F,0x00000005,data,str_00416B8F
0x00416B94,0x00000006,data,str_00416B94
0x00416BA9,0x00000008,data,str_00416BA9
0x00416BB1,0x00000006,data,str_00416BB1
0x00416C3C,0x00000004,data,str_00416C3C
0x00416EA0,0x00000004,data,str_00416EA0
0x004170C1,0x00000004,data,str_004170C1
0x00417484,0x00000004,data,str_00417484
0x0041772B,0x00000004,data,str_0041772B
0x00417AFF,0x00000004,data,str_00417AFF
0x00417D71,0x00000004,data,str_00417D71
0x0041840C,0x00000004,data,str_0041840C
0x004184DC,0x00000004,data,str_004184DC
0x00418981,0x00000004,data,str_00418981
0x00418AD8,0x00000004,data,str_00418AD8
0x00419299,0x00000004,data,str_00419299
0x0041A0F1,0x00000004,data,str_0041A0F1
0x0041A193,0x00000004,data,str_0041A193
0x0041A204,0x00000004,data,str_0041A204
0x0041A2AD,0x00000004,data,str_0041A2AD
0x0041A3D0,0x00000004,data,str_0041A3D0
0x0041A41A,0x00000004,data,str_0041A41A
0x0041A43A,0x00000004,data,str_0041A43A
0x0041A4AC,0x00000004,data,str_0041A4AC
0x0041A4E7,0x00000004,data,str_0041A4E7
0x0041A572,0x00000004,data,str_0041A572
0x0041A7CC,0x00000004,data,str_0041A7CC
0x0041A801,0x00000004,data,str_0041A801
0x0041A92A,0x00000004,data,str_0041A92A
0x0041A92E,0x00000004,data,str_0041A92E
0x0041AB04,0x00000004,data,str_0041AB04
0x0041AB86,0x00000004,data,str_0041AB86
0x0041AC20,0x00000004,data,str_0041AC20
0x0041AC2D,0x00000004,data,str_0041AC2D
0x0041AF50,0x00000005,data,str_0041AF50
0x0041AF8D,0x00000006,data,str_0041AF8D
0x0041B085,0x00000004,data,str_0041B085
0x0041B12E,0x00000004,data,str_0041B12E
0x0041B13B,0x00000004,data,str_0041B13B
0x0041B13F,0x00000004,data,str_0041B13F
0x0041B212,0x00000004,data,str_0041B212
0x0041B2A6,0x00000004,data,str_0041B2A6
0x0041B2D2,0x00000005,data,str_0041B2D2
0x0041B3B0,0x00000005,data,str_0041B3B0
0x0041B3DB,0x00000008,data,str_0041B3DB
0x0041B401,0x00000005,data,str_0041B401
0x0041B40F,0x00000006,data,str_0041B40F
0x0041B438,0x00000004,data,str_0041B438
0x0041B449,0x00000004,data,str_0041B449
0x0041B4BB,0x00000005,data,str_0041B4BB
0x0041B4D3,0x00000004,data,str_0041B4D3
0x0041B4E0,0x00000004,data,str_0041B4E0
0x0041B505,0x00000004,data,str_0041B505
0x0041B64A,0x00000004,data,str_0041B64A
0x0041B8AB,0x00000004,data,str_0041B8AB
0x0041BA02,0x00000004,data,str_0041BA02
0x0041BA12,0x00000004,data,str_0041BA12
0x0041BA16,0x00000004,data,str_0041BA16
0x0041BB56,0x00000004,data,str_0041BB56
0x0041BB64,0x00000004,data,str_0041BB64
0x0041BB68,0x00000004,data,str_0041BB68
0x0041BBD0,0x00000004,data,str_0041BBD0
0x0041BC6A,0x00000005,data,str_0041BC6A
0x0041BC9F,0x00000004,data,str_0041BC9F
0x0041BCB7,0x00000005,data,str_0041BCB7
0x0041BD14,0x00000005,data,str_0041BD14
0x0041BD42,0x00000007,data,str_0041BD42
0x0041BDE2,0x00000005,data,str_0041BDE2
0x0041BE74,0x00000005,data,str_0041BE74
0x0041BEBC,0x00000005,data,str_0041BEBC
0x0041BEF0,0x00000005,data,str_0041BEF0
0x0041BF1F,0x00000005,data,str_0041BF1F
0x0041BFEE,0x00000005,data,str_0041BFEE
0x0041C010,0x00000004,data,str_0041C010
0x0041C024,0x00000004,data,str_0041C024
0x0041C0F1,0x00000006,data,str_0041C0F1
0x0041C117,0x00000004,data,str_0041C117
0x0041C143,0x00000005,data,str_0041C143
0x0041C171,0x00000007,data,str_0041C171
0x0041C19A,0x00000005,data,str_0041C19A
0x0041C233,0x00000005,data,str_0041C233
0x0041C256,0x00000004,data,str_0041C256
0x0041C266,0x00000004,data,str_0041C266
0x0041C2E5,0x00000004,data,str_0041C2E5
0x0041C377,0x00000006,data,str_0041C377
0x0041C3DB,0x00000005,data,str_0041C3DB
0x0041C3EB,0x00000005,data,str_0041C3EB
0x0041C41D,0x00000005,data,str_0041C41D
0x0041C44B,0x00000007,data,str_0041C44B
0x0041C49C,0x00000005,data,str_0041C49C
0x0041C535,0x00000005,data,str_0041C535
0x0041C56B,0x00000004,data,str_0041C56B
0x0041C58F,0x00000004,data,str_0041C58F
0x0041C5FD,0x00000004,data,str_0041C5FD
0x0041C601,0x00000004,data,str_0041C601
0x0041C6E8,0x00000005,data,str_0041C6E8
0x0041C87F,0x00000004,data,str_0041C87F
0x0041C94D,0x00000006,data,str_0041C94D
0x0041C9A9,0x00000006,data,str_0041C9A9
0x0041C9F7,0x00000006,data,str_0041C9F7
0x0041CA40,0x00000004,data,str_0041CA40
0x0041CBD5,0x00000005,data,str_0041CBD5
0x0041CBDC,0x00000005,data,str_0041CBDC
0x0041CBF1,0x00000005,data,str_0041CBF1
0x0041CC32,0x00000004,data,str_0041CC32
0x0041CD25,0x00000004,data,str_0041CD25
0x0041D025,0x00000005,data,str_0041D025
0x0041D05E,0x00000004,data,str_0041D05E
0x0041D0A2,0x00000005,data,str_0041D0A2
0x0041D0D8,0x00000005,data,str_0041D0D8
0x0041D272,0x00000005,data,str_0041D272
0x0041D2F2,0x00000006,data,str_0041D2F2
0x0041D3EF,0x00000004,data,str_0041D3EF
0x0041D40E,0x00000004,data,str_0041D40E
0x0041D4B7,0x00000004,data,str_0041D4B7
0x0041D51C,0x00000005,data,str_0041D51C
0x0041D5A5,0x00000004,data,str_0041D5A5
0x0041D6E8,0x00000005,data,str_0041D6E8
0x0041D772,0x00000004,data,str_0041D772
0x0041D793,0x00000004,data,str_0041D793
0x0041DB20,0x00000005,data,str_0041DB20
0x0041DB64,0x00000004,data,str_0041DB64
0x0041DBC9,0x00000004,data,str_0041DBC9
0x0041DC41,0x00000005,data,str_0041DC41
0x0041DC60,0x00000004,data,str_0041DC60
0x0041DC65,0x00000004,data,str_0041DC65
0x0041DDA1,0x00000006,data,str_0041DDA1
0x0041DE5A,0x00000004,data,str_0041DE5A
0x0041DE75,0x00000004,data,str_0041DE75
0x0041DEB8,0x00000006,data,str_0041DEB8
0x0041DF31,0x00000004,data,str_0041DF31
0x0041E129,0x00000005,data,str_0041E129
0x0041E1A1,0x00000004,data,str_0041E1A1
0x0041E1A5,0x00000004,data,str_0041E1A5
0x0041E1B0,0x00000005,data,str_0041E1B0
0x0041E2E3,0x00000004,data,str_0041E2E3
0x0041E2F1,0x00000004,data,str_0041E2F1
0x0041E504,0x00000004,data,str_0041E504
0x0041E68F,0x00000004,data,str_0041E68F
0x0041E6EF,0x00000004,data,str_0041E6EF
0x0041EB22,0x00000004,data,str_0041EB22
0x0041EB48,0x00000004,data,str_0041EB48
0x0041EB5A,0x00000004,data,str_0041EB5A
0x0041EBB8,0x00000004,data,str_0041EBB8
0x0041EC98,0x00000004,data,str_0041EC98
0x0041ECAA,0x00000004,data,str_0041ECAA
0x0041EE38,0x00000007,data,str_0041EE38
0x0041EEBD,0x00000008,data,str_0041EEBD
0x0041EEC7,0x00000005,data,str_0041EEC7
0x0041EECE,0x00000005,data,str_0041EECE
0x0041EED5,0x00000005,data,str_0041EED5
0x0041EF16,0x00000004,data,str_0041EF16
0x0041EF52,0x00000004,data,str_0041EF52
0x0041F1D0,0x00000004,data,str_0041F1D0
0x0041F55A,0x00000005,data,str_0041F55A
0x0041F598,0x00000005,data,str_0041F598
0x0041F5B3,0x00000005,data,str_0041F5B3
0x0041F5DC,0x00000005,data,str_0041F5DC
0x0041F6DC,0x00000005,data,str_0041F6DC
0x0041F6F1,0x00000005,data,str_0041F6F1
0x0041F725,0x00000005,data,str_0041F725
0x0041F74A,0x00000005,data,str_0041F74A
0x0041F760,0x00000005,data,str_0041F760
0x0041F92A,0x00000005,data,str_0041F92A
0x0041F983,0x00000005,data,str_0041F983
0x0041F9E8,0x00000005,data,str_0041F9E8
0x0041FA08,0x00000005,data,str_0041FA08
0x0041FA27,0x00000004,data,str_0041FA27
0x0041FC7E,0x00000005,data,str_0041FC7E
0x0041FCB1,0x00000005,data,str_0041FCB1
0x0041FD0C,0x00000005,data,str_0041FD0C
0x0041FD96,0x00000005,data,str_0041FD96
0x0041FE2B,0x00000005,data,str_0041FE2B
0x0041FEE8,0x00000005,data,str_0041FEE8
0x004204D8,0x00000004,data,str_004204D8
0x004205B2,0x00000004,data,str_004205B2
0x00420623,0x00000004,data,str_00420623
0x00420704,0x00000004,data,str_00420704
0x00420790,0x00000004,data,str_00420790
0x00420802,0x00000004,data,str_00420802
0x00420D15,0x00000004,data,str_00420D15
0x00420EA9,0x00000004,data,str_00420EA9
0x0042194F,0x00000004,data,str_0042194F
0x00421AE6,0x00000004,data,str_00421AE6
0x004224E4,0x00000004,data,str_004224E4
0x004227F5,0x00000004,data,str_004227F5
0x0042299C,0x00000004,data,str_0042299C
0x00422D13,0x00000004,data,str_00422D13
0x004230A8,0x00000004,data,str_004230A8
0x004230FA,0x00000004,data,str_004230FA
0x00423343,0x00000005,data,str_00423343
0x0042385D,0x00000004,data,str_0042385D
0x004239C2,0x00000005,data,str_004239C2
0x00423CF3,0x00000004,data,str_00423CF3
0x00423D34,0x00000005,data,str_00423D34
0x00423E43,0x00000004,data,str_00423E43
0x00423EB2,0x00000004,data,str_00423EB2
0x00423EB9,0x00000004,data,str_00423EB9
0x00423EC0,0x00000004,data,str_00423EC0
0x00423F12,0x00000004,data,str_00423F12
0x00423F19,0x00000004,data,str_00423F19
0x00423F20,0x00000004,data,str_00423F20
0x0042401B,0x00000004,data,str_0042401B
0x00424054,0x00000004,data,str_00424054
0x004240E5,0x00000005,data,str_004240E5
0x0042412B,0x00000004,data,str_0042412B
0x00424155,0x00000004,data,str_00424155
0x004241B0,0x00000004,data,str_004241B0
0x00424213,0x00000007,data,str_00424213
0x0042423C,0x00000005,data,str_0042423C
0x004242CA,0x00000004,data,str_004242CA
0x004242E4,0x00000004,data,str_004242E4
0x00424309,0x00000004,data,str_00424309
0x0042431F,0x00000004,data,str_0042431F
0x00424334,0x00000007,data,str_00424334
0x00424366,0x00000004,data,str_00424366
0x00424379,0x00000004,data,str_00424379
0x0042438C,0x00000005,data,str_0042438C
0x004243A6,0x00000005,data,str_004243A6
0x004243D0,0x00000005,data,str_004243D0
0x00424417,0x00000007,data,str_00424417
0x00424448,0x00000005,data,str_00424448
0x00424493,0x00000004,data,str_00424493
0x004244AE,0x00000006,data,str_004244AE
0x004244D9,0x00000005,data,str_004244D9
0x00424601,0x00000005,data,str_00424601
0x004248C0,0x00000004,data,str_004248C0
0x00424969,0x00000004,data,str_00424969
0x004249F7,0x00000004,data,str_004249F7
0x00424B47,0x00000005,data,str_00424B47
0x00425310,0x00000005,data,str_00425310
0x00425427,0x00000004,data,str_00425427
0x00425654,0x00000004,data,str_00425654
0x00425760,0x00000004,data,str_00425760
0x004257DD,0x00000004,data,str_004257DD
0x004259EE,0x00000005,data,str_004259EE
0x004259F6,0x00000005,data,str_004259F6
0x00425A05,0x00000005,data,str_00425A05
0x00425A15,0x00000005,data,str_00425A15
0x00425A36,0x00000005,data,str_00425A36
0x00425A52,0x00000005,data,str_00425A52
0x00425A74,0x00000004,data,str_00425A74
0x00425AAC,0x00000005,data,str_00425AAC
0x00425BFE,0x00000004,data,str_00425BFE
0x00425C65,0x00000004,data,str_00425C65
0x00425D15,0x00000006,data,str_00425D15
0x00425D77,0x00000006,data,str_00425D77
0x00425EAB,0x00000004,data,str_00425EAB
0x00425F3C,0x00000005,data,str_00425F3C
0x00425F74,0x00000005,data,str_00425F74
0x00425F7D,0x00000004,data,str_00425F7D
0x00425F8D,0x00000004,data,str_00425F8D
0x00425F97,0x00000006,data,str_00425F97
0x00425FD7,0x00000004,data,str_00425FD7
0x00425FF7,0x00000005,data,str_00425FF7
0x00426010,0x00000004,data,str_00426010
0x004260A0,0x00000006,data,str_004260A0
0x004262AA,0x00000004,data,str_004262AA
0x00426481,0x00000004,data,str_00426481
0x00426A91,0x00000004,data,str_00426A91
0x00426AB9,0x00000004,data,str_00426AB9
0x00426AC6,0x00000004,data,str_00426AC6
0x00426ACA,0x00000004,data,str_00426ACA
0x00426BAB,0x00000004,data,str_00426BAB
0x00426C70,0x00000009,data,str_00426C70
0x00426C7F,0x00000005,data,str_00426C7F
0x00426DE0,0x00000004,data,str_00426DE0
0x00426E9E,0x00000004,data,str_00426E9E
0x00426FA0,0x00000004,data,str_00426FA0
0x00426FC0,0x00000004,data,str_00426FC0
0x00427269,0x00000004,data,str_00427269
0x00427295,0x00000004,data,str_00427295
0x004275BE,0x00000004,data,str_004275BE
0x004277CC,0x00000004,data,str_004277CC
0x00427A81,0x00000004,data,str_00427A81
0x00427BBE,0x00000004,data,str_00427BBE
0x00427EEF,0x00000007,data,str_00427EEF
0x0042808B,0x00000004,data,str_0042808B
0x00428142,0x00000005,data,str_00428142
0x004281BD,0x00000005,data,str_004281BD
0x004285FC,0x00000005,data,str_004285FC
0x0042865F,0x00000004,data,str_0042865F
0x0042866A,0x00000004,data,str_0042866A
0x0042866E,0x00000004,data,str_0042866E
0x00428A3D,0x00000004,data,str_00428A3D
0x00428AFF,0x00000004,data,str_00428AFF
0x00428B1A,0x00000007,data,str_00428B1A
0x00428B3C,0x00000004,data,str_00428B3C
0x00428B4E,0x00000005,data,str_00428B4E
0x00428C71,0x00000005,data,str_00428C71
0x00428CE7,0x00000005,data,str_00428CE7
0x00428DCB,0x00000004,data,str_00428DCB
0x00428E2A,0x00000005,data,str_00428E2A
0x004291E5,0x00000004,data,str_004291E5
0x004292C9,0x00000004,data,str_004292C9
0x0042939F,0x00000004,data,str_0042939F
0x00429A8C,0x00000004,data,str_00429A8C
0x00429B62,0x00000004,data,str_00429B62
0x00429BF8,0x00000006,data,str_00429BF8
0x00429C74,0x00000004,data,str_00429C74
0x00429C88,0x00000004,data,str_00429C88
0x00429C92,0x00000004,data,str_00429C92
0x00429C9C,0x00000004,data,str_00429C9C
0x00429CA6,0x00000004,data,str_00429CA6
0x00429CB0,0x00000004,data,str_00429CB0
0x00429CBF,0x00000004,data,str_00429CBF
0x00429D0F,0x00000005,data,str_00429D0F
0x00429DE0,0x00000005,data,str_00429DE0
0x00429DFD,0x00000005,data,str_00429DFD
0x00429E20,0x00000005,data,str_00429E20
0x00429E3C,0x00000005,data,str_00429E3C
0x00429E4F,0x00000005,data,str_00429E4F
0x00429F22,0x00000004,data,str_00429F22
0x0042A2D8,0x00000004,data,str_0042A2D8
0x0042A732,0x00000004,data,str_0042A732
0x0042A75A,0x00000004,data,str_0042A75A
0x0042A763,0x00000004,data,str_0042A763
0x0042A85A,0x00000005,data,str_0042A85A
0x0042A891,0x00000005,data,str_0042A891
0x0042A8A4,0x00000006,data,str_0042A8A4
0x0042A8B9,0x00000005,data,str_0042A8B9
0x0042A8D1,0x00000006,data,str_0042A8D1
0x0042A9EF,0x00000004,data,str_0042A9EF
0x0042A9F4,0x00000006,data,str_0042A9F4
0x0042AA26,0x00000004,data,str_0042AA26
0x0042AA58,0x00000005,data,str_0042AA58
0x0042AA71,0x00000005,data,str_0042AA71
0x0042AB1D,0x00000006,data,str_0042AB1D
0x0042AB35,0x00000005,data,str_0042AB35
0x0042ACCC,0x00000004,data,str_0042ACCC
0x0042AD0D,0x00000004,data,str_0042AD0D
0x0042AE89,0x00000005,data,str_0042AE89
0x0042AF9A,0x00000004,data,str_0042AF9A
0x0042AFCB,0x00000004,data,str_0042AFCB
0x0042AFD6,0x00000004,data,str_0042AFD6
0x0042AFDA,0x00000004,data,str_0042AFDA
0x0042B009,0x00000004,data,str_0042B009
0x0042B113,0x00000005,data,str_0042B113
0x0042B19A,0x00000006,data,str_0042B19A
0x0042B1D1,0x00000004,data,str_0042B1D1
0x0042B223,0x00000004,data,str_0042B223
0x0042B2CB,0x00000004,data,str_0042B2CB
0x0042B421,0x00000004,data,str_0042B421
0x0042B428,0x00000004,data,str_0042B428
0x0042B42C,0x00000004,data,str_0042B42C
0x0042B439,0x00000004,data,str_0042B439
0x0042B4C3,0x00000005,data,str_0042B4C3
0x0042B516,0x00000004,data,str_0042B516
0x0042B6FC,0x00000004,data,str_0042B6FC
0x0042B73F,0x00000004,data,str_0042B73F
0x0042B8C9,0x00000005,data,str_0042B8C9
0x0042B92B,0x00000004,data,str_0042B92B
0x0042B977,0x00000004,data,str_0042B977
0x0042B9A3,0x00000004,data,str_0042B9A3
0x0042B9CF,0x00000006,data,str_0042B9CF
0x0042BA1F,0x00000004,data,str_0042BA1F
0x0042BAA8,0x00000004,data,str_0042BAA8
0x0042BAEA,0x00000004,data,str_0042BAEA
0x0042BB19,0x00000004,data,str_0042BB19
0x0042BB2C,0x00000004,data,str_0042BB2C
0x0042BB45,0x00000004,data,str_0042BB45
0x0042BB56,0x00000004,data,str_0042BB56
0x0042BB6E,0x00000005,data,str_0042BB6E
0x0042BB88,0x00000005,data,str_0042BB88
0x0042BBBC,0x00000004,data,str_0042BBBC
0x0042BC10,0x00000004,data,str_0042BC10
0x0042BCAA,0x00000004,data,str_0042BCAA
0x0042BCF1,0x00000004,data,str_0042BCF1
0x0042BD08,0x00000006,data,str_0042BD08
0x0042BD92,0x00000004,data,str_0042BD92
0x0042BDC6,0x00000004,data,str_0042BDC6
0x0042BE1C,0x00000004,data,str_0042BE1C
0x0042BE51,0x00000004,data,str_0042BE51
0x0042BEAA,0x00000004,data,str_0042BEAA
0x0042BED1,0x00000004,data,str_0042BED1
0x0042BF15,0x00000004,data,str_0042BF15
0x0042BF3C,0x00000004,data,str_0042BF3C
0x0042BFB3,0x00000004,data,str_0042BFB3
0x0042BFDC,0x00000004,data,str_0042BFDC
0x0042C01B,0x00000004,data,str_0042C01B
0x0042C042,0x00000004,data,str_0042C042
0x0042C0AC,0x00000004,data,str_0042C0AC
0x0042C146,0x00000004,data,str_0042C146
0x0042C241,0x00000004,data,str_0042C241
0x0042C2C3,0x00000004,data,str_0042C2C3
0x0042C319,0x00000004,data,str_0042C319
0x0042C390,0x00000004,data,str_0042C390
0x0042C3B9,0x00000004,data,str_0042C3B9
0x0042C412,0x00000004,data,str_0042C412
0x0042C43A,0x00000004,data,str_0042C43A
0x0042C484,0x00000004,data,str_0042C484
0x0042C4AB,0x00000004,data,str_0042C4AB
0x0042C509,0x00000004,data,str_0042C509
0x0042C522,0x00000004,data,str_0042C522
0x0042C560,0x00000004,data,str_0042C560
0x0042C581,0x00000004,data,str_0042C581
0x0042C594,0x00000004,data,str_0042C594
0x0042C5B0,0x00000004,data,str_0042C5B0
0x0042C5EF,0x00000004,data,str_0042C5EF
0x0042C616,0x00000004,data,str_0042C616
0x0042C655,0x00000004,data,str_0042C655
0x0042C67C,0x00000004,data,str_0042C67C
0x0042C6BA,0x00000004,data,str_0042C6BA
0x0042C6E1,0x00000004,data,str_0042C6E1
0x0042C719,0x00000004,data,str_0042C719
0x0042C73A,0x00000004,data,str_0042C73A
0x0042C74D,0x00000004,data,str_0042C74D
0x0042C769,0x00000004,data,str_0042C769
0x0042C7A7,0x00000004,data,str_0042C7A7
0x0042C7C8,0x00000004,data,str_0042C7C8
0x0042C7DB,0x00000004,data,str_0042C7DB
0x0042C80A,0x00000004,data,str_0042C80A
0x0042C848,0x00000004,data,str_0042C848
0x0042C869,0x00000004,data,str_0042C869
0x0042C87C,0x00000004,data,str_0042C87C
0x0042C898,0x00000004,data,str_0042C898
0x0042C8D7,0x00000004,data,str_0042C8D7
0x0042C8FE,0x00000004,data,str_0042C8FE
0x0042C939,0x00000004,data,str_0042C939
0x0042C95A,0x00000004,data,str_0042C95A
0x0042C962,0x00000004,data,str_0042C962
0x0042C96A,0x00000004,data,str_0042C96A
0x0042C972,0x00000004,data,str_0042C972
0x0042C97A,0x00000004,data,str_0042C97A
0x0042C982,0x00000004,data,str_0042C982
0x0042C991,0x00000004,data,str_0042C991
0x0042C9D9,0x00000004,data,str_0042C9D9
0x0042CA00,0x00000004,data,str_0042CA00
0x0042CA3A,0x00000004,data,str_0042CA3A
0x0042CA74,0x00000004,data,str_0042CA74
0x0042CAAC,0x00000004,data,str_0042CAAC
0x0042CAD3,0x00000004,data,str_0042CAD3
0x0042CB11,0x00000004,data,str_0042CB11
0x0042CB38,0x00000004,data,str_0042CB38
0x0042CB72,0x00000004,data,str_0042CB72
0x0042CBAC,0x00000004,data,str_0042CBAC
0x0042CBEA,0x00000004,data,str_0042CBEA
0x0042CC0E,0x00000004,data,str_0042CC0E
0x0042CC55,0x00000004,data,str_0042CC55
0x0042CC73,0x00000004,data,str_0042CC73
0x0042CCAC,0x00000004,data,str_0042CCAC
0x0042CCE3,0x00000004,data,str_0042CCE3
0x0042CD4D,0x00000005,data,str_0042CD4D
0x0042CD67,0x00000005,data,str_0042CD67
0x0042CD82,0x00000005,data,str_0042CD82
0x0042CD9C,0x00000005,data,str_0042CD9C
0x0042CDB7,0x00000005,data,str_0042CDB7
0x0042CDD4,0x00000005,data,str_0042CDD4
0x0042CDF4,0x00000005,data,str_0042CDF4
0x0042CE11,0x00000005,data,str_0042CE11
0x0042CE31,0x00000005,data,str_0042CE31
0x0042CE4A,0x00000005,data,str_0042CE4A
0x0042CE67,0x00000005,data,str_0042CE67
0x0042CE98,0x00000005,data,str_0042CE98
0x0042CED7,0x00000005,data,str_0042CED7
0x0042CEFD,0x00000005,data,str_0042CEFD
0x0042CF2A,0x00000005,data,str_0042CF2A
0x0042CF50,0x00000005,data,str_0042CF50
0x0042CF7A,0x00000005,data,str_0042CF7A
0x0042CF97,0x00000005,data,str_0042CF97
0x0042D067,0x00000004,data,str_0042D067
0x0042D28A,0x00000005,data,str_0042D28A
0x0042D2AD,0x00000005,data,str_0042D2AD
0x0042D2DB,0x00000005,data,str_0042D2DB
0x0042D301,0x00000005,data,str_0042D301
0x0042D332,0x00000005,data,str_0042D332
0x0042D364,0x00000005,data,str_0042D364
0x0042D3A1,0x00000005,data,str_0042D3A1
0x0042D3CD,0x00000005,data,str_0042D3CD
0x0042D401,0x00000005,data,str_0042D401
0x0042D420,0x00000005,data,str_0042D420
0x0042D440,0x00000005,data,str_0042D440
0x0042D45A,0x00000005,data,str_0042D45A
0x0042D475,0x00000005,data,str_0042D475
0x0042D48F,0x00000005,data,str_0042D48F
0x0042D4B3,0x00000004,data,str_0042D4B3
0x0042D4BD,0x00000005,data,str_0042D4BD
0x0042D4DE,0x00000005,data,str_0042D4DE
0x0042D51B,0x00000004,data,str_0042D51B
0x0042D52A,0x00000005,data,str_0042D52A
0x0042D556,0x00000005,data,str_0042D556
0x0042D578,0x00000005,data,str_0042D578
0x0042D59D,0x00000005,data,str_0042D59D
0x0042D5BC,0x00000005,data,str_0042D5BC
0x0042D5DC,0x00000005,data,str_0042D5DC
0x0042D5F6,0x00000005,data,str_0042D5F6
0x0042D611,0x00000005,data,str_0042D611
0x0042D62B,0x00000005,data,str_0042D62B
0x0042D646,0x00000005,data,str_0042D646
0x0042D668,0x00000005,data,str_0042D668
0x0042D68D,0x00000005,data,str_0042D68D
0x0042D6AC,0x00000005,data,str_0042D6AC
0x0042D6CC,0x00000005,data,str_0042D6CC
0x0042D6E6,0x00000005,data,str_0042D6E6
0x0042D701,0x00000005,data,str_0042D701
0x0042D71B,0x00000005,data,str_0042D71B
0x0042D736,0x00000005,data,str_0042D736
0x0042D758,0x00000005,data,str_0042D758
0x0042D77D,0x00000005,data,str_0042D77D
0x0042D795,0x00000005,data,str_0042D795
0x0042D7B0,0x00000005,data,str_0042D7B0
0x0042D7CF,0x00000005,data,str_0042D7CF
0x0042D7EF,0x00000005,data,str_0042D7EF
0x0042D809,0x00000005,data,str_0042D809
0x0042D824,0x00000005,data,str_0042D824
0x0042D83E,0x00000005,data,str_0042D83E
0x0042D862,0x00000004,data,str_0042D862
0x0042D86C,0x00000005,data,str_0042D86C
0x0042D88D,0x00000005,data,str_0042D88D
0x0042D8CA,0x00000004,data,str_0042D8CA
0x0042D8D9,0x00000005,data,str_0042D8D9
0x0042D905,0x00000005,data,str_0042D905
0x0042D927,0x00000005,data,str_0042D927
0x0042D94C,0x00000005,data,str_0042D94C
0x0042D96E,0x00000005,data,str_0042D96E
0x0042D993,0x00000005,data,str_0042D993
0x0042D9B1,0x00000005,data,str_0042D9B1
0x0042D9D2,0x00000005,data,str_0042D9D2
0x0042DA01,0x00000005,data,str_0042DA01
0x0042DA2F,0x00000005,data,str_0042DA2F
0x0042DA58,0x00000005,data,str_0042DA58
0x0042DA80,0x00000005,data,str_0042DA80
0x0042DAA9,0x00000005,data,str_0042DAA9
0x0042DAD1,0x00000005,data,str_0042DAD1
0x0042DAF0,0x00000005,data,str_0042DAF0
0x0042DB10,0x00000005,data,str_0042DB10
0x0042DB2A,0x00000005,data,str_0042DB2A
0x0042DB45,0x00000005,data,str_0042DB45
0x0042DB5F,0x00000005,data,str_0042DB5F
0x0042DB7A,0x00000005,data,str_0042DB7A
0x0042DB9C,0x00000005,data,str_0042DB9C
0x0042DBC1,0x00000005,data,str_0042DBC1
0x0042DBE0,0x00000005,data,str_0042DBE0
0x0042DC00,0x00000005,data,str_0042DC00
0x0042DC1A,0x00000005,data,str_0042DC1A
0x0042DC35,0x00000005,data,str_0042DC35
0x0042DC4F,0x00000005,data,str_0042DC4F
0x0042DC6A,0x00000005,data,str_0042DC6A
0x0042DC8C,0x00000005,data,str_0042DC8C
0x0042DD4F,0x00000004,data,str_0042DD4F
0x0042DE05,0x00000004,data,str_0042DE05
0x0042DFA6,0x00000005,data,str_0042DFA6
0x0042DFCE,0x00000005,data,str_0042DFCE
0x0042E008,0x00000004,data,str_0042E008
0x0042E030,0x00000005,data,str_0042E030
0x0042E06D,0x00000004,data,str_0042E06D
0x0042E35A,0x00000005,data,str_0042E35A
0x0042E36E,0x00000005,data,str_0042E36E
0x0042E38E,0x00000004,data,str_0042E38E
0x0042E41B,0x00000004,data,str_0042E41B
0x0042E4E5,0x00000005,data,str_0042E4E5
0x0042E502,0x00000005,data,str_0042E502
0x0042E56C,0x00000005,data,str_0042E56C
0x0042E59A,0x00000005,data,str_0042E59A
0x0042E5DA,0x00000005,data,str_0042E5DA
0x0042E600,0x00000005,data,str_0042E600
0x0042E677,0x00000004,data,str_0042E677
0x0042E698,0x00000004,data,str_0042E698
0x0042E6CD,0x00000005,data,str_0042E6CD
0x0042E6DC,0x00000006,data,str_0042E6DC
0x0042E70D,0x00000005,data,str_0042E70D
0x0042E72D,0x00000005,data,str_0042E72D
0x0042E8C3,0x00000004,data,str_0042E8C3
0x0042E8CD,0x00000004,data,str_0042E8CD
0x0042E8D7,0x00000004,data,str_0042E8D7
0x0042E8E1,0x00000004,data,str_0042E8E1
0x0042E8EB,0x00000004,data,str_0042E8EB
0x0042E8F5,0x00000004,data,str_0042E8F5
0x0042E8FF,0x00000004,data,str_0042E8FF
0x0042E909,0x00000004,data,str_0042E909
0x0042E913,0x00000004,data,str_0042E913
0x0042E91D,0x00000004,data,str_0042E91D
0x0042E927,0x00000004,data,str_0042E927
0x0042E931,0x00000004,data,str_0042E931
0x0042E93B,0x00000004,data,str_0042E93B
0x0042E945,0x00000004,data,str_0042E945
0x0042E94F,0x00000004,data,str_0042E94F
0x0042E959,0x00000004,data,str_0042E959
0x0042E963,0x00000004,data,str_0042E963
0x0042E96D,0x00000004,data,str_0042E96D
0x0042E977,0x00000004,data,str_0042E977
0x0042E981,0x00000004,data,str_0042E981
0x0042E98B,0x00000004,data,str_0042E98B
0x0042E995,0x00000004,data,str_0042E995
0x0042E99F,0x00000004,data,str_0042E99F
0x0042E9A9,0x00000004,data,str_0042E9A9
0x0042EBFB,0x00000004,data,str_0042EBFB
0x0042EC8F,0x00000004,data,str_0042EC8F
0x0042ED31,0x00000004,data,str_0042ED31
0x0042ED98,0x00000004,data,str_0042ED98
0x0042EE80,0x00000004,data,str_0042EE80
0x0042EE9D,0x00000006,data,str_0042EE9D
0x0042EF5A,0x00000004,data,str_0042EF5A
0x0042EFA9,0x00000004,data,str_0042EFA9
0x0042F15E,0x00000004,data,str_0042F15E
0x0042F295,0x00000004,data,str_0042F295
0x0042F4BB,0x00000004,data,str_0042F4BB
0x0042F6C0,0x00000004,data,str_0042F6C0
0x0042F701,0x00000004,data,str_0042F701
0x0042F81C,0x00000004,data,str_0042F81C
0x0042F85D,0x00000004,data,str_0042F85D
0x0042F94E,0x00000004,data,str_0042F94E
0x0042F98F,0x00000004,data,str_0042F98F
0x0042FA52,0x00000004,data,str_0042FA52
0x0042FA93,0x00000004,data,str_0042FA93
0x0042FC0B,0x00000004,data,str_0042FC0B
0x0042FC4C,0x00000004,data,str_0042FC4C
0x0042FC8C,0x00000004,data,str_0042FC8C
0x0042FCCD,0x00000004,data,str_0042FCCD
0x0042FD88,0x00000004,data,str_0042FD88
0x0042FDC9,0x00000004,data,str_0042FDC9
0x0042FE8C,0x00000004,data,str_0042FE8C
0x0042FECD,0x00000004,data,str_0042FECD
0x0043005A,0x00000004,data,str_0043005A
0x004300AC,0x00000005,data,str_004300AC
0x004301D1,0x00000004,data,str_004301D1
0x004301E0,0x00000004,data,str_004301E0
0x00430200,0x00000004,data,str_00430200
0x00430213,0x00000004,data,str_00430213
0x0043043F,0x00000004,data,str_0043043F
0x0043061E,0x00000005,data,str_0043061E
0x0043062F,0x00000005,data,str_0043062F
0x0043066A,0x00000004,data,str_0043066A
0x00430A4F,0x00000004,data,str_00430A4F
0x00430A5E,0x00000004,data,str_00430A5E
0x00430A7E,0x00000005,data,str_00430A7E
0x00430A97,0x00000005,data,str_00430A97
0x00430AAF,0x00000005,data,str_00430AAF
0x00430B53,0x00000004,data,str_00430B53
0x00430B62,0x00000004,data,str_00430B62
0x00430BF4,0x00000004,data,str_00430BF4
0x00430C03,0x00000004,data,str_00430C03
0x00430CB8,0x00000004,data,str_00430CB8
0x00430CC7,0x00000004,data,str_00430CC7
0x00430CE7,0x00000005,data,str_00430CE7
0x00430D00,0x00000005,data,str_00430D00
0x00430D18,0x00000005,data,str_00430D18
0x00431721,0x00000005,data,str_00431721
0x00431757,0x00000004,data,str_00431757
0x00431762,0x00000004,data,str_00431762
0x004318CE,0x00000004,data,str_004318CE
0x004318EA,0x00000004,data,str_004318EA
0x0043193B,0x00000004,data,str_0043193B
0x00431ADC,0x00000004,data,str_00431ADC
0x00431BBD,0x00000004,data,str_00431BBD
0x00431C29,0x00000005,data,str_00431C29
0x00431C97,0x00000004,data,str_00431C97
0x00431D0A,0x00000004,data,str_00431D0A
0x0043229D,0x00000006,data,str_0043229D
0x0043230D,0x00000006,data,str_0043230D
0x00432323,0x00000005,data,str_00432323
0x00432366,0x00000004,data,str_00432366
0x00432467,0x00000004,data,str_00432467
0x004326CF,0x00000004,data,str_004326CF
0x004326DC,0x00000004,data,str_004326DC
0x004326E0,0x00000004,data,str_004326E0
0x004326ED,0x00000004,data,str_004326ED
0x0043274B,0x00000004,data,str_0043274B
0x0043286D,0x00000005,data,str_0043286D
0x0043289A,0x00000005,data,str_0043289A
0x00432957,0x00000004,data,str_00432957
0x004329F7,0x00000004,data,str_004329F7
0x00432A2B,0x00000005,data,str_00432A2B
0x00432B73,0x00000004,data,str_00432B73
0x00432B7F,0x00000005,data,str_00432B7F
0x00432B8E,0x00000004,data,str_00432B8E
0x00432B9F,0x00000004,data,str_00432B9F
0x00432BA9,0x00000004,data,str_00432BA9
0x00432BC8,0x00000005,data,str_00432BC8
0x00432C47,0x00000004,data,str_00432C47
0x00432C51,0x00000004,data,str_00432C51
0x00432D26,0x00000004,data,str_00432D26
0x00432D87,0x00000004,data,str_00432D87
0x00432E1F,0x00000004,data,str_00432E1F
0x00432EB2,0x00000004,data,str_00432EB2
0x00432ECC,0x00000004,data,str_00432ECC
0x00432ED6,0x00000004,data,str_00432ED6
0x00432EF1,0x00000005,data,str_00432EF1
0x00432F07,0x00000004,data,str_00432F07
0x00432F14,0x00000004,data,str_00432F14
0x00432F32,0x00000004,data,str_00432F32
0x00432F8B,0x00000006,data,str_00432F8B
0x0043300C,0x00000006,data,str_0043300C
0x0043302B,0x00000006,data,str_0043302B
0x00433039,0x00000006,data,str_00433039
0x00433060,0x00000004,data,str_00433060
0x00433096,0x00000004,data,str_00433096
0x004330AC,0x00000004,data,str_004330AC
0x004330BA,0x00000004,data,str_004330BA
0x0043316D,0x00000004,data,str_0043316D
0x004332DB,0x00000004,data,str_004332DB
0x00433303,0x00000004,data,str_00433303
0x0043332B,0x00000004,data,str_0043332B
0x0043332F,0x00000004,data,str_0043332F
0x00433333,0x00000004,data,str_00433333
0x0043335A,0x00000005,data,str_0043335A
0x00433361,0x00000004,data,str_00433361
0x0043339C,0x00000005,data,str_0043339C
0x004333B4,0x00000004,data,str_004333B4
0x004333C9,0x00000004,data,str_004333C9
0x004333DC,0x00000004,data,str_004333DC
0x004333E0,0x00000004,data,str_004333E0
0x004333EC,0x00000007,data,str_004333EC
0x00433552,0x00000004,data,str_00433552
0x004335C9,0x00000004,data,str_004335C9
0x0043361A,0x00000006,data,str_0043361A
0x00433620,0x00000005,data,str_00433620
0x004336AF,0x00000004,data,str_004336AF
0x004336C5,0x00000005,data,str_004336C5
0x00433708,0x00000005,data,str_00433708
0x004337E3,0x00000004,data,str_004337E3
0x00433D3E,0x00000005,data,str_00433D3E
0x004340DD,0x00000004,data,str_004340DD
0x00434270,0x00000004,data,str_00434270
0x0043430E,0x00000004,data,str_0043430E
0x00434554,0x00000006,data,str_00434554
0x004346A0,0x00000004,data,str_004346A0
0x004346B0,0x00000005,data,str_004346B0
0x0043479E,0x00000004,data,str_0043479E
0x004347AE,0x00000005,data,str_004347AE
0x004347DD,0x00000004,data,str_004347DD
0x004347ED,0x00000005,data,str_004347ED
0x0043481C,0x00000004,data,str_0043481C
0x0043482C,0x00000005,data,str_0043482C
0x004348A3,0x00000004,data,str_004348A3
0x004348CE,0x00000004,data,str_004348CE
0x004348D8,0x00000004,data,str_004348D8
0x00434909,0x00000005,data,str_00434909
0x004349DD,0x00000005,data,str_004349DD
0x00434A45,0x00000005,data,str_00434A45
0x00434A51,0x00000005,data,str_00434A51
0x00434A79,0x00000005,data,str_00434A79
0x00434A85,0x00000005,data,str_00434A85
0x00434BED,0x00000005,data,str_00434BED
0x00434C13,0x00000004,data,str_00434C13
0x00434C86,0x00000005,data,str_00434C86
0x00434D1A,0x00000005,data,str_00434D1A
0x00434DA7,0x00000005,data,str_00434DA7
0x00434E00,0x00000005,data,str_00434E00
0x00434E6D,0x00000005,data,str_00434E6D
0x00434EA2,0x00000005,data,str_00434EA2
0x00434EAE,0x00000004,data,str_00434EAE
0x00434EE8,0x00000005,data,str_00434EE8
0x00434F55,0x00000005,data,str_00434F55
0x00434F8A,0x00000005,data,str_00434F8A
0x00434F96,0x00000004,data,str_00434F96
0x00435012,0x00000005,data,str_00435012
0x004350AF,0x00000005,data,str_004350AF
0x004351AF,0x00000005,data,str_004351AF
0x00435380,0x00000005,data,str_00435380
0x0043540E,0x00000005,data,str_0043540E
0x004354D9,0x00000005,data,str_004354D9
0x00435524,0x00000005,data,str_00435524
0x004355BE,0x00000005,data,str_004355BE
0x00435619,0x00000005,data,str_00435619
0x00435669,0x00000005,data,str_00435669
0x004356D5,0x00000005,data,str_004356D5
0x00435721,0x00000005,data,str_00435721
0x0043586F,0x00000005,data,str_0043586F
0x00435A0D,0x00000006,data,str_00435A0D
0x00435A61,0x00000006,data,str_00435A61
0x00435BC0,0x00000004,data,str_00435BC0
0x00435C32,0x00000004,data,str_00435C32
0x00435CBD,0x00000006,data,str_00435CBD
0x00435DBD,0x00000005,data,str_00435DBD
0x00435EE0,0x00000006,data,str_00435EE0
0x00435F27,0x00000006,data,str_00435F27
0x00435F97,0x00000004,data,str_00435F97
0x0043604A,0x00000004,data,str_0043604A
0x0043604E,0x00000004,data,str_0043604E
0x00436086,0x00000004,data,str_00436086
0x004360FF,0x00000005,data,str_004360FF
0x004367FE,0x00000004,data,str_004367FE
0x0043699C,0x00000004,data,str_0043699C
0x00436A35,0x00000004,data,str_00436A35
0x00436AF5,0x00000005,data,str_00436AF5
0x00436B05,0x00000005,data,str_00436B05
0x00436BDB,0x00000004,data,str_00436BDB
0x00436BEA,0x00000004,data,str_00436BEA
0x00436BF8,0x00000004,data,str_00436BF8
0x00436C2D,0x00000004,data,str_00436C2D
0x00436C34,0x00000004,data,str_00436C34
0x00436C40,0x00000004,data,str_00436C40
0x00436C47,0x00000004,data,str_00436C47
0x00436C65,0x00000004,data,str_00436C65
0x00436C79,0x00000004,data,str_00436C79
0x00436D33,0x00000004,data,str_00436D33
0x00436D4A,0x00000004,data,str_00436D4A
0x00436FAD,0x00000006,data,str_00436FAD
0x00436FE0,0x00000006,data,str_00436FE0
0x00437019,0x00000006,data,str_00437019
0x00437085,0x00000006,data,str_00437085
0x00437149,0x00000004,data,str_00437149
0x0043716F,0x00000004,data,str_0043716F
0x004371AC,0x00000004,data,str_004371AC
0x004371B3,0x00000004,data,str_004371B3
0x004371BA,0x00000004,data,str_004371BA
0x004371C1,0x00000004,data,str_004371C1
0x004371C8,0x00000004,data,str_004371C8
0x004371CF,0x00000004,data,str_004371CF
0x004371D6,0x00000004,data,str_004371D6
0x00437207,0x00000004,data,str_00437207
0x00437238,0x00000004,data,str_00437238
0x0043741A,0x00000005,data,str_0043741A
0x00437421,0x00000005,data,str_00437421
0x004376F8,0x00000004,data,str_004376F8
0x004377C6,0x00000004,data,str_004377C6
0x004377D0,0x00000004,data,str_004377D0
0x004377DA,0x00000004,data,str_004377DA
0x004377E4,0x00000004,data,str_004377E4
0x0043782A,0x00000004,data,str_0043782A
0x00437834,0x00000004,data,str_00437834
0x0043783E,0x00000004,data,str_0043783E
0x00437848,0x00000004,data,str_00437848
0x004378B5,0x00000004,data,str_004378B5
0x004378BC,0x00000004,data,str_004378BC
0x004378C3,0x00000004,data,str_004378C3
0x004378DB,0x00000004,data,str_004378DB
0x0043792E,0x00000004,data,str_0043792E
0x00437932,0x00000004,data,str_00437932
0x00437936,0x00000004,data,str_00437936
0x0043793A,0x00000004,data,str_0043793A
0x0043795D,0x00000008,data,str_0043795D
0x0043798E,0x00000005,data,str_0043798E
0x00437A28,0x00000004,data,str_00437A28
0x00437A2F,0x00000004,data,str_00437A2F
0x00437A36,0x00000004,data,str_00437A36
0x00437A3D,0x00000004,data,str_00437A3D
0x00437A44,0x00000004,data,str_00437A44
0x00437A4B,0x00000004,data,str_00437A4B
0x00437A52,0x00000004,data,str_00437A52
0x00437AB5,0x00000005,data,str_00437AB5
0x00437AD3,0x00000005,data,str_00437AD3
0x00437BB2,0x00000004,data,str_00437BB2
0x00437BB6,0x00000004,data,str_00437BB6
0x00437BBA,0x00000004,data,str_00437BBA
0x00437BBE,0x00000004,data,str_00437BBE
0x00437BC2,0x00000004,data,str_00437BC2
0x00437BC6,0x00000004,data,str_00437BC6
0x00437BCA,0x00000004,data,str_00437BCA
0x00437BDC,0x00000006,data,str_00437BDC
0x00437C0F,0x00000004,data,str_00437C0F
0x00437C32,0x00000004,data,str_00437C32
0x00437D16,0x00000004,data,str_00437D16
0x00437D48,0x00000004,data,str_00437D48
0x00437D68,0x00000005,data,str_00437D68
0x00437D75,0x00000007,data,str_00437D75
0x00437EB5,0x00000004,data,str_00437EB5
0x00437ECE,0x00000005,data,str_00437ECE
0x00437ED8,0x00000005,data,str_00437ED8
0x00437EF7,0x00000004,data,str_00437EF7
0x00437F9F,0x00000004,data,str_00437F9F
0x00437FA6,0x00000004,data,str_00437FA6
0x00437FDB,0x00000004,data,str_00437FDB
0x00437FFE,0x00000004,data,str_00437FFE
0x00438036,0x00000004,data,str_00438036
0x00438067,0x00000004,data,str_00438067
0x00438089,0x00000004,data,str_00438089
0x004380A9,0x00000008,data,str_004380A9
0x004380B1,0x00000004,data,str_004380B1
0x004380DB,0x00000007,data,str_004380DB
0x004380E2,0x00000004,data,str_004380E2
0x00438123,0x00000004,data,str_00438123
0x004381E2,0x00000005,data,str_004381E2
0x004382CC,0x00000005,data,str_004382CC
0x004383D5,0x00000005,data,str_004383D5
0x00438401,0x00000005,data,str_00438401
0x00438411,0x00000006,data,str_00438411
0x00438424,0x00000005,data,str_00438424
0x0043843A,0x00000006,data,str_0043843A
0x0043851D,0x00000005,data,str_0043851D
0x0043855F,0x00000005,data,str_0043855F
0x0043857F,0x00000005,data,str_0043857F
0x004385E1,0x00000005,data,str_004385E1
0x00438601,0x00000005,data,str_00438601
0x00438681,0x00000005,data,str_00438681
0x0043882E,0x00000006,data,str_0043882E
0x0043897B,0x00000005,data,str_0043897B
0x00438A2D,0x00000005,data,str_00438A2D
0x00438A4D,0x00000005,data,str_00438A4D
0x00438A7E,0x00000005,data,str_00438A7E
0x00438A9A,0x00000006,data,str_00438A9A
0x00438AB7,0x00000006,data,str_00438AB7
0x00438AD4,0x00000006,data,str_00438AD4
0x00438B8B,0x00000004,data,str_00438B8B
0x00438C0C,0x00000005,data,str_00438C0C
0x00438C39,0x00000005,data,str_00438C39
0x00438CC6,0x00000007,data,str_00438CC6
0x00438CFD,0x00000007,data,str_00438CFD
0x00438DDF,0x00000004,data,str_00438DDF
0x00438DE9,0x00000004,data,str_00438DE9
0x00438DF3,0x00000004,data,str_00438DF3
0x00438DFD,0x00000004,data,str_00438DFD
0x00438E07,0x00000004,data,str_00438E07
0x00438E90,0x00000004,data,str_00438E90
0x00438ECD,0x00000004,data,str_00438ECD
0x00438ED4,0x00000004,data,str_00438ED4
0x00438F3D,0x00000006,data,str_00438F3D
0x00438FB0,0x00000005,data,str_00438FB0
0x00438FD8,0x00000004,data,str_00438FD8
0x00439049,0x00000004,data,str_00439049
0x004390B7,0x00000004,data,str_004390B7
0x004390BE,0x00000004,data,str_004390BE
0x00439118,0x00000004,data,str_00439118
0x0043911F,0x00000004,data,str_0043911F
0x0043914C,0x00000004,data,str_0043914C
0x0043917D,0x00000004,data,str_0043917D
0x00439294,0x00000004,data,str_00439294
0x004393B9,0x00000005,data,str_004393B9
0x00439882,0x00000006,data,str_00439882
0x004398B7,0x00000006,data,str_004398B7
0x00439927,0x00000006,data,str_00439927
0x004399DF,0x00000004,data,str_004399DF
0x004399ED,0x00000004,data,str_004399ED
0x00439BC2,0x00000004,data,str_00439BC2
0x00439BEE,0x00000004,data,str_00439BEE
0x0043A179,0x00000004,data,str_0043A179
0x0043A1B6,0x00000004,data,str_0043A1B6
0x0043A3FE,0x00000004,data,str_0043A3FE
0x0043A418,0x00000004,data,str_0043A418
0x0043A720,0x00000004,data,str_0043A720
0x0043A72C,0x00000004,data,str_0043A72C
0x0043A7DE,0x00000004,data,str_0043A7DE
0x0043A7F5,0x00000004,data,str_0043A7F5
0x0043A8F2,0x00000004,data,str_0043A8F2
0x0043AC88,0x00000004,data,str_0043AC88
0x0043ADD5,0x00000005,data,str_0043ADD5
0x0043AE74,0x00000004,data,str_0043AE74
0x0043AEFD,0x00000004,data,str_0043AEFD
0x0043B0B2,0x00000004,data,str_0043B0B2
0x0043B0C6,0x00000004,data,str_0043B0C6
0x0043B110,0x00000004,data,str_0043B110
0x0043B1FF,0x00000004,data,str_0043B1FF
0x0043B206,0x00000004,data,str_0043B206
0x0043B20D,0x00000004,data,str_0043B20D
0x0043B214,0x00000004,data,str_0043B214
0x0043B23A,0x00000004,data,str_0043B23A
0x0043B2C0,0x00000004,data,str_0043B2C0
0x0043B44F,0x00000004,data,str_0043B44F
0x0043B539,0x00000004,data,str_0043B539
0x0043BBEB,0x00000004,data,str_0043BBEB
0x0043BD40,0x00000004,data,str_0043BD40
0x0043BD51,0x00000004,data,str_0043BD51
0x0043C00C,0x00000004,data,str_0043C00C
0x0043C01F,0x00000004,data,str_0043C01F
0x0043C264,0x00000004,data,str_0043C264
0x0043C27D,0x00000004,data,str_0043C27D
0x0043C344,0x00000004,data,str_0043C344
0x0043C35D,0x00000004,data,str_0043C35D
0x0043C43E,0x00000004,data,str_0043C43E
0x0043C45B,0x00000004,data,str_0043C45B
0x0043C8B8,0x00000004,data,str_0043C8B8
0x0043C8D4,0x00000004,data,str_0043C8D4
0x0043CD62,0x00000004,data,str_0043CD62
0x0043CD7E,0x00000004,data,str_0043CD7E
0x0043CF53,0x00000004,data,str_0043CF53
0x0043D0C9,0x00000005,data,str_0043D0C9
0x0043D13C,0x00000005,data,str_0043D13C
0x0043D16A,0x00000005,data,str_0043D16A
0x0043D1D3,0x00000004,data,str_0043D1D3
0x0043D201,0x00000005,data,str_0043D201
0x0043D28E,0x00000005,data,str_0043D28E
0x0043D2CB,0x00000005,data,str_0043D2CB
0x0043D33B,0x00000005,data,str_0043D33B
0x0043D3B5,0x00000004,data,str_0043D3B5
0x0043D3C9,0x00000004,data,str_0043D3C9
0x0043D496,0x00000004,data,str_0043D496
0x0043D505,0x00000004,data,str_0043D505
0x0043D68E,0x00000004,data,str_0043D68E
0x0043D7DA,0x00000004,data,str_0043D7DA
0x0043D7F8,0x00000004,data,str_0043D7F8
0x0043DEF7,0x00000004,data,str_0043DEF7
0x0043DF11,0x00000004,data,str_0043DF11
0x0043E476,0x00000004,data,str_0043E476
0x0043E4A1,0x00000004,data,str_0043E4A1
0x0043E82E,0x00000004,data,str_0043E82E
0x0043EAEA,0x00000005,data,str_0043EAEA
0x0043EB67,0x00000004,data,str_0043EB67
0x0043F4D3,0x00000004,data,str_0043F4D3
0x0043F6A0,0x00000004,data,str_0043F6A0
0x0043F6EF,0x00000004,data,str_0043F6EF
0x0043FED5,0x00000004,data,str_0043FED5
0x00440044,0x00000004,data,str_00440044
0x004401B4,0x00000004,data,str_004401B4
0x004402CB,0x00000004,data,str_004402CB
0x004406C1,0x00000005,data,str_004406C1
0x00440BA8,0x00000005,data,str_00440BA8
0x00440C92,0x00000005,data,str_00440C92
0x00440CBE,0x00000005,data,str_00440CBE
0x00440CCE,0x00000006,data,str_00440CCE
0x00440CE1,0x00000005,data,str_00440CE1
0x00440CF7,0x00000006,data,str_00440CF7
0x0044104C,0x00000005,data,str_0044104C
0x004415D3,0x00000004,data,str_004415D3
0x0044161B,0x00000007,data,str_0044161B
0x0044192D,0x00000006,data,str_0044192D
0x00441F0D,0x00000004,data,str_00441F0D
0x004420D8,0x00000005,data,str_004420D8
0x00442185,0x00000004,data,str_00442185
0x0044232E,0x00000004,data,str_0044232E
0x004423B6,0x00000004,data,str_004423B6
0x00442509,0x00000004,data,str_00442509
0x00442AAC,0x00000007,data,str_00442AAC
0x00442E71,0x00000005,data,str_00442E71
0x0044336B,0x00000004,data,str_0044336B
0x004436B7,0x00000004,data,str_004436B7
0x00443C6C,0x00000004,data,str_00443C6C
0x00443CA9,0x00000004,data,str_00443CA9
0x00443CDC,0x00000004,data,str_00443CDC
0x00443CE6,0x00000004,data,str_00443CE6
0x00443D24,0x00000004,data,str_00443D24
0x00443D3A,0x00000004,data,str_00443D3A
0x00443D46,0x00000004,data,str_00443D46
0x00443D50,0x00000004,data,str_00443D50
0x00443D58,0x00000004,data,str_00443D58
0x00443FC3,0x00000005,data,str_00443FC3
0x00443FD8,0x00000005,data,str_00443FD8
0x00443FE2,0x00000004,data,str_00443FE2
0x00443FE8,0x00000004,data,str_00443FE8
0x00443FEE,0x00000004,data,str_00443FEE
0x0044400B,0x00000005,data,str_0044400B
0x0044403F,0x00000005,data,str_0044403F
0x0044404B,0x00000005,data,str_0044404B
0x00444057,0x00000005,data,str_00444057
0x0044406B,0x00000004,data,str_0044406B
0x0044408C,0x00000004,data,str_0044408C
0x004440BB,0x00000004,data,str_004440BB
0x004440DD,0x00000004,data,str_004440DD
0x004440E3,0x00000004,data,str_004440E3
0x004440E9,0x00000004,data,str_004440E9
0x00444105,0x00000004,data,str_00444105
0x0044410A,0x00000005,data,str_0044410A
0x00444111,0x00000004,data,str_00444111
0x0044414A,0x00000004,data,str_0044414A
0x00444150,0x00000004,data,str_00444150
0x00444155,0x00000005,data,str_00444155
0x0044415B,0x00000005,data,str_0044415B
0x00444162,0x00000004,data,str_00444162
0x0044416B,0x00000005,data,str_0044416B
0x0044418E,0x00000004,data,str_0044418E
0x00444194,0x00000004,data,str_00444194
0x0044419A,0x00000004,data,str_0044419A
0x004441C9,0x00000004,data,str_004441C9
0x0044423C,0x00000004,data,str_0044423C
0x00444258,0x00000004,data,str_00444258
0x0044435B,0x00000004,data,str_0044435B
0x00444475,0x00000004,data,str_00444475
0x00444479,0x00000004,data,str_00444479
0x0044447D,0x00000004,data,str_0044447D
0x004444B1,0x00000004,data,str_004444B1
0x004444CD,0x00000004,data,str_004444CD
0x004444D1,0x00000004,data,str_004444D1
0x004444D5,0x00000004,data,str_004444D5
0x004444D9,0x00000004,data,str_004444D9
0x004444DD,0x00000004,data,str_004444DD
0x004444E1,0x00000004,data,str_004444E1
0x004444E5,0x00000004,data,str_004444E5
0x004444E9,0x00000004,data,str_004444E9
0x004444ED,0x00000004,data,str_004444ED
0x004444F1,0x00000004,data,str_004444F1
0x0044461E,0x00000004,data,str_0044461E
0x00444783,0x00000004,data,str_00444783
0x004447D6,0x00000005,data,str_004447D6
0x004447EA,0x00000004,data,str_004447EA
0x00444802,0x00000004,data,str_00444802
0x0044480D,0x00000005,data,str_0044480D
0x00444B28,0x00000004,data,str_00444B28
0x00444B34,0x00000005,data,str_00444B34
0x00444F69,0x00000004,data,str_00444F69
0x00445B9B,0x00000004,data,str_00445B9B
0x00445BA2,0x00000004,data,str_00445BA2
0x00445CF8,0x00000004,data,str_00445CF8
0x00446224,0x00000004,data,str_00446224
0x0044685B,0x00000004,data,str_0044685B
0x0044685F,0x00000004,data,str_0044685F
0x00446867,0x00000004,data,str_00446867
0x0044686F,0x00000004,data,str_0044686F
0x00446883,0x00000004,data,str_00446883
0x00446887,0x00000004,data,str_00446887
0x0044688F,0x00000004,data,str_0044688F
0x00446893,0x00000004,data,str_00446893
0x00446983,0x00000004,data,str_00446983
0x0044698D,0x00000004,data,str_0044698D
0x00446DF3,0x00000004,data,str_00446DF3
0x00446E45,0x00000004,data,str_00446E45
0x004470FC,0x00000005,data,str_004470FC
0x0044711C,0x00000005,data,str_0044711C
0x00447343,0x00000004,data,str_00447343
0x0044735B,0x00000004,data,str_0044735B
0x00447451,0x00000006,data,str_00447451
0x0044745A,0x00000004,data,str_0044745A
0x00447477,0x00000008,data,str_00447477
0x00447483,0x00000004,data,str_00447483
0x00447494,0x00000005,data,str_00447494
0x0044749A,0x00000005,data,str_0044749A
0x004476AF,0x00000004,data,str_004476AF
0x00447976,0x00000004,data,str_00447976
0x0044797B,0x00000004,data,str_0044797B
0x004479A5,0x00000004,data,str_004479A5
0x004479B4,0x00000004,data,str_004479B4
0x004479E2,0x00000004,data,str_004479E2
0x004479F1,0x00000004,data,str_004479F1
0x00447A1F,0x00000004,data,str_00447A1F
0x00447A2C,0x00000007,data,str_00447A2C
0x00447C68,0x00000005,data,str_00447C68
0x0044811C,0x00000004,data,str_0044811C
0x0044812A,0x00000004,data,str_0044812A
0x00448149,0x00000004,data,str_00448149
0x00448165,0x00000004,data,str_00448165
0x004481E1,0x00000004,data,str_004481E1
0x00448212,0x00000004,data,str_00448212
0x0044822A,0x00000004,data,str_0044822A
0x0044830B,0x00000004,data,str_0044830B
0x0044834A,0x00000004,data,str_0044834A
0x00448367,0x00000004,data,str_00448367
0x004483C9,0x00000004,data,str_004483C9
0x004483E7,0x00000004,data,str_004483E7
0x0044847C,0x00000004,data,str_0044847C
0x00448497,0x00000004,data,str_00448497
0x004484A2,0x00000005,data,str_004484A2
0x004484BB,0x00000004,data,str_004484BB
0x004484D9,0x00000004,data,str_004484D9
0x004484EB,0x00000004,data,str_004484EB
0x00448508,0x00000004,data,str_00448508
0x00448516,0x00000004,data,str_00448516
0x00448531,0x00000004,data,str_00448531
0x00448560,0x00000004,data,str_00448560
0x00448573,0x00000004,data,str_00448573
0x0044859B,0x00000004,data,str_0044859B
0x004485AD,0x00000004,data,str_004485AD
0x004485BE,0x00000004,data,str_004485BE
0x004485C3,0x00000004,data,str_004485C3
0x004485E5,0x00000004,data,str_004485E5
0x004485F8,0x00000005,data,str_004485F8
0x0044860C,0x00000004,data,str_0044860C
0x00448625,0x00000004,data,str_00448625
0x00448666,0x00000004,data,str_00448666
0x00448670,0x00000005,data,str_00448670
0x00448676,0x00000004,data,str_00448676
0x00448680,0x00000005,data,str_00448680
0x00448686,0x00000004,data,str_00448686
0x00448691,0x00000004,data,str_00448691
0x00448698,0x00000004,data,str_00448698
0x004486BE,0x00000005,data,str_004486BE
0x004486C4,0x00000005,data,str_004486C4
0x00448715,0x00000004,data,str_00448715
0x00448759,0x00000004,data,str_00448759
0x00448764,0x00000004,data,str_00448764
0x00448785,0x00000004,data,str_00448785
0x00448794,0x00000004,data,str_00448794
0x004487A3,0x00000004,data,str_004487A3
0x004487E0,0x00000004,data,str_004487E0
0x004487EB,0x00000005,data,str_004487EB
0x004487FB,0x00000005,data,str_004487FB
0x00448835,0x00000005,data,str_00448835
0x00448865,0x00000004,data,str_00448865
0x0044887D,0x00000005,data,str_0044887D
0x0044888B,0x00000005,data,str_0044888B
0x0044890C,0x00000004,data,str_0044890C
0x0044891D,0x00000004,data,str_0044891D
0x0044892D,0x00000005,data,str_0044892D
0x0044893B,0x00000005,data,str_0044893B
0x0044895A,0x00000004,data,str_0044895A
0x00448962,0x00000004,data,str_00448962
0x00448971,0x00000004,data,str_00448971
0x00448980,0x00000004,data,str_00448980
0x00448998,0x00000004,data,str_00448998
0x004489E3,0x00000004,data,str_004489E3
0x00448BFA,0x00000004,data,str_00448BFA
0x00448DE2,0x00000004,data,str_00448DE2
0x00448E12,0x00000007,data,str_00448E12
0x00449257,0x00000004,data,str_00449257
0x004492E4,0x00000004,data,str_004492E4
0x004497A2,0x00000005,data,str_004497A2
0x0044981E,0x00000005,data,str_0044981E
0x004498CE,0x00000004,data,str_004498CE
0x00449978,0x00000004,data,str_00449978
0x00449B6A,0x00000008,data,str_00449B6A
0x00449C83,0x00000005,data,str_00449C83
0x00449F0B,0x00000005,data,str_00449F0B
0x0044A5B0,0x00000004,data,str_0044A5B0
0x0044A6BD,0x00000004,data,str_0044A6BD
0x0044A759,0x00000005,data,str_0044A759
0x0044AB93,0x00000004,data,str_0044AB93
0x0044ABA4,0x00000004,data,str_0044ABA4
0x0044ABD9,0x00000004,data,str_0044ABD9
0x0044AC71,0x00000005,data,str_0044AC71
0x0044AC87,0x00000006,data,str_0044AC87
0x0044AE44,0x00000005,data,str_0044AE44
0x0044AE67,0x00000004,data,str_0044AE67
0x0044AE7C,0x00000004,data,str_0044AE7C
0x0044AE91,0x00000004,data,str_0044AE91
0x0044AEA6,0x00000004,data,str_0044AEA6
0x0044AEB0,0x00000004,data,str_0044AEB0
0x0044AEB8,0x00000004,data,str_0044AEB8
0x0044AEC0,0x00000004,data,str_0044AEC0
0x0044AEC8,0x00000004,data,str_0044AEC8
0x0044AEE6,0x00000007,data,str_0044AEE6
0x0044AEF3,0x00000005,data,str_0044AEF3
0x0044AF08,0x00000005,data,str_0044AF08
0x0044AF11,0x00000004,data,str_0044AF11
0x0044AF22,0x00000004,data,str_0044AF22
0x0044AF2D,0x00000005,data,str_0044AF2D
0x0044AF36,0x00000004,data,str_0044AF36
0x0044AF48,0x00000008,data,str_0044AF48
0x0044AF50,0x00000008,data,str_0044AF50
0x0044AF77,0x00000006,data,str_0044AF77
0x0044AF90,0x00000006,data,str_0044AF90
0x0044AF96,0x00000008,data,str_0044AF96
0x0044AFA0,0x00000006,data,str_0044AFA0
0x0044AFAC,0x00000006,data,str_0044AFAC
0x0044AFB8,0x00000006,data,str_0044AFB8
0x0044AFC0,0x00000006,data,str_0044AFC0
0x0044B11A,0x00000005,data,str_0044B11A
0x0044B461,0x00000004,data,str_0044B461
0x0044B843,0x00000004,data,str_0044B843
0x0044B977,0x00000004,data,str_0044B977
0x0044BB42,0x00000006,data,str_0044BB42
0x0044BBCC,0x00000004,data,str_0044BBCC
0x0044BCFF,0x00000004,data,str_0044BCFF
0x0044BD11,0x00000004,data,str_0044BD11
0x0044BE0D,0x00000004,data,str_0044BE0D
0x0044BFD0,0x00000004,data,str_0044BFD0
0x0044C1B1,0x00000006,data,str_0044C1B1
0x0044C276,0x00000004,data,str_0044C276
0x0044C2A9,0x00000004,data,str_0044C2A9
0x0044C335,0x00000004,data,str_0044C335
0x0044C344,0x00000004,data,str_0044C344
0x0044C383,0x00000004,data,str_0044C383
0x0044C3C0,0x00000004,data,str_0044C3C0
0x0044C3EA,0x00000004,data,str_0044C3EA
0x0044C43A,0x00000004,data,str_0044C43A
0x0044C689,0x00000004,data,str_0044C689
0x0044C771,0x00000004,data,str_0044C771
0x0044C788,0x00000005,data,str_0044C788
0x0044C7AC,0x00000004,data,str_0044C7AC
0x0044C848,0x00000004,data,str_0044C848
0x0044C9E7,0x00000004,data,str_0044C9E7
0x0044CA37,0x00000004,data,str_0044CA37
0x0044CAC0,0x00000004,data,str_0044CAC0
0x0044CEDD,0x00000004,data,str_0044CEDD
0x0044D07C,0x00000005,data,str_0044D07C
0x0044D087,0x00000004,data,str_0044D087
0x0044D09E,0x00000005,data,str_0044D09E
0x0044D0B7,0x00000005,data,str_0044D0B7
0x0044D0D5,0x00000004,data,str_0044D0D5
0x0044D150,0x00000005,data,str_0044D150
0x0044D167,0x00000005,data,str_0044D167
0x0044D1D4,0x00000005,data,str_0044D1D4
0x0044D205,0x00000004,data,str_0044D205
0x0044D21B,0x00000004,data,str_0044D21B
0x0044D55E,0x00000005,data,str_0044D55E
0x0044D570,0x00000005,data,str_0044D570
0x0044D998,0x00000004,data,str_0044D998
0x0044D9BF,0x00000004,data,str_0044D9BF
0x0044DC2B,0x00000005,data,str_0044DC2B
0x0044E13A,0x00000005,data,str_0044E13A
0x0044E231,0x00000005,data,str_0044E231
0x0044E23C,0x00000004,data,str_0044E23C
0x0044E285,0x00000005,data,str_0044E285
0x0044E367,0x00000004,data,str_0044E367
0x0044E385,0x00000005,data,str_0044E385
0x0044E3FD,0x00000004,data,str_0044E3FD
0x0044E59C,0x00000004,data,str_0044E59C
0x0044E634,0x00000005,data,str_0044E634
0x0044E803,0x00000004,data,str_0044E803
0x0044E82C,0x00000005,data,str_0044E82C
0x0044E862,0x00000005,data,str_0044E862
0x0044E87C,0x00000005,data,str_0044E87C
0x0044E8BE,0x00000004,data,str_0044E8BE
0x0044E8FE,0x00000004,data,str_0044E8FE
0x0044E9AC,0x00000004,data,str_0044E9AC
0x0044ED0A,0x00000004,data,str_0044ED0A
0x00450117,0x00000004,data,str_00450117
0x00450120,0x00000004,data,str_00450120
0x004501A2,0x00000004,data,str_004501A2
0x004501BA,0x00000004,data,str_004501BA
0x004501C8,0x00000004,data,str_004501C8
0x004501DD,0x00000004,data,str_004501DD
0x0045020D,0x00000004,data,str_0045020D
0x00450257,0x00000005,data,str_00450257
0x004502D8,0x00000004,data,str_004502D8
0x00450302,0x00000004,data,str_00450302
0x0045040A,0x00000004,data,str_0045040A
0x00450418,0x00000004,data,str_00450418
0x00450431,0x00000004,data,str_00450431
0x00450458,0x00000004,data,str_00450458
0x004504AD,0x00000005,data,str_004504AD
0x00450543,0x00000004,data,str_00450543
0x00450578,0x00000005,data,str_00450578
0x0045057F,0x00000004,data,str_0045057F
0x00450608,0x00000005,data,str_00450608
0x0045061E,0x00000004,data,str_0045061E
0x0045062B,0x00000004,data,str_0045062B
0x004506A7,0x00000004,data,str_004506A7
0x004506B9,0x00000004,data,str_004506B9
0x004506C7,0x00000004,data,str_004506C7
0x00450736,0x00000004,data,str_00450736
0x00450746,0x00000004,data,str_00450746
0x00450750,0x00000004,data,str_00450750
0x0045077F,0x00000004,data,str_0045077F
0x004508B1,0x00000004,data,str_004508B1
0x004508C8,0x00000004,data,str_004508C8
0x004508D7,0x00000004,data,str_004508D7
0x0045094F,0x00000004,data,str_0045094F
0x0045095F,0x00000004,data,str_0045095F
0x00450971,0x00000004,data,str_00450971
0x00450A1B,0x00000004,data,str_00450A1B
0x00450A4A,0x00000006,data,str_00450A4A
0x00450B40,0x00000006,data,str_00450B40
0x00450B57,0x00000004,data,str_00450B57
0x00450B76,0x00000004,data,str_00450B76
0x00450B8C,0x00000004,data,str_00450B8C
0x00450B9D,0x00000004,data,str_00450B9D
0x00450DB0,0x00000005,data,str_00450DB0
0x00450DDA,0x00000006,data,str_00450DDA
0x00450DEF,0x00000006,data,str_00450DEF
0x00450E06,0x00000005,data,str_00450E06
0x00450E20,0x00000006,data,str_00450E20
0x00450EB2,0x00000005,data,str_00450EB2
0x00451262,0x00000005,data,str_00451262
0x00451299,0x00000005,data,str_00451299
0x00451345,0x00000006,data,str_00451345
0x00451350,0x00000005,data,str_00451350
0x004516DA,0x00000004,data,str_004516DA
0x004517C8,0x00000004,data,str_004517C8
0x004517D5,0x00000004,data,str_004517D5
0x004517E6,0x00000004,data,str_004517E6
0x00451A2C,0x00000005,data,str_00451A2C
0x00451A69,0x00000004,data,str_00451A69
0x00451A77,0x00000006,data,str_00451A77
0x00451AA2,0x00000005,data,str_00451AA2
0x00451ABF,0x00000004,data,str_00451ABF
0x00451B8E,0x00000004,data,str_00451B8E
0x00451C25,0x00000007,data,str_00451C25
0x00451D55,0x00000005,data,str_00451D55
0x00451DC7,0x00000004,data,str_00451DC7
0x00451E5A,0x00000004,data,str_00451E5A
0x00451E7C,0x00000004,data,str_00451E7C
0x00451E89,0x00000004,data,str_00451E89
0x00451EA4,0x00000004,data,str_00451EA4
0x00451F36,0x00000005,data,str_00451F36
0x00451F54,0x00000004,data,str_00451F54
0x00451FC1,0x00000005,data,str_00451FC1
0x00452170,0x00000005,data,str_00452170
0x004521E8,0x00000005,data,str_004521E8
0x00452208,0x00000004,data,str_00452208
0x0045232A,0x00000004,data,str_0045232A
0x004523D8,0x00000004,data,str_004523D8
0x004523ED,0x00000007,data,str_004523ED
0x0045245D,0x00000004,data,str_0045245D
0x0045372C,0x00000005,data,str_0045372C
0x00453734,0x00000005,data,str_00453734
0x00453745,0x00000005,data,str_00453745
0x0045378D,0x00000005,data,str_0045378D
0x004537A0,0x00000005,data,str_004537A0
0x004537A8,0x00000005,data,str_004537A8
0x004537BB,0x00000005,data,str_004537BB
0x004537CD,0x00000005,data,str_004537CD
0x004537D5,0x00000005,data,str_004537D5
0x004537E6,0x00000005,data,str_004537E6
0x004537EE,0x00000005,data,str_004537EE
0x0045380B,0x00000005,data,str_0045380B
0x004538F5,0x00000004,data,str_004538F5
0x00453981,0x00000004,data,str_00453981
0x00453B5A,0x00000004,data,str_00453B5A
0x00453C23,0x00000006,data,str_00453C23
0x00453C98,0x00000005,data,str_00453C98
0x00453D35,0x00000009,data,str_00453D35
0x00453D5D,0x00000007,data,str_00453D5D
0x00453D85,0x00000004,data,str_00453D85
0x00453D97,0x00000004,data,str_00453D97
0x00453D9D,0x00000004,data,str_00453D9D
0x00453DA2,0x00000004,data,str_00453DA2
0x00453DA7,0x00000004,data,str_00453DA7
0x00453DAC,0x00000004,data,str_00453DAC
0x00453DB7,0x00000004,data,str_00453DB7
0x00453DC1,0x00000004,data,str_00453DC1
0x00453DC5,0x00000004,data,str_00453DC5
0x00453DCB,0x00000004,data,str_00453DCB
0x00453DCF,0x00000004,data,str_00453DCF
0x00453DD5,0x00000004,data,str_00453DD5
0x00453DD9,0x00000004,data,str_00453DD9
0x00453DDE,0x00000004,data,str_00453DDE
0x00453DE4,0x00000004,data,str_00453DE4
0x00453DEE,0x00000004,data,str_00453DEE
0x00453DF8,0x00000004,data,str_00453DF8
0x00453E02,0x00000004,data,str_00453E02
0x00453E0C,0x00000004,data,str_00453E0C
0x00453E16,0x00000004,data,str_00453E16
0x00453E22,0x00000004,data,str_00453E22
0x00453E44,0x00000004,data,str_00453E44
0x00453E64,0x00000004,data,str_00453E64
0x00453E99,0x00000004,data,str_00453E99
0x00453ECE,0x00000004,data,str_00453ECE
0x00453F10,0x00000004,data,str_00453F10
0x00453F41,0x00000004,data,str_00453F41
0x0045426C,0x00000004,data,str_0045426C
0x004542B1,0x00000004,data,str_004542B1
0x004543F7,0x00000004,data,str_004543F7
0x00454468,0x00000005,data,str_00454468
0x0045451A,0x00000005,data,str_0045451A
0x0045457F,0x00000004,data,str_0045457F
0x004545D4,0x00000004,data,str_004545D4
0x00454636,0x00000005,data,str_00454636
0x00454646,0x00000004,data,str_00454646
0x00454737,0x00000004,data,str_00454737
0x00454801,0x00000006,data,str_00454801
0x00454AF6,0x00000004,data,str_00454AF6
0x00454BB5,0x00000005,data,str_00454BB5
0x00454BBB,0x00000006,data,str_00454BBB
0x00454CFA,0x00000004,data,str_00454CFA
0x00454D9A,0x00000004,data,str_00454D9A
0x00454EB5,0x00000004,data,str_00454EB5
0x00455071,0x00000004,data,str_00455071
0x00455092,0x00000004,data,str_00455092
0x0045509E,0x00000004,data,str_0045509E
0x004550B2,0x00000004,data,str_004550B2
0x004550DD,0x00000004,data,str_004550DD
0x00455243,0x00000004,data,str_00455243
0x00455249,0x00000004,data,str_00455249
0x0045563F,0x00000007,data,str_0045563F
0x00455883,0x00000004,data,str_00455883
0x0045589F,0x00000005,data,str_0045589F
0x00455976,0x00000005,data,str_00455976
0x00455ACE,0x00000005,data,str_00455ACE
0x00455AFC,0x00000005,data,str_00455AFC
0x00455B27,0x00000005,data,str_00455B27
0x00455DDD,0x00000004,data,str_00455DDD
0x004561B5,0x00000004,data,str_004561B5
0x004561C2,0x00000004,data,str_004561C2
0x00456204,0x00000004,data,str_00456204
0x00456268,0x00000004,data,str_00456268
0x004562AB,0x00000004,data,str_004562AB
0x004562B3,0x00000005,data,str_004562B3
0x00456371,0x00000004,data,str_00456371
0x0045637A,0x00000004,data,str_0045637A
0x00456392,0x00000004,data,str_00456392
0x004563A5,0x00000004,data,str_004563A5
0x004563D8,0x00000004,data,str_004563D8
0x004563EC,0x00000004,data,str_004563EC
0x004563FB,0x00000004,data,str_004563FB
0x00456416,0x00000004,data,str_00456416
0x004564A9,0x00000005,data,str_004564A9
0x00456565,0x00000004,data,str_00456565
0x00456639,0x00000004,data,str_00456639
0x00456A57,0x00000004,data,str_00456A57
0x00456A60,0x00000005,data,str_00456A60
0x0045704F,0x00000005,data,str_0045704F
0x00457057,0x00000005,data,str_00457057
0x004570EC,0x00000004,data,str_004570EC
0x004574BE,0x00000004,data,str_004574BE
0x004574DD,0x00000005,data,str_004574DD
0x00457825,0x00000004,data,str_00457825
0x004578C9,0x00000005,data,str_004578C9
0x00457C89,0x00000004,data,str_00457C89
0x00457E81,0x00000005,data,str_00457E81
0x00458228,0x00000004,data,str_00458228
0x004582E2,0x00000004,data,str_004582E2
0x004582FB,0x00000004,data,str_004582FB
0x00458306,0x00000004,data,str_00458306
0x0045833D,0x00000004,data,str_0045833D
0x0045859E,0x00000005,data,str_0045859E
0x00458674,0x00000005,data,str_00458674
0x004587D4,0x00000005,data,str_004587D4
0x00458BD3,0x00000005,data,str_00458BD3
0x00458C3A,0x00000004,data,str_00458C3A
0x00458DBE,0x0000000B,data,str_00458DBE
0x00458E32,0x00000004,data,str_00458E32
0x0045909D,0x00000004,data,str_0045909D
0x004590A8,0x00000005,data,str_004590A8
0x00459157,0x00000005,data,str_00459157
0x0045946A,0x00000005,data,str_0045946A
0x0045948D,0x00000004,data,str_0045948D
0x0045959D,0x00000004,data,str_0045959D
0x004595A1,0x00000006,data,str_004595A1
0x00459828,0x00000005,data,str_00459828
0x004598B3,0x00000004,data,str_004598B3
0x00459990,0x00000005,data,str_00459990
0x004599C2,0x00000004,data,str_004599C2
0x00459A6A,0x00000004,data,str_00459A6A
0x00459B06,0x00000005,data,str_00459B06
0x00459C2C,0x00000006,data,str_00459C2C
0x00459D23,0x00000004,data,str_00459D23
0x0045A047,0x00000005,data,str_0045A047
0x0045A145,0x00000004,data,str_0045A145
0x0045A1BC,0x00000004,data,str_0045A1BC
0x0045A253,0x00000004,data,str_0045A253
0x0045A2D3,0x00000004,data,str_0045A2D3
0x0045A2E8,0x00000004,data,str_0045A2E8
0x0045A373,0x00000004,data,str_0045A373
0x0045A44C,0x00000004,data,str_0045A44C
0x0045A45A,0x00000004,data,str_0045A45A
0x0045A475,0x00000004,data,str_0045A475
0x0045A49A,0x00000004,data,str_0045A49A
0x0045A4A4,0x00000004,data,str_0045A4A4
0x0045A553,0x00000006,data,str_0045A553
0x0045A5C3,0x00000004,data,str_0045A5C3
0x0045A5CA,0x00000004,data,str_0045A5CA
0x0045A869,0x00000004,data,str_0045A869
0x0045AAFC,0x00000004,data,str_0045AAFC
0x0045AB1B,0x00000004,data,str_0045AB1B
0x0045ABAD,0x00000004,data,str_0045ABAD
0x0045AD71,0x00000004,data,str_0045AD71
0x0045AE4C,0x00000007,data,str_0045AE4C
0x0045AF6E,0x00000007,data,str_0045AF6E
0x0045AF8E,0x00000005,data,str_0045AF8E
0x0045AF9E,0x00000004,data,str_0045AF9E
0x0045AFB3,0x00000004,data,str_0045AFB3
0x0045AFFA,0x00000005,data,str_0045AFFA
0x0045B007,0x00000007,data,str_0045B007
0x0045B01B,0x00000005,data,str_0045B01B
0x0045B03F,0x00000005,data,str_0045B03F
0x0045B085,0x00000006,data,str_0045B085
0x0045B0BC,0x00000004,data,str_0045B0BC
0x0045B0D6,0x00000006,data,str_0045B0D6
0x0045B129,0x00000004,data,str_0045B129
0x0045B153,0x00000004,data,str_0045B153
0x0045B2B3,0x00000005,data,str_0045B2B3
0x0045B497,0x00000005,data,str_0045B497
0x0045B603,0x00000006,data,str_0045B603
0x0045BB18,0x00000006,data,str_0045BB18
0x0045BBCA,0x00000005,data,str_0045BBCA
0x0045BBFE,0x00000005,data,str_0045BBFE
0x0045BC12,0x00000006,data,str_0045BC12
0x0045BC28,0x00000005,data,str_0045BC28
0x0045BC41,0x00000006,data,str_0045BC41
0x0045BCCC,0x00000005,data,str_0045BCCC
0x0045BE27,0x00000006,data,str_0045BE27
0x0045C006,0x00000006,data,str_0045C006
0x0045C14B,0x00000004,data,str_0045C14B
0x0045C66D,0x00000006,data,str_0045C66D
0x0045C713,0x00000004,data,str_0045C713
0x0045C763,0x00000004,data,str_0045C763
0x0045C925,0x00000004,data,str_0045C925
0x0045C92A,0x00000006,data,str_0045C92A
0x0045C95F,0x00000004,data,str_0045C95F
0x0045CCE7,0x00000005,data,str_0045CCE7
0x0045CE9B,0x00000006,data,str_0045CE9B
0x0045D005,0x00000006,data,str_0045D005
0x0045D0D0,0x00000005,data,str_0045D0D0
0x0045D20E,0x00000004,data,str_0045D20E
0x0045D24F,0x00000004,data,str_0045D24F
0x0045D369,0x00000004,data,str_0045D369
0x0045D4B5,0x00000005,data,str_0045D4B5
0x0045D666,0x00000005,data,str_0045D666
0x0045D825,0x00000006,data,str_0045D825
0x0045DBE8,0x00000005,data,str_0045DBE8
0x0045DE35,0x00000004,data,str_0045DE35
0x0045DF2B,0x00000004,data,str_0045DF2B
0x0045DFB0,0x00000004,data,str_0045DFB0
0x0045E2E9,0x00000006,data,str_0045E2E9
0x0045E647,0x00000004,data,str_0045E647
0x0045E802,0x00000004,data,str_0045E802
0x0045E82B,0x00000004,data,str_0045E82B
0x0045E834,0x00000004,data,str_0045E834
0x0045E8DD,0x00000005,data,str_0045E8DD
0x0045E924,0x00000005,data,str_0045E924
0x0045EB03,0x00000004,data,str_0045EB03
0x0045EB13,0x00000004,data,str_0045EB13
0x0045EB1B,0x00000004,data,str_0045EB1B
0x0045EB92,0x00000008,data,str_0045EB92
0x0045ECE1,0x00000004,data,str_0045ECE1
0x0045EFD6,0x00000005,data,str_0045EFD6
0x0045F047,0x00000004,data,str_0045F047
0x0045F062,0x00000004,data,str_0045F062
0x0045F09C,0x00000004,data,str_0045F09C
0x0045F0AA,0x00000004,data,str_0045F0AA
0x0045F0E5,0x00000004,data,str_0045F0E5
0x0045F217,0x00000004,data,str_0045F217
0x0045F21F,0x00000004,data,str_0045F21F
0x0045F275,0x00000004,data,str_0045F275
0x0045F328,0x00000004,data,str_0045F328
0x0045F3C6,0x00000004,data,str_0045F3C6
0x0045F465,0x00000004,data,str_0045F465
0x0045F531,0x00000004,data,str_0045F531
0x0045F7E6,0x00000004,data,str_0045F7E6
0x0045FADB,0x00000004,data,str_0045FADB
0x0045FCA8,0x00000004,data,str_0045FCA8
0x0045FD1B,0x00000005,data,str_0045FD1B
0x0045FD63,0x00000004,data,str_0045FD63
0x0045FE2A,0x00000004,data,str_0045FE2A
0x0045FEF9,0x00000004,data,str_0045FEF9
0x0045FF86,0x00000004,data,str_0045FF86
0x004601DC,0x00000005,data,str_004601DC
0x00460211,0x00000004,data,str_00460211
0x004605FD,0x00000004,data,str_004605FD
0x004608B0,0x00000004,data,str_004608B0
0x00460974,0x00000005,data,str_00460974
0x00460990,0x00000005,data,str_00460990
0x00460A1E,0x00000004,data,str_00460A1E
0x00460A6B,0x00000004,data,str_00460A6B
0x00460A7E,0x00000004,data,str_00460A7E
0x00460ADF,0x00000004,data,str_00460ADF
0x00460B09,0x00000004,data,str_00460B09
0x00460B24,0x00000006,data,str_00460B24
0x00460C1F,0x00000004,data,str_00460C1F
0x00460CC2,0x00000005,data,str_00460CC2
0x00460E43,0x00000004,data,str_00460E43
0x00460FC8,0x00000006,data,str_00460FC8
0x0046113D,0x00000004,data,str_0046113D
0x0046116D,0x00000004,data,str_0046116D
0x004611D0,0x00000005,data,str_004611D0
0x0046131D,0x00000004,data,str_0046131D
0x00461329,0x00000004,data,str_00461329
0x004614B9,0x00000004,data,str_004614B9
0x004614D5,0x00000004,data,str_004614D5
0x004614E5,0x00000004,data,str_004614E5
0x004614FC,0x00000004,data,str_004614FC
0x0046153F,0x00000005,data,str_0046153F
0x004615AF,0x00000005,data,str_004615AF
0x00461798,0x00000005,data,str_00461798
0x00461894,0x00000004,data,str_00461894
0x004618AA,0x00000004,data,str_004618AA
0x00461B54,0x00000004,data,str_00461B54
0x004624F0,0x00000004,data,str_004624F0
0x0046283D,0x00000004,data,str_0046283D
0x00462854,0x00000005,data,str_00462854
0x0046285E,0x00000004,data,str_0046285E
0x0046286A,0x00000004,data,str_0046286A
0x004628A2,0x00000004,data,str_004628A2
0x004628E3,0x00000005,data,str_004628E3
0x00462999,0x00000004,data,str_00462999
0x0046299F,0x00000004,data,str_0046299F
0x004629A5,0x00000004,data,str_004629A5
0x004629AB,0x00000004,data,str_004629AB
0x004629BA,0x00000004,data,str_004629BA
0x004629C0,0x00000004,data,str_004629C0
0x00462A7B,0x00000005,data,str_00462A7B
0x00462AFC,0x00000004,data,str_00462AFC
0x00462BF3,0x00000005,data,str_00462BF3
0x00462D57,0x00000004,data,str_00462D57
0x00462D8B,0x00000004,data,str_00462D8B
0x00462DE4,0x00000004,data,str_00462DE4
0x00462DF7,0x00000004,data,str_00462DF7
0x00462DFD,0x00000004,data,str_00462DFD
0x00462E0F,0x00000005,data,str_00462E0F
0x00462E5C,0x00000004,data,str_00462E5C
0x00462EBE,0x00000004,data,str_00462EBE
0x00462EE8,0x00000004,data,str_00462EE8
0x00462F01,0x00000004,data,str_00462F01
0x00462F10,0x00000004,data,str_00462F10
0x0046301B,0x00000004,data,str_0046301B
0x00463036,0x00000007,data,str_00463036
0x004635E0,0x00000004,data,str_004635E0
0x004637DB,0x00000004,data,str_004637DB
0x00463819,0x00000004,data,str_00463819
0x00463856,0x00000005,data,str_00463856
0x00463C28,0x00000004,data,str_00463C28
0x00463C4E,0x00000005,data,str_00463C4E
0x00463CD4,0x00000004,data,str_00463CD4
0x00463DB1,0x00000004,data,str_00463DB1
0x00463DCD,0x00000006,data,str_00463DCD
0x00464043,0x00000004,data,str_00464043
0x0046405F,0x00000004,data,str_0046405F
0x004640E9,0x00000004,data,str_004640E9
0x00464185,0x00000004,data,str_00464185
0x004641A1,0x00000006,data,str_004641A1
0x004642A2,0x00000004,data,str_004642A2
0x004647F7,0x00000004,data,str_004647F7
0x00464871,0x00000005,data,str_00464871
0x0046493B,0x00000005,data,str_0046493B
0x00464958,0x00000005,data,str_00464958
0x004649BF,0x00000005,data,str_004649BF
0x004649EB,0x00000005,data,str_004649EB
0x00464D65,0x00000004,data,str_00464D65
0x00464DAE,0x00000004,data,str_00464DAE
0x00464EFA,0x00000007,data,str_00464EFA
0x00464F03,0x00000005,data,str_00464F03
0x00465045,0x00000004,data,str_00465045
0x0046511A,0x00000004,data,str_0046511A
0x00465159,0x00000004,data,str_00465159
0x004653FB,0x00000004,data,str_004653FB
0x00465437,0x00000004,data,str_00465437
0x0046547F,0x00000004,data,str_0046547F
0x00465528,0x00000004,data,str_00465528
0x00465530,0x00000004,data,str_00465530
0x00465539,0x00000004,data,str_00465539
0x00465595,0x00000004,data,str_00465595
0x004655A6,0x00000004,data,str_004655A6
0x004655BC,0x00000004,data,str_004655BC
0x004655F2,0x00000004,data,str_004655F2
0x00465BB8,0x00000004,data,str_00465BB8
0x00465C1C,0x00000004,data,str_00465C1C
0x00465D42,0x00000005,data,str_00465D42
0x00465D69,0x00000004,data,str_00465D69
0x00465D8A,0x00000005,data,str_00465D8A
0x00465D92,0x00000004,data,str_00465D92
0x00465D9C,0x00000004,data,str_00465D9C
0x00465DE2,0x00000004,data,str_00465DE2
0x00465FA8,0x00000004,data,str_00465FA8
0x00465FD1,0x00000004,data,str_00465FD1
0x00466004,0x00000004,data,str_00466004
0x0046600D,0x00000005,data,str_0046600D
0x00466013,0x00000005,data,str_00466013
0x00466018,0x00000006,data,str_00466018
0x00466054,0x00000004,data,str_00466054
0x004660C6,0x00000005,data,str_004660C6
0x004660EA,0x00000004,data,str_004660EA
0x004660F9,0x00000004,data,str_004660F9
0x00466137,0x00000004,data,str_00466137
0x0046614D,0x00000004,data,str_0046614D
0x0046615E,0x00000004,data,str_0046615E
0x00466176,0x00000004,data,str_00466176
0x00466182,0x00000004,data,str_00466182
0x004661D4,0x00000004,data,str_004661D4
0x004661EC,0x00000004,data,str_004661EC
0x00466209,0x00000004,data,str_00466209
0x00466253,0x00000006,data,str_00466253
0x0046630C,0x00000004,data,str_0046630C
0x00466368,0x00000004,data,str_00466368
0x00466378,0x00000005,data,str_00466378
0x00466569,0x00000005,data,str_00466569
0x004665DE,0x00000004,data,str_004665DE
0x00466648,0x00000004,data,str_00466648
0x00466701,0x00000005,data,str_00466701
0x00466859,0x00000004,data,str_00466859
0x004669F3,0x00000005,data,str_004669F3
0x00466EA6,0x00000004,data,str_00466EA6
0x00466EB7,0x00000004,data,str_00466EB7
0x00466EE9,0x00000004,data,str_00466EE9
0x00466EFF,0x00000004,data,str_00466EFF
0x00467175,0x00000006,data,str_00467175
0x004672D7,0x00000004,data,str_004672D7
0x004672F4,0x00000004,data,str_004672F4
0x00467306,0x00000004,data,str_00467306
0x004678AF,0x00000004,data,str_004678AF
0x004678D1,0x00000004,data,str_004678D1
0x0046792D,0x00000004,data,str_0046792D
0x00467F11,0x00000004,data,str_00467F11
0x00467FBD,0x00000005,data,str_00467FBD
0x004690F6,0x00000006,data,str_004690F6
0x0046938D,0x00000004,data,str_0046938D
0x004694EF,0x00000004,data,str_004694EF
0x0046957E,0x00000004,data,str_0046957E
0x004695C2,0x00000004,data,str_004695C2
0x0046963F,0x00000006,data,str_0046963F
0x0046985C,0x00000006,data,str_0046985C
0x0046990A,0x00000006,data,str_0046990A
0x00469A0C,0x00000004,data,str_00469A0C
0x0046A650,0x00000004,data,str_0046A650
0x0046A680,0x00000004,data,str_0046A680
0x0046A6A2,0x00000004,data,str_0046A6A2
0x0046A799,0x00000004,data,str_0046A799
0x0046A810,0x00000004,data,str_0046A810
0x0046AA1B,0x00000005,data,str_0046AA1B
0x0046AB50,0x00000005,data,str_0046AB50
0x0046ABD3,0x00000006,data,str_0046ABD3
0x0046AC1C,0x00000005,data,str_0046AC1C
0x0046AC9B,0x00000004,data,str_0046AC9B
0x0046ACC5,0x00000004,data,str_0046ACC5
0x0046ADA7,0x00000004,data,str_0046ADA7
0x0046AE28,0x00000004,data,str_0046AE28
0x0046AE84,0x00000004,data,str_0046AE84
0x0046AF07,0x00000004,data,str_0046AF07
0x0046AF58,0x00000004,data,str_0046AF58
0x0046AFC8,0x00000004,data,str_0046AFC8
0x0046AFD0,0x00000005,data,str_0046AFD0
0x0046AFDB,0x00000004,data,str_0046AFDB
0x0046AFE3,0x00000004,data,str_0046AFE3
0x0046AFE8,0x00000005,data,str_0046AFE8
0x0046B09C,0x00000004,data,str_0046B09C
0x0046B2D7,0x00000004,data,str_0046B2D7
0x0046B546,0x00000004,data,str_0046B546
0x0046B5A2,0x00000005,data,str_0046B5A2
0x0046B763,0x00000005,data,str_0046B763
0x0046BC76,0x00000005,data,str_0046BC76
0x0046C08C,0x00000004,data,str_0046C08C
0x0046C178,0x00000005,data,str_0046C178
0x0046C186,0x00000004,data,str_0046C186
0x0046C191,0x00000004,data,str_0046C191
0x0046C86A,0x00000004,data,str_0046C86A
0x0046C883,0x00000004,data,str_0046C883
0x0046C88E,0x00000004,data,str_0046C88E
0x0046CA8A,0x00000004,data,str_0046CA8A
0x0046CB64,0x00000005,data,str_0046CB64
0x0046CD34,0x00000004,data,str_0046CD34
0x0046CD4D,0x00000004,data,str_0046CD4D
0x0046CD58,0x00000004,data,str_0046CD58
0x0046CD60,0x00000004,data,str_0046CD60
0x0046CD79,0x00000004,data,str_0046CD79
0x0046CD84,0x00000004,data,str_0046CD84
0x0046CF69,0x00000004,data,str_0046CF69
0x0046CF8C,0x00000004,data,str_0046CF8C
0x0046D06C,0x00000005,data,str_0046D06C
0x0046D0F3,0x00000004,data,str_0046D0F3
0x0046D124,0x00000005,data,str_0046D124
0x0046D273,0x00000004,data,str_0046D273
0x0046D285,0x00000004,data,str_0046D285
0x0046D34A,0x00000005,data,str_0046D34A
0x0046D3F4,0x00000004,data,str_0046D3F4
0x0046D48A,0x00000005,data,str_0046D48A
0x0046D4C8,0x00000004,data,str_0046D4C8
0x0046D537,0x00000005,data,str_0046D537
0x0046D53E,0x00000006,data,str_0046D53E
0x0046D5E1,0x00000005,data,str_0046D5E1
0x0046D628,0x00000007,data,str_0046D628
0x0046D6BE,0x00000004,data,str_0046D6BE
0x0046D74E,0x00000004,data,str_0046D74E
0x0046D83C,0x00000007,data,str_0046D83C
0x0046D864,0x00000004,data,str_0046D864
0x0046DAAA,0x00000004,data,str_0046DAAA
0x0046DBAC,0x00000004,data,str_0046DBAC
0x0046DC09,0x00000004,data,str_0046DC09
0x0046DC63,0x00000005,data,str_0046DC63
0x0046DC78,0x00000004,data,str_0046DC78
0x0046DC88,0x00000005,data,str_0046DC88
0x0046DCBE,0x00000004,data,str_0046DCBE
0x0046DCCF,0x00000004,data,str_0046DCCF
0x0046DCF9,0x00000004,data,str_0046DCF9
0x0046DD21,0x00000004,data,str_0046DD21
0x0046DD46,0x00000004,data,str_0046DD46
0x0046DD96,0x00000004,data,str_0046DD96
0x0046DD9B,0x00000004,data,str_0046DD9B
0x0046DDA7,0x00000004,data,str_0046DDA7
0x0046DDB1,0x00000004,data,str_0046DDB1
0x0046DDC4,0x00000005,data,str_0046DDC4
0x0046DDE7,0x00000005,data,str_0046DDE7
0x0046DE14,0x00000005,data,str_0046DE14
0x0046DE44,0x00000005,data,str_0046DE44
0x0046DF06,0x00000004,data,str_0046DF06
0x0046E021,0x00000004,data,str_0046E021
0x0046E04F,0x00000004,data,str_0046E04F
0x0046E0C8,0x00000004,data,str_0046E0C8
0x0046E34F,0x00000004,data,str_0046E34F
0x0046E4F0,0x00000004,data,str_0046E4F0
0x0046EA3F,0x00000004,data,str_0046EA3F
0x0046EE56,0x00000004,data,str_0046EE56
0x0046EE66,0x00000005,data,str_0046EE66
0x0046F19F,0x00000004,data,str_0046F19F
0x0046F375,0x00000004,data,str_0046F375
0x0046F46C,0x00000004,data,str_0046F46C
0x0046F7B2,0x00000004,data,str_0046F7B2
0x0046FEAF,0x00000004,data,str_0046FEAF
0x004701E0,0x00000005,data,str_004701E0
0x00471659,0x00000005,data,str_00471659
0x00471774,0x00000004,data,str_00471774
0x004717B7,0x00000005,data,str_004717B7
0x004717FF,0x00000005,data,str_004717FF
0x00471A1A,0x00000004,data,str_00471A1A
0x00471A6E,0x00000005,data,str_00471A6E
0x00471A74,0x00000005,data,str_00471A74
0x00471A84,0x00000004,data,str_00471A84
0x00471AAB,0x00000004,data,str_00471AAB
0x00471AB4,0x00000004,data,str_00471AB4
0x00471ADE,0x00000004,data,str_00471ADE
0x00471AFE,0x00000004,data,str_00471AFE
0x00471C6A,0x00000004,data,str_00471C6A
0x00471DA8,0x00000004,data,str_00471DA8
0x00471DB4,0x00000004,data,str_00471DB4
0x00471DBE,0x00000004,data,str_00471DBE
0x00471DD2,0x00000004,data,str_00471DD2
0x00471DD9,0x00000004,data,str_00471DD9
0x00471DE1,0x00000004,data,str_00471DE1
0x00471E53,0x00000004,data,str_00471E53
0x00471F10,0x00000004,data,str_00471F10
0x00471F20,0x00000004,data,str_00471F20
0x00472008,0x00000006,data,str_00472008
0x00472011,0x00000004,data,str_00472011
0x00472040,0x00000004,data,str_00472040
0x0047204E,0x00000004,data,str_0047204E
0x0047205E,0x00000005,data,str_0047205E
0x00472064,0x00000005,data,str_00472064
0x00472070,0x00000005,data,str_00472070
0x0047207E,0x00000004,data,str_0047207E
0x00472094,0x00000004,data,str_00472094
0x004720CE,0x00000005,data,str_004720CE
0x004720DF,0x00000004,data,str_004720DF
0x004720E9,0x00000004,data,str_004720E9
0x0047210F,0x00000004,data,str_0047210F
0x0047214D,0x00000004,data,str_0047214D
0x004721B7,0x00000004,data,str_004721B7
0x004721F5,0x00000004,data,str_004721F5
0x0047221C,0x00000005,data,str_0047221C
0x0047223A,0x00000004,data,str_0047223A
0x00472242,0x00000004,data,str_00472242
0x0047225A,0x00000004,data,str_0047225A
0x00472261,0x00000005,data,str_00472261
0x00472279,0x00000004,data,str_00472279
0x00472287,0x00000004,data,str_00472287
0x004722C3,0x00000004,data,str_004722C3
0x004722CA,0x00000004,data,str_004722CA
0x004722E1,0x00000004,data,str_004722E1
0x00472410,0x00000004,data,str_00472410
0x004724C3,0x00000004,data,str_004724C3
0x0047252E,0x00000005,data,str_0047252E
0x0047254C,0x00000004,data,str_0047254C
0x00472550,0x00000004,data,str_00472550
0x00472554,0x00000004,data,str_00472554
0x00472558,0x00000004,data,str_00472558
0x0047255C,0x00000004,data,str_0047255C
0x00472560,0x00000004,data,str_00472560
0x00472564,0x00000004,data,str_00472564
0x00472568,0x00000004,data,str_00472568
0x0047256C,0x00000004,data,str_0047256C
0x00472570,0x00000004,data,str_00472570
0x00472574,0x00000004,data,str_00472574
0x00472578,0x00000004,data,str_00472578
0x00473116,0x00000004,data,str_00473116
0x0047311A,0x00000004,data,str_0047311A
0x00473126,0x00000004,data,str_00473126
0x0047312E,0x00000004,data,str_0047312E
0x00473185,0x00000005,data,str_00473185
0x004731DC,0x00000004,data,str_004731DC
0x0047338E,0x00000004,data,str_0047338E
0x0047339C,0x00000004,data,str_0047339C
0x004733A3,0x00000004,data,str_004733A3
0x004733E9,0x00000004,data,str_004733E9
0x00473A1A,0x00000004,data,str_00473A1A
0x00473A28,0x00000004,data,str_00473A28
0x00473AC9,0x00000004,data,str_00473AC9
0x00473AD7,0x00000004,data,str_00473AD7
0x00473ADE,0x00000004,data,str_00473ADE
0x00473B13,0x00000004,data,str_00473B13
0x00473B1A,0x00000004,data,str_00473B1A
0x00473B21,0x00000004,data,str_00473B21
0x00473B28,0x00000004,data,str_00473B28
0x00473B2F,0x00000004,data,str_00473B2F
0x00473C1F,0x00000004,data,str_00473C1F
0x00473CC1,0x00000004,data,str_00473CC1
0x00473D4C,0x00000004,data,str_00473D4C
0x00473D85,0x00000004,data,str_00473D85
0x00473DE5,0x00000004,data,str_00473DE5
0x00473E6D,0x00000005,data,str_00473E6D
0x00473F44,0x00000006,data,str_00473F44
0x00473F59,0x00000006,data,str_00473F59
0x00473FFC,0x00000004,data,str_00473FFC
0x00474041,0x00000004,data,str_00474041
0x004740A3,0x00000006,data,str_004740A3
0x0047430B,0x00000004,data,str_0047430B
0x0047432B,0x00000004,data,str_0047432B
0x004743AC,0x00000004,data,str_004743AC
0x004743CC,0x00000004,data,str_004743CC
0x00474449,0x00000004,data,str_00474449
0x0047445A,0x00000004,data,str_0047445A
0x0047445E,0x00000004,data,str_0047445E
0x004744BF,0x00000004,data,str_004744BF
0x004744D0,0x00000004,data,str_004744D0
0x004744E1,0x00000004,data,str_004744E1
0x004744E5,0x00000004,data,str_004744E5
0x00474546,0x00000004,data,str_00474546
0x004745C6,0x00000004,data,str_004745C6
0x004745CB,0x00000004,data,str_004745CB
0x004745E1,0x00000004,data,str_004745E1
0x004745EF,0x00000004,data,str_004745EF
0x00474601,0x00000005,data,str_00474601
0x00474624,0x00000004,data,str_00474624
0x00474658,0x00000005,data,str_00474658
0x00474695,0x00000004,data,str_00474695
0x004746A6,0x00000004,data,str_004746A6
0x004746AD,0x00000004,data,str_004746AD
0x004746CF,0x00000004,data,str_004746CF
0x004746F4,0x00000004,data,str_004746F4
0x004747B6,0x00000009,data,str_004747B6
0x004748AF,0x00000004,data,str_004748AF
0x004748CC,0x00000004,data,str_004748CC
0x00474A55,0x00000004,data,str_00474A55
0x00474A67,0x00000005,data,str_00474A67
0x00474A6E,0x00000006,data,str_00474A6E
0x00474DC3,0x00000005,data,str_00474DC3
0x00474DDD,0x00000006,data,str_00474DDD
0x00474E95,0x00000004,data,str_00474E95
0x00474EA7,0x00000004,data,str_00474EA7
0x00475009,0x00000006,data,str_00475009
0x00475201,0x00000004,data,str_00475201
0x0047520A,0x00000004,data,str_0047520A
0x00475211,0x00000004,data,str_00475211
0x00475217,0x00000004,data,str_00475217
0x0047521D,0x00000004,data,str_0047521D
0x00475271,0x00000004,data,str_00475271
0x004753A8,0x00000004,data,str_004753A8
0x0047549F,0x00000004,data,str_0047549F
0x00475523,0x00000004,data,str_00475523
0x0047580D,0x00000004,data,str_0047580D
0x0047581D,0x00000006,data,str_0047581D
0x0047588E,0x00000005,data,str_0047588E
0x004759BB,0x00000004,data,str_004759BB
0x00475FC1,0x00000004,data,str_00475FC1
0x00476738,0x00000004,data,str_00476738
0x004769C6,0x00000004,data,str_004769C6
0x004769E0,0x00000006,data,str_004769E0
0x00476A25,0x00000005,data,str_00476A25
0x00476A5C,0x00000005,data,str_00476A5C
0x00476A8D,0x00000006,data,str_00476A8D
0x00476B03,0x00000004,data,str_00476B03
0x00476BD4,0x00000007,data,str_00476BD4
0x00476CCA,0x00000005,data,str_00476CCA
0x00476D67,0x00000005,data,str_00476D67
0x00476DFC,0x00000004,data,str_00476DFC
0x00476E7C,0x00000004,data,str_00476E7C
0x00476EB9,0x00000004,data,str_00476EB9
0x00476EEA,0x00000007,data,str_00476EEA
0x00476F36,0x00000004,data,str_00476F36
0x00476FD5,0x00000004,data,str_00476FD5
0x00476FE1,0x00000004,data,str_00476FE1
0x00476FEF,0x00000007,data,str_00476FEF
0x00477004,0x00000007,data,str_00477004
0x00477021,0x00000006,data,str_00477021
0x004770FD,0x00000004,data,str_004770FD
0x00477593,0x00000005,data,str_00477593
0x00477697,0x00000004,data,str_00477697
0x004776A8,0x00000004,data,str_004776A8
0x004776EA,0x00000004,data,str_004776EA
0x00477903,0x00000004,data,str_00477903
0x00477912,0x00000004,data,str_00477912
0x0047814E,0x00000004,data,str_0047814E
0x00478530,0x00000004,data,str_00478530
0x00478618,0x00000005,data,str_00478618
0x00478706,0x00000005,data,str_00478706
0x00478A5E,0x00000004,data,str_00478A5E
0x00478A70,0x00000004,data,str_00478A70
0x00478C78,0x00000004,data,str_00478C78
0x00478CA8,0x00000004,data,str_00478CA8
0x00479A2B,0x00000004,data,str_00479A2B
0x0047A3E7,0x00000004,data,str_0047A3E7
0x0047A589,0x00000007,data,str_0047A589
0x0047A5FA,0x00000004,data,str_0047A5FA
0x0047A643,0x00000004,data,str_0047A643
0x0047A64C,0x00000004,data,str_0047A64C
0x0047A66F,0x00000005,data,str_0047A66F
0x0047A714,0x00000005,data,str_0047A714
0x0047A755,0x00000005,data,str_0047A755
0x0047A794,0x00000004,data,str_0047A794
0x0047A8D3,0x00000005,data,str_0047A8D3
0x0047AA1C,0x00000005,data,str_0047AA1C
0x0047AB66,0x00000004,data,str_0047AB66
0x0047AB8A,0x00000004,data,str_0047AB8A
0x0047B120,0x00000004,data,str_0047B120
0x0047BCF0,0x00000004,data,str_0047BCF0
0x0047C82A,0x00000004,data,str_0047C82A
0x0047CEFC,0x00000004,data,str_0047CEFC
0x0047CF06,0x00000005,data,str_0047CF06
0x0047CF2D,0x00000005,data,str_0047CF2D
0x0047CF32,0x00000006,data,str_0047CF32
0x0047CF3E,0x00000005,data,str_0047CF3E
0x0047CF49,0x00000005,data,str_0047CF49
0x0047CF8D,0x00000006,data,str_0047CF8D
0x0047CF99,0x00000006,data,str_0047CF99
0x0047D373,0x00000004,data,str_0047D373
0x0047D64B,0x00000004,data,str_0047D64B
0x0047D76F,0x00000004,data,str_0047D76F
0x0047D82C,0x00000004,data,str_0047D82C
0x0047D83B,0x00000004,data,str_0047D83B
0x0047D8CA,0x00000005,data,str_0047D8CA
0x0047DBD2,0x00000004,data,str_0047DBD2
0x0047E916,0x00000004,data,str_0047E916
0x0047EA44,0x00000004,data,str_0047EA44
0x0047EA4B,0x00000004,data,str_0047EA4B
0x0047ED76,0x00000004,data,str_0047ED76
0x0047EDB1,0x00000006,data,str_0047EDB1
0x0047EE09,0x00000006,data,str_0047EE09
0x0047EE33,0x00000004,data,str_0047EE33
0x0047EE9D,0x00000004,data,str_0047EE9D
0x0047EECE,0x00000006,data,str_0047EECE
0x0047EEE0,0x00000006,data,str_0047EEE0
0x0047EEF1,0x00000004,data,str_0047EEF1
0x0047EF1B,0x00000004,data,str_0047EF1B
0x0047EF36,0x00000004,data,str_0047EF36
0x0047EF3A,0x00000005,data,str_0047EF3A
0x0047EF84,0x00000005,data,str_0047EF84
0x0047F02E,0x00000006,data,str_0047F02E
0x0047F0A3,0x00000005,data,str_0047F0A3
0x0047F0D0,0x00000005,data,str_0047F0D0
0x0047F106,0x00000005,data,str_0047F106
0x0047F12B,0x00000005,data,str_0047F12B
0x0047F147,0x00000006,data,str_0047F147
0x0047F156,0x00000004,data,str_0047F156
0x0047F1E7,0x00000006,data,str_0047F1E7
0x0047F1F4,0x00000006,data,str_0047F1F4
0x0047F24A,0x00000004,data,str_0047F24A
0x0047FDB5,0x00000005,data,str_0047FDB5
0x0047FDCF,0x00000005,data,str_0047FDCF
0x0047FDEF,0x00000004,data,str_0047FDEF
0x0047FE20,0x00000004,data,str_0047FE20
0x0047FE53,0x00000004,data,str_0047FE53
0x0048005E,0x00000004,data,str_0048005E
0x004800AD,0x00000005,data,str_004800AD
0x004801AC,0x00000004,data,str_004801AC
0x0048023F,0x00000004,data,str_0048023F
0x0048030E,0x00000004,data,str_0048030E
0x0048037D,0x00000004,data,str_0048037D
0x004803A0,0x00000004,data,str_004803A0
0x004803FD,0x00000005,data,str_004803FD
0x00480405,0x00000005,data,str_00480405
0x004804B5,0x00000004,data,str_004804B5
0x004804C0,0x00000004,data,str_004804C0
0x004804E5,0x00000005,data,str_004804E5
0x0048058B,0x00000004,data,str_0048058B
0x0048065E,0x00000004,data,str_0048065E
0x00480683,0x00000004,data,str_00480683
0x004806B2,0x00000004,data,str_004806B2
0x0048078B,0x00000004,data,str_0048078B
0x004807B1,0x00000004,data,str_004807B1
0x00480913,0x00000004,data,str_00480913
0x00480979,0x00000004,data,str_00480979
0x004809A9,0x00000004,data,str_004809A9
0x00480A52,0x00000004,data,str_00480A52
0x00480A82,0x00000004,data,str_00480A82
0x00480B53,0x00000004,data,str_00480B53
0x00480BA8,0x00000004,data,str_00480BA8
0x00480C3B,0x00000004,data,str_00480C3B
0x00480C60,0x00000004,data,str_00480C60
0x00480D21,0x00000004,data,str_00480D21
0x00480D59,0x00000004,data,str_00480D59
0x00480E19,0x00000004,data,str_00480E19
0x00480E4B,0x00000004,data,str_00480E4B
0x00480F06,0x00000004,data,str_00480F06
0x00480FFD,0x00000004,data,str_00480FFD
0x0048119C,0x00000004,data,str_0048119C
0x004811C7,0x00000004,data,str_004811C7
0x00481271,0x00000004,data,str_00481271
0x004812A4,0x00000004,data,str_004812A4
0x00481344,0x00000004,data,str_00481344
0x00481371,0x00000004,data,str_00481371
0x00481447,0x00000004,data,str_00481447
0x00481451,0x00000004,data,str_00481451
0x00481459,0x00000004,data,str_00481459
0x00481470,0x00000004,data,str_00481470
0x004814C0,0x00000004,data,str_004814C0
0x004814C8,0x00000004,data,str_004814C8
0x004814CE,0x00000004,data,str_004814CE
0x004814D6,0x00000004,data,str_004814D6
0x00481510,0x00000004,data,str_00481510
0x00481533,0x00000004,data,str_00481533
0x00481608,0x00000004,data,str_00481608
0x0048162B,0x00000004,data,str_0048162B
0x0048164E,0x00000004,data,str_0048164E
0x004816F6,0x00000004,data,str_004816F6
0x00481746,0x00000004,data,str_00481746
0x004817DC,0x00000004,data,str_004817DC
0x00481807,0x00000004,data,str_00481807
0x004818CB,0x00000004,data,str_004818CB
0x00481900,0x00000004,data,str_00481900
0x0048197E,0x00000004,data,str_0048197E
0x00481A11,0x00000004,data,str_00481A11
0x00481A77,0x00000004,data,str_00481A77
0x00481ABA,0x00000004,data,str_00481ABA
0x00481B43,0x00000004,data,str_00481B43
0x00481B68,0x00000004,data,str_00481B68
0x00481B8D,0x00000004,data,str_00481B8D
0x00481C43,0x00000004,data,str_00481C43
0x00481C68,0x00000004,data,str_00481C68
0x00481D10,0x00000004,data,str_00481D10
0x00481E09,0x00000004,data,str_00481E09
0x00481E2C,0x00000004,data,str_00481E2C
0x00481F25,0x00000004,data,str_00481F25
0x00481FD9,0x00000004,data,str_00481FD9
0x00481FFF,0x00000004,data,str_00481FFF
0x004820ED,0x00000004,data,str_004820ED
0x00482178,0x00000004,data,str_00482178
0x004821DB,0x00000004,data,str_004821DB
0x004821FE,0x00000004,data,str_004821FE
0x004822AC,0x00000004,data,str_004822AC
0x004822CF,0x00000004,data,str_004822CF
0x0048238B,0x00000004,data,str_0048238B
0x004823B9,0x00000004,data,str_004823B9
0x004824A1,0x00000004,data,str_004824A1
0x004824AA,0x00000005,data,str_004824AA
0x00482592,0x00000005,data,str_00482592
0x004825AD,0x00000005,data,str_004825AD
0x004825B9,0x00000005,data,str_004825B9
0x00482617,0x00000004,data,str_00482617
0x00482643,0x00000005,data,str_00482643
0x0048265E,0x00000004,data,str_0048265E
0x00482667,0x00000005,data,str_00482667
0x004826A4,0x00000005,data,str_004826A4
0x004826B5,0x00000005,data,str_004826B5
0x004826C1,0x00000005,data,str_004826C1
0x0048273A,0x00000004,data,str_0048273A
0x00482877,0x00000004,data,str_00482877
0x00482887,0x00000004,data,str_00482887
0x00482901,0x00000004,data,str_00482901
0x00482946,0x00000004,data,str_00482946
0x0048295D,0x00000004,data,str_0048295D
0x0048296D,0x00000004,data,str_0048296D
0x004829E6,0x00000004,data,str_004829E6
0x00482A34,0x00000004,data,str_00482A34
0x00482A58,0x00000004,data,str_00482A58
0x00482B3C,0x00000004,data,str_00482B3C
0x00482B70,0x00000004,data,str_00482B70
0x00482C4C,0x00000004,data,str_00482C4C
0x00482C78,0x00000004,data,str_00482C78
0x00482E4C,0x00000004,data,str_00482E4C
0x00482E78,0x00000004,data,str_00482E78
0x00482F54,0x00000004,data,str_00482F54
0x00482F88,0x00000004,data,str_00482F88
0x00483038,0x00000004,data,str_00483038
0x0048305C,0x00000004,data,str_0048305C
0x00483138,0x00000004,data,str_00483138
0x00483164,0x00000004,data,str_00483164
0x00483240,0x00000004,data,str_00483240
0x00483274,0x00000004,data,str_00483274
0x0048334C,0x00000004,data,str_0048334C
0x00483378,0x00000004,data,str_00483378
0x0048345C,0x00000004,data,str_0048345C
0x00483490,0x00000004,data,str_00483490
0x0048351C,0x00000004,data,str_0048351C
0x00483580,0x00000004,data,str_00483580
0x0048374C,0x00000004,data,str_0048374C
0x00483780,0x00000004,data,str_00483780
0x00483878,0x00000004,data,str_00483878
0x00483930,0x00000004,data,str_00483930
0x00483964,0x00000004,data,str_00483964
0x00483A4C,0x00000004,data,str_00483A4C
0x00483A78,0x00000004,data,str_00483A78
0x00483B30,0x00000004,data,str_00483B30
0x00483B5C,0x00000004,data,str_00483B5C
0x00483B88,0x00000004,data,str_00483B88
0x00483C58,0x00000004,data,str_00483C58
0x00483C84,0x00000004,data,str_00483C84
0x00483D44,0x00000004,data,str_00483D44
0x00483E60,0x00000004,data,str_00483E60
0x00483E8C,0x00000004,data,str_00483E8C
0x00483F48,0x00000004,data,str_00483F48
0x00483F7C,0x00000004,data,str_00483F7C
0x0048404C,0x00000004,data,str_0048404C
0x0048413C,0x00000004,data,str_0048413C
0x00484160,0x00000004,data,str_00484160
0x00484258,0x00000004,data,str_00484258
0x00484284,0x00000004,data,str_00484284
0x0048434C,0x00000004,data,str_0048434C
0x00484378,0x00000004,data,str_00484378
0x00484438,0x00000004,data,str_00484438
0x0048445C,0x00000004,data,str_0048445C
0x00484560,0x00000004,data,str_00484560
0x00484594,0x00000004,data,str_00484594
0x00484674,0x00000004,data,str_00484674
0x0048473C,0x00000004,data,str_0048473C
0x00484768,0x00000004,data,str_00484768
0x004847B4,0x00000004,data,str_004847B4
0x004847BC,0x00000004,data,str_004847BC
0x004847C4,0x00000004,data,str_004847C4
0x004847CC,0x00000004,data,str_004847CC
0x0048481C,0x00000004,data,str_0048481C
0x00484824,0x00000004,data,str_00484824
0x00484860,0x00000004,data,str_00484860
0x004848BC,0x00000004,data,str_004848BC
0x004848C4,0x00000004,data,str_004848C4
0x004848E4,0x00000004,data,str_004848E4
0x004848EC,0x00000004,data,str_004848EC
0x004848F4,0x00000004,data,str_004848F4
0x004848FC,0x00000004,data,str_004848FC
0x0048494C,0x00000004,data,str_0048494C
0x00484978,0x00000004,data,str_00484978
0x004849D4,0x00000004,data,str_004849D4
0x00484A00,0x00000004,data,str_00484A00
0x00484A48,0x00000004,data,str_00484A48
0x00484A74,0x00000004,data,str_00484A74
0x00484B18,0x00000004,data,str_00484B18
0x00484B44,0x00000004,data,str_00484B44
0x00484B50,0x00000004,data,str_00484B50
0x00484B84,0x00000004,data,str_00484B84
0x00484C3C,0x00000004,data,str_00484C3C
0x00484C5C,0x00000004,data,str_00484C5C
0x00484C64,0x00000004,data,str_00484C64
0x00484C6C,0x00000004,data,str_00484C6C
0x00484C7C,0x00000004,data,str_00484C7C
0x00484C8C,0x00000004,data,str_00484C8C
0x00484C94,0x00000004,data,str_00484C94
0x00484C9C,0x00000004,data,str_00484C9C
0x00484CA4,0x00000004,data,str_00484CA4
0x0048525A,0x00000007,data,str_0048525A
0x00485264,0x00000008,data,str_00485264
0x0048526E,0x00000013,data,str_0048526E
0x00485284,0x00000009,data,str_00485284
0x00485290,0x00000009,data,str_00485290
0x0048529C,0x00000006,data,str_0048529C
0x004852A4,0x0000000B,data,str_004852A4
0x004852B2,0x00000007,data,str_004852B2
0x004852BC,0x00000007,data,str_004852BC
0x004852C6,0x00000009,data,str_004852C6
0x004852D2,0x0000000E,data,str_004852D2
0x004852E2,0x0000000B,data,str_004852E2
0x004852F0,0x00000006,data,str_004852F0
0x004852F8,0x00000009,data,str_004852F8
0x00485304,0x00000009,data,str_00485304
0x00485310,0x00000007,data,str_00485310
0x0048531A,0x00000007,data,str_0048531A
0x00485324,0x0000000C,data,str_00485324
0x00485332,0x0000000A,data,str_00485332
0x0048533E,0x00000009,data,str_0048533E
0x0048534A,0x00000007,data,str_0048534A
0x00485354,0x00000008,data,str_00485354
0x0048535E,0x00000008,data,str_0048535E
0x00485368,0x0000000A,data,str_00485368
0x00485374,0x0000000D,data,str_00485374
0x00485384,0x00000008,data,str_00485384
0x0048538E,0x0000000A,data,str_0048538E
0x0048539A,0x00000008,data,str_0048539A
0x004853A4,0x00000009,data,str_004853A4
0x004853B0,0x00000009,data,str_004853B0
0x004853BC,0x00000007,data,str_004853BC
0x004853C6,0x00000006,data,str_004853C6
0x004853CE,0x0000000A,data,str_004853CE
0x004853DA,0x00000009,data,str_004853DA
0x004853E6,0x0000000B,data,str_004853E6
0x004853F4,0x00000007,data,str_004853F4
0x004853FE,0x00000007,data,str_004853FE
0x00485408,0x00000009,data,str_00485408
0x00485414,0x00000009,data,str_00485414
0x00485420,0x0000000A,data,str_00485420
0x0048542C,0x00000006,data,str_0048542C
0x00485434,0x00000009,data,str_00485434
0x00485440,0x0000000A,data,str_00485440
0x0048544C,0x00000009,data,str_0048544C
0x00485458,0x00000007,data,str_00485458
0x00485462,0x00000009,data,str_00485462
0x0048546E,0x0000000F,data,str_0048546E
0x00485480,0x00000009,data,str_00485480
0x0048548C,0x00000008,data,str_0048548C
0x00485496,0x0000000B,data,str_00485496
0x004854A4,0x0000000B,data,str_004854A4
0x004854B2,0x00000008,data,str_004854B2
0x004854BC,0x0000000A,data,str_004854BC
0x004854C8,0x0000000A,data,str_004854C8
0x004854D4,0x00000007,data,str_004854D4
0x004854DE,0x00000005,data,str_004854DE
0x004854E6,0x0000000C,data,str_004854E6
0x004854F4,0x00000005,data,str_004854F4
0x004854FC,0x00000008,data,str_004854FC
0x00485506,0x0000000B,data,str_00485506
0x00485514,0x00000008,data,str_00485514
0x0048551E,0x0000000A,data,str_0048551E
0x0048552A,0x00000007,data,str_0048552A
0x00485534,0x00000007,data,str_00485534
0x0048553E,0x00000007,data,str_0048553E
0x00485548,0x00000006,data,str_00485548
0x00485550,0x00000006,data,str_00485550
0x00485558,0x00000006,data,str_00485558
0x00485560,0x00000008,data,str_00485560
0x0048556A,0x00000005,data,str_0048556A
0x00485572,0x00000008,data,str_00485572
0x0048557C,0x00000009,data,str_0048557C
0x00485588,0x00000009,data,str_00485588
0x00485594,0x00000009,data,str_00485594
0x004855A0,0x00000007,data,str_004855A0
0x004855AA,0x00000009,data,str_004855AA
0x004855B6,0x0000000B,data,str_004855B6
0x004855C4,0x0000000D,data,str_004855C4
0x004855D4,0x0000000C,data,str_004855D4
0x004855E2,0x0000000F,data,str_004855E2
0x004855F4,0x00000008,data,str_004855F4
0x004855FE,0x00000009,data,str_004855FE
0x0048560A,0x00000008,data,str_0048560A
0x00485614,0x0000000A,data,str_00485614
0x00485620,0x00000009,data,str_00485620
0x0048562C,0x00000008,data,str_0048562C
0x00485636,0x00000009,data,str_00485636
0x00485642,0x0000000A,data,str_00485642
0x0048564E,0x0000000C,data,str_0048564E
0x0048565C,0x0000000A,data,str_0048565C
0x00485668,0x00000009,data,str_00485668
0x00485674,0x00000008,data,str_00485674
0x0048567E,0x00000007,data,str_0048567E
0x00485688,0x00000007,data,str_00485688
0x00485692,0x0000000B,data,str_00485692
0x004856A0,0x0000000B,data,str_004856A0
0x004856AE,0x00000008,data,str_004856AE
0x004856B8,0x0000000C,data,str_004856B8
0x004856C6,0x00000007,data,str_004856C6
0x004856D0,0x00000008,data,str_004856D0
0x004856DA,0x0000000B,data,str_004856DA
0x004856E8,0x00000009,data,str_004856E8
0x004856F4,0x00000008,data,str_004856F4
0x004856FE,0x0000001F,data,str_004856FE
0x00485720,0x0000000A,data,str_00485720
0x0048572C,0x0000000A,data,str_0048572C
0x00485738,0x00000009,data,str_00485738
0x00485744,0x00000010,data,str_00485744
0x00485756,0x00000008,data,str_00485756
0x00485760,0x00000007,data,str_00485760
0x0048576A,0x00000008,data,str_0048576A
0x00485774,0x00000007,data,str_00485774
0x0048577E,0x00000008,data,str_0048577E
0x00485788,0x0000000A,data,str_00485788
0x00485794,0x0000000B,data,str_00485794
0x004857A2,0x0000000C,data,str_004857A2
0x004857B0,0x00000008,data,str_004857B0
0x004857BA,0x00000008,data,str_004857BA
0x004857C4,0x00000009,data,str_004857C4
0x004857D0,0x0000000E,data,str_004857D0
0x004857E0,0x00000006,data,str_004857E0
0x004857E8,0x00000007,data,str_004857E8
0x004857F2,0x0000000B,data,str_004857F2
0x00485800,0x0000000F,data,str_00485800
0x00485812,0x00000007,data,str_00485812
0x0048581C,0x00000006,data,str_0048581C
0x00485824,0x0000000C,data,str_00485824
0x00485832,0x0000000B,data,str_00485832
0x00485840,0x0000000A,data,str_00485840
0x0048584C,0x0000000C,data,str_0048584C
0x0048585A,0x00000014,data,str_0048585A
0x00485870,0x00000011,data,str_00485870
0x00485884,0x00000009,data,str_00485884
0x00485890,0x00000007,data,str_00485890
0x0048589A,0x0000000F,data,str_0048589A
0x004858AA,0x0000000D,data,str_004858AA
0x004858BA,0x00000008,data,str_004858BA
0x004858C4,0x0000000C,data,str_004858C4
0x004858D2,0x00000006,data,str_004858D2
0x004858DA,0x00000008,data,str_004858DA
0x004858E4,0x00000018,data,str_004858E4
0x004858FE,0x00000012,data,str_004858FE
0x00485912,0x0000000F,data,str_00485912
0x00485924,0x0000000D,data,str_00485924
0x00485934,0x00000013,data,str_00485934
0x0048594A,0x00000012,data,str_0048594A
0x0048595E,0x00000011,data,str_0048595E
0x00485972,0x0000000E,data,str_00485972
0x00485982,0x00000010,data,str_00485982
0x00485994,0x00000015,data,str_00485994
0x004859AC,0x0000000C,data,str_004859AC
0x004859BA,0x00000011,data,str_004859BA
0x004859CE,0x0000000E,data,str_004859CE
0x004859DC,0x0000000D,data,str_004859DC
0x004859EC,0x0000000D,data,str_004859EC
0x004859FC,0x00000010,data,str_004859FC
0x00485A0E,0x0000000E,data,str_00485A0E
0x00485A1E,0x0000000C,data,str_00485A1E
0x00485A2C,0x00000010,data,str_00485A2C
0x00485A3E,0x0000000C,data,str_00485A3E
0x00485A4C,0x00000013,data,str_00485A4C
0x00485A62,0x0000000D,data,str_00485A62
0x00485A72,0x0000000D,data,str_00485A72
0x00485A82,0x0000000F,data,str_00485A82
0x00485A94,0x0000000C,data,str_00485A94
0x00485AA2,0x00000010,data,str_00485AA2
0x00485AB4,0x00000010,data,str_00485AB4
0x00485AC6,0x00000011,data,str_00485AC6
0x00485ADA,0x0000000D,data,str_00485ADA
0x00485AEA,0x0000000C,data,str_00485AEA
0x00485AF8,0x0000000C,data,str_00485AF8
0x00485B06,0x00000014,data,str_00485B06
0x00485B1C,0x00000007,data,str_00485B1C
0x00485B26,0x00000026,data,str_00485B26
0x00485B4E,0x00000016,data,str_00485B4E
0x00485B66,0x00000015,data,str_00485B66
0x00485B7E,0x00000013,data,str_00485B7E
0x00485B94,0x00000015,data,str_00485B94
0x00485BAC,0x0000000A,data,str_00485BAC
0x00485BB8,0x0000000D,data,str_00485BB8
0x00485BC8,0x0000000C,data,str_00485BC8
0x00485BD6,0x0000000F,data,str_00485BD6
0x00485BE8,0x00000014,data,str_00485BE8
0x00485BFE,0x0000001B,data,str_00485BFE
0x00485C1C,0x0000000F,data,str_00485C1C
0x00485C2E,0x0000000F,data,str_00485C2E
0x00485C40,0x0000000D,data,str_00485C40
0x00485C50,0x00000006,data,str_00485C50
0x00485C58,0x0000000A,data,str_00485C58
0x00485C64,0x0000001A,data,str_00485C64
0x00485C80,0x00000018,data,str_00485C80
0x00485C9A,0x00000014,data,str_00485C9A
0x00485CB0,0x0000000D,data,str_00485CB0
0x00485CC0,0x0000000F,data,str_00485CC0
0x00485CD2,0x0000000A,data,str_00485CD2
0x00485CDE,0x0000000E,data,str_00485CDE
0x00485CEE,0x0000000F,data,str_00485CEE
0x00485D00,0x00000013,data,str_00485D00
0x00485D16,0x00000019,data,str_00485D16
0x00485D32,0x0000001B,data,str_00485D32
0x00485D50,0x0000000E,data,str_00485D50
0x00485D60,0x0000000D,data,str_00485D60
0x00485D70,0x0000000C,data,str_00485D70
0x00485D7E,0x00000019,data,str_00485D7E
0x00485D9A,0x00000012,data,str_00485D9A
0x00485DAE,0x00000010,data,str_00485DAE
0x00485DC0,0x00000015,data,str_00485DC0
0x00485DD8,0x0000000B,data,str_00485DD8
0x00485DE6,0x0000000E,data,str_00485DE6
0x00485DF6,0x00000013,data,str_00485DF6
0x00485E0C,0x0000000D,data,str_00485E0C
0x00485E1C,0x00000009,data,str_00485E1C
0x00485E28,0x0000000F,data,str_00485E28
0x00485E3A,0x00000014,data,str_00485E3A
0x00485E50,0x00000010,data,str_00485E50
0x00485E62,0x0000000D,data,str_00485E62
0x00485E72,0x0000000D,data,str_00485E72
0x00485E82,0x00000016,data,str_00485E82
0x00485E9A,0x0000000D,data,str_00485E9A
0x00485EAA,0x00000011,data,str_00485EAA
0x00485EBE,0x0000001C,data,str_00485EBE
0x00485EDC,0x00000013,data,str_00485EDC
0x00485EF2,0x0000000A,data,str_00485EF2
0x00485EFE,0x0000000C,data,str_00485EFE
0x00485F0C,0x0000000D,data,str_00485F0C
0x00485F1C,0x00000009,data,str_00485F1C
0x00485F28,0x0000000B,data,str_00485F28
0x00485F36,0x0000000C,data,str_00485F36
0x00485F44,0x00000014,data,str_00485F44
0x00485F5A,0x0000000A,data,str_00485F5A
0x00485F66,0x0000000F,data,str_00485F66
0x00485F78,0x0000000C,data,str_00485F78
0x00485F86,0x0000001B,data,str_00485F86
0x00485FA4,0x0000000E,data,str_00485FA4
0x00485FB4,0x0000000E,data,str_00485FB4
0x00485FC4,0x00000018,data,str_00485FC4
0x00485FDE,0x00000018,data,str_00485FDE
0x00485FF8,0x00000011,data,str_00485FF8
0x0048600C,0x00000019,data,str_0048600C
0x00486028,0x00000012,data,str_00486028
0x0048603A,0x0000000D,data,str_0048603A
0x0048604A,0x0000000E,data,str_0048604A
0x0048605A,0x0000000C,data,str_0048605A
0x00486068,0x00000013,data,str_00486068
0x0048607E,0x00000014,data,str_0048607E
0x00486092,0x0000000D,data,str_00486092
0x004860A2,0x00000018,data,str_004860A2
0x004860BC,0x00000020,data,str_004860BC
0x004860DE,0x0000001C,data,str_004860DE
0x004860FC,0x0000003D,data,str_004860FC
0x0048613C,0x0000003A,data,str_0048613C
0x00486178,0x0000001E,data,str_00486178
0x00486198,0x00000019,data,str_00486198
0x004861B4,0x00000021,data,str_004861B4
0x004861D8,0x00000021,data,str_004861D8
0x004861FA,0x0000000D,data,str_004861FA
0x0048620A,0x00000010,data,str_0048620A
0x0048621C,0x00000033,data,str_0048621C
0x00486252,0x0000001B,data,str_00486252
0x00486270,0x00000027,data,str_00486270
0x0048629A,0x00000043,data,str_0048629A
0x004862E0,0x0000000B,data,str_004862E0
0x004862EC,0x0000000C,data,str_004862EC
0x004862FA,0x0000000F,data,str_004862FA
0x0048630C,0x00000011,data,str_0048630C
0x00486320,0x0000000D,data,str_00486320
0x00486330,0x00000010,data,str_00486330
0x00486340,0x0000000A,data,str_00486340
0x0048634A,0x0000000D,data,str_0048634A
0x0048635A,0x00000019,data,str_0048635A
0x00486376,0x00000016,data,str_00486376
0x0048638E,0x00000013,data,str_0048638E
0x004863A4,0x00000013,data,str_004863A4
0x004863BA,0x0000001B,data,str_004863BA
0x004863D8,0x0000000C,data,str_004863D8
0x004863E6,0x00000014,data,str_004863E6
0x004863FC,0x0000000B,data,str_004863FC
0x0048640A,0x00000015,data,str_0048640A
0x00486422,0x00000013,data,str_00486422
0x00486438,0x00000013,data,str_00486438
0x0048644C,0x0000000D,data,str_0048644C
0x0048645C,0x0000000C,data,str_0048645C
0x00486468,0x0000000B,data,str_00486468
0x0048704C,0x00000004,data,str_0048704C
0x00487083,0x00000013,data,str_00487083
0x004870C0,0x00000015,data,str_004870C0
0x00487148,0x00000010,data,wstr_00487148
0x00487288,0x00000004,data,str_00487288
0x00487378,0x00000004,data,str_00487378
0x0048738C,0x00000004,data,str_0048738C
0x004873C8,0x00000004,data,str_004873C8
0x00487454,0x00000004,data,str_00487454
0x00487474,0x00000004,data,str_00487474
0x00487484,0x00000004,data,str_00487484
0x00487514,0x00000004,data,str_00487514
0x00487BCF,0x00000005,data,str_00487BCF
0x00487BDC,0x00000004,data,str_00487BDC
0x00487BE4,0x00000004,data,str_00487BE4
0x00487BF0,0x00000005,data,str_00487BF0
0x00487000,0x0000000A,data,data_00487000
0x0048700A,0x00000007,data,data_0048700A
0x00487011,0x00000007,data,data_00487011
0x00487018,0x00000004,data,data_00487018
0x0048701C,0x00000006,data,data_0048701C
0x00487022,0x00000006,data,data_00487022
0x00487028,0x00000007,data,data_00487028
0x0048702F,0x00000005,data,data_0048702F
0x00487034,0x0000000F,data,data_00487034
0x00487043,0x00000009,data,data_00487043
0x00487050,0x00000012,data,data_00487050
0x00487062,0x00000005,data,data_00487062
0x00487067,0x00000005,data,data_00487067
0x0048706C,0x00000005,data,data_0048706C
0x00487071,0x0000000B,data,data_00487071
0x0048707C,0x00000007,data,data_0048707C
0x00487096,0x00000007,data,data_00487096
0x0048709D,0x00000009,data,data_0048709D
0x004870A6,0x00000002,data,data_004870A6
0x004870A8,0x00000004,data,data_004870A8
0x004870AC,0x00000005,data,data_004870AC
0x004870B1,0x0000000B,data,data_004870B1
0x004870BC,0x00000004,data,data_004870BC
0x004870D5,0x00000005,data,data_004870D5
0x004870DA,0x00000002,data,data_004870DA
0x004870DC,0x00000019,data,data_004870DC
0x004870F5,0x00000020,data,data_004870F5
0x00487115,0x0000000F,data,data_00487115
0x00487124,0x0000000A,data,data_00487124
0x0048712E,0x00000016,data,data_0048712E
0x00487144,0x00000004,data,data_00487144
0x00487158,0x00000003,data,data_00487158
0x0048715B,0x00000005,data,data_0048715B
0x00487160,0x00000001,data,data_00487160
0x00487161,0x0000000B,data,data_00487161
0x0048716C,0x00000100,data,data_0048716C
0x0048726C,0x00000015,data,data_0048726C
0x00487281,0x00000007,data,data_00487281
0x0048728C,0x00000009,data,data_0048728C
0x00487295,0x00000007,data,data_00487295
0x0048729C,0x0000000D,data,data_0048729C
0x004872A9,0x00000007,data,data_004872A9
0x004872B0,0x0000000D,data,data_004872B0
0x004872BD,0x00000007,data,data_004872BD
0x004872C4,0x0000000D,data,data_004872C4
0x004872D1,0x00000007,data,data_004872D1
0x004872D8,0x0000000D,data,data_004872D8
0x004872E5,0x00000007,data,data_004872E5
0x004872EC,0x0000000D,data,data_004872EC
0x004872F9,0x00000007,data,data_004872F9
0x00487300,0x0000000D,data,data_00487300
0x0048730D,0x00000007,data,data_0048730D
0x00487314,0x0000000D,data,data_00487314
0x00487321,0x00000007,data,data_00487321
0x00487328,0x0000000D,data,data_00487328
0x00487335,0x00000007,data,data_00487335
0x0048733C,0x0000000D,data,data_0048733C
0x00487349,0x00000007,data,data_00487349
0x00487350,0x0000000D,data,data_00487350
0x0048735D,0x00000007,data,data_0048735D
0x00487364,0x0000000D,data,data_00487364
0x00487371,0x00000007,data,data_00487371
0x0048737C,0x00000009,data,data_0048737C
0x00487385,0x00000007,data,data_00487385
0x00487390,0x00000009,data,data_00487390
0x00487399,0x00000007,data,data_00487399
0x004873A0,0x0000000D,data,data_004873A0
0x004873AD,0x00000007,data,data_004873AD
0x004873B4,0x0000000D,data,data_004873B4
0x004873C1,0x00000007,data,data_004873C1
0x004873CC,0x0000001D,data,data_004873CC
0x004873E9,0x00000007,data,data_004873E9
0x004873F0,0x0000000D,data,data_004873F0
0x004873FD,0x00000007,data,data_004873FD
0x00487404,0x0000000D,data,data_00487404
0x00487411,0x00000007,data,data_00487411
0x00487418,0x0000000D,data,data_00487418
0x00487425,0x00000007,data,data_00487425
0x0048742C,0x0000000D,data,data_0048742C
0x00487439,0x00000007,data,data_00487439
0x00487440,0x0000000D,data,data_00487440
0x0048744D,0x00000007,data,data_0048744D
0x00487458,0x00000009,data,data_00487458
0x00487461,0x00000007,data,data_00487461
0x00487468,0x00000001,data,data_00487468
0x00487469,0x0000000B,data,data_00487469
0x00487478,0x00000001,data,data_00487478
0x00487479,0x0000000B,data,data_00487479
0x00487488,0x0000000D,data,data_00487488
0x00487495,0x00000001,data,data_00487495
0x00487496,0x00000013,data,data_00487496
0x004874A9,0x00000008,data,data_004874A9
0x004874B1,0x00000007,data,data_004874B1
0x004874B8,0x00000055,data,data_004874B8
0x0048750D,0x00000007,data,data_0048750D
0x00487518,0x00000010,data,data_00487518
0x00487528,0x0000006C,data,data_00487528
0x00487594,0x00000004,data,data_00487594
0x00487598,0x00000100,data,data_00487598
0x00487698,0x00000100,data,data_00487698
0x00487798,0x00000100,data,data_00487798
0x00487898,0x00000100,data,data_00487898
0x00487998,0x00000100,data,data_00487998
0x00487A98,0x00000100,data,data_00487A98
0x00487B98,0x00000037,data,data_00487B98
0x00487BD4,0x00000008,data,data_00487BD4
0x00487BE0,0x00000004,data,data_00487BE0
0x00487BE8,0x00000008,data,data_00487BE8
0x00487BF5,0x00000003,data,data_00487BF5
0x00487BF8,0x00000008,data,data_00487BF8
0x00487C00,0x0000000D,data,data_00487C00
0x00487C0D,0x00000001,data,data_00487C0D
0x00487C0E,0x00000012,data,data_00487C0E
0x00487C20,0x0000000C,data,data_00487C20
0x00487C2C,0x00000004,data,data_00487C2C
0x00487C30,0x00000008,data,data_00487C30
0x00487C38,0x00000008,data,data_00487C38
0x00487C40,0x00000005,data,data_00487C40
0x00487C45,0x00000100,data,data_00487C45
0x00487D45,0x00000100,data,data_00487D45
0x00487E45,0x00000100,data,data_00487E45
0x00487F45,0x00000100,data,data_00487F45
0x00488045,0x00000100,data,data_00488045
0x00488145,0x00000100,data,data_00488145
0x00488245,0x00000100,data,data_00488245
0x00488345,0x00000100,data,data_00488345
0x00488445,0x00000100,data,data_00488445
0x00488545,0x00000100,data,data_00488545
0x00488645,0x00000100,data,data_00488645
0x00488745,0x00000100,data,data_00488745
0x00488845,0x00000100,data,data_00488845
0x00488945,0x00000100,data,data_00488945
0x00488A45,0x00000100,data,data_00488A45
0x00488B45,0x00000100,data,data_00488B45
0x00488C45,0x00000100,data,data_00488C45
0x00488D45,0x00000100,data,data_00488D45
0x00488E45,0x00000100,data,data_00488E45
0x00488F45,0x00000100,data,data_00488F45
0x00489045,0x00000100,data,data_00489045
0x00489145,0x00000100,data,data_00489145
0x00489245,0x00000100,data,data_00489245
0x00489345,0x00000100,data,data_00489345
0x00489445,0x00000100,data,data_00489445
0x00489545,0x00000100,data,data_00489545
0x00489645,0x00000100,data,data_00489645
0x00489745,0x00000100,data,data_00489745
0x00489845,0x00000100,data,data_00489845
0x00489945,0x00000100,data,data_00489945
0x00489A45,0x00000100,data,data_00489A45
0x00489B45,0x00000100,data,data_00489B45
0x00489C45,0x00000100,data,data_00489C45
0x00489D45,0x00000100,data,data_00489D45
0x00489E45,0x00000100,data,data_00489E45
0x00489F45,0x00000100,data,data_00489F45
0x0048A045,0x00000100,data,data_0048A045
0x0048A145,0x00000100,data,data_0048A145
0x0048A245,0x00000100,data,data_0048A245
0x0048A345,0x00000100,data,data_0048A345
0x0048A445,0x00000100,data,data_0048A445
0x0048A545,0x00000100,data,data_0048A545
0x0048A645,0x00000100,data,data_0048A645
0x0048A745,0x00000100,data,data_0048A745
0x0048A845,0x00000100,data,data_0048A845
0x0048A945,0x00000100,data,data_0048A945
0x0048AA45,0x00000100,data,data_0048AA45
0x0048AB45,0x00000100,data,data_0048AB45
0x0048AC45,0x00000100,data,data_0048AC45
0x0048AD45,0x00000100,data,data_0048AD45
0x0048AE45,0x00000100,data,data_0048AE45
0x0048AF45,0x00000100,data,data_0048AF45
0x0048B045,0x00000100,data,data_0048B045
0x0048B145,0x00000100,data,data_0048B145
0x0048B245,0x00000100,data,data_0048B245
0x0048B345,0x00000100,data,data_0048B345
0x0048B445,0x00000100,data,data_0048B445
0x0048B545,0x00000100,data,data_0048B545
0x0048B645,0x00000100,data,data_0048B645
0x0048B745,0x00000100,data,data_0048B745
0x0048B845,0x00000100,data,data_0048B845
0x0048B945,0x00000100,data,data_0048B945
0x0048BA45,0x00000100,data,data_0048BA45
0x0048BB45,0x00000100,data,data_0048BB45
0x0048BC45,0x00000100,data,data_0048BC45
0x0048BD45,0x00000100,data,data_0048BD45
0x0048BE45,0x00000100,data,data_0048BE45
0x0048BF45,0x00000100,data,data_0048BF45
0x0048C045,0x00000100,data,data_0048C045
0x0048C145,0x00000100,data,data_0048C145
0x0048C245,0x00000100,data,data_0048C245
0x0048C345,0x00000100,data,data_0048C345
0x0048C445,0x00000100,data,data_0048C445
0x0048C545,0x00000100,data,data_0048C545
0x0048C645,0x00000100,data,data_0048C645
0x0048C745,0x00000100,data,data_0048C745
0x0048C845,0x00000100,data,data_0048C845
0x0048C945,0x00000100,data,data_0048C945
0x0048CA45,0x00000100,data,data_0048CA45
0x0048CB45,0x00000100,data,data_0048CB45
0x0048CC45,0x00000100,data,data_0048CC45
0x0048CD45,0x00000100,data,data_0048CD45
0x0048CE45,0x00000100,data,data_0048CE45
0x0048CF45,0x00000100,data,data_0048CF45
0x0048D045,0x00000100,data,data_0048D045
0x0048D145,0x00000100,data,data_0048D145
0x0048D245,0x00000100,data,data_0048D245
0x0048D345,0x00000100,data,data_0048D345
0x0048D445,0x00000100,data,data_0048D445
0x0048D545,0x00000100,data,data_0048D545
0x0048D645,0x00000100,data,data_0048D645
0x0048D745,0x00000100,data,data_0048D745
0x0048D845,0x00000100,data,data_0048D845
0x0048D945,0x00000100,data,data_0048D945
0x0048DA45,0x00000100,data,data_0048DA45
0x0048DB45,0x00000100,data,data_0048DB45
0x0048DC45,0x00000100,data,data_0048DC45
0x0048DD45,0x00000100,data,data_0048DD45
0x0048DE45,0x00000100,data,data_0048DE45
0x0048DF45,0x00000100,data,data_0048DF45
0x0048E045,0x00000100,data,data_0048E045
0x0048E145,0x00000100,data,data_0048E145
0x0048E245,0x00000100,data,data_0048E245
0x0048E345,0x00000100,data,data_0048E345
0x0048E445,0x00000100,data,data_0048E445
0x0048E545,0x00000100,data,data_0048E545
0x0048E645,0x00000100,data,data_0048E645
0x0048E745,0x00000100,data,data_0048E745
0x0048E845,0x00000100,data,data_0048E845
0x0048E945,0x00000100,data,data_0048E945
0x0048EA45,0x00000100,data,data_0048EA45
0x0048EB45,0x00000100,data,data_0048EB45
0x0048EC45,0x00000100,data,data_0048EC45
0x0048ED45,0x00000100,data,data_0048ED45
0x0048EE45,0x00000100,data,data_0048EE45
0x0048EF45,0x00000100,data,data_0048EF45
0x0048F045,0x00000100,data,data_0048F045
0x0048F145,0x00000100,data,data_0048F145
0x0048F245,0x00000100,data,data_0048F245
0x0048F345,0x00000100,data,data_0048F345
0x0048F445,0x00000100,data,data_0048F445
0x0048F545,0x00000100,data,data_0048F545
0x0048F645,0x00000100,data,data_0048F645
0x0048F745,0x00000100,data,data_0048F745
0x0048F845,0x00000100,data,data_0048F845
0x0048F945,0x00000100,data,data_0048F945
0x0048FA45,0x00000100,data,data_0048FA45
0x0048FB45,0x00000100,data,data_0048FB45
0x0048FC45,0x00000100,data,data_0048FC45
0x0048FD45,0x00000100,data,data_0048FD45
0x0048FE45,0x00000100,data,data_0048FE45
0x0048FF45,0x00000100,data,data_0048FF45
0x00490045,0x00000100,data,data_00490045
0x00490145,0x00000100,data,data_00490145
0x00490245,0x00000100,data,data_00490245
0x00490345,0x00000100,data,data_00490345
0x00490445,0x00000100,data,data_00490445
0x00490545,0x00000100,data,data_00490545
0x00490645,0x00000100,data,data_00490645
0x00490745,0x00000100,data,data_00490745
0x00490845,0x00000100,data,data_00490845
0x00490945,0x00000100,data,data_00490945
0x00490A45,0x00000100,data,data_00490A45
0x00490B45,0x00000100,data,data_00490B45
0x00490C45,0x00000100,data,data_00490C45
0x00490D45,0x00000100,data,data_00490D45
0x00490E45,0x00000100,data,data_00490E45
0x00490F45,0x00000100,data,data_00490F45
0x00491045,0x00000100,data,data_00491045
0x00491145,0x00000100,data,data_00491145
0x00491245,0x00000100,data,data_00491245
0x00491345,0x00000100,data,data_00491345
0x00491445,0x00000100,data,data_00491445
0x00491545,0x00000100,data,data_00491545
0x00491645,0x00000100,data,data_00491645
0x00491745,0x00000100,data,data_00491745
0x00491845,0x00000100,data,data_00491845
0x00491945,0x00000100,data,data_00491945
0x00491A45,0x00000100,data,data_00491A45
0x00491B45,0x00000100,data,data_00491B45
0x00491C45,0x00000100,data,data_00491C45
0x00491D45,0x00000100,data,data_00491D45
0x00491E45,0x00000100,data,data_00491E45
0x00491F45,0x00000100,data,data_00491F45
0x00492045,0x00000100,data,data_00492045
0x00492145,0x00000100,data,data_00492145
0x00492245,0x00000100,data,data_00492245
0x00492345,0x00000100,data,data_00492345
0x00492445,0x00000100,data,data_00492445
0x00492545,0x00000100,data,data_00492545
0x00492645,0x00000100,data,data_00492645
0x00492745,0x00000100,data,data_00492745
0x00492845,0x00000100,data,data_00492845
0x00492945,0x00000100,data,data_00492945
0x00492A45,0x00000100,data,data_00492A45
0x00492B45,0x00000100,data,data_00492B45
0x00492C45,0x00000100,data,data_00492C45
0x00492D45,0x00000100,data,data_00492D45
0x00492E45,0x00000100,data,data_00492E45
0x00492F45,0x00000100,data,data_00492F45
0x00493045,0x00000100,data,data_00493045
0x00493145,0x00000100,data,data_00493145
0x00493245,0x00000100,data,data_00493245
0x00493345,0x00000100,data,data_00493345
0x00493445,0x00000100,data,data_00493445
0x00493545,0x00000100,data,data_00493545
0x00493645,0x00000100,data,data_00493645
0x00493745,0x00000100,data,data_00493745
0x00493845,0x00000100,data,data_00493845
0x00493945,0x00000100,data,data_00493945
0x00493A45,0x00000100,data,data_00493A45
0x00493B45,0x00000100,data,data_00493B45
0x00493C45,0x00000100,data,data_00493C45
0x00493D45,0x00000100,data,data_00493D45
0x00493E45,0x00000100,data,data_00493E45
0x00493F45,0x00000100,data,data_00493F45
0x00494045,0x00000100,data,data_00494045
0x00494145,0x00000100,data,data_00494145
0x00494245,0x00000100,data,data_00494245
0x00494345,0x00000100,data,data_00494345
0x00494445,0x00000100,data,data_00494445
0x00494545,0x00000100,data,data_00494545
0x00494645,0x00000100,data,data_00494645
0x00494745,0x00000100,data,data_00494745
0x00494845,0x00000100,data,data_00494845
0x00494945,0x00000100,data,data_00494945
0x00494A45,0x00000100,data,data_00494A45
0x00494B45,0x00000100,data,data_00494B45
0x00494C45,0x00000100,data,data_00494C45
0x00494D45,0x00000100,data,data_00494D45
0x00494E45,0x00000100,data,data_00494E45
0x00494F45,0x00000100,data,data_00494F45
0x00495045,0x00000100,data,data_00495045
0x00495145,0x00000100,data,data_00495145
0x00495245,0x00000100,data,data_00495245
0x00495345,0x00000100,data,data_00495345
0x00495445,0x00000100,data,data_00495445
0x00495545,0x00000100,data,data_00495545
0x00495645,0x00000100,data,data_00495645
0x00495745,0x00000100,data,data_00495745
0x00495845,0x00000100,data,data_00495845
0x00495945,0x00000100,data,data_00495945
0x00495A45,0x00000100,data,data_00495A45
0x00495B45,0x00000100,data,data_00495B45
0x00495C45,0x00000100,data,data_00495C45
0x00495D45,0x00000100,data,data_00495D45
0x00495E45,0x00000100,data,data_00495E45
0x00495F45,0x00000100,data,data_00495F45
0x00496045,0x00000100,data,data_00496045
0x00496145,0x00000100,data,data_00496145
0x00496245,0x00000100,data,data_00496245
0x00496345,0x00000100,data,data_00496345
0x00496445,0x00000100,data,data_00496445
0x00496545,0x00000100,data,data_00496545
0x00496645,0x00000100,data,data_00496645
0x00496745,0x00000100,data,data_00496745
0x00496845,0x00000100,data,data_00496845
0x00496945,0x00000100,data,data_00496945
0x00496A45,0x00000100,data,data_00496A45
0x00496B45,0x00000100,data,data_00496B45
0x00496C45,0x00000100,data,data_00496C45
0x00496D45,0x00000100,data,data_00496D45
0x00496E45,0x00000100,data,data_00496E45
0x00496F45,0x00000100,data,data_00496F45
0x00497045,0x00000100,data,data_00497045
0x00497145,0x00000100,data,data_00497145
0x00497245,0x00000100,data,data_00497245
0x00497345,0x00000100,data,data_00497345
0x00497445,0x00000100,data,data_00497445
0x00497545,0x000000AF,data,data_00497545
