Address,Size,Type,Symbol
0x10B0102C,0x00000002,func,fn_10B0102C
0x10B01048,0x00000044,func,fn_10B01048
0x10B0114C,0x00000037,func,fn_10B0114C
0x10B0118C,0x00000004,func,fn_10B0118C
0x10B0121C,0x00000001,func,fn_10B0121C
0x10B12BA8,0x00000006,func,fn_10B12BA8
0x10B16724,0x000004E2,func,fn_10B16724
0x10B16C7C,0x000000DD,func,fn_10B16C7C
0x10B16E2C,0x00000194,func,fn_10B16E2C
0x10B171C8,0x00000055,func,fn_10B171C8
0x10B197C8,0x00000004,func,fn_10B197C8
0x10B1DCB8,0x000000A0,func,fn_10B1DCB8
0x10B1DDA0,0x00000208,func,fn_10B1DDA0
0x10B1E140,0x0000002A,func,fn_10B1E140
0x10B1E1CC,0x00000278,func,fn_10B1E1CC
0x10B1E44C,0x00000494,func,fn_10B1E44C
0x10B266D0,0x00000093,func,fn_10B266D0
0x10B26763,0x0000001D,func,fn_10B26763
0x10B26780,0x00000022,func,fn_10B26780
0x10B267A2,0x00000034,func,fn_10B267A2
0x10B267D6,0x0000001A,func,fn_10B267D6
0x10B267F0,0x00000014,func,fn_10B267F0
0x10B26804,0x00000012,func,fn_10B26804
0x10B26816,0x00000021,func,fn_10B26816
0x10B26837,0x00000021,func,fn_10B26837
0x10B26858,0x00000026,func,fn_10B26858
0x10B2687E,0x0000003A,func,fn_10B2687E
0x10B268B8,0x00000026,func,fn_10B268B8
0x10B268DE,0x0000002B,func,fn_10B268DE
0x10B26909,0x00000039,func,fn_10B26909
0x10B26942,0x00000023,func,fn_10B26942
0x10B26965,0x00000030,func,fn_10B26965
0x10B26995,0x00000026,func,fn_10B26995
0x10B269BB,0x00000017,func,fn_10B269BB
0x10B269D2,0x0000002D,func,fn_10B269D2
0x10B269FF,0x0000006F,func,fn_10B269FF
0x10B26A6E,0x00000025,func,fn_10B26A6E
0x10B26A93,0x0000003F,func,fn_10B26A93
0x10B26AD2,0x0000002F,func,fn_10B26AD2
0x10B26B01,0x00000097,func,fn_10B26B01
0x10B26B98,0x000000D5,func,fn_10B26B98
0x10B26C6D,0x00000037,func,fn_10B26C6D
0x10B26CA4,0x00000021,func,fn_10B26CA4
0x10B26CC5,0x0000000F,func,fn_10B26CC5
0x10B26CD4,0x00000065,func,fn_10B26CD4
0x10B26D39,0x0000002F,func,fn_10B26D39
0x10B26D68,0x00000022,func,fn_10B26D68
0x10B26D8A,0x00000024,func,fn_10B26D8A
0x10B26DAE,0x0000005A,func,fn_10B26DAE
0x10B26E6B,0x00000047,func,fn_10B26E6B
0x10B26EB2,0x0000001B,func,fn_10B26EB2
0x10B26ECD,0x0000000D,func,fn_10B26ECD
0x10B26EDA,0x00000021,func,fn_10B26EDA
0x10B26EFB,0x0000003C,func,fn_10B26EFB
0x10B26F37,0x0000002F,func,fn_10B26F37
0x10B26F66,0x00000044,func,fn_10B26F66
0x10B26FAA,0x0000006C,func,fn_10B26FAA
0x10B27016,0x00000005,func,fn_10B27016
0x10B2701B,0x00000076,func,fn_10B2701B
0x10B27091,0x0000006B,func,fn_10B27091
0x10B270FC,0x00000033,func,fn_10B270FC
0x10B2712F,0x00000052,func,fn_10B2712F
0x10B27181,0x00000024,func,fn_10B27181
0x10B271A5,0x00000052,func,fn_10B271A5
0x10B271F7,0x00000017,func,fn_10B271F7
0x10B2720E,0x00000017,func,fn_10B2720E
0x10B27225,0x0000006B,func,fn_10B27225
0x10B27290,0x00000089,func,fn_10B27290
0x10B27319,0x00000024,func,fn_10B27319
0x10B2733D,0x0000003F,func,fn_10B2733D
0x10B2737C,0x00000057,func,fn_10B2737C
0x10B273D3,0x000000A1,func,fn_10B273D3
0x10B27474,0x00000084,func,fn_10B27474
0x10B274F8,0x000000C9,func,fn_10B274F8
0x10B275C1,0x00000017,func,fn_10B275C1
0x10B275D8,0x0000001B,func,fn_10B275D8
0x10B275F3,0x0000007D,func,fn_10B275F3
0x10B27670,0x00000011,func,fn_10B27670
0x10B27681,0x00000046,func,fn_10B27681
0x10B276C7,0x0000001D,func,fn_10B276C7
0x10B276E4,0x0000005B,func,fn_10B276E4
0x10B2773F,0x0000004F,func,fn_10B2773F
0x10B2778E,0x00000162,func,fn_10B2778E
0x10B278F0,0x000000A6,func,fn_10B278F0
0x10B27996,0x00000031,func,fn_10B27996
0x10B279C7,0x00000022,func,fn_10B279C7
0x10B279E9,0x00000010,func,fn_10B279E9
0x10B279F9,0x00000033,func,fn_10B279F9
0x10B27A2C,0x00000120,func,fn_10B27A2C
0x10B27B4C,0x00000033,func,fn_10B27B4C
0x10B27B7F,0x000001A0,func,fn_10B27B7F
0x10B27D52,0x00000029,func,fn_10B27D52
0x10B27DA5,0x0000000D,func,fn_10B27DA5
0x10B27DB2,0x00000020,func,fn_10B27DB2
0x10B27DD2,0x00000015,func,fn_10B27DD2
0x10B27DE7,0x00000015,func,fn_10B27DE7
0x10B27DFC,0x0000000D,func,fn_10B27DFC
0x10B27E09,0x0000001C,func,fn_10B27E09
0x10B27E25,0x0000002E,func,fn_10B27E25
0x10B27E53,0x00000038,func,fn_10B27E53
0x10B27E8B,0x0000003C,func,fn_10B27E8B
0x10B27EC7,0x00000057,func,fn_10B27EC7
0x10B27F1E,0x0000001E,func,fn_10B27F1E
0x10B27F3C,0x00000190,func,fn_10B27F3C
0x10B280CC,0x00000013,func,fn_10B280CC
0x10B280DF,0x0000002E,func,fn_10B280DF
0x10B2810D,0x00000028,func,fn_10B2810D
0x10B28135,0x00000031,func,fn_10B28135
0x10B281AF,0x00000022,func,fn_10B281AF
0x10B281D1,0x00000026,func,fn_10B281D1
0x10B281F7,0x0000000E,func,fn_10B281F7
0x10B2823B,0x00000026,func,fn_10B2823B
0x10B28261,0x000000A3,func,fn_10B28261
0x10B28304,0x0000000E,func,fn_10B28304
0x10B283B0,0x0000004A,func,fn_10B283B0
0x10B283FA,0x000000CF,func,fn_10B283FA
0x10B28548,0x0000003E,func,fn_10B28548
0x10B28586,0x00000224,func,fn_10B28586
0x10B287AA,0x0000000E,func,fn_10B287AA
0x10B287B8,0x000000B7,func,fn_10B287B8
0x10B2888E,0x00000030,func,fn_10B2888E
0x10B288BE,0x00000121,func,fn_10B288BE
0x10B289DF,0x0000001E,func,fn_10B289DF
0x10B289FD,0x0000002E,func,fn_10B289FD
0x10B28A2B,0x00000070,func,fn_10B28A2B
0x10B28A9B,0x000002D4,func,fn_10B28A9B
0x10B29050,0x0000008C,func,fn_10B29050
0x10B290DC,0x000000CF,func,fn_10B290DC
0x10B291AB,0x00000006,func,fn_10B291AB
0x10B291B1,0x0000002D,func,fn_10B291B1
0x10B291DE,0x0000003E,func,fn_10B291DE
0x10B2921C,0x0000004C,func,fn_10B2921C
0x10B29268,0x00000015,func,fn_10B29268
0x10B2927D,0x0000003B,func,fn_10B2927D
0x10B292B8,0x00000040,func,fn_10B292B8
0x10B292F8,0x00000013,func,fn_10B292F8
0x10B2930B,0x00000007,func,fn_10B2930B
0x10B29312,0x00000006,func,fn_10B29312
0x10B29318,0x00000058,func,fn_10B29318
0x10B293B3,0x00000039,func,fn_10B293B3
0x10B293EC,0x00000050,func,fn_10B293EC
0x10B2943C,0x0000004F,func,fn_10B2943C
0x10B2948B,0x00000068,func,fn_10B2948B
0x10B294F3,0x00000053,func,fn_10B294F3
0x10B29546,0x00000057,func,fn_10B29546
0x10B2959D,0x00000061,func,fn_10B2959D
0x10B295FE,0x00000139,func,fn_10B295FE
0x10B29737,0x000000CC,func,fn_10B29737
0x10B29803,0x0000002C,func,fn_10B29803
0x10B2982F,0x000001E1,func,fn_10B2982F
0x10B29A10,0x000000B0,func,fn_10B29A10
0x10B29AF7,0x0000016C,func,fn_10B29AF7
0x10B29C63,0x00000017,func,fn_10B29C63
0x10B29C7A,0x00000113,func,fn_10B29C7A
0x10B29D8D,0x0000000D,func,fn_10B29D8D
0x10B29D9A,0x0000000D,func,fn_10B29D9A
0x10B29DA7,0x0000004B,func,fn_10B29DA7
0x10B29DF2,0x00000020,func,fn_10B29DF2
0x10B29E12,0x0000000D,func,fn_10B29E12
0x10B29E1F,0x0000000B,func,fn_10B29E1F
0x10B29E2A,0x00000039,func,fn_10B29E2A
0x10B29E63,0x0000000D,func,fn_10B29E63
0x10B29E70,0x00000017,func,fn_10B29E70
0x10B29E87,0x00000011,func,fn_10B29E87
0x10B29E98,0x00000015,func,fn_10B29E98
0x10B29EAD,0x0000001A,func,fn_10B29EAD
0x10B29EC7,0x0000003A,func,fn_10B29EC7
0x10B29F01,0x00000008,func,fn_10B29F01
0x10B29F09,0x0000001A,func,fn_10B29F09
0x10B29F23,0x00000020,func,fn_10B29F23
0x10B29F43,0x00000010,func,fn_10B29F43
0x10B29F53,0x0000006C,func,fn_10B29F53
0x10B29FBF,0x0000000D,func,fn_10B29FBF
0x10B29FCC,0x0000000D,func,fn_10B29FCC
0x10B29FD9,0x0000000B,func,fn_10B29FD9
0x10B29FE4,0x00000007,func,fn_10B29FE4
0x10B29FEB,0x00000008,func,fn_10B29FEB
0x10B29FF3,0x00000004,func,fn_10B29FF3
0x10B29FF7,0x00000004,func,fn_10B29FF7
0x10B29FFB,0x00000004,func,fn_10B29FFB
0x10B29FFF,0x00000007,func,fn_10B29FFF
0x10B2A006,0x00000020,func,fn_10B2A006
0x10B2A026,0x0000000C,func,fn_10B2A026
0x10B2A032,0x0000000F,func,fn_10B2A032
0x10B2A041,0x0000000F,func,fn_10B2A041
0x10B2A050,0x00000015,func,fn_10B2A050
0x10B2A065,0x00000007,func,fn_10B2A065
0x10B2A06C,0x00000009,func,fn_10B2A06C
0x10B2A075,0x00000012,func,fn_10B2A075
0x10B2A087,0x00000016,func,fn_10B2A087
0x10B2A09D,0x00000007,func,fn_10B2A09D
0x10B2A0A4,0x00000006,func,fn_10B2A0A4
0x10B2A0AA,0x00000007,func,fn_10B2A0AA
0x10B2A0B1,0x00000006,func,fn_10B2A0B1
0x10B2A0B7,0x00000007,func,fn_10B2A0B7
0x10B2A0BE,0x00000007,func,fn_10B2A0BE
0x10B2A0C5,0x00000005,func,fn_10B2A0C5
0x10B2A0CA,0x0000005A,func,fn_10B2A0CA
0x10B2A124,0x0000006A,func,fn_10B2A124
0x10B2A18E,0x00000077,func,fn_10B2A18E
0x10B2A205,0x00000060,func,fn_10B2A205
0x10B2A265,0x0000004E,func,fn_10B2A265
0x10B2A2B3,0x00000167,func,fn_10B2A2B3
0x10B2A41A,0x00000026,func,fn_10B2A41A
0x10B2A440,0x0000011F,func,fn_10B2A440
0x10B2A571,0x0000001C,func,fn_10B2A571
0x10B2A58D,0x00000010,func,fn_10B2A58D
0x10B2A59D,0x00000058,func,fn_10B2A59D
0x10B2A5F5,0x00000047,func,fn_10B2A5F5
0x10B2A63C,0x00000023,func,fn_10B2A63C
0x10B2A65F,0x000000F8,func,fn_10B2A65F
0x10B2A757,0x000000A4,func,fn_10B2A757
0x10B2A7FB,0x0000003C,func,fn_10B2A7FB
0x10B2A870,0x0000002B,func,fn_10B2A870
0x10B2A89B,0x0000003F,func,fn_10B2A89B
0x10B2A8DA,0x0000005C,func,fn_10B2A8DA
0x10B2A936,0x0000041A,func,fn_10B2A936
0x10B2AD50,0x0000009F,func,fn_10B2AD50
0x10B2ADEF,0x0000001F,func,fn_10B2ADEF
0x10B2AE0E,0x00000141,func,fn_10B2AE0E
0x10B2AF4F,0x0000002B,func,fn_10B2AF4F
0x10B2AF7A,0x00000028,func,fn_10B2AF7A
0x10B2AFA2,0x00000038,func,fn_10B2AFA2
0x10B2AFDA,0x0000004E,func,fn_10B2AFDA
0x10B2B028,0x00000005,func,fn_10B2B028
0x10B2B02D,0x000000B0,func,fn_10B2B02D
0x10B2B0DD,0x00000313,func,fn_10B2B0DD
0x10B2B3F0,0x0000005E,func,fn_10B2B3F0
0x10B2B44E,0x000003DF,func,fn_10B2B44E
0x10B2B82D,0x0000007E,func,fn_10B2B82D
0x10B2B8AB,0x000000B7,func,fn_10B2B8AB
0x10B2B962,0x0000003A,func,fn_10B2B962
0x10B2B99C,0x00000189,func,fn_10B2B99C
0x10B2BB25,0x0000001E,func,fn_10B2BB25
0x10B2BB43,0x00000021,func,fn_10B2BB43
0x10B2BB64,0x0000004D,func,fn_10B2BB64
0x10B2BBB1,0x000000D2,func,fn_10B2BBB1
0x10B2BC83,0x00000047,func,fn_10B2BC83
0x10B2BCCA,0x00000450,func,fn_10B2BCCA
0x10B2C11A,0x000000A5,func,fn_10B2C11A
0x10B2C1BF,0x00000032,func,fn_10B2C1BF
0x10B2C1F1,0x00000015,func,fn_10B2C1F1
0x10B2C206,0x00000017,func,fn_10B2C206
0x10B2C21D,0x0000002C,func,fn_10B2C21D
0x10B2C249,0x0000002F,func,fn_10B2C249
0x10B2C278,0x0000002A,func,fn_10B2C278
0x10B2C2A2,0x0000001D,func,fn_10B2C2A2
0x10B2C2BF,0x00000041,func,fn_10B2C2BF
0x10B2C300,0x000001D1,func,fn_10B2C300
0x10B2C4D1,0x00000103,func,fn_10B2C4D1
0x10B2C74D,0x0000012A,func,fn_10B2C74D
0x10B2C877,0x0000005E,func,fn_10B2C877
0x10B2C8D5,0x00000005,func,fn_10B2C8D5
0x10B2C8F3,0x00000009,func,fn_10B2C8F3
0x10B2C8FC,0x00000015,func,fn_10B2C8FC
0x10B2C911,0x0000001D,func,fn_10B2C911
0x10B2C92E,0x0000001D,func,fn_10B2C92E
0x10B2C94B,0x0000001D,func,fn_10B2C94B
0x10B2C968,0x0000001D,func,fn_10B2C968
0x10B2C985,0x0000001D,func,fn_10B2C985
0x10B2C9A2,0x0000008C,func,fn_10B2C9A2
0x10B2CA2E,0x0000003E,func,fn_10B2CA2E
0x10B2CA6C,0x0000006C,func,fn_10B2CA6C
0x10B2CAD8,0x00000076,func,fn_10B2CAD8
0x10B2CB4E,0x0000003E,func,fn_10B2CB4E
0x10B2CB8C,0x00000031,func,fn_10B2CB8C
0x10B2CBBD,0x00000016,func,fn_10B2CBBD
0x10B2CBD3,0x00000021,func,fn_10B2CBD3
0x10B2CBF4,0x00000065,func,fn_10B2CBF4
0x10B2CD75,0x00000020,func,fn_10B2CD75
0x10B2CD95,0x000000DF,func,fn_10B2CD95
0x10B2CE74,0x00000043,func,fn_10B2CE74
0x10B2CEB7,0x00000779,func,fn_10B2CEB7
0x10B2D630,0x000007F2,func,fn_10B2D630
0x10B2DE22,0x000001C0,func,fn_10B2DE22
0x10B2DFE2,0x00000232,func,fn_10B2DFE2
0x10B2E214,0x0000029A,func,fn_10B2E214
0x10B2E4AE,0x0000031A,func,fn_10B2E4AE
0x10B2E7C8,0x00000030,func,fn_10B2E7C8
0x10B2E7F8,0x00000246,func,fn_10B2E7F8
0x10B2EA3E,0x000001D1,func,fn_10B2EA3E
0x10B2EC0F,0x0000002E,func,fn_10B2EC0F
0x10B2EE7A,0x0000015C,func,fn_10B2EE7A
0x10B2EFD6,0x0000005B,func,fn_10B2EFD6
0x10B2F058,0x000002F3,func,fn_10B2F058
0x10B2F34B,0x000000C4,func,fn_10B2F34B
0x10B2F40F,0x000000C3,func,fn_10B2F40F
0x10B2F4D2,0x000000A9,func,fn_10B2F4D2
0x10B2F57B,0x000005DE,func,fn_10B2F57B
0x10B2FB59,0x000000FF,func,fn_10B2FB59
0x10B2FC58,0x000002DC,func,fn_10B2FC58
0x10B2FF34,0x000003F6,func,fn_10B2FF34
0x10B3032A,0x000001ED,func,fn_10B3032A
0x10B30517,0x000008A6,func,fn_10B30517
0x10B30DBD,0x00000239,func,fn_10B30DBD
0x10B30FF6,0x000002C5,func,fn_10B30FF6
0x10B313BC,0x00000046,func,fn_10B313BC
0x10B31402,0x00000142,func,fn_10B31402
0x10B31544,0x0000009B,func,fn_10B31544
0x10B315DF,0x000000D2,func,fn_10B315DF
0x10B316B1,0x000000A4,func,fn_10B316B1
0x10B31755,0x00000374,func,fn_10B31755
0x10B31AC9,0x000001D1,func,fn_10B31AC9
0x10B31C9A,0x0000033A,func,fn_10B31C9A
0x10B31FD4,0x00000034,func,fn_10B31FD4
0x10B32008,0x0000002C,func,fn_10B32008
0x10B32034,0x00000024,func,fn_10B32034
0x10B32058,0x00000031,func,fn_10B32058
0x10B32089,0x00000013,func,fn_10B32089
0x10B320DB,0x00000026,func,fn_10B320DB
0x10B32101,0x00000012,func,fn_10B32101
0x10B32113,0x00000074,func,fn_10B32113
0x10B32187,0x00000018,func,fn_10B32187
0x10B3219F,0x00000030,func,fn_10B3219F
0x10B321CF,0x00000021,func,fn_10B321CF
0x10B321F0,0x00000021,func,fn_10B321F0
0x10B32211,0x00000021,func,fn_10B32211
0x10B32232,0x00000025,func,fn_10B32232
0x10B32257,0x00000025,func,fn_10B32257
0x10B3227C,0x0000003E,func,fn_10B3227C
0x10B322BA,0x000000E0,func,fn_10B322BA
0x10B3239A,0x00000031,func,fn_10B3239A
0x10B323CB,0x0000002F,func,fn_10B323CB
0x10B323FA,0x00000049,func,fn_10B323FA
0x10B32443,0x000000B6,func,fn_10B32443
0x10B324F9,0x00000005,func,fn_10B324F9
0x10B3250D,0x00000009,func,fn_10B3250D
0x10B32516,0x00000005,func,fn_10B32516
0x10B3252A,0x00000009,func,fn_10B3252A
0x10B32533,0x00000003,func,fn_10B32533
0x10B32536,0x000000AB,func,fn_10B32536
0x10B325E1,0x00000095,func,fn_10B325E1
0x10B32676,0x00000108,func,fn_10B32676
0x10B3277E,0x0000004F,func,fn_10B3277E
0x10B327CD,0x0000009E,func,fn_10B327CD
0x10B3286B,0x0000006F,func,fn_10B3286B
0x10B328DA,0x00000034,func,fn_10B328DA
0x10B331B2,0x0000000D,func,fn_10B331B2
0x10B331BF,0x00000034,func,fn_10B331BF
0x10B331F3,0x0000007C,func,fn_10B331F3
0x10B3326F,0x000000C6,func,fn_10B3326F
0x10B33335,0x00000029,func,fn_10B33335
0x10B3338C,0x00000020,func,fn_10B3338C
0x10B333AC,0x00000077,func,fn_10B333AC
0x10B33423,0x00000103,func,fn_10B33423
0x10B33526,0x0000000F,func,fn_10B33526
0x10B33536,0x00000029,func,fn_10B33536
0x10B3355F,0x0000002D,func,fn_10B3355F
0x10B3358C,0x000000BB,func,fn_10B3358C
0x10B33647,0x0000027E,func,fn_10B33647
0x10B338C5,0x000001DA,func,fn_10B338C5
0x10B33A9F,0x000002AB,func,fn_10B33A9F
0x10B33D4A,0x0000008E,func,fn_10B33D4A
0x10B33DD8,0x000000DE,func,fn_10B33DD8
0x10B33EB6,0x000000E0,func,fn_10B33EB6
0x10B33F96,0x00000052,func,fn_10B33F96
0x10B33FE8,0x0000001B,func,fn_10B33FE8
0x10B34003,0x000000B7,func,fn_10B34003
0x10B34113,0x00000108,func,fn_10B34113
0x10B3421B,0x0000017E,func,fn_10B3421B
0x10B34399,0x00000005,func,fn_10B34399
0x10B343B1,0x0000000C,func,fn_10B343B1
0x10B343BD,0x00000056,func,fn_10B343BD
0x10B34413,0x000000D8,func,fn_10B34413
0x10B344EB,0x0000005A,func,fn_10B344EB
0x10B34545,0x00000219,func,fn_10B34545
0x10B3475E,0x0000003E,func,fn_10B3475E
0x10B3479C,0x0000007B,func,fn_10B3479C
0x10B34817,0x00000063,func,fn_10B34817
0x10B3487A,0x0000002F,func,fn_10B3487A
0x10B348A9,0x00000047,func,fn_10B348A9
0x10B348F0,0x000000F6,func,fn_10B348F0
0x10B349E6,0x000000A3,func,fn_10B349E6
0x10B34A89,0x00000255,func,fn_10B34A89
0x10B34CDE,0x0000003F,func,fn_10B34CDE
0x10B34D1D,0x0000004B,func,fn_10B34D1D
0x10B34D68,0x000000AA,func,fn_10B34D68
0x10B34E12,0x00000080,func,fn_10B34E12
0x10B34E92,0x0000005E,func,fn_10B34E92
0x10B34EF0,0x0000005D,func,fn_10B34EF0
0x10B34F4D,0x00000169,func,fn_10B34F4D
0x10B350B6,0x000000FC,func,fn_10B350B6
0x10B351B2,0x0000012C,func,fn_10B351B2
0x10B352DE,0x0000012E,func,fn_10B352DE
0x10B3540C,0x000002B8,func,fn_10B3540C
0x10B356C4,0x00000023,func,fn_10B356C4
0x10B356E7,0x0000004F,func,fn_10B356E7
0x10B35736,0x00000008,func,fn_10B35736
0x10B3573E,0x00000008,func,fn_10B3573E
0x10B35746,0x00000008,func,fn_10B35746
0x10B3574E,0x00000044,func,fn_10B3574E
0x10B35792,0x0000006C,func,fn_10B35792
0x10B357FE,0x0000004E,func,fn_10B357FE
0x10B3584C,0x0000004C,func,fn_10B3584C
0x10B358BE,0x00000053,func,fn_10B358BE
0x10B35911,0x00000050,func,fn_10B35911
0x10B35A48,0x00000132,func,fn_10B35A48
0x10B35B7A,0x0000003D,func,fn_10B35B7A
0x10B35BB7,0x00000012,func,fn_10B35BB7
0x10B35BC9,0x00000025,func,fn_10B35BC9
0x10B35BEE,0x0000005E,func,fn_10B35BEE
0x10B35C4C,0x0000002C,func,fn_10B35C4C
0x10B35C78,0x00000056,func,fn_10B35C78
0x10B35CCE,0x00000040,func,fn_10B35CCE
0x10B35D0E,0x00000057,func,fn_10B35D0E
0x10B35D65,0x00000077,func,fn_10B35D65
0x10B35DDC,0x0000001E,func,fn_10B35DDC
0x10B35DFA,0x0000001D,func,fn_10B35DFA
0x10B35E17,0x00000021,func,fn_10B35E17
0x10B35E38,0x00000005,func,fn_10B35E38
0x10B35E3D,0x00000008,func,fn_10B35E3D
0x10B35E45,0x00000044,func,fn_10B35E45
0x10B35E89,0x00000028,func,fn_10B35E89
0x10B35EB1,0x00000024,func,fn_10B35EB1
0x10B35ED5,0x00000035,func,fn_10B35ED5
0x10B35F0A,0x00000016,func,fn_10B35F0A
0x10B35F20,0x00000068,func,fn_10B35F20
0x10B35F88,0x0000007C,func,fn_10B35F88
0x10B36004,0x00000066,func,fn_10B36004
0x10B3606A,0x00000059,func,fn_10B3606A
0x10B360C3,0x00000070,func,fn_10B360C3
0x10B36169,0x00000095,func,fn_10B36169
0x10B361FE,0x0000006C,func,fn_10B361FE
0x10B3626A,0x00000005,func,fn_10B3626A
0x10B362A6,0x00000007,func,fn_10B362A6
0x10B362AD,0x00000039,func,fn_10B362AD
0x10B362E6,0x0000000F,func,fn_10B362E6
0x10B362F5,0x00000010,func,fn_10B362F5
0x10B36305,0x000000A9,func,fn_10B36305
0x10B363AE,0x00000013,func,fn_10B363AE
0x10B363C1,0x0000003E,func,fn_10B363C1
0x10B36400,0x00000022,func,fn_10B36400
0x10B36422,0x0000001C,func,fn_10B36422
0x10B3643E,0x0000009B,func,fn_10B3643E
0x10B364D9,0x00000181,func,fn_10B364D9
0x10B3665A,0x00000033,func,fn_10B3665A
0x10B3668D,0x00000088,func,fn_10B3668D
0x10B36715,0x0000002C,func,fn_10B36715
0x10B36741,0x0000000D,func,fn_10B36741
0x10B3674E,0x0000000D,func,fn_10B3674E
0x10B3675B,0x00000055,func,fn_10B3675B
0x10B367B0,0x0000004D,func,fn_10B367B0
0x10B367FD,0x00000008,func,fn_10B367FD
0x10B36805,0x00000032,func,fn_10B36805
0x10B36837,0x00000075,func,fn_10B36837
0x10B368AC,0x0000001A,func,fn_10B368AC
0x10B368C6,0x00000119,func,fn_10B368C6
0x10B369DF,0x0000006F,func,fn_10B369DF
0x10B36A4E,0x0000006F,func,fn_10B36A4E
0x10B36ABD,0x00000027,func,fn_10B36ABD
0x10B36AE4,0x0000024C,func,fn_10B36AE4
0x10B36D30,0x000000BF,func,fn_10B36D30
0x10B36DEF,0x000000A4,func,fn_10B36DEF
0x10B36E93,0x000000EB,func,fn_10B36E93
0x10B36F7E,0x000000F1,func,fn_10B36F7E
0x10B3706F,0x000000BF,func,fn_10B3706F
0x10B3712E,0x00000031,func,fn_10B3712E
0x10B3715F,0x0000004D,func,fn_10B3715F
0x10B371AC,0x000000D9,func,fn_10B371AC
0x10B37285,0x00000025,func,fn_10B37285
0x10B372AA,0x00000040,func,fn_10B372AA
0x10B372EA,0x0000022F,func,fn_10B372EA
0x10B37519,0x00000008,func,fn_10B37519
0x10B37521,0x00000008,func,fn_10B37521
0x10B37529,0x00000082,func,fn_10B37529
0x10B375AB,0x000000FE,func,fn_10B375AB
0x10B376A9,0x00000075,func,fn_10B376A9
0x10B3771E,0x0000003D,func,fn_10B3771E
0x10B3775B,0x00000012,func,fn_10B3775B
0x10B3776D,0x000000F8,func,fn_10B3776D
0x10B37865,0x00000033,func,fn_10B37865
0x10B37898,0x00000032,func,fn_10B37898
0x10B378CA,0x0000006B,func,fn_10B378CA
0x10B37935,0x00000121,func,fn_10B37935
0x10B37A56,0x00000008,func,fn_10B37A56
0x10B37A5E,0x0000007F,func,fn_10B37A5E
0x10B37ADD,0x00000053,func,fn_10B37ADD
0x10B37B30,0x00000063,func,fn_10B37B30
0x10B37B93,0x000000AF,func,fn_10B37B93
0x10B37C42,0x00000047,func,fn_10B37C42
0x10B37C89,0x00000008,func,fn_10B37C89
0x10B37C91,0x000000C1,func,fn_10B37C91
0x10B37D81,0x00000318,func,fn_10B37D81
0x10B38099,0x0000028D,func,fn_10B38099
0x10B38326,0x00000477,func,fn_10B38326
0x10B3879D,0x00000093,func,fn_10B3879D
0x10B38830,0x0000003A,func,fn_10B38830
0x10B3886A,0x00000004,func,fn_10B3886A
0x10B388A5,0x00000005,func,fn_10B388A5
0x10B388AA,0x00000004,func,fn_10B388AA
0x10B388E6,0x00000005,func,fn_10B388E6
0x10B388EB,0x000001B2,func,fn_10B388EB
0x10B38A9D,0x00000122,func,fn_10B38A9D
0x10B38BBF,0x00000115,func,fn_10B38BBF
0x10B38CD4,0x0000008E,func,fn_10B38CD4
0x10B38D7F,0x000002F6,func,fn_10B38D7F
0x10B39075,0x00000076,func,fn_10B39075
0x10B390EB,0x00000065,func,fn_10B390EB
0x10B39150,0x0000010C,func,fn_10B39150
0x10B3925C,0x0000002F,func,fn_10B3925C
0x10B392B5,0x000000B9,func,fn_10B392B5
0x10B3936E,0x000000B6,func,fn_10B3936E
0x10B39424,0x000000D1,func,fn_10B39424
0x10B394F5,0x00000216,func,fn_10B394F5
0x10B3970B,0x0000003A,func,fn_10B3970B
0x10B39745,0x0000001F,func,fn_10B39745
0x10B39764,0x00000030,func,fn_10B39764
0x10B39794,0x00000026,func,fn_10B39794
0x10B397BA,0x0000007D,func,fn_10B397BA
0x10B39837,0x00000043,func,fn_10B39837
0x10B3987A,0x0000004D,func,fn_10B3987A
0x10B398C7,0x00000024,func,fn_10B398C7
0x10B398EB,0x0000002E,func,fn_10B398EB
0x10B39919,0x0000001E,func,fn_10B39919
0x10B39937,0x000001E1,func,fn_10B39937
0x10B39B18,0x00000037,func,fn_10B39B18
0x10B39B4F,0x00000172,func,fn_10B39B4F
0x10B39CC1,0x000000AF,func,fn_10B39CC1
0x10B39D70,0x000000E9,func,fn_10B39D70
0x10B39E59,0x00000111,func,fn_10B39E59
0x10B39F6A,0x0000002A,func,fn_10B39F6A
0x10B39F94,0x00000010,func,fn_10B39F94
0x10B39FA4,0x00000081,func,fn_10B39FA4
0x10B3A025,0x0000022E,func,fn_10B3A025
0x10B3A253,0x00000285,func,fn_10B3A253
0x10B3A4D8,0x000000C8,func,fn_10B3A4D8
0x10B3A5A0,0x000000B0,func,fn_10B3A5A0
0x10B3A650,0x00000140,func,fn_10B3A650
0x10B3A790,0x000003F6,func,fn_10B3A790
0x10B3AB86,0x000000D1,func,fn_10B3AB86
0x10B3AC57,0x0000010B,func,fn_10B3AC57
0x10B3AD62,0x0000003F,func,fn_10B3AD62
0x10B3ADA1,0x00000040,func,fn_10B3ADA1
0x10B3ADE1,0x000000EA,func,fn_10B3ADE1
0x10B3AECB,0x00000103,func,fn_10B3AECB
0x10B3AFCE,0x00000199,func,fn_10B3AFCE
0x10B3B167,0x000002B4,func,fn_10B3B167
0x10B3B41B,0x000001E2,func,fn_10B3B41B
0x10B3B5FD,0x00000351,func,fn_10B3B5FD
0x10B3B94E,0x0000015A,func,fn_10B3B94E
0x10B3BAA8,0x000000CD,func,fn_10B3BAA8
0x10B3BB75,0x000004F0,func,fn_10B3BB75
0x10B3C065,0x000000A2,func,fn_10B3C065
0x10B3C107,0x000001C5,func,fn_10B3C107
0x10B3C2CC,0x00000409,func,fn_10B3C2CC
0x10B3C6D5,0x00000010,func,fn_10B3C6D5
0x10B3C6E5,0x00000104,func,fn_10B3C6E5
0x10B3C7E9,0x000000F9,func,fn_10B3C7E9
0x10B3C8E2,0x0000008E,func,fn_10B3C8E2
0x10B3C970,0x00000013,func,fn_10B3C970
0x10B3C983,0x000003C7,func,fn_10B3C983
0x10B3CD4A,0x000000C7,func,fn_10B3CD4A
0x10B3CE11,0x000000F4,func,fn_10B3CE11
0x10B3CF05,0x00000106,func,fn_10B3CF05
0x10B3D00B,0x00000048,func,fn_10B3D00B
0x10B3D053,0x00000003,func,fn_10B3D053
0x10B3D056,0x00000051,func,fn_10B3D056
0x10B3D0A7,0x0000004F,func,fn_10B3D0A7
0x10B3D18C,0x00000107,func,fn_10B3D18C
0x10B3D324,0x00000046,func,fn_10B3D324
0x10B3D36A,0x00000024,func,fn_10B3D36A
0x10B3D38E,0x00000048,func,fn_10B3D38E
0x10B3D40A,0x00000104,func,fn_10B3D40A
0x10B3D546,0x000000CA,func,fn_10B3D546
0x10B3D610,0x00000344,func,fn_10B3D610
0x10B3D9C8,0x00000035,func,fn_10B3D9C8
0x10B3D9FD,0x0000004E,func,fn_10B3D9FD
0x10B3DDAB,0x0000007E,func,fn_10B3DDAB
0x10B3DE29,0x0000002A,func,fn_10B3DE29
0x10B3DE53,0x000000A5,func,fn_10B3DE53
0x10B3DEF8,0x0000007B,func,fn_10B3DEF8
0x10B3DF73,0x0000052F,func,fn_10B3DF73
0x10B3E4A2,0x0000002C,func,fn_10B3E4A2
0x10B3E4CE,0x0000001F,func,fn_10B3E4CE
0x10B3E4ED,0x0000002C,func,fn_10B3E4ED
0x10B3E519,0x00000008,func,fn_10B3E519
0x10B3E521,0x00000021,func,fn_10B3E521
0x10B3E542,0x00000076,func,fn_10B3E542
0x10B3E5B8,0x00000016,func,fn_10B3E5B8
0x10B3E5CE,0x0000004C,func,fn_10B3E5CE
0x10B3E61A,0x0000003B,func,fn_10B3E61A
0x10B3E655,0x000000E4,func,fn_10B3E655
0x10B3E739,0x000000B4,func,fn_10B3E739
0x10B3E7ED,0x0000036D,func,fn_10B3E7ED
0x10B3EB5A,0x00000058,func,fn_10B3EB5A
0x10B3EBB2,0x000000BA,func,fn_10B3EBB2
0x10B3EC6C,0x000000B7,func,fn_10B3EC6C
0x10B3ED23,0x0000008F,func,fn_10B3ED23
0x10B3EDB2,0x00000047,func,fn_10B3EDB2
0x10B3EDF9,0x000000B7,func,fn_10B3EDF9
0x10B3EEB0,0x00000019,func,fn_10B3EEB0
0x10B3EEC9,0x00000042,func,fn_10B3EEC9
0x10B3EF0B,0x0000006E,func,fn_10B3EF0B
0x10B3EF79,0x00000063,func,fn_10B3EF79
0x10B3EFDC,0x00000051,func,fn_10B3EFDC
0x10B3F02D,0x00000021,func,fn_10B3F02D
0x10B3F04E,0x0000001D,func,fn_10B3F04E
0x10B3F06B,0x0000003B,func,fn_10B3F06B
0x10B3F0A6,0x0000001F,func,fn_10B3F0A6
0x10B3F0C5,0x0000003B,func,fn_10B3F0C5
0x10B3F100,0x00000070,func,fn_10B3F100
0x10B3F170,0x00000038,func,fn_10B3F170
0x10B3F1A8,0x00000040,func,fn_10B3F1A8
0x10B3F1E8,0x00000052,func,fn_10B3F1E8
0x10B3F23A,0x00000042,func,fn_10B3F23A
0x10B3F27C,0x00000041,func,fn_10B3F27C
0x10B3F2BD,0x000000B3,func,fn_10B3F2BD
0x10B3F370,0x0000002C,func,fn_10B3F370
0x10B3F39C,0x0000004E,func,fn_10B3F39C
0x10B3F3EA,0x0000006A,func,fn_10B3F3EA
0x10B3F454,0x00000173,func,fn_10B3F454
0x10B3F5C7,0x00000094,func,fn_10B3F5C7
0x10B3F65B,0x0000008C,func,fn_10B3F65B
0x10B3F6E7,0x0000013D,func,fn_10B3F6E7
0x10B3F824,0x000003CE,func,fn_10B3F824
0x10B3FBF2,0x00000087,func,fn_10B3FBF2
0x10B3FC79,0x000001C3,func,fn_10B3FC79
0x10B3FE3C,0x00000050,func,fn_10B3FE3C
0x10B3FE8C,0x00000080,func,fn_10B3FE8C
0x10B3FF0C,0x0000005D,func,fn_10B3FF0C
0x10B3FF69,0x00000023,func,fn_10B3FF69
0x10B3FF8C,0x00000154,func,fn_10B3FF8C
0x10B400E0,0x000000B7,func,fn_10B400E0
0x10B40197,0x000002E7,func,fn_10B40197
0x10B4047E,0x00000062,func,fn_10B4047E
0x10B404E0,0x000000B0,func,fn_10B404E0
0x10B40590,0x00000DF2,func,fn_10B40590
0x10B41382,0x000000FD,func,fn_10B41382
0x10B4147F,0x00000036,func,fn_10B4147F
0x10B414B5,0x00000048,func,fn_10B414B5
0x10B414FD,0x0000002C,func,fn_10B414FD
0x10B41529,0x0000032A,func,fn_10B41529
0x10B41853,0x0000002A,func,fn_10B41853
0x10B4187D,0x000000CD,func,fn_10B4187D
0x10B4194A,0x00000015,func,fn_10B4194A
0x10B4195F,0x00000022,func,fn_10B4195F
0x10B41981,0x0000002F,func,fn_10B41981
0x10B419B0,0x000000BE,func,fn_10B419B0
0x10B41A6E,0x00000025,func,fn_10B41A6E
0x10B41A93,0x0000011E,func,fn_10B41A93
0x10B41BB1,0x00000014,func,fn_10B41BB1
0x10B41BC5,0x00000038,func,fn_10B41BC5
0x10B41BFD,0x00000021,func,fn_10B41BFD
0x10B41C1E,0x00000021,func,fn_10B41C1E
0x10B41C3F,0x00000014,func,fn_10B41C3F
0x10B41C53,0x00000021,func,fn_10B41C53
0x10B41C74,0x00000029,func,fn_10B41C74
0x10B41C9D,0x0000002B,func,fn_10B41C9D
0x10B41CC8,0x0000005B,func,fn_10B41CC8
0x10B41D23,0x00000023,func,fn_10B41D23
0x10B41D46,0x00000063,func,fn_10B41D46
0x10B41DA9,0x00000035,func,fn_10B41DA9
0x10B41DDE,0x00000045,func,fn_10B41DDE
0x10B41E23,0x00000323,func,fn_10B41E23
0x10B422A1,0x0000003C,func,fn_10B422A1
0x10B422DD,0x000000C1,func,fn_10B422DD
0x10B4239E,0x000000E3,func,fn_10B4239E
0x10B42481,0x00000082,func,fn_10B42481
0x10B42503,0x00000051,func,fn_10B42503
0x10B42554,0x0000001D,func,fn_10B42554
0x10B42571,0x00000013,func,fn_10B42571
0x10B42584,0x0000001C,func,fn_10B42584
0x10B425A0,0x00000013,func,fn_10B425A0
0x10B425B3,0x0000001C,func,fn_10B425B3
0x10B425CF,0x0000002E,func,fn_10B425CF
0x10B425FD,0x0000001C,func,fn_10B425FD
0x10B42619,0x00000031,func,fn_10B42619
0x10B4264A,0x0000004B,func,fn_10B4264A
0x10B42695,0x0000004E,func,fn_10B42695
0x10B426E3,0x00000059,func,fn_10B426E3
0x10B4273C,0x00000072,func,fn_10B4273C
0x10B427AE,0x0000004C,func,fn_10B427AE
0x10B427FA,0x000000AF,func,fn_10B427FA
0x10B428A9,0x00000155,func,fn_10B428A9
0x10B429FE,0x00000029,func,fn_10B429FE
0x10B42A27,0x00000025,func,fn_10B42A27
0x10B42A4C,0x0000001F,func,fn_10B42A4C
0x10B42A6B,0x00000027,func,fn_10B42A6B
0x10B42A92,0x00000019,func,fn_10B42A92
0x10B42AAB,0x00000056,func,fn_10B42AAB
0x10B42B01,0x00000033,func,fn_10B42B01
0x10B42B34,0x00000055,func,fn_10B42B34
0x10B42B89,0x0000002F,func,fn_10B42B89
0x10B42BB8,0x000001B1,func,fn_10B42BB8
0x10B42D69,0x00000052,func,fn_10B42D69
0x10B42DBB,0x0000003A,func,fn_10B42DBB
0x10B42DF5,0x00000031,func,fn_10B42DF5
0x10B42E26,0x000000B5,func,fn_10B42E26
0x10B42EDB,0x0000002B,func,fn_10B42EDB
0x10B42F06,0x00000020,func,fn_10B42F06
0x10B42F26,0x0000002A,func,fn_10B42F26
0x10B42F50,0x0000002B,func,fn_10B42F50
0x10B42F7B,0x00000020,func,fn_10B42F7B
0x10B42F9B,0x0000002A,func,fn_10B42F9B
0x10B42FC5,0x0000012F,func,fn_10B42FC5
0x10B430F4,0x00000066,func,fn_10B430F4
0x10B4334C,0x0000008C,func,fn_10B4334C
0x10B43496,0x00000096,func,fn_10B43496
0x10B4352C,0x0000015B,func,fn_10B4352C
0x10B43687,0x00000102,func,fn_10B43687
0x10B43789,0x000001DC,func,fn_10B43789
0x10B43965,0x00000215,func,fn_10B43965
0x10B43B7A,0x000001B3,func,fn_10B43B7A
0x10B43D2D,0x00000030,func,fn_10B43D2D
0x10B43D5D,0x00000033,func,fn_10B43D5D
0x10B43D90,0x00000038,func,fn_10B43D90
0x10B43DC8,0x00000027,func,fn_10B43DC8
0x10B43DEF,0x0000012D,func,fn_10B43DEF
0x10B43FD8,0x00000059,func,fn_10B43FD8
0x10B44031,0x0000005B,func,fn_10B44031
0x10B4408C,0x0000024B,func,fn_10B4408C
0x10B442D7,0x000000AD,func,fn_10B442D7
0x10B44384,0x00000042,func,fn_10B44384
0x10B443C6,0x0000001C,func,fn_10B443C6
0x10B443E2,0x00000081,func,fn_10B443E2
0x10B44463,0x0000010F,func,fn_10B44463
0x10B44572,0x00000044,func,fn_10B44572
0x10B445B6,0x000000F4,func,fn_10B445B6
0x10B446AA,0x000000BC,func,fn_10B446AA
0x10B44766,0x0000005E,func,fn_10B44766
0x10B447C4,0x0000005F,func,fn_10B447C4
0x10B44823,0x00000070,func,fn_10B44823
0x10B44893,0x00000032,func,fn_10B44893
0x10B448C5,0x00000016,func,fn_10B448C5
0x10B448DB,0x00000312,func,fn_10B448DB
0x10B44BED,0x00000053,func,fn_10B44BED
0x10B44C40,0x0000002C,func,fn_10B44C40
0x10B44C6C,0x0000001D,func,fn_10B44C6C
0x10B44C89,0x000001CB,func,fn_10B44C89
0x10B44E54,0x00000115,func,fn_10B44E54
0x10B44F69,0x000000DD,func,fn_10B44F69
0x10B45046,0x00000084,func,fn_10B45046
0x10B450CA,0x0000011E,func,fn_10B450CA
0x10B451E8,0x0000035B,func,fn_10B451E8
0x10B45543,0x00000117,func,fn_10B45543
0x10B4565A,0x00000416,func,fn_10B4565A
0x10B45A70,0x00000070,func,fn_10B45A70
0x10B45AE0,0x0000012D,func,fn_10B45AE0
0x10B45C0D,0x00000038,func,fn_10B45C0D
0x10B45C45,0x00000222,func,fn_10B45C45
0x10B45E67,0x000000FF,func,fn_10B45E67
0x10B45F66,0x000000D9,func,fn_10B45F66
0x10B4603F,0x00000176,func,fn_10B4603F
0x10B461B5,0x0000074D,func,fn_10B461B5
0x10B46902,0x000000AC,func,fn_10B46902
0x10B469AE,0x000000EA,func,fn_10B469AE
0x10B46A98,0x000002DC,func,fn_10B46A98
0x10B46D74,0x000008D5,func,fn_10B46D74
0x10B47649,0x000000F3,func,fn_10B47649
0x10B4773C,0x00000119,func,fn_10B4773C
0x10B47855,0x0000021F,func,fn_10B47855
0x10B47A74,0x00000082,func,fn_10B47A74
0x10B47AF6,0x00000047,func,fn_10B47AF6
0x10B47B3D,0x00000043,func,fn_10B47B3D
0x10B47B80,0x00000209,func,fn_10B47B80
0x10B47D89,0x0000095C,func,fn_10B47D89
0x10B486E5,0x00000277,func,fn_10B486E5
0x10B4895C,0x0000006A,func,fn_10B4895C
0x10B489C6,0x0000020E,func,fn_10B489C6
0x10B48BD4,0x0000002C,func,fn_10B48BD4
0x10B48C00,0x000001F9,func,fn_10B48C00
0x10B48DF9,0x0000015E,func,fn_10B48DF9
0x10B48F57,0x00000107,func,fn_10B48F57
0x10B4905E,0x000005BC,func,fn_10B4905E
0x10B4961A,0x000000FB,func,fn_10B4961A
0x10B49715,0x00000526,func,fn_10B49715
0x10B49C3B,0x00000026,func,fn_10B49C3B
0x10B4A292,0x00000299,func,fn_10B4A292
0x10B4A52B,0x000001A4,func,fn_10B4A52B
0x10B4A6CF,0x00000057,func,fn_10B4A6CF
0x10B4A726,0x0000039A,func,fn_10B4A726
0x10B4AAC1,0x00000155,func,fn_10B4AAC1
0x10B4AC16,0x00000181,func,fn_10B4AC16
0x10B4AD97,0x0000005D,func,fn_10B4AD97
0x10B4ADF4,0x0000005F,func,fn_10B4ADF4
0x10B4AE53,0x00000089,func,fn_10B4AE53
0x10B4AEDC,0x0000003E,func,fn_10B4AEDC
0x10B4AF1A,0x0000000D,func,fn_10B4AF1A
0x10B4AF27,0x00000032,func,fn_10B4AF27
0x10B4AF59,0x00000010,func,fn_10B4AF59
0x10B4AF69,0x00000010,func,fn_10B4AF69
0x10B4AF79,0x00000029,func,fn_10B4AF79
0x10B4AFA2,0x00000021,func,fn_10B4AFA2
0x10B4AFC3,0x00000028,func,fn_10B4AFC3
0x10B4AFEB,0x00000023,func,fn_10B4AFEB
0x10B4B00E,0x00000010,func,fn_10B4B00E
0x10B4B01E,0x0000001B,func,fn_10B4B01E
0x10B4B039,0x00000010,func,fn_10B4B039
0x10B4B049,0x00000010,func,fn_10B4B049
0x10B4B059,0x0000001B,func,fn_10B4B059
0x10B4B074,0x00000010,func,fn_10B4B074
0x10B4B084,0x0000001C,func,fn_10B4B084
0x10B4B0A0,0x0000000F,func,fn_10B4B0A0
0x10B4B0AF,0x0000000C,func,fn_10B4B0AF
0x10B4B0BB,0x00000013,func,fn_10B4B0BB
0x10B4B0CE,0x000000C0,func,fn_10B4B0CE
0x10B4B18E,0x00000033,func,fn_10B4B18E
0x10B4B1C1,0x0000008E,func,fn_10B4B1C1
0x10B4B24F,0x00000092,func,fn_10B4B24F
0x10B4B2E1,0x00000074,func,fn_10B4B2E1
0x10B4B355,0x00000049,func,fn_10B4B355
0x10B4B39E,0x00000201,func,fn_10B4B39E
0x10B4B59F,0x000000F5,func,fn_10B4B59F
0x10B4B694,0x0000010B,func,fn_10B4B694
0x10B4B79F,0x0000005F,func,fn_10B4B79F
0x10B4B7FE,0x00000124,func,fn_10B4B7FE
0x10B4B922,0x00000058,func,fn_10B4B922
0x10B4B97A,0x00000048,func,fn_10B4B97A
0x10B4B9C2,0x0000004D,func,fn_10B4B9C2
0x10B4BA0F,0x00000056,func,fn_10B4BA0F
0x10B4BA65,0x0000000D,func,fn_10B4BA65
0x10B4BA72,0x0000011A,func,fn_10B4BA72
0x10B4BB8C,0x00000030,func,fn_10B4BB8C
0x10B4BBBC,0x0000002E,func,fn_10B4BBBC
0x10B4BBEA,0x00000205,func,fn_10B4BBEA
0x10B4BDEF,0x00000049,func,fn_10B4BDEF
0x10B4BE38,0x0000004B,func,fn_10B4BE38
0x10B4BE83,0x00000014,func,fn_10B4BE83
0x10B4BE97,0x00000051,func,fn_10B4BE97
0x10B4BEE8,0x00000013,func,fn_10B4BEE8
0x10B4BEFB,0x0000018D,func,fn_10B4BEFB
0x10B4C088,0x0000003E,func,fn_10B4C088
0x10B4C0C6,0x0000008B,func,fn_10B4C0C6
0x10B4C151,0x0000004D,func,fn_10B4C151
0x10B4C19E,0x00000215,func,fn_10B4C19E
0x10B4C3F7,0x00000005,func,fn_10B4C3F7
0x10B4C3FC,0x0000001C,func,fn_10B4C3FC
0x10B4C418,0x00000046,func,fn_10B4C418
0x10B4C45E,0x00000005,func,fn_10B4C45E
0x10B4C463,0x0000000C,func,fn_10B4C463
0x10B4C46F,0x00000012,func,fn_10B4C46F
0x10B4C481,0x0000002B,func,fn_10B4C481
0x10B4C4AC,0x000000CB,func,fn_10B4C4AC
0x10B4C577,0x00000005,func,fn_10B4C577
0x10B4C57C,0x00000025,func,fn_10B4C57C
0x10B4C5A1,0x000000AD,func,fn_10B4C5A1
0x10B4C64E,0x0000001F,func,fn_10B4C64E
0x10B4C66D,0x00000043,func,fn_10B4C66D
0x10B4C6B0,0x00000072,func,fn_10B4C6B0
0x10B4C722,0x00000040,func,fn_10B4C722
0x10B4C762,0x00000319,func,fn_10B4C762
0x10B4CA7B,0x000000A6,func,fn_10B4CA7B
0x10B4CB21,0x0000001B,func,fn_10B4CB21
0x10B4CB3C,0x00000021,func,fn_10B4CB3C
0x10B4CB5D,0x0000012A,func,fn_10B4CB5D
0x10B4CC87,0x000001B5,func,fn_10B4CC87
0x10B4CE3C,0x0000001E,func,fn_10B4CE3C
0x10B4CE5A,0x00000018,func,fn_10B4CE5A
0x10B4CE72,0x00000025,func,fn_10B4CE72
0x10B4CE97,0x00000031,func,fn_10B4CE97
0x10B4CEC8,0x00000067,func,fn_10B4CEC8
0x10B4CF2F,0x00000031,func,fn_10B4CF2F
0x10B4CF60,0x00000039,func,fn_10B4CF60
0x10B4CF99,0x00000448,func,fn_10B4CF99
0x10B4D3E1,0x000000B4,func,fn_10B4D3E1
0x10B4D495,0x00000334,func,fn_10B4D495
0x10B4D7C9,0x000002B9,func,fn_10B4D7C9
0x10B4DA82,0x00000118,func,fn_10B4DA82
0x10B4DBAA,0x00000012,func,fn_10B4DBAA
0x10B4DBBC,0x00000AC1,func,fn_10B4DBBC
0x10B4E6A1,0x00000094,func,fn_10B4E6A1
0x10B4E735,0x000000BC,func,fn_10B4E735
0x10B4E7F1,0x00000019,func,fn_10B4E7F1
0x10B4E80A,0x00000010,func,fn_10B4E80A
0x10B4E81A,0x00000171,func,fn_10B4E81A
0x10B4E994,0x0000002B,func,fn_10B4E994
0x10B4ECEB,0x000001A6,func,fn_10B4ECEB
0x10B4EE91,0x00000081,func,fn_10B4EE91
0x10B4EF12,0x000000E7,func,fn_10B4EF12
0x10B4EFF9,0x000000CD,func,fn_10B4EFF9
0x10B4F0C6,0x000000C5,func,fn_10B4F0C6
0x10B4F18B,0x0000008A,func,fn_10B4F18B
0x10B4F222,0x000000F5,func,fn_10B4F222
0x10B4F317,0x0000023A,func,fn_10B4F317
0x10B4F551,0x00000162,func,fn_10B4F551
0x10B4F6B3,0x0000028D,func,fn_10B4F6B3
0x10B4F940,0x00000054,func,fn_10B4F940
0x10B4F994,0x0000011D,func,fn_10B4F994
0x10B4FAB1,0x00000343,func,fn_10B4FAB1
0x10B4FDF4,0x00000615,func,fn_10B4FDF4
0x10B50409,0x000007EA,func,fn_10B50409
0x10B50BF3,0x00000050,func,fn_10B50BF3
0x10B50C43,0x00000D8D,func,fn_10B50C43
0x10B519D0,0x000008DD,func,fn_10B519D0
0x10B522AD,0x0000039B,func,fn_10B522AD
0x10B52648,0x00000012,func,fn_10B52648
0x10B5265A,0x0000019E,func,fn_10B5265A
0x10B527F8,0x00000158,func,fn_10B527F8
0x10B52950,0x0000004A,func,fn_10B52950
0x10B5299A,0x00000034,func,fn_10B5299A
0x10B529CE,0x00000028,func,fn_10B529CE
0x10B529F6,0x000002B1,func,fn_10B529F6
0x10B52CA7,0x00000007,func,fn_10B52CA7
0x10B52CAE,0x00000142,func,fn_10B52CAE
0x10B52DF0,0x000000FB,func,fn_10B52DF0
0x10B52EEB,0x00000013,func,fn_10B52EEB
0x10B52EFE,0x00000019,func,fn_10B52EFE
0x10B52F17,0x00000387,func,fn_10B52F17
0x10B5329E,0x0000064E,func,fn_10B5329E
0x10B538EC,0x000000EE,func,fn_10B538EC
0x10B539DA,0x000000FF,func,fn_10B539DA
0x10B53AD9,0x0000012B,func,fn_10B53AD9
0x10B53C04,0x0000002D,func,fn_10B53C04
0x10B53C31,0x0000010C,func,fn_10B53C31
0x10B53D3D,0x00000130,func,fn_10B53D3D
0x10B53E6D,0x00000696,func,fn_10B53E6D
0x10B54503,0x0000001D,func,fn_10B54503
0x10B54520,0x0000000C,func,fn_10B54520
0x10B5452C,0x00000006,func,fn_10B5452C
0x10B54532,0x00000049,func,fn_10B54532
0x10B5457B,0x00000036,func,fn_10B5457B
0x10B545B1,0x000001C9,func,fn_10B545B1
0x10B5477A,0x000000CE,func,fn_10B5477A
0x10B54848,0x000000BC,func,fn_10B54848
0x10B54904,0x000000B1,func,fn_10B54904
0x10B549B5,0x00000026,func,fn_10B549B5
0x10B549DB,0x00000034,func,fn_10B549DB
0x10B54A0F,0x00000084,func,fn_10B54A0F
0x10B54A93,0x00000068,func,fn_10B54A93
0x10B54AFB,0x000000B2,func,fn_10B54AFB
0x10B54BAD,0x00000043,func,fn_10B54BAD
0x10B54BF0,0x00000017,func,fn_10B54BF0
0x10B54C07,0x000000DE,func,fn_10B54C07
0x10B54CE5,0x0000004D,func,fn_10B54CE5
0x10B54D32,0x00000082,func,fn_10B54D32
0x10B54DB4,0x0000003C,func,fn_10B54DB4
0x10B54DF0,0x00000013,func,fn_10B54DF0
0x10B54E03,0x0000003E,func,fn_10B54E03
0x10B54E41,0x00000042,func,fn_10B54E41
0x10B54E83,0x00000027,func,fn_10B54E83
0x10B54EAA,0x00000029,func,fn_10B54EAA
0x10B54ED3,0x00000027,func,fn_10B54ED3
0x10B54EFA,0x0000003F,func,fn_10B54EFA
0x10B54F39,0x00000058,func,fn_10B54F39
0x10B54F91,0x0000004E,func,fn_10B54F91
0x10B54FDF,0x00000024,func,fn_10B54FDF
0x10B55003,0x00000074,func,fn_10B55003
0x10B55077,0x0000006E,func,fn_10B55077
0x10B550E5,0x000001D3,func,fn_10B550E5
0x10B552CF,0x000000FE,func,fn_10B552CF
0x10B553CD,0x00000030,func,fn_10B553CD
0x10B553FD,0x0000002C,func,fn_10B553FD
0x10B55429,0x00000309,func,fn_10B55429
0x10B55732,0x0000068C,func,fn_10B55732
0x10B55DBE,0x000000F0,func,fn_10B55DBE
0x10B55EAE,0x000005BC,func,fn_10B55EAE
0x10B5646A,0x00000126,func,fn_10B5646A
0x10B56590,0x00000159,func,fn_10B56590
0x10B566E9,0x00000055,func,fn_10B566E9
0x10B5673E,0x00000171,func,fn_10B5673E
0x10B568AF,0x00000469,func,fn_10B568AF
0x10B56D18,0x00000260,func,fn_10B56D18
0x10B56F78,0x0000008B,func,fn_10B56F78
0x10B57003,0x0000017C,func,fn_10B57003
0x10B5717F,0x000004B4,func,fn_10B5717F
0x10B57633,0x0000021D,func,fn_10B57633
0x10B57850,0x00000027,func,fn_10B57850
0x10B57877,0x0000002E,func,fn_10B57877
0x10B578A5,0x00000030,func,fn_10B578A5
0x10B578D5,0x0000003B,func,fn_10B578D5
0x10B57910,0x00000061,func,fn_10B57910
0x10B57971,0x0000003F,func,fn_10B57971
0x10B579B0,0x00000011,func,fn_10B579B0
0x10B579C1,0x0000000F,func,fn_10B579C1
0x10B579D0,0x00000066,func,fn_10B579D0
0x10B57A36,0x00000021,func,fn_10B57A36
0x10B57A57,0x0000002E,func,fn_10B57A57
0x10B57A85,0x000001C8,func,fn_10B57A85
0x10B57C4D,0x00000036,func,fn_10B57C4D
0x10B57C83,0x000002FE,func,fn_10B57C83
0x10B57F81,0x000000A8,func,fn_10B57F81
0x10B58029,0x00000223,func,fn_10B58029
0x10B5824C,0x0000004C,func,fn_10B5824C
0x10B58298,0x00000026,func,fn_10B58298
0x10B582BE,0x00000031,func,fn_10B582BE
0x10B582EF,0x00000084,func,fn_10B582EF
0x10B58373,0x00000027,func,fn_10B58373
0x10B5839A,0x0000008D,func,fn_10B5839A
0x10B58427,0x00000013,func,fn_10B58427
0x10B5843A,0x00000038,func,fn_10B5843A
0x10B58472,0x00000043,func,fn_10B58472
0x10B584B5,0x0000009D,func,fn_10B584B5
0x10B58552,0x00000469,func,fn_10B58552
0x10B589BB,0x0000031C,func,fn_10B589BB
0x10B58CD7,0x000000AF,func,fn_10B58CD7
0x10B58F60,0x000000C6,func,fn_10B58F60
0x10B59026,0x00000008,func,fn_10B59026
0x10B59091,0x0000011C,func,fn_10B59091
0x10B591AD,0x00000129,func,fn_10B591AD
0x10B592D6,0x000002DB,func,fn_10B592D6
0x10B595B1,0x0000003F,func,fn_10B595B1
0x10B595F0,0x00000033,func,fn_10B595F0
0x10B59623,0x00000252,func,fn_10B59623
0x10B59875,0x0000002F,func,fn_10B59875
0x10B598A4,0x0000004D,func,fn_10B598A4
0x10B598F1,0x0000009A,func,fn_10B598F1
0x10B599E2,0x0000009F,func,fn_10B599E2
0x10B59AC5,0x0000003F,func,fn_10B59AC5
0x10B59B04,0x0000045C,func,fn_10B59B04
0x10B59F60,0x00000209,func,fn_10B59F60
0x10B5A169,0x0000003D,func,fn_10B5A169
0x10B5A1A6,0x00000056,func,fn_10B5A1A6
0x10B5A1FC,0x00000041,func,fn_10B5A1FC
0x10B5A23D,0x000000C2,func,fn_10B5A23D
0x10B5A2FF,0x0000001D,func,fn_10B5A2FF
0x10B5A31C,0x00000045,func,fn_10B5A31C
0x10B5A361,0x00000038,func,fn_10B5A361
0x10B5A399,0x00000033,func,fn_10B5A399
0x10B5A3CC,0x00000033,func,fn_10B5A3CC
0x10B5A3FF,0x00000036,func,fn_10B5A3FF
0x10B5A435,0x00000038,func,fn_10B5A435
0x10B5A46D,0x00000038,func,fn_10B5A46D
0x10B5A4A5,0x0000001F,func,fn_10B5A4A5
0x10B5A4C4,0x00000026,func,fn_10B5A4C4
0x10B5A4EA,0x00000074,func,fn_10B5A4EA
0x10B5A5CE,0x00000054,func,fn_10B5A5CE
0x10B5A622,0x00000041,func,fn_10B5A622
0x10B5A663,0x0000006D,func,fn_10B5A663
0x10B5A6D0,0x00000255,func,fn_10B5A6D0
0x10B5A99B,0x00000016,func,fn_10B5A99B
0x10B5A9B1,0x00000106,func,fn_10B5A9B1
0x10B5AAB7,0x0000005B,func,fn_10B5AAB7
0x10B5AB12,0x00000058,func,fn_10B5AB12
0x10B5AB6A,0x00000072,func,fn_10B5AB6A
0x10B5ABFD,0x00000093,func,fn_10B5ABFD
0x10B5AC90,0x0000019E,func,fn_10B5AC90
0x10B5AE2E,0x0000004A,func,fn_10B5AE2E
0x10B5AE78,0x00000033,func,fn_10B5AE78
0x10B5AEAB,0x00000130,func,fn_10B5AEAB
0x10B5AFDB,0x000000D8,func,fn_10B5AFDB
0x10B5B0B3,0x0000003B,func,fn_10B5B0B3
0x10B5B0EE,0x000000B1,func,fn_10B5B0EE
0x10B5B1A0,0x0000004F,func,fn_10B5B1A0
0x10B5B1EF,0x0000003A,func,fn_10B5B1EF
0x10B5B229,0x00000039,func,fn_10B5B229
0x10B5B262,0x00000395,func,fn_10B5B262
0x10B5B5F7,0x0000001D,func,fn_10B5B5F7
0x10B5B614,0x0000008B,func,fn_10B5B614
0x10B5B69F,0x0000002F,func,fn_10B5B69F
0x10B5B6CE,0x00000026,func,fn_10B5B6CE
0x10B5B6F4,0x00000094,func,fn_10B5B6F4
0x10B5B788,0x0000001B,func,fn_10B5B788
0x10B5B7A3,0x00000031,func,fn_10B5B7A3
0x10B5B7D4,0x00000099,func,fn_10B5B7D4
0x10B5B86D,0x00000022,func,fn_10B5B86D
0x10B5B88F,0x0000014F,func,fn_10B5B88F
0x10B5B9DE,0x00000093,func,fn_10B5B9DE
0x10B5BA71,0x000001FD,func,fn_10B5BA71
0x10B5BC6E,0x0000021D,func,fn_10B5BC6E
0x10B5BE8B,0x00000021,func,fn_10B5BE8B
0x10B5BEAC,0x000000D8,func,fn_10B5BEAC
0x10B5BF84,0x0000002A,func,fn_10B5BF84
0x10B5BFAE,0x00000012,func,fn_10B5BFAE
0x10B5BFC0,0x0000007B,func,fn_10B5BFC0
0x10B5C03B,0x00000030,func,fn_10B5C03B
0x10B5C06B,0x0000003C,func,fn_10B5C06B
0x10B5C0A7,0x0000001D,func,fn_10B5C0A7
0x10B5C0C4,0x0000001C,func,fn_10B5C0C4
0x10B5C0E0,0x00000110,func,fn_10B5C0E0
0x10B5C1F0,0x00000588,func,fn_10B5C1F0
0x10B5C778,0x00000105,func,fn_10B5C778
0x10B5C87D,0x0000007E,func,fn_10B5C87D
0x10B5C8FB,0x00000060,func,fn_10B5C8FB
0x10B5C95B,0x00000032,func,fn_10B5C95B
0x10B5C98D,0x00000042,func,fn_10B5C98D
0x10B5C9CF,0x0000002B,func,fn_10B5C9CF
0x10B5C9FA,0x00000033,func,fn_10B5C9FA
0x10B5CA2D,0x00000075,func,fn_10B5CA2D
0x10B5CAA2,0x0000013B,func,fn_10B5CAA2
0x10B5CBDD,0x000000AF,func,fn_10B5CBDD
0x10B5CC8C,0x0000004D,func,fn_10B5CC8C
0x10B5CCD9,0x000000C9,func,fn_10B5CCD9
0x10B5CDA2,0x00000113,func,fn_10B5CDA2
0x10B5CEB5,0x00000089,func,fn_10B5CEB5
0x10B5CF3E,0x00000045,func,fn_10B5CF3E
0x10B5CF83,0x00000051,func,fn_10B5CF83
0x10B5CFD4,0x000001F8,func,fn_10B5CFD4
0x10B5D1CC,0x000000E4,func,fn_10B5D1CC
0x10B5D2B0,0x000000A5,func,fn_10B5D2B0
0x10B5D355,0x00000114,func,fn_10B5D355
0x10B5D469,0x00000094,func,fn_10B5D469
0x10B5D4FD,0x00000051,func,fn_10B5D4FD
0x10B5D54E,0x000000E1,func,fn_10B5D54E
0x10B5D62F,0x00000121,func,fn_10B5D62F
0x10B5D750,0x00000240,func,fn_10B5D750
0x10B5D990,0x0000004E,func,fn_10B5D990
0x10B5D9DE,0x00000051,func,fn_10B5D9DE
0x10B5DA2F,0x0000023D,func,fn_10B5DA2F
0x10B5DC6C,0x00000072,func,fn_10B5DC6C
0x10B5DCDE,0x0000008E,func,fn_10B5DCDE
0x10B5DD6C,0x000000F0,func,fn_10B5DD6C
0x10B5DE5C,0x00000026,func,fn_10B5DE5C
0x10B5DE82,0x000000E6,func,fn_10B5DE82
0x10B5DF68,0x00000072,func,fn_10B5DF68
0x10B5DFDA,0x00000020,func,fn_10B5DFDA
0x10B5DFFA,0x00000136,func,fn_10B5DFFA
0x10B5E130,0x0000001E,func,fn_10B5E130
0x10B5E14E,0x0000037E,func,fn_10B5E14E
0x10B5E4CC,0x00000065,func,fn_10B5E4CC
0x10B5E531,0x0000011C,func,fn_10B5E531
0x10B5E64D,0x00000058,func,fn_10B5E64D
0x10B5E6A5,0x00000300,func,fn_10B5E6A5
0x10B5E9A5,0x0000025F,func,fn_10B5E9A5
0x10B5EC04,0x00000444,func,fn_10B5EC04
0x10B5F048,0x00000279,func,fn_10B5F048
0x10B5F2C2,0x000000CB,func,fn_10B5F2C2
0x10B5F38D,0x00000038,func,fn_10B5F38D
0x10B5F3C5,0x0000002F,func,fn_10B5F3C5
0x10B5F3F4,0x0000076B,func,fn_10B5F3F4
0x10B5FB5F,0x00000179,func,fn_10B5FB5F
0x10B5FCD8,0x0000040E,func,fn_10B5FCD8
0x10B600E6,0x00000426,func,fn_10B600E6
0x10B60535,0x0000017C,func,fn_10B60535
0x10B606B1,0x00000076,func,fn_10B606B1
0x10B60727,0x00000209,func,fn_10B60727
0x10B60930,0x00000133,func,fn_10B60930
0x10B60A96,0x00000358,func,fn_10B60A96
0x10B60DEE,0x000000D8,func,fn_10B60DEE
0x10B60EC6,0x00000447,func,fn_10B60EC6
0x10B6130D,0x000003AA,func,fn_10B6130D
0x10B616B7,0x00000095,func,fn_10B616B7
0x10B6174C,0x000005E0,func,fn_10B6174C
0x10B61D2C,0x000001B5,func,fn_10B61D2C
0x10B61EE1,0x0000021B,func,fn_10B61EE1
0x10B620FC,0x0000032E,func,fn_10B620FC
0x10B6242A,0x0000024B,func,fn_10B6242A
0x10B62675,0x000001D0,func,fn_10B62675
0x10B62845,0x0000001A,func,fn_10B62845
0x10B6285F,0x00000043,func,fn_10B6285F
0x10B628A2,0x0000001A,func,fn_10B628A2
0x10B628BC,0x0000000C,func,fn_10B628BC
0x10B628C8,0x0000001E,func,fn_10B628C8
0x10B628E6,0x0000000A,func,fn_10B628E6
0x10B628F0,0x000000BF,func,fn_10B628F0
0x10B629AF,0x000000BB,func,fn_10B629AF
0x10B62A6A,0x00000029,func,fn_10B62A6A
0x10B62A93,0x0000012B,func,fn_10B62A93
0x10B62BBE,0x000000B1,func,fn_10B62BBE
0x10B62C6F,0x00000051,func,fn_10B62C6F
0x10B62CC0,0x00000013,func,fn_10B62CC0
0x10B62CD3,0x00000013,func,fn_10B62CD3
0x10B62CE6,0x0000016F,func,fn_10B62CE6
0x10B62E55,0x00000062,func,fn_10B62E55
0x10B62EB7,0x0000001D,func,fn_10B62EB7
0x10B62ED4,0x00000014,func,fn_10B62ED4
0x10B62EE8,0x00000063,func,fn_10B62EE8
0x10B62F4B,0x000002B0,func,fn_10B62F4B
0x10B631FB,0x0000008F,func,fn_10B631FB
0x10B6328A,0x0000018B,func,fn_10B6328A
0x10B63415,0x00000033,func,fn_10B63415
0x10B63448,0x0000006E,func,fn_10B63448
0x10B634B6,0x00000034,func,fn_10B634B6
0x10B634EA,0x00000045,func,fn_10B634EA
0x10B6352F,0x00000071,func,fn_10B6352F
0x10B635A0,0x0000009F,func,fn_10B635A0
0x10B6363F,0x0000003C,func,fn_10B6363F
0x10B6367B,0x00000021,func,fn_10B6367B
0x10B6369C,0x00000178,func,fn_10B6369C
0x10B63814,0x00000031,func,fn_10B63814
0x10B63845,0x00000029,func,fn_10B63845
0x10B6386E,0x0000003D,func,fn_10B6386E
0x10B638AB,0x00000040,func,fn_10B638AB
0x10B638EB,0x00000022,func,fn_10B638EB
0x10B6390D,0x00000022,func,fn_10B6390D
0x10B6392F,0x00000081,func,fn_10B6392F
0x10B639B0,0x000002C7,func,fn_10B639B0
0x10B63C77,0x00000053,func,fn_10B63C77
0x10B63EC1,0x000001C9,func,fn_10B63EC1
0x10B6408A,0x0000031B,func,fn_10B6408A
0x10B643A5,0x00000123,func,fn_10B643A5
0x10B644C8,0x000000D1,func,fn_10B644C8
0x10B64599,0x000000BE,func,fn_10B64599
0x10B64657,0x0000001C,func,fn_10B64657
0x10B64673,0x00000028,func,fn_10B64673
0x10B6469B,0x00000055,func,fn_10B6469B
0x10B646F0,0x00000157,func,fn_10B646F0
0x10B64847,0x00000014,func,fn_10B64847
0x10B6485B,0x00000076,func,fn_10B6485B
0x10B648D1,0x0000007D,func,fn_10B648D1
0x10B6494E,0x00000033,func,fn_10B6494E
0x10B64981,0x000000AB,func,fn_10B64981
0x10B64A2C,0x00000037,func,fn_10B64A2C
0x10B64A63,0x000002F0,func,fn_10B64A63
0x10B64D53,0x00000064,func,fn_10B64D53
0x10B64DB7,0x0000004D,func,fn_10B64DB7
0x10B64E04,0x0000005D,func,fn_10B64E04
0x10B64E61,0x00000078,func,fn_10B64E61
0x10B64ED9,0x0000001F,func,fn_10B64ED9
0x10B64EF8,0x00000020,func,fn_10B64EF8
0x10B64F18,0x0000006D,func,fn_10B64F18
0x10B64F85,0x00000069,func,fn_10B64F85
0x10B64FEE,0x000001E3,func,fn_10B64FEE
0x10B651D1,0x0000001F,func,fn_10B651D1
0x10B651F0,0x00000020,func,fn_10B651F0
0x10B65210,0x0000001B,func,fn_10B65210
0x10B6522B,0x0000002D,func,fn_10B6522B
0x10B65258,0x00000107,func,fn_10B65258
0x10B6535F,0x0000018E,func,fn_10B6535F
0x10B6551C,0x00000041,func,fn_10B6551C
0x10B6555D,0x0000005E,func,fn_10B6555D
0x10B655BB,0x0000001C,func,fn_10B655BB
0x10B655D7,0x0000001D,func,fn_10B655D7
0x10B655F4,0x00000017,func,fn_10B655F4
0x10B6560B,0x00000097,func,fn_10B6560B
0x10B656A2,0x0000003A,func,fn_10B656A2
0x10B656DC,0x000001A5,func,fn_10B656DC
0x10B65881,0x00000087,func,fn_10B65881
0x10B65908,0x000000BC,func,fn_10B65908
0x10B659C4,0x0000003F,func,fn_10B659C4
0x10B65A03,0x00000040,func,fn_10B65A03
0x10B65A43,0x00000017,func,fn_10B65A43
0x10B65A5A,0x0000012B,func,fn_10B65A5A
0x10B65B85,0x00000080,func,fn_10B65B85
0x10B65C05,0x00000066,func,fn_10B65C05
0x10B65CB6,0x00000090,func,fn_10B65CB6
0x10B65D46,0x00000168,func,fn_10B65D46
0x10B65EAE,0x00000055,func,fn_10B65EAE
0x10B65F03,0x000002E6,func,fn_10B65F03
0x10B661E9,0x00000017,func,fn_10B661E9
0x10B66200,0x0000013D,func,fn_10B66200
0x10B6633D,0x000002DC,func,fn_10B6633D
0x10B667DA,0x00000062,func,fn_10B667DA
0x10B6683C,0x00000090,func,fn_10B6683C
0x10B668CC,0x00000049,func,fn_10B668CC
0x10B66915,0x000001E7,func,fn_10B66915
0x10B66AFC,0x00000048,func,fn_10B66AFC
0x10B66B44,0x0000012C,func,fn_10B66B44
0x10B66C70,0x000000EA,func,fn_10B66C70
0x10B66D5A,0x00000141,func,fn_10B66D5A
0x10B66E9B,0x000001A3,func,fn_10B66E9B
0x10B6703E,0x0000020A,func,fn_10B6703E
0x10B67248,0x00000265,func,fn_10B67248
0x10B674AD,0x00000087,func,fn_10B674AD
0x10B67534,0x00000081,func,fn_10B67534
0x10B675B5,0x000001BE,func,fn_10B675B5
0x10B67773,0x00000132,func,fn_10B67773
0x10B678A5,0x000000A1,func,fn_10B678A5
0x10B67946,0x0000012E,func,fn_10B67946
0x10B67A74,0x00000B17,func,fn_10B67A74
0x10B6858B,0x0000105C,func,fn_10B6858B
0x10B695E7,0x0000006A,func,fn_10B695E7
0x10B69651,0x000000AE,func,fn_10B69651
0x10B6987F,0x0000003B,func,fn_10B6987F
0x10B698BA,0x00000017,func,fn_10B698BA
0x10B698D1,0x0000006C,func,fn_10B698D1
0x10B6993D,0x00000019,func,fn_10B6993D
0x10B69956,0x00000037,func,fn_10B69956
0x10B6998D,0x0000001B,func,fn_10B6998D
0x10B699A8,0x00000171,func,fn_10B699A8
0x10B69B19,0x000000A2,func,fn_10B69B19
0x10B69BBB,0x0000008C,func,fn_10B69BBB
0x10B69C47,0x00000094,func,fn_10B69C47
0x10B69CDB,0x00000055,func,fn_10B69CDB
0x10B69D30,0x0000003B,func,fn_10B69D30
0x10B69D6B,0x0000003B,func,fn_10B69D6B
0x10B69DA6,0x00000051,func,fn_10B69DA6
0x10B69DF7,0x00000032,func,fn_10B69DF7
0x10B69E29,0x00000044,func,fn_10B69E29
0x10B69E6D,0x000004A4,func,fn_10B69E6D
0x10B6A311,0x00000098,func,fn_10B6A311
0x10B6A3A9,0x00000180,func,fn_10B6A3A9
0x10B6A529,0x00000064,func,fn_10B6A529
0x10B6A58D,0x0000003A,func,fn_10B6A58D
0x10B6A5C7,0x00000042,func,fn_10B6A5C7
0x10B6A609,0x0000014E,func,fn_10B6A609
0x10B6ACEC,0x0000072D,func,fn_10B6ACEC
0x10B6B679,0x0000006B,func,fn_10B6B679
0x10B6B6E4,0x0000002E,func,fn_10B6B6E4
0x10B6B712,0x00000053,func,fn_10B6B712
0x10B6B78A,0x000000A1,func,fn_10B6B78A
0x10B6B82B,0x00000010,func,fn_10B6B82B
0x10B6B83B,0x0000009C,func,fn_10B6B83B
0x10B6B8D7,0x00000045,func,fn_10B6B8D7
0x10B6B91C,0x0000009A,func,fn_10B6B91C
0x10B6B9B6,0x0000000A,func,fn_10B6B9B6
0x10B6BA8A,0x0000008E,func,fn_10B6BA8A
0x10B6BB18,0x00000104,func,fn_10B6BB18
0x10B6BC1C,0x00000192,func,fn_10B6BC1C
0x10B6BDAE,0x00000037,func,fn_10B6BDAE
0x10B6BDE5,0x00000061,func,fn_10B6BDE5
0x10B6BE46,0x00000183,func,fn_10B6BE46
0x10B6BFC9,0x000001B9,func,fn_10B6BFC9
0x10B6C182,0x00000058,func,fn_10B6C182
0x10B6C1DA,0x000001AF,func,fn_10B6C1DA
0x10B6C389,0x0000009D,func,fn_10B6C389
0x10B6C426,0x00000020,func,fn_10B6C426
0x10B6C446,0x000006B3,func,fn_10B6C446
0x10B6CAF9,0x00000031,func,fn_10B6CAF9
0x10B6CB2A,0x00000064,func,fn_10B6CB2A
0x10B6E0DD,0x0000051D,func,fn_10B6E0DD
0x10B6E5FA,0x00000032,func,fn_10B6E5FA
0x10B6E62C,0x00000074,func,fn_10B6E62C
0x10B6E6A0,0x00000033,func,fn_10B6E6A0
0x10B6E6D3,0x00000055,func,fn_10B6E6D3
0x10B6E728,0x0000000B,func,fn_10B6E728
0x10B6E733,0x000000C9,func,fn_10B6E733
0x10B6E7FC,0x00000019,func,fn_10B6E7FC
0x10B6E815,0x00000041,func,fn_10B6E815
0x10B6E856,0x00000112,func,fn_10B6E856
0x10B6E968,0x0000001F,func,fn_10B6E968
0x10B6E987,0x00000014,func,fn_10B6E987
0x10B6E99B,0x000000AE,func,fn_10B6E99B
0x10B6EA49,0x000000D6,func,fn_10B6EA49
0x10B6EB1F,0x0000007C,func,fn_10B6EB1F
0x10B6EB9B,0x0000012A,func,fn_10B6EB9B
0x10B6ECC5,0x00000076,func,fn_10B6ECC5
0x10B6ED3B,0x00000106,func,fn_10B6ED3B
0x10B6EE41,0x00000013,func,fn_10B6EE41
0x10B6EE54,0x0000002B,func,fn_10B6EE54
0x10B6EE7F,0x0000006C,func,fn_10B6EE7F
0x10B6EEEB,0x0000001E,func,fn_10B6EEEB
0x10B6EF09,0x00000018,func,fn_10B6EF09
0x10B6EF21,0x00000389,func,fn_10B6EF21
0x10B6F2AA,0x00000008,func,fn_10B6F2AA
0x10B6F2B2,0x00000008,func,fn_10B6F2B2
0x10B6F2BA,0x0000015B,func,fn_10B6F2BA
0x10B6F415,0x00000030,func,fn_10B6F415
0x10B6F445,0x0000002B,func,fn_10B6F445
0x10B6F470,0x00000022,func,fn_10B6F470
0x10B6F492,0x000004DC,func,fn_10B6F492
0x10B6F96E,0x00000035,func,fn_10B6F96E
0x10B6F9A3,0x0000002E,func,fn_10B6F9A3
0x10B6F9D1,0x0000002E,func,fn_10B6F9D1
0x10B6F9FF,0x00000054,func,fn_10B6F9FF
0x10B6FA53,0x0000002E,func,fn_10B6FA53
0x10B6FA81,0x0000002E,func,fn_10B6FA81
0x10B6FAAF,0x0000012D,func,fn_10B6FAAF
0x10B6FBDC,0x00000099,func,fn_10B6FBDC
0x10B6FC75,0x000000FF,func,fn_10B6FC75
0x10B6FD74,0x0000002B,func,fn_10B6FD74
0x10B6FD9F,0x0000001B,func,fn_10B6FD9F
0x10B6FDBA,0x0000003C,func,fn_10B6FDBA
0x10B6FDF6,0x0000000B,func,fn_10B6FDF6
0x10B6FE01,0x00000087,func,fn_10B6FE01
0x10B6FEDD,0x000000B5,func,fn_10B6FEDD
0x10B6FF92,0x00000156,func,fn_10B6FF92
0x10B700E8,0x00000167,func,fn_10B700E8
0x10B7024F,0x00000028,func,fn_10B7024F
0x10B70277,0x000001D0,func,fn_10B70277
0x10B70447,0x00000072,func,fn_10B70447
0x10B704B9,0x0000001D,func,fn_10B704B9
0x10B704D6,0x0000008D,func,fn_10B704D6
0x10B70563,0x00000087,func,fn_10B70563
0x10B705EA,0x0000001B,func,fn_10B705EA
0x10B70605,0x0000002C,func,fn_10B70605
0x10B70631,0x000000BE,func,fn_10B70631
0x10B706EF,0x000001AF,func,fn_10B706EF
0x10B7089E,0x0000011A,func,fn_10B7089E
0x10B709B8,0x000001A5,func,fn_10B709B8
0x10B70B5D,0x00000017,func,fn_10B70B5D
0x10B70B74,0x0000005E,func,fn_10B70B74
0x10B70BD2,0x00000064,func,fn_10B70BD2
0x10B70C36,0x00000022,func,fn_10B70C36
0x10B70C58,0x000000E3,func,fn_10B70C58
0x10B70D3B,0x00000045,func,fn_10B70D3B
0x10B70D98,0x00000026,func,fn_10B70D98
0x10B70DBE,0x00000099,func,fn_10B70DBE
0x10B70E57,0x000001BF,func,fn_10B70E57
0x10B71016,0x0000019E,func,fn_10B71016
0x10B711B4,0x000000D1,func,fn_10B711B4
0x10B71285,0x0000009F,func,fn_10B71285
0x10B71324,0x000000C6,func,fn_10B71324
0x10B713EA,0x000000EA,func,fn_10B713EA
0x10B71709,0x000000A8,func,fn_10B71709
0x10B717B1,0x00000182,func,fn_10B717B1
0x10B71933,0x0000016A,func,fn_10B71933
0x10B71BC0,0x00000119,func,fn_10B71BC0
0x10B71CDA,0x00000022,func,fn_10B71CDA
0x10B71CFC,0x00000093,func,fn_10B71CFC
0x10B71D8F,0x00000907,func,fn_10B71D8F
0x10B72696,0x00000060,func,fn_10B72696
0x10B726F6,0x00000012,func,fn_10B726F6
0x10B72708,0x00000031,func,fn_10B72708
0x10B72739,0x00000017,func,fn_10B72739
0x10B72750,0x0000000B,func,fn_10B72750
0x10B7275B,0x00000028,func,fn_10B7275B
0x10B72783,0x00000029,func,fn_10B72783
0x10B727AC,0x00000095,func,fn_10B727AC
0x10B72841,0x0000001D,func,fn_10B72841
0x10B7285E,0x00000013,func,fn_10B7285E
0x10B72871,0x000001ED,func,fn_10B72871
0x10B72A5E,0x0000001C,func,fn_10B72A5E
0x10B72A7A,0x00000034,func,fn_10B72A7A
0x10B72AAE,0x000000A4,func,fn_10B72AAE
0x10B72B52,0x0000006F,func,fn_10B72B52
0x10B72BC1,0x00000008,func,fn_10B72BC1
0x10B72BC9,0x00000041,func,fn_10B72BC9
0x10B72C0A,0x000000C1,func,fn_10B72C0A
0x10B72CCB,0x00000049,func,fn_10B72CCB
0x10B72D14,0x00000137,func,fn_10B72D14
0x10B72E4B,0x0000005E,func,fn_10B72E4B
0x10B72EA9,0x00000021,func,fn_10B72EA9
0x10B72ECA,0x00000040,func,fn_10B72ECA
0x10B72F0A,0x00000005,func,fn_10B72F0A
0x10B72F21,0x00000011,func,fn_10B72F21
0x10B72F32,0x00000056,func,fn_10B72F32
0x10B72F88,0x00000047,func,fn_10B72F88
0x10B72FCF,0x00000018,func,fn_10B72FCF
0x10B72FE7,0x000000B6,func,fn_10B72FE7
0x10B7309E,0x000000DB,func,fn_10B7309E
0x10B73179,0x00000005,func,fn_10B73179
0x10B7317E,0x00000032,func,fn_10B7317E
0x10B731B0,0x00000005,func,fn_10B731B0
0x10B731B5,0x0000000D,func,fn_10B731B5
0x10B731C2,0x00000021,func,fn_10B731C2
0x10B731E3,0x00000005,func,fn_10B731E3
0x10B731E8,0x0000002F,func,fn_10B731E8
0x10B73217,0x00000020,func,fn_10B73217
0x10B73237,0x00000005,func,fn_10B73237
0x10B7323C,0x00000015,func,fn_10B7323C
0x10B73251,0x00000026,func,fn_10B73251
0x10B73277,0x00000005,func,fn_10B73277
0x10B7327C,0x0000000A,func,fn_10B7327C
0x10B73286,0x00000038,func,fn_10B73286
0x10B732BE,0x00000023,func,fn_10B732BE
0x10B732E1,0x0000000F,func,fn_10B732E1
0x10B732F0,0x0000000C,func,fn_10B732F0
0x10B732FC,0x0000000C,func,fn_10B732FC
0x10B73308,0x00000088,func,fn_10B73308
0x10B73390,0x00000028,func,fn_10B73390
0x10B733B8,0x00000005,func,fn_10B733B8
0x10B733BD,0x00000013,func,fn_10B733BD
0x10B733D0,0x00000005,func,fn_10B733D0
0x10B733D5,0x0000002D,func,fn_10B733D5
0x10B73402,0x00000005,func,fn_10B73402
0x10B73407,0x0000000C,func,fn_10B73407
0x10B73413,0x0000000C,func,fn_10B73413
0x10B7341F,0x00000041,func,fn_10B7341F
0x10B73460,0x0000000F,func,fn_10B73460
0x10B7346F,0x0000000D,func,fn_10B7346F
0x10B7347C,0x0000000C,func,fn_10B7347C
0x10B73488,0x0000000C,func,fn_10B73488
0x10B73494,0x00000005,func,fn_10B73494
0x10B73499,0x00000005,func,fn_10B73499
0x10B7349E,0x00000005,func,fn_10B7349E
0x10B734A3,0x0000001C,func,fn_10B734A3
0x10B734BF,0x00000038,func,fn_10B734BF
0x10B734F8,0x0000000C,func,fn_10B734F8
0x10B73504,0x0000000C,func,fn_10B73504
0x10B73510,0x0000000C,func,fn_10B73510
0x10B7351C,0x0000000C,func,fn_10B7351C
0x10B73528,0x0000000C,func,fn_10B73528
0x10B73534,0x0000000C,func,fn_10B73534
0x10B73540,0x0000000C,func,fn_10B73540
0x10B7354C,0x0000000C,func,fn_10B7354C
0x10B73558,0x0000000C,func,fn_10B73558
0x10B73564,0x0000000C,func,fn_10B73564
0x10B73570,0x0000000C,func,fn_10B73570
0x10B7357C,0x0000000C,func,fn_10B7357C
0x10B73588,0x0000000C,func,fn_10B73588
0x10B73594,0x00000012,func,fn_10B73594
0x10B735A6,0x00000025,func,fn_10B735A6
0x10B735CB,0x00000025,func,fn_10B735CB
0x10B735F0,0x00000005,func,fn_10B735F0
0x10B735F5,0x00000024,func,fn_10B735F5
0x10B73619,0x0000000F,func,fn_10B73619
0x10B73628,0x0000000C,func,fn_10B73628
0x10B73634,0x0000000F,func,fn_10B73634
0x10B73643,0x0000001C,func,fn_10B73643
0x10B7365F,0x00000039,func,fn_10B7365F
0x10B73698,0x0000003B,func,fn_10B73698
0x10B736D3,0x00000040,func,fn_10B736D3
0x10B73713,0x00000043,func,fn_10B73713
0x10B73756,0x0000002C,func,fn_10B73756
0x10B73782,0x00000049,func,fn_10B73782
0x10B737CB,0x00000097,func,fn_10B737CB
0x10B73862,0x00000006,func,fn_10B73862
0x10B73868,0x00000027,func,fn_10B73868
0x10B738BF,0x00000064,func,fn_10B738BF
0x10B73923,0x00000325,func,fn_10B73923
0x10B73C48,0x000002C5,func,fn_10B73C48
0x10B73F0E,0x0000001E,func,fn_10B73F0E
0x10B73F2C,0x0000005A,func,fn_10B73F2C
0x10B73F86,0x00000085,func,fn_10B73F86
0x10B7400B,0x000000FB,func,fn_10B7400B
0x10B74106,0x00000005,func,fn_10B74106
0x10B7410B,0x0000003E,func,fn_10B7410B
0x10B74149,0x000000ED,func,fn_10B74149
0x10B74236,0x0000016B,func,fn_10B74236
0x10B743A1,0x00000011,func,fn_10B743A1
0x10B743B2,0x00000206,func,fn_10B743B2
0x10B745B8,0x000000D3,func,fn_10B745B8
0x10B7468B,0x0000007D,func,fn_10B7468B
0x10B74708,0x00000005,func,fn_10B74708
0x10B7471D,0x00000007,func,fn_10B7471D
0x10B74724,0x0000003E,func,fn_10B74724
0x10B74762,0x0000001C,func,fn_10B74762
0x10B7477E,0x0000004D,func,fn_10B7477E
0x10B747CB,0x000000B8,func,fn_10B747CB
0x10B74883,0x0000001B,func,fn_10B74883
0x10B7489E,0x0000002A,func,fn_10B7489E
0x10B748C8,0x00000046,func,fn_10B748C8
0x10B7490E,0x0000003F,func,fn_10B7490E
0x10B7494D,0x0000007D,func,fn_10B7494D
0x10B749CA,0x00000038,func,fn_10B749CA
0x10B74A02,0x000000A6,func,fn_10B74A02
0x10B74AA8,0x0000000F,func,fn_10B74AA8
0x10B74AB7,0x00000087,func,fn_10B74AB7
0x10B74B3E,0x00000015,func,fn_10B74B3E
0x10B74B53,0x0000008D,func,fn_10B74B53
0x10B74BE0,0x00000079,func,fn_10B74BE0
0x10B74C59,0x000000DA,func,fn_10B74C59
0x10B74D33,0x0000002C,func,fn_10B74D33
0x10B74D5F,0x00000025,func,fn_10B74D5F
0x10B74D84,0x0000004D,func,fn_10B74D84
0x10B74DD1,0x000000E1,func,fn_10B74DD1
0x10B74EB2,0x0000003D,func,fn_10B74EB2
0x10B74EEF,0x000000F3,func,fn_10B74EEF
0x10B74FE2,0x000000CE,func,fn_10B74FE2
0x10B750B0,0x0000001B,func,fn_10B750B0
0x10B750CB,0x0000028E,func,fn_10B750CB
0x10B75359,0x00000078,func,fn_10B75359
0x10B753D1,0x00000021,func,fn_10B753D1
0x10B753F2,0x0000001B,func,fn_10B753F2
0x10B7540D,0x0000003A,func,fn_10B7540D
0x10B75447,0x0000018F,func,fn_10B75447
0x10B755D6,0x00000149,func,fn_10B755D6
0x10B7571F,0x0000013A,func,fn_10B7571F
0x10B75859,0x0000006F,func,fn_10B75859
0x10B758C8,0x00000053,func,fn_10B758C8
0x10B7591B,0x0000003C,func,fn_10B7591B
0x10B75957,0x00000012,func,fn_10B75957
0x10B75969,0x00000094,func,fn_10B75969
0x10B759FD,0x0000003B,func,fn_10B759FD
0x10B75A38,0x00000075,func,fn_10B75A38
0x10B75AAD,0x0000002F,func,fn_10B75AAD
0x10B75ADC,0x000000B5,func,fn_10B75ADC
0x10B75B91,0x000000DA,func,fn_10B75B91
0x10B75C6B,0x00000050,func,fn_10B75C6B
0x10B75CBB,0x00000060,func,fn_10B75CBB
0x10B75D1B,0x00000060,func,fn_10B75D1B
0x10B75D7B,0x000000A3,func,fn_10B75D7B
0x10B75E1E,0x00000047,func,fn_10B75E1E
0x10B75E65,0x00000019,func,fn_10B75E65
0x10B75E7E,0x0000005A,func,fn_10B75E7E
0x10B75ED8,0x00000014,func,fn_10B75ED8
0x10B75EEC,0x0000005C,func,fn_10B75EEC
0x10B75F48,0x000000F3,func,fn_10B75F48
0x10B7603B,0x000001D5,func,fn_10B7603B
0x10B76210,0x00000281,func,fn_10B76210
0x10B76491,0x0000010D,func,fn_10B76491
0x10B7659E,0x00000017,func,fn_10B7659E
0x10B765B5,0x00000128,func,fn_10B765B5
0x10B766DE,0x00000035,func,fn_10B766DE
0x10B76713,0x0000004E,func,fn_10B76713
0x10B767DA,0x00000088,func,fn_10B767DA
0x10B768D8,0x00000097,func,fn_10B768D8
0x10B7696F,0x000000A3,func,fn_10B7696F
0x10B76A12,0x00000129,func,fn_10B76A12
0x10B76B3B,0x0000006D,func,fn_10B76B3B
0x10B76BA8,0x00000025,func,fn_10B76BA8
0x10B76BCD,0x000000A0,func,fn_10B76BCD
0x10B76C6D,0x00000029,func,fn_10B76C6D
0x10B76C96,0x00000059,func,fn_10B76C96
0x10B76CEF,0x0000004D,func,fn_10B76CEF
0x10B76D3C,0x000000AE,func,fn_10B76D3C
0x10B76DEA,0x00000048,func,fn_10B76DEA
0x10B76E32,0x0000008F,func,fn_10B76E32
0x10B76EC1,0x000000A0,func,fn_10B76EC1
0x10B76F61,0x0000001C,func,fn_10B76F61
0x10B76F7D,0x0000005F,func,fn_10B76F7D
0x10B76FDC,0x0000001F,func,fn_10B76FDC
0x10B76FFB,0x00000026,func,fn_10B76FFB
0x10B77021,0x00000031,func,fn_10B77021
0x10B77052,0x000001B1,func,fn_10B77052
0x10B77203,0x00000019,func,fn_10B77203
0x10B7721C,0x0000002F,func,fn_10B7721C
0x10B7724B,0x000000D0,func,fn_10B7724B
0x10B7731B,0x00000079,func,fn_10B7731B
0x10B77394,0x0000002C,func,fn_10B77394
0x10B773C0,0x00000020,func,fn_10B773C0
0x10B773E0,0x000000FC,func,fn_10B773E0
0x10B774DC,0x0000002C,func,fn_10B774DC
0x10B77508,0x0000002A,func,fn_10B77508
0x10B77532,0x00000015,func,fn_10B77532
0x10B77547,0x0000010F,func,fn_10B77547
0x10B77656,0x0000003F,func,fn_10B77656
0x10B77695,0x00000019,func,fn_10B77695
0x10B776AE,0x00000119,func,fn_10B776AE
0x10B777C7,0x00000027,func,fn_10B777C7
0x10B777EE,0x00000121,func,fn_10B777EE
0x10B7790F,0x00000170,func,fn_10B7790F
0x10B77A7F,0x00000227,func,fn_10B77A7F
0x10B77CA6,0x00000062,func,fn_10B77CA6
0x10B77D08,0x00000041,func,fn_10B77D08
0x10B77D49,0x0000002E,func,fn_10B77D49
0x10B77D77,0x00000036,func,fn_10B77D77
0x10B77DAD,0x000000C2,func,fn_10B77DAD
0x10B77E6F,0x000000A8,func,fn_10B77E6F
0x10B77F17,0x00000075,func,fn_10B77F17
0x10B77F8C,0x00000013,func,fn_10B77F8C
0x10B77F9F,0x000000DC,func,fn_10B77F9F
0x10B7807B,0x0000005A,func,fn_10B7807B
0x10B780D5,0x00000038,func,fn_10B780D5
0x10B7810D,0x000000B3,func,fn_10B7810D
0x10B781C0,0x0000002E,func,fn_10B781C0
0x10B781EE,0x00000156,func,fn_10B781EE
0x10B78344,0x000000B9,func,fn_10B78344
0x10B783FD,0x00000042,func,fn_10B783FD
0x10B787F6,0x00000149,func,fn_10B787F6
0x10B7893F,0x000000B9,func,fn_10B7893F
0x10B789F8,0x00000108,func,fn_10B789F8
0x10B78B00,0x000000B5,func,fn_10B78B00
0x10B78BB5,0x00000170,func,fn_10B78BB5
0x10B78D25,0x000000A4,func,fn_10B78D25
0x10B78DC9,0x00000067,func,fn_10B78DC9
0x10B78E30,0x00000164,func,fn_10B78E30
0x10B78F94,0x00000042,func,fn_10B78F94
0x10B78FD6,0x00000053,func,fn_10B78FD6
0x10B79029,0x000001D7,func,fn_10B79029
0x10B79200,0x0000002F,func,fn_10B79200
0x10B7922F,0x00000211,func,fn_10B7922F
0x10B79440,0x000003A5,func,fn_10B79440
0x10B797E5,0x00000050,func,fn_10B797E5
0x10B79835,0x000000D3,func,fn_10B79835
0x10B79908,0x000001B3,func,fn_10B79908
0x10B79ABB,0x00000071,func,fn_10B79ABB
0x10B79B2C,0x0000028D,func,fn_10B79B2C
0x10B79DB9,0x00000074,func,fn_10B79DB9
0x10B79E2D,0x00000029,func,fn_10B79E2D
0x10B79E56,0x00000335,func,fn_10B79E56
0x10B7A18B,0x0000026C,func,fn_10B7A18B
0x10B7A3F7,0x00000139,func,fn_10B7A3F7
0x10B7A530,0x000001DB,func,fn_10B7A530
0x10B7A70B,0x0000006C,func,fn_10B7A70B
0x10B7A777,0x0000007D,func,fn_10B7A777
0x10B7A7F4,0x000000BC,func,fn_10B7A7F4
0x10B7A8B0,0x000001DB,func,fn_10B7A8B0
0x10B7ABD5,0x00000133,func,fn_10B7ABD5
0x10B7AD08,0x0000013F,func,fn_10B7AD08
0x10B7AE47,0x00000064,func,fn_10B7AE47
0x10B7AEAB,0x0000025B,func,fn_10B7AEAB
0x10B7B106,0x00000049,func,fn_10B7B106
0x10B7B14F,0x000000B1,func,fn_10B7B14F
0x10B7B200,0x0000034A,func,fn_10B7B200
0x10B7B54A,0x0000028C,func,fn_10B7B54A
0x10B7B7D6,0x0000037F,func,fn_10B7B7D6
0x10B7BB55,0x0000008F,func,fn_10B7BB55
0x10B7BBE4,0x00000144,func,fn_10B7BBE4
0x10B7BD28,0x000000BB,func,fn_10B7BD28
0x10B7BDE3,0x00000091,func,fn_10B7BDE3
0x10B7BE74,0x00000114,func,fn_10B7BE74
0x10B7BF88,0x000000BF,func,fn_10B7BF88
0x10B7C047,0x0000002F,func,fn_10B7C047
0x10B7C076,0x0000005F,func,fn_10B7C076
0x10B7C0D5,0x00000201,func,fn_10B7C0D5
0x10B7C2D6,0x000003A2,func,fn_10B7C2D6
0x10B7C678,0x000002F8,func,fn_10B7C678
0x10B7C970,0x00000046,func,fn_10B7C970
0x10B7C9B6,0x00000136,func,fn_10B7C9B6
0x10B7CAEC,0x0000002F,func,fn_10B7CAEC
0x10B7CB1B,0x0000003C,func,fn_10B7CB1B
0x10B7CB57,0x00000189,func,fn_10B7CB57
0x10B7CCE0,0x000000EC,func,fn_10B7CCE0
0x10B7CDCC,0x000000A5,func,fn_10B7CDCC
0x10B7CE71,0x000000AC,func,fn_10B7CE71
0x10B7CF1D,0x00000063,func,fn_10B7CF1D
0x10B7CF80,0x000000B7,func,fn_10B7CF80
0x10B7D037,0x00000040,func,fn_10B7D037
0x10B7D077,0x0000002D,func,fn_10B7D077
0x10B7D0A4,0x000001FB,func,fn_10B7D0A4
0x10B7D29F,0x00000121,func,fn_10B7D29F
0x10B7D3C0,0x000001EE,func,fn_10B7D3C0
0x10B7D5AE,0x000000F5,func,fn_10B7D5AE
0x10B7D6A3,0x00000097,func,fn_10B7D6A3
0x10B7D73A,0x0000003D,func,fn_10B7D73A
0x10B7D777,0x000000B9,func,fn_10B7D777
0x10B7D830,0x0000002E,func,fn_10B7D830
0x10B7D85E,0x00000398,func,fn_10B7D85E
0x10B7DBF6,0x0000005B,func,fn_10B7DBF6
0x10B7DC51,0x000000DB,func,fn_10B7DC51
0x10B7DD2C,0x000000D3,func,fn_10B7DD2C
0x10B7DDFF,0x0000004B,func,fn_10B7DDFF
0x10B7DE4A,0x0000008B,func,fn_10B7DE4A
0x10B7DED5,0x00000082,func,fn_10B7DED5
0x10B7DF57,0x000000DB,func,fn_10B7DF57
0x10B7E032,0x000000E1,func,fn_10B7E032
0x10B7E113,0x000000B1,func,fn_10B7E113
0x10B7E1C4,0x00000074,func,fn_10B7E1C4
0x10B7E238,0x0000001F,func,fn_10B7E238
0x10B7E257,0x0000001E,func,fn_10B7E257
0x10B7E276,0x00000063,func,fn_10B7E276
0x10B7E2D9,0x00000033,func,fn_10B7E2D9
0x10B7E30C,0x0000002D,func,fn_10B7E30C
0x10B7E339,0x00000113,func,fn_10B7E339
0x10B7E44D,0x000000A3,func,fn_10B7E44D
0x10B7E4F0,0x000000FB,func,fn_10B7E4F0
0x10B7E616,0x0000006E,func,fn_10B7E616
0x10B7E6AF,0x0000006A,func,fn_10B7E6AF
0x10B7E719,0x000001D0,func,fn_10B7E719
0x10B7E8E9,0x000001C2,func,fn_10B7E8E9
0x10B7EAAB,0x000001E1,func,fn_10B7EAAB
0x10B7EC8C,0x00000183,func,fn_10B7EC8C
0x10B7EE0F,0x0000001C,func,fn_10B7EE0F
0x10B7EE2B,0x0000003B,func,fn_10B7EE2B
0x10B7EE91,0x000000C4,func,fn_10B7EE91
0x10B7EF55,0x000000AB,func,fn_10B7EF55
0x10B7F000,0x00000022,func,fn_10B7F000
0x10B7F022,0x000001DD,func,fn_10B7F022
0x10B7F1FF,0x0000016A,func,fn_10B7F1FF
0x10B7F369,0x00000022,func,fn_10B7F369
0x10B7F3E7,0x0000000D,func,fn_10B7F3E7
0x10B7F3F4,0x00000110,func,fn_10B7F3F4
0x10B7F504,0x0000000A,func,fn_10B7F504
0x10B7F50E,0x00000018,func,fn_10B7F50E
0x10B7F526,0x00000040,func,fn_10B7F526
0x10B7F566,0x00000030,func,fn_10B7F566
0x10B7F596,0x0000012F,func,fn_10B7F596
0x10B7F6C5,0x0000008E,func,fn_10B7F6C5
0x10B7F753,0x0000000E,func,fn_10B7F753
0x10B7F761,0x000000D9,func,fn_10B7F761
0x10B7F83A,0x0000003E,func,fn_10B7F83A
0x10B7F878,0x0000002F,func,fn_10B7F878
0x10B7F8A7,0x00000044,func,fn_10B7F8A7
0x10B7F8EB,0x000000E0,func,fn_10B7F8EB
0x10B7F9CB,0x00000032,func,fn_10B7F9CB
0x10B7F9FD,0x00000115,func,fn_10B7F9FD
0x10B7FB12,0x000001E5,func,fn_10B7FB12
0x10B7FCF7,0x000000B2,func,fn_10B7FCF7
0x10B7FDA9,0x0000017E,func,fn_10B7FDA9
0x10B7FF85,0x000001F4,func,fn_10B7FF85
0x10B80179,0x00000091,func,fn_10B80179
0x10B8020B,0x0000001F,func,fn_10B8020B
0x10B8022A,0x00000076,func,fn_10B8022A
0x10B802A0,0x00000036,func,fn_10B802A0
0x10B802D6,0x00000074,func,fn_10B802D6
0x10B8034A,0x000000EE,func,fn_10B8034A
0x10B80438,0x00000034,func,fn_10B80438
0x10B8046C,0x0000003F,func,fn_10B8046C
0x10B804AB,0x0000003D,func,fn_10B804AB
0x10B804E8,0x00000065,func,fn_10B804E8
0x10B8054D,0x0000002A,func,fn_10B8054D
0x10B80577,0x0000003C,func,fn_10B80577
0x10B805B3,0x000000A6,func,fn_10B805B3
0x10B80659,0x000000B3,func,fn_10B80659
0x10B8070C,0x00000033,func,fn_10B8070C
0x10B8073F,0x0000006C,func,fn_10B8073F
0x10B807AB,0x0000004E,func,fn_10B807AB
0x10B807F9,0x00000054,func,fn_10B807F9
0x10B8084D,0x00000116,func,fn_10B8084D
0x10B80963,0x00000100,func,fn_10B80963
0x10B80A63,0x00000123,func,fn_10B80A63
0x10B80B86,0x00000085,func,fn_10B80B86
0x10B80C0B,0x00000033,func,fn_10B80C0B
0x10B80C3E,0x0000006D,func,fn_10B80C3E
0x10B80CAB,0x00000065,func,fn_10B80CAB
0x10B80D4D,0x0000032E,func,fn_10B80D4D
0x10B8107B,0x00000315,func,fn_10B8107B
0x10B81390,0x0000001F,func,fn_10B81390
0x10B813AF,0x00000042,func,fn_10B813AF
0x10B813F1,0x000001FF,func,fn_10B813F1
0x10B815F0,0x00000288,func,fn_10B815F0
0x10B81878,0x0000008B,func,fn_10B81878
0x10B81903,0x00000053,func,fn_10B81903
0x10B81956,0x00000165,func,fn_10B81956
0x10B81ABB,0x00000067,func,fn_10B81ABB
0x10B81B22,0x0000052B,func,fn_10B81B22
0x10B8204D,0x00000004,func,fn_10B8204D
0x10B82065,0x00000005,func,fn_10B82065
0x10B8206A,0x00000048,func,fn_10B8206A
0x10B820B2,0x0000005B,func,fn_10B820B2
0x10B8210D,0x0000003E,func,fn_10B8210D
0x10B8214B,0x00000078,func,fn_10B8214B
0x10B821C3,0x0000004D,func,fn_10B821C3
0x10B82210,0x0000003F,func,fn_10B82210
0x10B8224F,0x000000A1,func,fn_10B8224F
0x10B822F0,0x0000002F,func,fn_10B822F0
0x10B8231F,0x00000019,func,fn_10B8231F
0x10B82338,0x00000176,func,fn_10B82338
0x10B824AE,0x0000005B,func,fn_10B824AE
0x10B82509,0x00000022,func,fn_10B82509
0x10B8252B,0x00000053,func,fn_10B8252B
0x10B8257E,0x00000060,func,fn_10B8257E
0x10B825DE,0x00000042,func,fn_10B825DE
0x10B82620,0x00000029,func,fn_10B82620
0x10B82649,0x00000037,func,fn_10B82649
0x10B82680,0x00000037,func,fn_10B82680
0x10B826F6,0x0000001C,func,fn_10B826F6
0x10B82712,0x000000A5,func,fn_10B82712
0x10B827B7,0x00000042,func,fn_10B827B7
0x10B827F9,0x0000001E,func,fn_10B827F9
0x10B82822,0x0000003E,func,fn_10B82822
0x10B82860,0x0000003C,func,fn_10B82860
0x10B8289C,0x0000030F,func,fn_10B8289C
0x10B82BAB,0x00000006,func,fn_10B82BAB
0x10B82BB1,0x0000006D,func,fn_10B82BB1
0x10B82C1E,0x0000020C,func,fn_10B82C1E
0x10B82E2A,0x00000052,func,fn_10B82E2A
0x10B82E7C,0x000000F5,func,fn_10B82E7C
0x10B82F71,0x00000016,func,fn_10B82F71
0x10B82F87,0x00000004,func,fn_10B82F87
0x10B82F8B,0x00000004,func,fn_10B82F8B
0x10B82F8F,0x00000004,func,fn_10B82F8F
0x10B82F93,0x00000044,func,fn_10B82F93
0x10B82FD7,0x00000008,func,fn_10B82FD7
0x10B82FDF,0x0000005D,func,fn_10B82FDF
0x10B8303C,0x0000000C,func,fn_10B8303C
0x10B83048,0x0000003B,func,fn_10B83048
0x10B83083,0x0000002D,func,fn_10B83083
0x10B830B0,0x00000065,func,fn_10B830B0
0x10B83115,0x00000141,func,fn_10B83115
0x10B83256,0x0000006A,func,fn_10B83256
0x10B832C0,0x000000D2,func,fn_10B832C0
0x10B83392,0x00000035,func,fn_10B83392
0x10B833C7,0x00000028,func,fn_10B833C7
0x10B833EF,0x000001AA,func,fn_10B833EF
0x10B83599,0x00000018,func,fn_10B83599
0x10B835B1,0x00000053,func,fn_10B835B1
0x10B83874,0x000000F2,func,fn_10B83874
0x10B83966,0x000001B9,func,fn_10B83966
0x10B83CF3,0x0000005F,func,fn_10B83CF3
0x10B83E87,0x000009BD,func,fn_10B83E87
0x10B84844,0x00000025,func,fn_10B84844
0x10B84869,0x0000002D,func,fn_10B84869
0x10B84896,0x00000046,func,fn_10B84896
0x10B848DC,0x000006DC,func,fn_10B848DC
0x10B84FB8,0x00000021,func,fn_10B84FB8
0x10B84FD9,0x000000E6,func,fn_10B84FD9
0x10B850BF,0x000000C9,func,fn_10B850BF
0x10B85188,0x000002BA,func,fn_10B85188
0x10B85452,0x00000166,func,fn_10B85452
0x10B855B9,0x00000460,func,fn_10B855B9
0x10B85A19,0x000001CD,func,fn_10B85A19
0x10B85BE6,0x00000010,func,fn_10B85BE6
0x10B85BF6,0x0000035C,func,fn_10B85BF6
0x10B85F52,0x000007F5,func,fn_10B85F52
0x10B86747,0x00000022,func,fn_10B86747
0x10B86769,0x00000029,func,fn_10B86769
0x10B86792,0x00000160,func,fn_10B86792
0x10B868F2,0x0000004E,func,fn_10B868F2
0x10B86940,0x0000003F,func,fn_10B86940
0x10B8697F,0x00000065,func,fn_10B8697F
0x10B869E4,0x0000005D,func,fn_10B869E4
0x10B86A41,0x00000034,func,fn_10B86A41
0x10B86A75,0x00000013,func,fn_10B86A75
0x10B86A88,0x000000AA,func,fn_10B86A88
0x10B86B32,0x00000027,func,fn_10B86B32
0x10B86B59,0x00000013,func,fn_10B86B59
0x10B86B6C,0x00000B40,func,fn_10B86B6C
0x10B876DD,0x00000101,func,fn_10B876DD
0x10B877DE,0x00000294,func,fn_10B877DE
0x10B87A72,0x00000EA4,func,fn_10B87A72
0x10B88916,0x00000205,func,fn_10B88916
0x10B88B1B,0x00000043,func,fn_10B88B1B
0x10B88B5E,0x0000071B,func,fn_10B88B5E
0x10B89279,0x00000102,func,fn_10B89279
0x10B8937B,0x000000F4,func,fn_10B8937B
0x10B8946F,0x000000C2,func,fn_10B8946F
0x10B89531,0x000000E9,func,fn_10B89531
0x10B8961A,0x0000031C,func,fn_10B8961A
0x10B89936,0x0000018A,func,fn_10B89936
0x10B89BF7,0x00000011,func,fn_10B89BF7
0x10B89C46,0x00000066,func,fn_10B89C46
0x10B89CAC,0x00000088,func,fn_10B89CAC
0x10B89D34,0x00000022,func,fn_10B89D34
0x10B89D56,0x00000025,func,fn_10B89D56
0x10B89D7B,0x0000008A,func,fn_10B89D7B
0x10B89E05,0x0000002F,func,fn_10B89E05
0x10B89E34,0x0000005B,func,fn_10B89E34
0x10B89E9A,0x0000002A,func,fn_10B89E9A
0x10B89EC4,0x00000042,func,fn_10B89EC4
0x10B89F06,0x00000020,func,fn_10B89F06
0x10B89F26,0x00000021,func,fn_10B89F26
0x10B89F47,0x00000049,func,fn_10B89F47
0x10B89F90,0x0000000A,func,fn_10B89F90
0x10B89F9A,0x00000045,func,fn_10B89F9A
0x10B89FDF,0x0000003C,func,fn_10B89FDF
0x10B8A01B,0x0000003C,func,fn_10B8A01B
0x10B8A057,0x0000006A,func,fn_10B8A057
0x10B8A0C1,0x000000C6,func,fn_10B8A0C1
0x10B8A188,0x00000055,func,fn_10B8A188
0x10B8A1DD,0x000000ED,func,fn_10B8A1DD
0x10B8A2CA,0x000000EB,func,fn_10B8A2CA
0x10B8A3B5,0x000000B6,func,fn_10B8A3B5
0x10B8A46B,0x0000001F,func,fn_10B8A46B
0x10B8A48A,0x0000005C,func,fn_10B8A48A
0x10B8A4E6,0x00000045,func,fn_10B8A4E6
0x10B8A52B,0x00000022,func,fn_10B8A52B
0x10B8A54D,0x00000028,func,fn_10B8A54D
0x10B8A575,0x000000C5,func,fn_10B8A575
0x10B8A63A,0x00000064,func,fn_10B8A63A
0x10B8A69E,0x0000004B,func,fn_10B8A69E
0x10B8A6E9,0x00000030,func,fn_10B8A6E9
0x10B8A719,0x0000009C,func,fn_10B8A719
0x10B8A7B5,0x00000034,func,fn_10B8A7B5
0x10B8A7E9,0x0000003B,func,fn_10B8A7E9
0x10B8A824,0x0000001A,func,fn_10B8A824
0x10B8A83E,0x00000049,func,fn_10B8A83E
0x10B8A887,0x0000007E,func,fn_10B8A887
0x10B8A905,0x00000031,func,fn_10B8A905
0x10B8A936,0x000000D2,func,fn_10B8A936
0x10B8AA08,0x0000005A,func,fn_10B8AA08
0x10B8AA62,0x00000028,func,fn_10B8AA62
0x10B8AA8A,0x0000003B,func,fn_10B8AA8A
0x10B8AAC5,0x00000048,func,fn_10B8AAC5
0x10B8AB0D,0x00000044,func,fn_10B8AB0D
0x10B8AB51,0x00000071,func,fn_10B8AB51
0x10B8ABC2,0x000000D2,func,fn_10B8ABC2
0x10B8AC94,0x00000029,func,fn_10B8AC94
0x10B8ACBD,0x00000038,func,fn_10B8ACBD
0x10B8ACF5,0x00000124,func,fn_10B8ACF5
0x10B8AE19,0x000000DA,func,fn_10B8AE19
0x10B8AEF3,0x00000033,func,fn_10B8AEF3
0x10B8AF26,0x000000A9,func,fn_10B8AF26
0x10B8AFCF,0x00000055,func,fn_10B8AFCF
0x10B8B543,0x0000001E,func,fn_10B8B543
0x10B8B561,0x000000B7,func,fn_10B8B561
0x10B8B619,0x00000078,func,fn_10B8B619
0x10B8B691,0x00000016,func,fn_10B8B691
0x10B8B6A7,0x000000CF,func,fn_10B8B6A7
0x10B8B776,0x00000027,func,fn_10B8B776
0x10B8B79D,0x00000030,func,fn_10B8B79D
0x10B8B7CD,0x00000052,func,fn_10B8B7CD
0x10B8B9D7,0x0000004A,func,fn_10B8B9D7
0x10B8BA21,0x0000003F,func,fn_10B8BA21
0x10B8BA60,0x0000006D,func,fn_10B8BA60
0x10B8BACD,0x00000036,func,fn_10B8BACD
0x10B8BB03,0x00000047,func,fn_10B8BB03
0x10B8BB4A,0x000000B3,func,fn_10B8BB4A
0x10B8BBFD,0x00000069,func,fn_10B8BBFD
0x10B8BDAC,0x000000FD,func,fn_10B8BDAC
0x10B8BEA9,0x0000022B,func,fn_10B8BEA9
0x10B8C0D4,0x00000074,func,fn_10B8C0D4
0x10B8C148,0x00000079,func,fn_10B8C148
0x10B8C1C1,0x000001BE,func,fn_10B8C1C1
0x10B8C37F,0x000001EF,func,fn_10B8C37F
0x10B8C56E,0x000000F9,func,fn_10B8C56E
0x10B8C667,0x00000285,func,fn_10B8C667
0x10B8C8EC,0x00000244,func,fn_10B8C8EC
0x10B8CB30,0x00000045,func,fn_10B8CB30
0x10B8CB75,0x00000034,func,fn_10B8CB75
0x10B8CBA9,0x00000056,func,fn_10B8CBA9
0x10B8CBFF,0x000000B2,func,fn_10B8CBFF
0x10B8CCB1,0x0000003D,func,fn_10B8CCB1
0x10B8CCEE,0x000000F2,func,fn_10B8CCEE
0x10B8CDE0,0x0000000E,func,fn_10B8CDE0
0x10B8CDEE,0x00000035,func,fn_10B8CDEE
0x10B8CE23,0x00000047,func,fn_10B8CE23
0x10B8CE6A,0x0000003E,func,fn_10B8CE6A
0x10B8CEA8,0x00000080,func,fn_10B8CEA8
0x10B8CF28,0x00000099,func,fn_10B8CF28
0x10B8CFC1,0x0000007A,func,fn_10B8CFC1
0x10B8D03B,0x000002F0,func,fn_10B8D03B
0x10B8D32B,0x000003AC,func,fn_10B8D32B
0x10B8D6D7,0x00000336,func,fn_10B8D6D7
0x10B8DC2B,0x000004B5,func,fn_10B8DC2B
0x10B8E0E0,0x0000003A,func,fn_10B8E0E0
0x10B8E11A,0x000001CC,func,fn_10B8E11A
0x10B8E2E6,0x00000230,func,fn_10B8E2E6
0x10B8E516,0x000001AE,func,fn_10B8E516
0x10B8E6C4,0x000000A7,func,fn_10B8E6C4
0x10B8E76B,0x000000B2,func,fn_10B8E76B
0x10B8E81D,0x0000001F,func,fn_10B8E81D
0x10B8E83C,0x0000024D,func,fn_10B8E83C
0x10B8EA89,0x0000038B,func,fn_10B8EA89
0x10B8EE14,0x00000174,func,fn_10B8EE14
0x10B8EF88,0x00000028,func,fn_10B8EF88
0x10B8EFB0,0x00000109,func,fn_10B8EFB0
0x10B8F0B9,0x00000145,func,fn_10B8F0B9
0x10B8F1FE,0x00000110,func,fn_10B8F1FE
0x10B8F30E,0x00000094,func,fn_10B8F30E
0x10B8F3A2,0x000000AE,func,fn_10B8F3A2
0x10B8F450,0x00000052,func,fn_10B8F450
0x10B8F4A2,0x00000043,func,fn_10B8F4A2
0x10B8F4E5,0x0000001C,func,fn_10B8F4E5
0x10B8F501,0x00000028,func,fn_10B8F501
0x10B8F529,0x00000070,func,fn_10B8F529
0x10B8F599,0x00000023,func,fn_10B8F599
0x10B8F5BC,0x000000B3,func,fn_10B8F5BC
0x10B8F66F,0x00000183,func,fn_10B8F66F
0x10B8F869,0x0000018A,func,fn_10B8F869
0x10B8FA5F,0x000000CF,func,fn_10B8FA5F
0x10B8FB2E,0x00000019,func,fn_10B8FB2E
0x10B8FB47,0x0000015A,func,fn_10B8FB47
0x10B8FCA1,0x0000003A,func,fn_10B8FCA1
0x10B8FCDB,0x0000004E,func,fn_10B8FCDB
0x10B8FD29,0x000000C4,func,fn_10B8FD29
0x10B8FDED,0x0000006D,func,fn_10B8FDED
0x10B8FE5A,0x000000D1,func,fn_10B8FE5A
0x10B8FF49,0x00000042,func,fn_10B8FF49
0x10B8FF8B,0x00000004,func,fn_10B8FF8B
0x10B8FF9E,0x00000005,func,fn_10B8FF9E
0x10B8FFA3,0x0000005C,func,fn_10B8FFA3
0x10B8FFFF,0x0000001E,func,fn_10B8FFFF
0x10B9001D,0x00000018,func,fn_10B9001D
0x10B90035,0x00000022,func,fn_10B90035
0x10B90057,0x0000004A,func,fn_10B90057
0x10B900A1,0x0000014B,func,fn_10B900A1
0x10B901EC,0x00000083,func,fn_10B901EC
0x10B9026F,0x0000022C,func,fn_10B9026F
0x10B9049B,0x000000A0,func,fn_10B9049B
0x10B9053B,0x0000005D,func,fn_10B9053B
0x10B90598,0x0000000E,func,fn_10B90598
0x10B905A6,0x00000066,func,fn_10B905A6
0x10B9060C,0x00000020,func,fn_10B9060C
0x10B9062C,0x000000FD,func,fn_10B9062C
0x10B90729,0x000000CA,func,fn_10B90729
0x10B907F3,0x0000045E,func,fn_10B907F3
0x10B90C51,0x000003E2,func,fn_10B90C51
0x10B91033,0x000001B0,func,fn_10B91033
0x10B911E3,0x000000F0,func,fn_10B911E3
0x10B912D3,0x0000003B,func,fn_10B912D3
0x10B9130E,0x0000028D,func,fn_10B9130E
0x10B9159B,0x00000195,func,fn_10B9159B
0x10B91730,0x0000003C,func,fn_10B91730
0x10B9176C,0x00000119,func,fn_10B9176C
0x10B91885,0x000000C2,func,fn_10B91885
0x10B91947,0x00000099,func,fn_10B91947
0x10B91A15,0x00000254,func,fn_10B91A15
0x10B91C69,0x0000006B,func,fn_10B91C69
0x10B91CD4,0x0000030D,func,fn_10B91CD4
0x10B91FE1,0x000002AE,func,fn_10B91FE1
0x10B9228F,0x00000747,func,fn_10B9228F
0x10B929D6,0x00000161,func,fn_10B929D6
0x10B92B37,0x0000004F,func,fn_10B92B37
0x10B92B86,0x0000045C,func,fn_10B92B86
0x10B92FE2,0x0000020C,func,fn_10B92FE2
0x10B931EF,0x000000D1,func,fn_10B931EF
0x10B932C0,0x00000211,func,fn_10B932C0
0x10B934D1,0x0000008D,func,fn_10B934D1
0x10B9355E,0x000000AF,func,fn_10B9355E
0x10B9360D,0x00000078,func,fn_10B9360D
0x10B93685,0x00000353,func,fn_10B93685
0x10B939D8,0x000001CD,func,fn_10B939D8
0x10B93BA5,0x000000FA,func,fn_10B93BA5
0x10B93C9F,0x00000104,func,fn_10B93C9F
0x10B93DA3,0x00000285,func,fn_10B93DA3
0x10B94028,0x00000008,func,fn_10B94028
0x10B94030,0x000003BA,func,fn_10B94030
0x10B943EA,0x000013F6,func,fn_10B943EA
0x10B957E0,0x000000FE,func,fn_10B957E0
0x10B958DE,0x000001FA,func,fn_10B958DE
0x10B95AD8,0x000000FD,func,fn_10B95AD8
0x10B95BD5,0x000000BC,func,fn_10B95BD5
0x10B95C91,0x00000199,func,fn_10B95C91
0x10B95E2A,0x0000005B,func,fn_10B95E2A
0x10B95E97,0x000000C7,func,fn_10B95E97
0x10B95F5E,0x00000037,func,fn_10B95F5E
0x10B95F95,0x0000000E,func,fn_10B95F95
0x10B95FA3,0x000000CD,func,fn_10B95FA3
0x10B96070,0x000000B6,func,fn_10B96070
0x10B96126,0x00000083,func,fn_10B96126
0x10B96227,0x0000023D,func,fn_10B96227
0x10B96464,0x000000E6,func,fn_10B96464
0x10B9654A,0x00000150,func,fn_10B9654A
0x10B966BC,0x00000048,func,fn_10B966BC
0x10B96704,0x000001AC,func,fn_10B96704
0x10B968B0,0x000001FB,func,fn_10B968B0
0x10B96AAB,0x00000371,func,fn_10B96AAB
0x10B96E1C,0x0000019F,func,fn_10B96E1C
0x10B96FBB,0x00000061,func,fn_10B96FBB
0x10B9701C,0x00000042,func,fn_10B9701C
0x10B9705E,0x00000036,func,fn_10B9705E
0x10B97094,0x000000B4,func,fn_10B97094
0x10B97148,0x000001C2,func,fn_10B97148
0x10B9730A,0x000000A8,func,fn_10B9730A
0x10B973B2,0x000000A8,func,fn_10B973B2
0x10B9745A,0x000000A8,func,fn_10B9745A
0x10B97502,0x00000081,func,fn_10B97502
0x10B97584,0x00000099,func,fn_10B97584
0x10B9761E,0x0000025E,func,fn_10B9761E
0x10B9787D,0x00000055,func,fn_10B9787D
0x10B978D2,0x0000002B,func,fn_10B978D2
0x10B978FD,0x000000BB,func,fn_10B978FD
0x10B979B8,0x0000002F,func,fn_10B979B8
0x10B979E7,0x0000003B,func,fn_10B979E7
0x10B97A22,0x00000325,func,fn_10B97A22
0x10B97D47,0x00000089,func,fn_10B97D47
0x10B97DD0,0x0000001C,func,fn_10B97DD0
0x10B97DFB,0x0000013C,func,fn_10B97DFB
0x10B97F37,0x00000061,func,fn_10B97F37
0x10B97F98,0x0000001C,func,fn_10B97F98
0x10B97FB4,0x00000011,func,fn_10B97FB4
0x10B97FC5,0x00000028,func,fn_10B97FC5
0x10B97FED,0x000000FB,func,fn_10B97FED
0x10B980E8,0x00000017,func,fn_10B980E8
0x10B980FF,0x00000008,func,fn_10B980FF
0x10B98107,0x00000019,func,fn_10B98107
0x10B98120,0x00000008,func,fn_10B98120
0x10B98128,0x00000015,func,fn_10B98128
0x10B9813D,0x0000000F,func,fn_10B9813D
0x10B9814C,0x0000007B,func,fn_10B9814C
0x10B981C7,0x00000036,func,fn_10B981C7
0x10B981FD,0x00000003,func,fn_10B981FD
0x10B98210,0x00000041,func,fn_10B98210
0x10B98251,0x00000006,func,fn_10B98251
0x10B9827D,0x00000056,func,fn_10B9827D
0x10B982D6,0x00000181,func,fn_10B982D6
0x10B98457,0x0000006C,func,fn_10B98457
0x10B984C3,0x00000077,func,fn_10B984C3
0x10B9853A,0x0000003A,func,fn_10B9853A
0x10B98574,0x0000000C,func,fn_10B98574
0x10B98580,0x00000007,func,fn_10B98580
0x10B98587,0x00000052,func,fn_10B98587
0x10B985D9,0x00000034,func,fn_10B985D9
0x10B9860D,0x0000003E,func,fn_10B9860D
0x10B9864B,0x00000098,func,fn_10B9864B
0x10B986E3,0x0000012A,func,fn_10B986E3
0x10B9880D,0x0000001E,func,fn_10B9880D
0x10B9882B,0x00000033,func,fn_10B9882B
0x10B9885E,0x0000006F,func,fn_10B9885E
0x10B988D3,0x00000068,func,fn_10B988D3
0x10B9893B,0x000000A7,func,fn_10B9893B
0x10B989E2,0x00000036,func,fn_10B989E2
0x10B98A18,0x00000002,func,fn_10B98A18
0x10B98A2D,0x00000005,func,fn_10B98A2D
0x10B98A32,0x00000067,func,fn_10B98A32
0x10B98A99,0x00000007,func,fn_10B98A99
0x10B98AA0,0x00000008,func,fn_10B98AA0
0x10B98AA8,0x00000058,func,fn_10B98AA8
0x10B98B00,0x0000010F,func,fn_10B98B00
0x10B98C0F,0x0000013D,func,fn_10B98C0F
0x10B98D4C,0x00000098,func,fn_10B98D4C
0x10B98DE4,0x00000042,func,fn_10B98DE4
0x10B98E26,0x000000E3,func,fn_10B98E26
0x10B98F0A,0x000000AF,func,fn_10B98F0A
0x10B98FB9,0x0000000B,func,fn_10B98FB9
0x10B98FC4,0x00000029,func,fn_10B98FC4
0x10B98FED,0x000000A6,func,fn_10B98FED
0x10B99093,0x00000107,func,fn_10B99093
0x10B9919A,0x00000024,func,fn_10B9919A
0x10B991BE,0x000001BC,func,fn_10B991BE
0x10B9937A,0x0000007A,func,fn_10B9937A
0x10B993F4,0x000000F6,func,fn_10B993F4
0x10B994EA,0x000000C4,func,fn_10B994EA
0x10B995AE,0x0000002E,func,fn_10B995AE
0x10B995DC,0x000000A2,func,fn_10B995DC
0x10B9967E,0x000000BA,func,fn_10B9967E
0x10B99738,0x00000008,func,fn_10B99738
0x10B99740,0x000001D7,func,fn_10B99740
0x10B99917,0x00000040,func,fn_10B99917
0x10B99957,0x00000020,func,fn_10B99957
0x10B99977,0x0000007B,func,fn_10B99977
0x10B999F2,0x0000003A,func,fn_10B999F2
0x10B99A2C,0x0000000B,func,fn_10B99A2C
0x10B99A37,0x00000368,func,fn_10B99A37
0x10B99D9F,0x00000024,func,fn_10B99D9F
0x10B99DC3,0x00000008,func,fn_10B99DC3
0x10B99DCB,0x00000033,func,fn_10B99DCB
0x10B99DFE,0x000002AA,func,fn_10B99DFE
0x10B9A0A8,0x00000038,func,fn_10B9A0A8
0x10B9A0E0,0x00000063,func,fn_10B9A0E0
0x10B9A143,0x000002DD,func,fn_10B9A143
0x10B9A420,0x00000035,func,fn_10B9A420
0x10B9A455,0x00000036,func,fn_10B9A455
0x10B9A48B,0x0000001C,func,fn_10B9A48B
0x10B9A4A7,0x000000BE,func,fn_10B9A4A7
0x10B9A565,0x00000164,func,fn_10B9A565
0x10B9A6C9,0x00000029,func,fn_10B9A6C9
0x10B9A6F2,0x000000B5,func,fn_10B9A6F2
0x10B9A7A7,0x00000023,func,fn_10B9A7A7
0x10B9A7CA,0x0000001B,func,fn_10B9A7CA
0x10B9A7E5,0x00000033,func,fn_10B9A7E5
0x10B9A818,0x00000078,func,fn_10B9A818
0x10B9A890,0x00000007,func,fn_10B9A890
0x10B9A897,0x00000211,func,fn_10B9A897
0x10B9AAA8,0x00000190,func,fn_10B9AAA8
0x10B9AC38,0x0000007A,func,fn_10B9AC38
0x10B9ACB2,0x00000012,func,fn_10B9ACB2
0x10B9ACC4,0x00000036,func,fn_10B9ACC4
0x10B9ACFA,0x00000184,func,fn_10B9ACFA
0x10B9AE7E,0x0000000B,func,fn_10B9AE7E
0x10B9AE89,0x0000000B,func,fn_10B9AE89
0x10B9AE94,0x000001A6,func,fn_10B9AE94
0x10B9B03B,0x00000126,func,fn_10B9B03B
0x10B9B161,0x00000471,func,fn_10B9B161
0x10B9B5D2,0x000000D2,func,fn_10B9B5D2
0x10B9B6A4,0x00000106,func,fn_10B9B6A4
0x10B9B7AA,0x000000E2,func,fn_10B9B7AA
0x10B9B88D,0x00000007,func,fn_10B9B88D
0x10B9B8DF,0x0000000A,func,fn_10B9B8DF
0x10B9B8E9,0x00000CEB,func,fn_10B9B8E9
0x10B9C630,0x00000025,func,fn_10B9C630
0x10B9C655,0x00000030,func,fn_10B9C655
0x10B9C685,0x00000031,func,fn_10B9C685
0x10B9C6B6,0x00000054,func,fn_10B9C6B6
0x10B9C70A,0x00000090,func,fn_10B9C70A
0x10B9C79A,0x0000003F,func,fn_10B9C79A
0x10B9C7D9,0x00000021,func,fn_10B9C7D9
0x10B9C7FA,0x0000003C,func,fn_10B9C7FA
0x10B9C8BC,0x0000000F,func,fn_10B9C8BC
0x10B9C8CB,0x00000011,func,fn_10B9C8CB
0x10B9C8DC,0x0000001D,func,fn_10B9C8DC
0x10B9C8F9,0x00000047,func,fn_10B9C8F9
0x10B9C940,0x0000001D,func,fn_10B9C940
0x10B9C95D,0x00000056,func,fn_10B9C95D
0x10B9C9B3,0x000000E0,func,fn_10B9C9B3
0x10B9CA93,0x00000022,func,fn_10B9CA93
0x10B9CAB5,0x00000031,func,fn_10B9CAB5
0x10B9CAE6,0x00000013,func,fn_10B9CAE6
0x10B9CAF9,0x00000008,func,fn_10B9CAF9
0x10B9CB01,0x00000027,func,fn_10B9CB01
0x10B9CB28,0x00000057,func,fn_10B9CB28
0x10B9CB7F,0x0000002F,func,fn_10B9CB7F
0x10B9CBAE,0x00000087,func,fn_10B9CBAE
0x10B9CC35,0x00000035,func,fn_10B9CC35
0x10B9CC6A,0x00000032,func,fn_10B9CC6A
0x10B9CC9C,0x00000092,func,fn_10B9CC9C
0x10B9CD2E,0x0000006D,func,fn_10B9CD2E
0x10B9CD9B,0x00000054,func,fn_10B9CD9B
0x10B9CDEF,0x00000102,func,fn_10B9CDEF
0x10B9CEF1,0x00000086,func,fn_10B9CEF1
0x10B9CF77,0x0000001C,func,fn_10B9CF77
0x10B9CF93,0x00000012,func,fn_10B9CF93
0x10B9CFA5,0x00000027,func,fn_10B9CFA5
0x10B9CFCC,0x00000012,func,fn_10B9CFCC
0x10B9CFDE,0x00000012,func,fn_10B9CFDE
0x10B9CFF0,0x00000041,func,fn_10B9CFF0
0x10B9D031,0x0000000E,func,fn_10B9D031
0x10B9D03F,0x00000019,func,fn_10B9D03F
0x10B9D058,0x0000001A,func,fn_10B9D058
0x10B9D072,0x00000045,func,fn_10B9D072
0x10B9D0B7,0x00000030,func,fn_10B9D0B7
0x10B9D0E7,0x00000024,func,fn_10B9D0E7
0x10B9D10B,0x00000042,func,fn_10B9D10B
0x10B9D14D,0x0000003A,func,fn_10B9D14D
0x10B9D187,0x00000033,func,fn_10B9D187
0x10B9D1BA,0x0000003F,func,fn_10B9D1BA
0x10B9D1F9,0x00000033,func,fn_10B9D1F9
0x10B9D22C,0x00000024,func,fn_10B9D22C
0x10B9D250,0x00000049,func,fn_10B9D250
0x10B9D299,0x0000001A,func,fn_10B9D299
0x10B9D2B3,0x0000003B,func,fn_10B9D2B3
0x10B9D2EE,0x00000071,func,fn_10B9D2EE
0x10B9D49E,0x0000003A,func,fn_10B9D49E
0x10B9D4D8,0x0000000D,func,fn_10B9D4D8
0x10B9D4E5,0x0000000D,func,fn_10B9D4E5
0x10B9D4F2,0x0000001C,func,fn_10B9D4F2
0x10B9D50E,0x00000046,func,fn_10B9D50E
0x10B9D554,0x00000021,func,fn_10B9D554
0x10B9D575,0x0000003C,func,fn_10B9D575
0x10B9D5B1,0x00000053,func,fn_10B9D5B1
0x10B9D604,0x00000011,func,fn_10B9D604
0x10B9D615,0x0000000E,func,fn_10B9D615
0x10B9D623,0x0000000B,func,fn_10B9D623
0x10B9D62E,0x0000003C,func,fn_10B9D62E
0x10B9D66A,0x00000037,func,fn_10B9D66A
0x10B9D6A1,0x0000001D,func,fn_10B9D6A1
0x10B9D6BE,0x0000003E,func,fn_10B9D6BE
0x10B9D6FC,0x0000004A,func,fn_10B9D6FC
0x10B9D746,0x000000C3,func,fn_10B9D746
0x10B9D809,0x0000004E,func,fn_10B9D809
0x10B9D857,0x0000011A,func,fn_10B9D857
0x10B9D971,0x000001C1,func,fn_10B9D971
0x10B9DB32,0x00000075,func,fn_10B9DB32
0x10B9DBA7,0x00000027,func,fn_10B9DBA7
0x10B9DBCE,0x0000009D,func,fn_10B9DBCE
0x10B9DC6B,0x00000114,func,fn_10B9DC6B
0x10B9DD7F,0x00000058,func,fn_10B9DD7F
0x10B9DDD7,0x0000007A,func,fn_10B9DDD7
0x10B9DE51,0x00000030,func,fn_10B9DE51
0x10B9DE81,0x00000056,func,fn_10B9DE81
0x10B9DED7,0x00000058,func,fn_10B9DED7
0x10B9DF2F,0x0000029C,func,fn_10B9DF2F
0x10B9E1CB,0x00000007,func,fn_10B9E1CB
0x10B9E1D2,0x000001A2,func,fn_10B9E1D2
0x10B9E374,0x00000017,func,fn_10B9E374
0x10B9E3D3,0x000003C3,func,fn_10B9E3D3
0x10B9E796,0x00000044,func,fn_10B9E796
0x10B9E7DA,0x000000BA,func,fn_10B9E7DA
0x10B9E894,0x000000EA,func,fn_10B9E894
0x10B9E97E,0x00000073,func,fn_10B9E97E
0x10B9E9F1,0x0000007D,func,fn_10B9E9F1
0x10B9EA6E,0x000000B4,func,fn_10B9EA6E
0x10B9EB22,0x0000018C,func,fn_10B9EB22
0x10B9ECAE,0x00000045,func,fn_10B9ECAE
0x10B9ECF3,0x0000009E,func,fn_10B9ECF3
0x10B9ED91,0x00000019,func,fn_10B9ED91
0x10B9EDAA,0x00000013,func,fn_10B9EDAA
0x10B9EDBD,0x0000000D,func,fn_10B9EDBD
0x10B9EDCA,0x0000000F,func,fn_10B9EDCA
0x10B9EDD9,0x00000027,func,fn_10B9EDD9
0x10B9EE00,0x00000027,func,fn_10B9EE00
0x10B9EE27,0x000000AA,func,fn_10B9EE27
0x10B9EED1,0x0000001B,func,fn_10B9EED1
0x10B9EEEC,0x00000101,func,fn_10B9EEEC
0x10B9EFED,0x00000061,func,fn_10B9EFED
0x10B9F04E,0x0000010A,func,fn_10B9F04E
0x10B9F158,0x00000055,func,fn_10B9F158
0x10B9F1AD,0x00000007,func,fn_10B9F1AD
0x10B9F1B4,0x00000040,func,fn_10B9F1B4
0x10B9F1F4,0x00000027,func,fn_10B9F1F4
0x10B9F21B,0x00000019,func,fn_10B9F21B
0x10B9F234,0x00000019,func,fn_10B9F234
0x10B9F24D,0x00000077,func,fn_10B9F24D
0x10B9F2C4,0x00000013,func,fn_10B9F2C4
0x10B9F2D7,0x00000010,func,fn_10B9F2D7
0x10B9F2E7,0x00000049,func,fn_10B9F2E7
0x10B9F330,0x0000001E,func,fn_10B9F330
0x10B9F34E,0x00000030,func,fn_10B9F34E
0x10B9F37E,0x00000060,func,fn_10B9F37E
0x10B9F3DE,0x00000099,func,fn_10B9F3DE
0x10B9F477,0x000000EC,func,fn_10B9F477
0x10B9F563,0x00000340,func,fn_10B9F563
0x10B9F8A3,0x0000006A,func,fn_10B9F8A3
0x10B9F90D,0x00000037,func,fn_10B9F90D
0x10B9F944,0x00000074,func,fn_10B9F944
0x10B9F9B8,0x000000B9,func,fn_10B9F9B8
0x10B9FA71,0x000000CE,func,fn_10B9FA71
0x10B9FB3F,0x00000229,func,fn_10B9FB3F
0x10B9FD68,0x000000B2,func,fn_10B9FD68
0x10B9FE1A,0x00000180,func,fn_10B9FE1A
0x10B9FF9A,0x0000051D,func,fn_10B9FF9A
0x10BA0501,0x0000002D,func,fn_10BA0501
0x10BA052E,0x0000005E,func,fn_10BA052E
0x10BA058C,0x00000032,func,fn_10BA058C
0x10BA05BE,0x0000001A,func,fn_10BA05BE
0x10BA05D8,0x00000012,func,fn_10BA05D8
0x10BA05EA,0x00000101,func,fn_10BA05EA
0x10BA0755,0x00000066,func,fn_10BA0755
0x10BA07BB,0x00000042,func,fn_10BA07BB
0x10BA07FD,0x000000C8,func,fn_10BA07FD
0x10BA08C5,0x000000E8,func,fn_10BA08C5
0x10BA09AD,0x0000000C,func,fn_10BA09AD
0x10BA09B9,0x0000000F,func,fn_10BA09B9
0x10BA09C8,0x00000052,func,fn_10BA09C8
0x10BA0A1A,0x000001B2,func,fn_10BA0A1A
0x10BA0BCC,0x000000CA,func,fn_10BA0BCC
0x10BA0C96,0x000000DF,func,fn_10BA0C96
0x10BA1009,0x000001FA,func,fn_10BA1009
0x10BA1203,0x00000045,func,fn_10BA1203
0x10BA1248,0x000000CE,func,fn_10BA1248
0x10BA1316,0x0000011A,func,fn_10BA1316
0x10BA1430,0x00000357,func,fn_10BA1430
0x10BA19B9,0x00000274,func,fn_10BA19B9
0x10BA1C2D,0x00000255,func,fn_10BA1C2D
0x10BA1E82,0x0000001B,func,fn_10BA1E82
0x10BA1E9D,0x00000010,func,fn_10BA1E9D
0x10BA1EAD,0x0000001D,func,fn_10BA1EAD
0x10BA1ECA,0x00000558,func,fn_10BA1ECA
0x10BA2422,0x00000071,func,fn_10BA2422
0x10BA2493,0x00000031,func,fn_10BA2493
0x10BA24C4,0x00000398,func,fn_10BA24C4
0x10BA285C,0x00000020,func,fn_10BA285C
0x10BA287C,0x0000003F,func,fn_10BA287C
0x10BA28BB,0x0000004C,func,fn_10BA28BB
0x10BA2907,0x0000002D,func,fn_10BA2907
0x10BA2934,0x00000014,func,fn_10BA2934
0x10BA2948,0x00000199,func,fn_10BA2948
0x10BA2C44,0x000000B5,func,fn_10BA2C44
0x10BA2CF9,0x00000018,func,fn_10BA2CF9
0x10BA2D11,0x000002AB,func,fn_10BA2D11
0x10BA2FBC,0x000000B7,func,fn_10BA2FBC
0x10BA3073,0x000000A0,func,fn_10BA3073
0x10BA32FC,0x0000017F,func,fn_10BA32FC
0x10BA347B,0x0000006D,func,fn_10BA347B
0x10BA34E8,0x000000F3,func,fn_10BA34E8
0x10BA35DB,0x000000F2,func,fn_10BA35DB
0x10BA37B0,0x0000001D,func,fn_10BA37B0
0x10BA37CD,0x00000229,func,fn_10BA37CD
0x10BA39F7,0x00000225,func,fn_10BA39F7
0x10BA3C1C,0x00000089,func,fn_10BA3C1C
0x10BA3CA5,0x0000002B,func,fn_10BA3CA5
0x10BA3CD0,0x0000000C,func,fn_10BA3CD0
0x10BA3CDC,0x00000016,func,fn_10BA3CDC
0x10BA3CF2,0x000000F5,func,fn_10BA3CF2
0x10BA3DE7,0x000002B1,func,fn_10BA3DE7
0x10BA4098,0x00000071,func,fn_10BA4098
0x10BA4109,0x000000B7,func,fn_10BA4109
0x10BA41C0,0x000002EE,func,fn_10BA41C0
0x10BA44AE,0x00000021,func,fn_10BA44AE
0x10BA44CF,0x0000008B,func,fn_10BA44CF
0x10BA455A,0x000005C5,func,fn_10BA455A
0x10BA4B1F,0x0000010F,func,fn_10BA4B1F
0x10BA4C2E,0x00000311,func,fn_10BA4C2E
0x10BA4F3F,0x00000219,func,fn_10BA4F3F
0x10BA5158,0x00000170,func,fn_10BA5158
0x10BA52C8,0x0000010E,func,fn_10BA52C8
0x10BA53D6,0x00000133,func,fn_10BA53D6
0x10BA5509,0x00000053,func,fn_10BA5509
0x10BA555C,0x000000CF,func,fn_10BA555C
0x10BA562B,0x00000088,func,fn_10BA562B
0x10BA56B3,0x00000059,func,fn_10BA56B3
0x10BA570C,0x00000024,func,fn_10BA570C
0x10BA5730,0x0000003C,func,fn_10BA5730
0x10BA576C,0x00000076,func,fn_10BA576C
0x10BA57E2,0x0000003D,func,fn_10BA57E2
0x10BA581F,0x0000010B,func,fn_10BA581F
0x10BA592A,0x00000020,func,fn_10BA592A
0x10BA594A,0x0000011C,func,fn_10BA594A
0x10BA5A66,0x000000F5,func,fn_10BA5A66
0x10BA5B5B,0x00000049,func,fn_10BA5B5B
0x10BA5BA4,0x000000ED,func,fn_10BA5BA4
0x10BA5C91,0x00000042,func,fn_10BA5C91
0x10BA5CD3,0x000000E6,func,fn_10BA5CD3
0x10BA5DB9,0x00000036,func,fn_10BA5DB9
0x10BA5DEF,0x000000C7,func,fn_10BA5DEF
0x10BA5EB6,0x00000037,func,fn_10BA5EB6
0x10BA5EED,0x000001D2,func,fn_10BA5EED
0x10BA60BF,0x00000010,func,fn_10BA60BF
0x10BA60CF,0x000000A5,func,fn_10BA60CF
0x10BA6174,0x0000004F,func,fn_10BA6174
0x10BA61C3,0x00000013,func,fn_10BA61C3
0x10BA61D6,0x000002A6,func,fn_10BA61D6
0x10BA647C,0x000000B3,func,fn_10BA647C
0x10BA652F,0x00000061,func,fn_10BA652F
0x10BA6590,0x000002D6,func,fn_10BA6590
0x10BA6866,0x000005E7,func,fn_10BA6866
0x10BA6E4D,0x00000241,func,fn_10BA6E4D
0x10BA708E,0x000004AC,func,fn_10BA708E
0x10BA753A,0x00000165,func,fn_10BA753A
0x10BA769F,0x0000022E,func,fn_10BA769F
0x10BA78CD,0x00000042,func,fn_10BA78CD
0x10BA790F,0x00000304,func,fn_10BA790F
0x10BA7C13,0x000000EB,func,fn_10BA7C13
0x10BA7CFE,0x00000041,func,fn_10BA7CFE
0x10BA7E58,0x00000319,func,fn_10BA7E58
0x10BA8171,0x0000004B,func,fn_10BA8171
0x10BA81BC,0x000001F6,func,fn_10BA81BC
0x10BA83B2,0x00000121,func,fn_10BA83B2
0x10BA84D3,0x00000013,func,fn_10BA84D3
0x10BA864B,0x0000001F,func,fn_10BA864B
0x10BA866A,0x00000022,func,fn_10BA866A
0x10BA868C,0x00000032,func,fn_10BA868C
0x10BA86BE,0x00000025,func,fn_10BA86BE
0x10BA86E3,0x0000001A,func,fn_10BA86E3
0x10BA86FD,0x0000001B,func,fn_10BA86FD
0x10BA8718,0x0000006A,func,fn_10BA8718
0x10BA8782,0x0000002E,func,fn_10BA8782
0x10BA87B0,0x00000042,func,fn_10BA87B0
0x10BA87F2,0x00000442,func,fn_10BA87F2
0x10BA8C34,0x00000021,func,fn_10BA8C34
0x10BA8C55,0x00000057,func,fn_10BA8C55
0x10BA8CAC,0x0000008A,func,fn_10BA8CAC
0x10BA8D36,0x00000162,func,fn_10BA8D36
0x10BA8E98,0x000000CC,func,fn_10BA8E98
0x10BA8F64,0x00000039,func,fn_10BA8F64
0x10BA8F9D,0x000000ED,func,fn_10BA8F9D
0x10BA908A,0x0000005F,func,fn_10BA908A
0x10BA90E9,0x00000379,func,fn_10BA90E9
0x10BA9462,0x0000007E,func,fn_10BA9462
0x10BA94E1,0x00000057,func,fn_10BA94E1
0x10BA9538,0x000001A6,func,fn_10BA9538
0x10BA96DE,0x000001B5,func,fn_10BA96DE
0x10BA9893,0x000000ED,func,fn_10BA9893
0x10BA9980,0x00000129,func,fn_10BA9980
0x10BA9AA9,0x00000029,func,fn_10BA9AA9
0x10BA9AD2,0x00000131,func,fn_10BA9AD2
0x10BA9C03,0x000000FD,func,fn_10BA9C03
0x10BA9D00,0x00000022,func,fn_10BA9D00
0x10BA9D22,0x0000016C,func,fn_10BA9D22
0x10BA9E8E,0x000000DE,func,fn_10BA9E8E
0x10BA9F6C,0x00000113,func,fn_10BA9F6C
0x10BAA07F,0x00000033,func,fn_10BAA07F
0x10BAA0B2,0x00000133,func,fn_10BAA0B2
0x10BAA1E5,0x000001A7,func,fn_10BAA1E5
0x10BAA38C,0x000000DD,func,fn_10BAA38C
0x10BAA469,0x00000041,func,fn_10BAA469
0x10BAA4AA,0x00000547,func,fn_10BAA4AA
0x10BAA9F1,0x00000151,func,fn_10BAA9F1
0x10BAAB42,0x000000C1,func,fn_10BAAB42
0x10BAAC03,0x00000038,func,fn_10BAAC03
0x10BAAC3B,0x00000073,func,fn_10BAAC3B
0x10BAACAE,0x00000056,func,fn_10BAACAE
0x10BAAD04,0x00000065,func,fn_10BAAD04
0x10BAAD69,0x00000013,func,fn_10BAAD69
0x10BAAD7C,0x0000002D,func,fn_10BAAD7C
0x10BAADA9,0x0000000F,func,fn_10BAADA9
0x10BAADB8,0x0000012B,func,fn_10BAADB8
0x10BAAEE3,0x00000063,func,fn_10BAAEE3
0x10BAAF46,0x00000099,func,fn_10BAAF46
0x10BAAFDF,0x00000127,func,fn_10BAAFDF
0x10BAB106,0x0000002B,func,fn_10BAB106
0x10BAB131,0x0000000F,func,fn_10BAB131
0x10BAB140,0x00000058,func,fn_10BAB140
0x10BAB198,0x0000007D,func,fn_10BAB198
0x10BAB215,0x000000BE,func,fn_10BAB215
0x10BAB2D3,0x00000088,func,fn_10BAB2D3
0x10BAB35B,0x00000134,func,fn_10BAB35B
0x10BAB48F,0x000002E0,func,fn_10BAB48F
0x10BAB76F,0x00000108,func,fn_10BAB76F
0x10BAB87E,0x00000065,func,fn_10BAB87E
0x10BAB8E3,0x00000054,func,fn_10BAB8E3
0x10BAB937,0x00000114,func,fn_10BAB937
0x10BABA4B,0x00000022,func,fn_10BABA4B
0x10BABA6D,0x0000005C,func,fn_10BABA6D
0x10BABADE,0x00000091,func,fn_10BABADE
0x10BABB6F,0x0000007C,func,fn_10BABB6F
0x10BABBEB,0x0000009A,func,fn_10BABBEB
0x10BABC85,0x00000252,func,fn_10BABC85
0x10BABED7,0x00000251,func,fn_10BABED7
0x10BAC128,0x0000003E,func,fn_10BAC128
0x10BAC166,0x0000010E,func,fn_10BAC166
0x10BAC274,0x00000027,func,fn_10BAC274
0x10BAC29B,0x00000164,func,fn_10BAC29B
0x10BAC3FF,0x00000028,func,fn_10BAC3FF
0x10BAC427,0x00000132,func,fn_10BAC427
0x10BAC559,0x0000002F,func,fn_10BAC559
0x10BAC588,0x0000035E,func,fn_10BAC588
0x10BAC8E6,0x0000009F,func,fn_10BAC8E6
0x10BAC985,0x000000AD,func,fn_10BAC985
0x10BACA32,0x00000074,func,fn_10BACA32
0x10BACAA6,0x000000E6,func,fn_10BACAA6
0x10BACB8C,0x0000039F,func,fn_10BACB8C
0x10BACF2B,0x000002EC,func,fn_10BACF2B
0x10BAD217,0x000000DD,func,fn_10BAD217
0x10BAD2F4,0x000000D7,func,fn_10BAD2F4
0x10BAD3CB,0x00000061,func,fn_10BAD3CB
0x10BAD42C,0x000000DD,func,fn_10BAD42C
0x10BAD509,0x00000051,func,fn_10BAD509
0x10BAD55A,0x00000102,func,fn_10BAD55A
0x10BAD65C,0x0000002E,func,fn_10BAD65C
0x10BAD68A,0x00000034,func,fn_10BAD68A
0x10BAD6BE,0x000000E0,func,fn_10BAD6BE
0x10BAD79E,0x0000041E,func,fn_10BAD79E
0x10BADBBC,0x000003DA,func,fn_10BADBBC
0x10BADF96,0x000000C7,func,fn_10BADF96
0x10BAE05D,0x00000186,func,fn_10BAE05D
0x10BAE1E3,0x0000005C,func,fn_10BAE1E3
0x10BAE23F,0x0000010C,func,fn_10BAE23F
0x10BAE34B,0x00000162,func,fn_10BAE34B
0x10BAE4AD,0x000000B5,func,fn_10BAE4AD
0x10BAE562,0x00000079,func,fn_10BAE562
0x10BAE5DB,0x00000136,func,fn_10BAE5DB
0x10BAE711,0x00000052,func,fn_10BAE711
0x10BAE763,0x00000038,func,fn_10BAE763
0x10BAE79C,0x00000201,func,fn_10BAE79C
0x10BAE99D,0x0000001D,func,fn_10BAE99D
0x10BAE9EF,0x00000006,func,fn_10BAE9EF
0x10BAE9F5,0x0000000D,func,fn_10BAE9F5
0x10BAEA02,0x00000016,func,fn_10BAEA02
0x10BAEA18,0x00000009,func,fn_10BAEA18
0x10BAEA21,0x0000002B,func,fn_10BAEA21
0x10BAEA4C,0x00000004,func,fn_10BAEA4C
0x10BAEA50,0x00000098,func,fn_10BAEA50
0x10BAEAE8,0x00000007,func,fn_10BAEAE8
0x10BAEAEF,0x0000003E,func,fn_10BAEAEF
0x10BAEB2D,0x00000007,func,fn_10BAEB2D
0x10BAEB34,0x0000000A,func,fn_10BAEB34
0x10BAEB3E,0x0000000A,func,fn_10BAEB3E
0x10BAEB48,0x00000009,func,fn_10BAEB48
0x10BAEB51,0x0000000A,func,fn_10BAEB51
0x10BAEB5B,0x0000000A,func,fn_10BAEB5B
0x10BAEB65,0x00000082,func,fn_10BAEB65
0x10BAEBE7,0x0000000D,func,fn_10BAEBE7
0x10BAEBF4,0x0000000E,func,fn_10BAEBF4
0x10BAEC02,0x00000007,func,fn_10BAEC02
0x10BAEC09,0x0000002D,func,fn_10BAEC09
0x10BAEC36,0x0000002D,func,fn_10BAEC36
0x10BAEC63,0x00000009,func,fn_10BAEC63
0x10BAEC6C,0x0000000E,func,fn_10BAEC6C
0x10BAEC7A,0x0000000D,func,fn_10BAEC7A
0x10BAEC8F,0x00000008,func,fn_10BAEC8F
0x10BAEC97,0x0000002F,func,fn_10BAEC97
0x10BAECC6,0x00000737,func,fn_10BAECC6
0x10BAF3FD,0x0000007A,func,fn_10BAF3FD
0x10BAF496,0x00000006,func,fn_10BAF496
0x10BAF49C,0x00000009,func,fn_10BAF49C
0x10BAF4A5,0x0000000C,func,fn_10BAF4A5
0x10BAF4B1,0x0000001B,func,fn_10BAF4B1
0x10BAF4CC,0x0000001F,func,fn_10BAF4CC
0x10BAF4EB,0x0000001F,func,fn_10BAF4EB
0x10BAF50A,0x00000301,func,fn_10BAF50A
0x10BAF80B,0x000000FA,func,fn_10BAF80B
0x10BAF905,0x00000010,func,fn_10BAF905
0x10BAFA9E,0x000001C3,func,fn_10BAFA9E
0x10BAFC61,0x00000171,func,fn_10BAFC61
0x10BAFE3E,0x00000014,func,fn_10BAFE3E
0x10BAFE52,0x000000A2,func,fn_10BAFE52
0x10BAFEF4,0x00000050,func,fn_10BAFEF4
0x10BAFF44,0x00000027,func,fn_10BAFF44
0x10BAFF6B,0x000000F7,func,fn_10BAFF6B
0x10BB0062,0x00000077,func,fn_10BB0062
0x10BB00D9,0x0000003F,func,fn_10BB00D9
0x10BB0118,0x000000C1,func,fn_10BB0118
0x10BB01D9,0x0000007F,func,fn_10BB01D9
0x10BB0258,0x0000005C,func,fn_10BB0258
0x10BB02B4,0x0000001A,func,fn_10BB02B4
0x10BB02CE,0x00000035,func,fn_10BB02CE
0x10BB0303,0x00000016,func,fn_10BB0303
0x10BB0319,0x000000B7,func,fn_10BB0319
0x10BB03D0,0x0000005C,func,fn_10BB03D0
0x10BB042C,0x0000006E,func,fn_10BB042C
0x10BB049A,0x0000000E,func,fn_10BB049A
0x10BB04A8,0x000003D6,func,fn_10BB04A8
0x10BB087E,0x00000032,func,fn_10BB087E
0x10BB08B0,0x00000030,func,fn_10BB08B0
0x10BB08E0,0x0000005F,func,fn_10BB08E0
0x10BB093F,0x00000025,func,fn_10BB093F
0x10BB0964,0x00000350,func,fn_10BB0964
0x10BB0CB4,0x000001BD,func,fn_10BB0CB4
0x10BB0E71,0x0000004C,func,fn_10BB0E71
0x10BB0EBD,0x000001A2,func,fn_10BB0EBD
0x10BB105F,0x0000005C,func,fn_10BB105F
0x10BB10BB,0x0000002E,func,fn_10BB10BB
0x10BB10E9,0x0000001A,func,fn_10BB10E9
0x10BB1103,0x00000162,func,fn_10BB1103
0x10BB1265,0x00000066,func,fn_10BB1265
0x10BB12CB,0x0000010F,func,fn_10BB12CB
0x10BB13DA,0x000001ED,func,fn_10BB13DA
0x10BB15C7,0x00000092,func,fn_10BB15C7
0x10BB1659,0x00000140,func,fn_10BB1659
0x10BB1799,0x00000663,func,fn_10BB1799
0x10BB1DFC,0x0000001F,func,fn_10BB1DFC
0x10BB1E1B,0x00000139,func,fn_10BB1E1B
0x10BB1F54,0x00000362,func,fn_10BB1F54
0x10BB2650,0x00000219,func,fn_10BB2650
0x10BB2869,0x00000182,func,fn_10BB2869
0x10BB29EB,0x00000042,func,fn_10BB29EB
0x10BB2A2D,0x0000008A,func,fn_10BB2A2D
0x10BB2AB7,0x00000021,func,fn_10BB2AB7
0x10BB2AD8,0x000001ED,func,fn_10BB2AD8
0x10BB2CC5,0x00000010,func,fn_10BB2CC5
0x10BB2CD5,0x00000032,func,fn_10BB2CD5
0x10BB2D07,0x00000019,func,fn_10BB2D07
0x10BB2D20,0x00000020,func,fn_10BB2D20
0x10BB2D40,0x00000026,func,fn_10BB2D40
0x10BB2D66,0x00000027,func,fn_10BB2D66
0x10BB2D8D,0x00000050,func,fn_10BB2D8D
0x10BB2DDD,0x00000079,func,fn_10BB2DDD
0x10BB2E56,0x00000079,func,fn_10BB2E56
0x10BB2ECF,0x00000080,func,fn_10BB2ECF
0x10BB2F4F,0x0000006D,func,fn_10BB2F4F
0x10BB2FBC,0x0000006D,func,fn_10BB2FBC
0x10BB3029,0x00000097,func,fn_10BB3029
0x10BB30C0,0x00000077,func,fn_10BB30C0
0x10BB3137,0x00000077,func,fn_10BB3137
0x10BB31AE,0x0000002D,func,fn_10BB31AE
0x10BB31DB,0x0000001B,func,fn_10BB31DB
0x10BB31F6,0x00000060,func,fn_10BB31F6
0x10BB3256,0x000000DD,func,fn_10BB3256
0x10BB3333,0x0000002F,func,fn_10BB3333
0x10BB3362,0x0000001D,func,fn_10BB3362
0x10BB337F,0x000001F5,func,fn_10BB337F
0x10BB3574,0x0000003E,func,fn_10BB3574
0x10BB35B2,0x00000047,func,fn_10BB35B2
0x10BB35F9,0x00000039,func,fn_10BB35F9
0x10BB3632,0x00000154,func,fn_10BB3632
0x10BB3786,0x000001AD,func,fn_10BB3786
0x10BB3933,0x0000017E,func,fn_10BB3933
0x10BB3AB1,0x00000138,func,fn_10BB3AB1
0x10BB3BE9,0x000001AA,func,fn_10BB3BE9
0x10BB3D93,0x0000035C,func,fn_10BB3D93
0x10BB40EF,0x0000004C,func,fn_10BB40EF
0x10BB4917,0x000002B4,func,fn_10BB4917
0x10BB4BCB,0x0000008F,func,fn_10BB4BCB
0x10BB4C5A,0x00000162,func,fn_10BB4C5A
0x10BB4DBC,0x000000E2,func,fn_10BB4DBC
0x10BB4E9E,0x0000022E,func,fn_10BB4E9E
0x10BB50CC,0x00000073,func,fn_10BB50CC
0x10BB513F,0x00000133,func,fn_10BB513F
0x10BB5272,0x0000010B,func,fn_10BB5272
0x10BB537D,0x00000051,func,fn_10BB537D
0x10BB53CE,0x00000136,func,fn_10BB53CE
0x10BB5504,0x0000001A,func,fn_10BB5504
0x10BB551E,0x0000001F,func,fn_10BB551E
0x10BB553D,0x000001D3,func,fn_10BB553D
0x10BB5710,0x00000032,func,fn_10BB5710
0x10BB5742,0x00000014,func,fn_10BB5742
0x10BB5756,0x00000039,func,fn_10BB5756
0x10BB578F,0x000000F4,func,fn_10BB578F
0x10BB5883,0x0000006A,func,fn_10BB5883
0x10BB58ED,0x0000000F,func,fn_10BB58ED
0x10BB58FC,0x00000057,func,fn_10BB58FC
0x10BB5953,0x000000F0,func,fn_10BB5953
0x10BB5A43,0x00000061,func,fn_10BB5A43
0x10BB5AA4,0x00000080,func,fn_10BB5AA4
0x10BB5CF5,0x000001E5,func,fn_10BB5CF5
0x10BB5EDA,0x000001C5,func,fn_10BB5EDA
0x10BB609F,0x00000396,func,fn_10BB609F
0x10BB667A,0x00000174,func,fn_10BB667A
0x10BB67EE,0x000000C5,func,fn_10BB67EE
0x10BB68B3,0x0000007F,func,fn_10BB68B3
0x10BB6932,0x0000014F,func,fn_10BB6932
0x10BB6A81,0x0000023C,func,fn_10BB6A81
0x10BB6CBD,0x00000642,func,fn_10BB6CBD
0x10BB72FF,0x0000014F,func,fn_10BB72FF
0x10BB744E,0x00000326,func,fn_10BB744E
0x10BB7774,0x00000067,func,fn_10BB7774
0x10BB77DB,0x00000044,func,fn_10BB77DB
0x10BB781F,0x0000001D,func,fn_10BB781F
0x10BB783C,0x00000061,func,fn_10BB783C
0x10BB789D,0x00000071,func,fn_10BB789D
0x10BB792D,0x00000049,func,fn_10BB792D
0x10BB7976,0x00000096,func,fn_10BB7976
0x10BB7A0C,0x00000013,func,fn_10BB7A0C
0x10BB7A1F,0x00000060,func,fn_10BB7A1F
0x10BB7A7F,0x00000024,func,fn_10BB7A7F
0x10BB7AA3,0x0000030F,func,fn_10BB7AA3
0x10BB7DB2,0x00000038,func,fn_10BB7DB2
0x10BB7DEA,0x0000002F,func,fn_10BB7DEA
0x10BB7E19,0x00000041,func,fn_10BB7E19
0x10BB7E5A,0x00000054,func,fn_10BB7E5A
0x10BB7EAE,0x00000025,func,fn_10BB7EAE
0x10BB7ED3,0x0000031B,func,fn_10BB7ED3
0x10BB81EE,0x0000004E,func,fn_10BB81EE
0x10BB823C,0x0000002E,func,fn_10BB823C
0x10BB826A,0x00000203,func,fn_10BB826A
0x10BB86F1,0x000000C6,func,fn_10BB86F1
0x10BB87B7,0x00000088,func,fn_10BB87B7
0x10BB883F,0x00000015,func,fn_10BB883F
0x10BB8854,0x00000005,func,fn_10BB8854
0x10BB886B,0x00000009,func,fn_10BB886B
0x10BB8874,0x000000C9,func,fn_10BB8874
0x10BB893D,0x00000005,func,fn_10BB893D
0x10BB8959,0x00000009,func,fn_10BB8959
0x10BB8962,0x000001D6,func,fn_10BB8962
0x10BB8B38,0x00000053,func,fn_10BB8B38
0x10BB8C6C,0x000000C4,func,fn_10BB8C6C
0x10BB8D30,0x0000007D,func,fn_10BB8D30
0x10BB8DAD,0x00000005,func,fn_10BB8DAD
0x10BB8DB2,0x00000007,func,fn_10BB8DB2
0x10BB8DB9,0x00000005,func,fn_10BB8DB9
0x10BB8DBE,0x0000000F,func,fn_10BB8DBE
0x10BB8DCD,0x000001FB,func,fn_10BB8DCD
0x10BB8FC8,0x0000015D,func,fn_10BB8FC8
0x10BB9125,0x000002D8,func,fn_10BB9125
0x10BB93FD,0x00000077,func,fn_10BB93FD
0x10BB9474,0x00000024,func,fn_10BB9474
0x10BB9498,0x000000E4,func,fn_10BB9498
0x10BB957C,0x000001F4,func,fn_10BB957C
0x10BB9770,0x00000107,func,fn_10BB9770
0x10BB9877,0x00000005,func,fn_10BB9877
0x10BB989D,0x0000000B,func,fn_10BB989D
0x10BB98A8,0x0000006A,func,fn_10BB98A8
0x10BB9912,0x000000CA,func,fn_10BB9912
0x10BB99DC,0x000000A2,func,fn_10BB99DC
0x10BB9A7E,0x0000017E,func,fn_10BB9A7E
0x10BB9BFC,0x00000020,func,fn_10BB9BFC
0x10BB9C1C,0x0000005E,func,fn_10BB9C1C
0x10BBA15C,0x00000140,func,fn_10BBA15C
0x10BBA29C,0x00000072,func,fn_10BBA29C
0x10BBA30E,0x0000008C,func,fn_10BBA30E
0x10BBA39A,0x00000091,func,fn_10BBA39A
0x10BBA606,0x00000200,func,fn_10BBA606
0x10BBA806,0x000001A7,func,fn_10BBA806
0x10BBA9AD,0x00000062,func,fn_10BBA9AD
0x10BBAA0F,0x0000003A,func,fn_10BBAA0F
0x10BBAA49,0x000001F0,func,fn_10BBAA49
0x10BBAC39,0x0000001A,func,fn_10BBAC39
0x10BBAC53,0x00000060,func,fn_10BBAC53
0x10BBACB3,0x00000075,func,fn_10BBACB3
0x10BBAD28,0x00000069,func,fn_10BBAD28
0x10BBAD91,0x000001D8,func,fn_10BBAD91
0x10BBAF69,0x000000D9,func,fn_10BBAF69
0x10BBB042,0x000001FA,func,fn_10BBB042
0x10BBB23C,0x00000031,func,fn_10BBB23C
0x10BBB26D,0x000000A4,func,fn_10BBB26D
0x10BBB311,0x00000131,func,fn_10BBB311
0x10BBB442,0x000000AB,func,fn_10BBB442
0x10BBB4ED,0x0000019F,func,fn_10BBB4ED
0x10BBB68C,0x000000DC,func,fn_10BBB68C
0x10BBB768,0x0000007B,func,fn_10BBB768
0x10BBB7E3,0x00000045,func,fn_10BBB7E3
0x10BBB828,0x000000BE,func,fn_10BBB828
0x10BBB8E6,0x0000009C,func,fn_10BBB8E6
0x10BBB982,0x00000119,func,fn_10BBB982
0x10BBBA9B,0x00000026,func,fn_10BBBA9B
0x10BBBAC1,0x00000030,func,fn_10BBBAC1
0x10BBBAF1,0x000001A9,func,fn_10BBBAF1
0x10BBBC9A,0x000001A4,func,fn_10BBBC9A
0x10BBBE3E,0x000001CD,func,fn_10BBBE3E
0x10BBC00B,0x00000332,func,fn_10BBC00B
0x10BBC33D,0x0000013C,func,fn_10BBC33D
0x10BBC479,0x00000131,func,fn_10BBC479
0x10BBC5AA,0x00000168,func,fn_10BBC5AA
0x10BBC712,0x00000044,func,fn_10BBC712
0x10BBC756,0x0000010E,func,fn_10BBC756
0x10BBC864,0x00000079,func,fn_10BBC864
0x10BBC8FE,0x0000007D,func,fn_10BBC8FE
0x10BBC97B,0x00000007,func,fn_10BBC97B
0x10BBC996,0x00000015,func,fn_10BBC996
0x10BBC9AB,0x00000055,func,fn_10BBC9AB
0x10BBCA00,0x0000002F,func,fn_10BBCA00
0x10BBCA2F,0x00000099,func,fn_10BBCA2F
0x10BBCAC8,0x0000006D,func,fn_10BBCAC8
0x10BBCB35,0x0000008E,func,fn_10BBCB35
0x10BBCBC3,0x0000006E,func,fn_10BBCBC3
0x10BBCC32,0x00000029,func,fn_10BBCC32
0x10BBCC5B,0x00000017,func,fn_10BBCC5B
0x10BBCC72,0x00000068,func,fn_10BBCC72
0x10BBCCDA,0x00000094,func,fn_10BBCCDA
0x10BBCD6E,0x00000019,func,fn_10BBCD6E
0x10BBCDF6,0x00000176,func,fn_10BBCDF6
0x10BBCF6C,0x0000008A,func,fn_10BBCF6C
0x10BBCFF6,0x000001BA,func,fn_10BBCFF6
0x10BBD1B0,0x000000D6,func,fn_10BBD1B0
0x10BBD286,0x00000096,func,fn_10BBD286
0x10BBD31C,0x0000008F,func,fn_10BBD31C
0x10BBD3AB,0x000002AE,func,fn_10BBD3AB
0x10BBD659,0x0000002A,func,fn_10BBD659
0x10BBD683,0x00000044,func,fn_10BBD683
0x10BBD6C7,0x0000002F,func,fn_10BBD6C7
0x10BBD6F6,0x0000001F,func,fn_10BBD6F6
0x10BBD715,0x000000AD,func,fn_10BBD715
0x10BBD7C2,0x0000004D,func,fn_10BBD7C2
0x10BBD80F,0x00000070,func,fn_10BBD80F
0x10BBD87F,0x00000035,func,fn_10BBD87F
0x10BBD8B4,0x00000036,func,fn_10BBD8B4
0x10BBD8EA,0x0000003C,func,fn_10BBD8EA
0x10BBD926,0x0000002E,func,fn_10BBD926
0x10BBD954,0x00000036,func,fn_10BBD954
0x10BBD98A,0x00000036,func,fn_10BBD98A
0x10BBD9C0,0x000000D5,func,fn_10BBD9C0
0x10BBDA95,0x00000047,func,fn_10BBDA95
0x10BBDADC,0x00000014,func,fn_10BBDADC
0x10BBDAF0,0x00000204,func,fn_10BBDAF0
0x10BBDCF4,0x00000037,func,fn_10BBDCF4
0x10BBDD2B,0x000006C6,func,fn_10BBDD2B
0x10BBE3F1,0x00000170,func,fn_10BBE3F1
0x10BBE561,0x0000029C,func,fn_10BBE561
0x10BBE82D,0x000000CA,func,fn_10BBE82D
0x10BBE8F7,0x0000027E,func,fn_10BBE8F7
0x10BBEB75,0x00000044,func,fn_10BBEB75
0x10BBEBB9,0x00000038,func,fn_10BBEBB9
0x10BBEBF1,0x00000027,func,fn_10BBEBF1
0x10BBEC18,0x00000496,func,fn_10BBEC18
0x10BBF0AE,0x00000086,func,fn_10BBF0AE
0x10BBF134,0x00000063,func,fn_10BBF134
0x10BBF332,0x000003C6,func,fn_10BBF332
0x10BBF6F8,0x000001F9,func,fn_10BBF6F8
0x10BBF8F1,0x00000468,func,fn_10BBF8F1
0x10BBFD7C,0x0000011E,func,fn_10BBFD7C
0x10BBFE9A,0x00000021,func,fn_10BBFE9A
0x10BBFEBB,0x00000075,func,fn_10BBFEBB
0x10BBFFBB,0x00000062,func,fn_10BBFFBB
0x10BC001D,0x00000053,func,fn_10BC001D
0x10BC00A1,0x000008EA,func,fn_10BC00A1
0x10BC098B,0x00000207,func,fn_10BC098B
0x10BC0B93,0x00000292,func,fn_10BC0B93
0x10BC0E25,0x00000152,func,fn_10BC0E25
0x10BC0F77,0x00000055,func,fn_10BC0F77
0x10BC0FCC,0x00000ACB,func,fn_10BC0FCC
0x10BC1A97,0x000003E2,func,fn_10BC1A97
0x10BC1E79,0x000001CA,func,fn_10BC1E79
0x10BC2043,0x000001D4,func,fn_10BC2043
0x10BC2217,0x00000168,func,fn_10BC2217
0x10BC2402,0x00000056,func,fn_10BC2402
0x10BC2458,0x0000004E,func,fn_10BC2458
0x10BC24A6,0x00000095,func,fn_10BC24A6
0x10BC253B,0x000001DF,func,fn_10BC253B
0x10BC271A,0x0000022F,func,fn_10BC271A
0x10BC2949,0x000002BC,func,fn_10BC2949
0x10BC2C05,0x000000ED,func,fn_10BC2C05
0x10BC2CF2,0x00000059,func,fn_10BC2CF2
0x10BC2D7A,0x000013D8,func,fn_10BC2D7A
0x10BC4307,0x0000040E,func,fn_10BC4307
0x10BC4715,0x00000423,func,fn_10BC4715
0x10BC4B38,0x00000069,func,fn_10BC4B38
0x10BC4BA1,0x0000001B,func,fn_10BC4BA1
0x10BC4BBC,0x0000002D,func,fn_10BC4BBC
0x10BC4BE9,0x000000DC,func,fn_10BC4BE9
0x10BC4CC5,0x00000083,func,fn_10BC4CC5
0x10BC4D48,0x00000017,func,fn_10BC4D48
0x10BC4D5F,0x00000017,func,fn_10BC4D5F
0x10BC4D76,0x0000004B,func,fn_10BC4D76
0x10BC4DC1,0x0000002C,func,fn_10BC4DC1
0x10BC4DED,0x000000C1,func,fn_10BC4DED
0x10BC4EAE,0x0000029C,func,fn_10BC4EAE
0x10BC514A,0x0000034A,func,fn_10BC514A
0x10BC5494,0x00000441,func,fn_10BC5494
0x10BC58D5,0x00000763,func,fn_10BC58D5
0x10BC6038,0x00000183,func,fn_10BC6038
0x10BC61BB,0x000000FB,func,fn_10BC61BB
0x10BC62B6,0x000001D1,func,fn_10BC62B6
0x10BC6487,0x00000017,func,fn_10BC6487
0x10BC649E,0x00000011,func,fn_10BC649E
0x10BC64AF,0x0000000C,func,fn_10BC64AF
0x10BC64BB,0x00000005,func,fn_10BC64BB
0x10BC64C0,0x00000035,func,fn_10BC64C0
0x10BC64F5,0x00000038,func,fn_10BC64F5
0x10BC652D,0x0000001C,func,fn_10BC652D
0x10BC6549,0x00000037,func,fn_10BC6549
0x10BC6580,0x0000003B,func,fn_10BC6580
0x10BC65BB,0x0000004F,func,fn_10BC65BB
0x10BC660A,0x0000001E,func,fn_10BC660A
0x10BC6628,0x00000004,func,fn_10BC6628
0x10BC6648,0x00000005,func,fn_10BC6648
0x10BC665E,0x00000012,func,fn_10BC665E
0x10BC6670,0x0000026D,func,fn_10BC6670
0x10BC6943,0x0000005B,func,fn_10BC6943
0x10BC699E,0x00000053,func,fn_10BC699E
0x10BC69F1,0x000002B3,func,fn_10BC69F1
0x10BC6CA4,0x0000008C,func,fn_10BC6CA4
0x10BC6D30,0x000000DF,func,fn_10BC6D30
0x10BC6E0F,0x00000082,func,fn_10BC6E0F
0x10BC6E91,0x00000021,func,fn_10BC6E91
0x10BC6EB2,0x0000005B,func,fn_10BC6EB2
0x10BC6F0D,0x00000046,func,fn_10BC6F0D
0x10BC6F53,0x0000002B,func,fn_10BC6F53
0x10BC6F7E,0x00000241,func,fn_10BC6F7E
0x10BC71BF,0x00000069,func,fn_10BC71BF
0x10BC7228,0x00000053,func,fn_10BC7228
0x10BC727B,0x00000028,func,fn_10BC727B
0x10BC72A3,0x00000028,func,fn_10BC72A3
0x10BC72CB,0x0000001F,func,fn_10BC72CB
0x10BC72EA,0x00000015,func,fn_10BC72EA
0x10BC72FF,0x00000025,func,fn_10BC72FF
0x10BC7324,0x00000209,func,fn_10BC7324
0x10BC756F,0x00000050,func,fn_10BC756F
0x10BC75BF,0x000000EA,func,fn_10BC75BF
0x10BC76A9,0x000000CC,func,fn_10BC76A9
0x10BC779E,0x0000009B,func,fn_10BC779E
0x10BC7839,0x00000014,func,fn_10BC7839
0x10BC784D,0x00000141,func,fn_10BC784D
0x10BC798E,0x0000006C,func,fn_10BC798E
0x10BC79FA,0x00000058,func,fn_10BC79FA
0x10BC7A52,0x000000E0,func,fn_10BC7A52
0x10BC7B32,0x00000067,func,fn_10BC7B32
0x10BC7B99,0x00000041,func,fn_10BC7B99
0x10BC7BDA,0x00000041,func,fn_10BC7BDA
0x10BC7C1B,0x00000047,func,fn_10BC7C1B
0x10BC7C62,0x000000A5,func,fn_10BC7C62
0x10BC7D07,0x000000CF,func,fn_10BC7D07
0x10BC7DD6,0x00000054,func,fn_10BC7DD6
0x10BC7E2A,0x00000023,func,fn_10BC7E2A
0x10BC7E4D,0x00000080,func,fn_10BC7E4D
0x10BC7ECD,0x0000003F,func,fn_10BC7ECD
0x10BC7F0C,0x000000D8,func,fn_10BC7F0C
0x10BC7FE4,0x00000066,func,fn_10BC7FE4
0x10BC804A,0x000001F2,func,fn_10BC804A
0x10BC823C,0x0000010A,func,fn_10BC823C
0x10BC8346,0x00000119,func,fn_10BC8346
0x10BC845F,0x00000173,func,fn_10BC845F
0x10BC85D2,0x00000289,func,fn_10BC85D2
0x10BC885B,0x0000001B,func,fn_10BC885B
0x10BC8876,0x00000102,func,fn_10BC8876
0x10BC8978,0x0000018B,func,fn_10BC8978
0x10BC8B03,0x0000018E,func,fn_10BC8B03
0x10BC8C91,0x0000002E,func,fn_10BC8C91
0x10BC8CEE,0x00000130,func,fn_10BC8CEE
0x10BC8E1E,0x00000044,func,fn_10BC8E1E
0x10BC8E62,0x0000003C,func,fn_10BC8E62
0x10BC8F0B,0x00000047,func,fn_10BC8F0B
0x10BC8F52,0x00000047,func,fn_10BC8F52
0x10BC8F99,0x0000001D,func,fn_10BC8F99
0x10BC8FB6,0x00000061,func,fn_10BC8FB6
0x10BC9017,0x000000C5,func,fn_10BC9017
0x10BC90DC,0x000000E7,func,fn_10BC90DC
0x10BC91C3,0x000001F0,func,fn_10BC91C3
0x10BC93B3,0x000000B4,func,fn_10BC93B3
0x10BC9467,0x000000E9,func,fn_10BC9467
0x10BC9550,0x00000026,func,fn_10BC9550
0x10BC9576,0x000000B7,func,fn_10BC9576
0x10BC962D,0x0000001A,func,fn_10BC962D
0x10BC9647,0x00000140,func,fn_10BC9647
0x10BC9787,0x000001F2,func,fn_10BC9787
0x10BC9979,0x000000EB,func,fn_10BC9979
0x10BC9B36,0x00000147,func,fn_10BC9B36
0x10BC9C7D,0x000000FF,func,fn_10BC9C7D
0x10BC9D7C,0x0000025E,func,fn_10BC9D7C
0x10BC9FDA,0x000002D5,func,fn_10BC9FDA
0x10BCA2AF,0x00000048,func,fn_10BCA2AF
0x10BCA2F7,0x00000052,func,fn_10BCA2F7
0x10BCA349,0x0000002A,func,fn_10BCA349
0x10BCA373,0x00000084,func,fn_10BCA373
0x10BCA3F7,0x0000007A,func,fn_10BCA3F7
0x10BCA481,0x00000036,func,fn_10BCA481
0x10BCA4B7,0x000000C4,func,fn_10BCA4B7
0x10BCA57B,0x00000103,func,fn_10BCA57B
0x10BCA67E,0x00000268,func,fn_10BCA67E
0x10BCA8E6,0x00000166,func,fn_10BCA8E6
0x10BCAA4C,0x00000080,func,fn_10BCAA4C
0x10BCAACC,0x000000AD,func,fn_10BCAACC
0x10BCAB79,0x00000036,func,fn_10BCAB79
0x10BCABAF,0x000000A2,func,fn_10BCABAF
0x10BCAC51,0x0000003B,func,fn_10BCAC51
0x10BCAC8C,0x00000091,func,fn_10BCAC8C
0x10BCAD1D,0x0000017D,func,fn_10BCAD1D
0x10BCAE9A,0x00000064,func,fn_10BCAE9A
0x10BCAEFE,0x0000001E,func,fn_10BCAEFE
0x10BCAF1C,0x0000003C,func,fn_10BCAF1C
0x10BCAF58,0x0000002D,func,fn_10BCAF58
0x10BCAF85,0x0000007B,func,fn_10BCAF85
0x10BCB000,0x00000038,func,fn_10BCB000
0x10BCB038,0x00000068,func,fn_10BCB038
0x10BCB0A0,0x00000174,func,fn_10BCB0A0
0x10BCB214,0x00000035,func,fn_10BCB214
0x10BCB249,0x0000004C,func,fn_10BCB249
0x10BCB295,0x0000001E,func,fn_10BCB295
0x10BCB2B3,0x0000001E,func,fn_10BCB2B3
0x10BCB2D1,0x0000009B,func,fn_10BCB2D1
0x10BCB36C,0x00000218,func,fn_10BCB36C
0x10BCB584,0x000000B3,func,fn_10BCB584
0x10BCB637,0x00000015,func,fn_10BCB637
0x10BCB64C,0x00000122,func,fn_10BCB64C
0x10BCB76E,0x0000017E,func,fn_10BCB76E
0x10BCB8EC,0x00000061,func,fn_10BCB8EC
0x10BCB94D,0x00000107,func,fn_10BCB94D
0x10BCBA54,0x0000003B,func,fn_10BCBA54
0x10BCBA8F,0x00000080,func,fn_10BCBA8F
0x10BCBB0F,0x0000006E,func,fn_10BCBB0F
0x10BCBB7D,0x00000020,func,fn_10BCBB7D
0x10BCBB9D,0x00000063,func,fn_10BCBB9D
0x10BCBC00,0x00000170,func,fn_10BCBC00
0x10BCBD70,0x0000003C,func,fn_10BCBD70
0x10BCBDAC,0x000000F6,func,fn_10BCBDAC
0x10BCBEF1,0x0000003F,func,fn_10BCBEF1
0x10BCBF30,0x00000128,func,fn_10BCBF30
0x10BCC058,0x0000023C,func,fn_10BCC058
0x10BCC294,0x00000073,func,fn_10BCC294
0x10BCC307,0x0000010E,func,fn_10BCC307
0x10BCC415,0x00000043,func,fn_10BCC415
0x10BCC458,0x00000145,func,fn_10BCC458
0x10BCC59D,0x0000012B,func,fn_10BCC59D
0x10BCC6C8,0x00000071,func,fn_10BCC6C8
0x10BCC739,0x0000003E,func,fn_10BCC739
0x10BCC777,0x00000031,func,fn_10BCC777
0x10BCC7A8,0x00000036,func,fn_10BCC7A8
0x10BCC7DE,0x000000FA,func,fn_10BCC7DE
0x10BCC8D8,0x0000003E,func,fn_10BCC8D8
0x10BCCA04,0x00000047,func,fn_10BCCA04
0x10BCCA4B,0x00000044,func,fn_10BCCA4B
0x10BCCA8F,0x00000091,func,fn_10BCCA8F
0x10BCCB20,0x0000006F,func,fn_10BCCB20
0x10BCCB8F,0x00000086,func,fn_10BCCB8F
0x10BCCC15,0x00000032,func,fn_10BCCC15
0x10BCCC47,0x00000012,func,fn_10BCCC47
0x10BCCC59,0x00000053,func,fn_10BCCC59
0x10BCCCAC,0x0000008F,func,fn_10BCCCAC
0x10BCCD3B,0x0000009E,func,fn_10BCCD3B
0x10BCCDD9,0x00000052,func,fn_10BCCDD9
0x10BCCE2B,0x000000A7,func,fn_10BCCE2B
0x10BCCED2,0x00000062,func,fn_10BCCED2
0x10BCCF34,0x000001A8,func,fn_10BCCF34
0x10BCD0DC,0x00000109,func,fn_10BCD0DC
0x10BCD1E5,0x00000176,func,fn_10BCD1E5
0x10BCD35B,0x000000B2,func,fn_10BCD35B
0x10BCD40D,0x000000C0,func,fn_10BCD40D
0x10BCD4CD,0x0000019E,func,fn_10BCD4CD
0x10BCD66B,0x00000032,func,fn_10BCD66B
0x10BCD69D,0x00000069,func,fn_10BCD69D
0x10BCD706,0x00000113,func,fn_10BCD706
0x10BCD819,0x00000085,func,fn_10BCD819
0x10BCD89E,0x00000096,func,fn_10BCD89E
0x10BCD934,0x00000113,func,fn_10BCD934
0x10BCDA47,0x00000029,func,fn_10BCDA47
0x10BCDA70,0x00000035,func,fn_10BCDA70
0x10BCDAA5,0x00000040,func,fn_10BCDAA5
0x10BCDAE5,0x00000030,func,fn_10BCDAE5
0x10BCDB15,0x0000010A,func,fn_10BCDB15
0x10BCDC1F,0x00000142,func,fn_10BCDC1F
0x10BCDD61,0x000001B7,func,fn_10BCDD61
0x10BCDF18,0x00000030,func,fn_10BCDF18
0x10BCDF48,0x00000193,func,fn_10BCDF48
0x10BCE0DB,0x000001EF,func,fn_10BCE0DB
0x10BCE2CA,0x00000248,func,fn_10BCE2CA
0x10BCE512,0x00000067,func,fn_10BCE512
0x10BCE579,0x00000051,func,fn_10BCE579
0x10BCE5CA,0x000000AA,func,fn_10BCE5CA
0x10BCE674,0x00000014,func,fn_10BCE674
0x10BCE688,0x00000037,func,fn_10BCE688
0x10BCE6BF,0x000000CF,func,fn_10BCE6BF
0x10BCE78E,0x000000E9,func,fn_10BCE78E
0x10BCE877,0x000001D2,func,fn_10BCE877
0x10BCEA49,0x00000024,func,fn_10BCEA49
0x10BCEA6D,0x00000078,func,fn_10BCEA6D
0x10BCEAE5,0x00000005,func,fn_10BCEAE5
0x10BCEAFF,0x00000007,func,fn_10BCEAFF
0x10BCEB06,0x00000005,func,fn_10BCEB06
0x10BCEB21,0x00000007,func,fn_10BCEB21
0x10BCEB28,0x00000039,func,fn_10BCEB28
0x10BCEB61,0x00000005,func,fn_10BCEB61
0x10BCEB66,0x0000028F,func,fn_10BCEB66
0x10BCEDF5,0x00000010,func,fn_10BCEDF5
0x10BCEE05,0x0000003C,func,fn_10BCEE05
0x10BCEE41,0x00000042,func,fn_10BCEE41
0x10BCEE83,0x0000015F,func,fn_10BCEE83
0x10BCEFE2,0x0000001D,func,fn_10BCEFE2
0x10BCEFFF,0x0000001D,func,fn_10BCEFFF
0x10BCF01C,0x0000003D,func,fn_10BCF01C
0x10BCF059,0x000000D2,func,fn_10BCF059
0x10BCF12B,0x00000059,func,fn_10BCF12B
0x10BCF184,0x00000044,func,fn_10BCF184
0x10BCF1C8,0x0000008A,func,fn_10BCF1C8
0x10BCF252,0x00000121,func,fn_10BCF252
0x10BCF373,0x00000161,func,fn_10BCF373
0x10BCF4D4,0x0000016A,func,fn_10BCF4D4
0x10BCF63E,0x0000004F,func,fn_10BCF63E
0x10BCF6AA,0x00000069,func,fn_10BCF6AA
0x10BCF713,0x0000003A,func,fn_10BCF713
0x10BCF74D,0x00000050,func,fn_10BCF74D
0x10BCF79D,0x00000023,func,fn_10BCF79D
0x10BCFBC2,0x000004F4,func,fn_10BCFBC2
0x10BD00B6,0x00000043,func,fn_10BD00B6
0x10BD00F9,0x00000208,func,fn_10BD00F9
0x10BD0301,0x0000006A,func,fn_10BD0301
0x10BD036B,0x00000044,func,fn_10BD036B
0x10BD03AF,0x0000005A,func,fn_10BD03AF
0x10BD0409,0x0000001B,func,fn_10BD0409
0x10BD0424,0x000000F2,func,fn_10BD0424
0x10BD0516,0x00000048,func,fn_10BD0516
0x10BD055E,0x00000079,func,fn_10BD055E
0x10BD05D7,0x00000028,func,fn_10BD05D7
0x10BD05FF,0x0000009F,func,fn_10BD05FF
0x10BD069E,0x00000022,func,fn_10BD069E
0x10BD06C0,0x00000026,func,fn_10BD06C0
0x10BD06E6,0x00000098,func,fn_10BD06E6
0x10BD077E,0x00000066,func,fn_10BD077E
0x10BD07E4,0x000000C3,func,fn_10BD07E4
0x10BD08A7,0x0000006D,func,fn_10BD08A7
0x10BD0914,0x0000001F,func,fn_10BD0914
0x10BD0933,0x00000157,func,fn_10BD0933
0x10BD0A8A,0x000001ED,func,fn_10BD0A8A
0x10BD0C77,0x000002DD,func,fn_10BD0C77
0x10BD0F55,0x00000019,func,fn_10BD0F55
0x10BD0F6E,0x000000FA,func,fn_10BD0F6E
0x10BD1068,0x000000C5,func,fn_10BD1068
0x10BD112D,0x000000FA,func,fn_10BD112D
0x10BD1227,0x00000064,func,fn_10BD1227
0x10BD128B,0x000000BB,func,fn_10BD128B
0x10BD1373,0x00000082,func,fn_10BD1373
0x10BD13F5,0x0000023F,func,fn_10BD13F5
0x10BD1634,0x000000B7,func,fn_10BD1634
0x10BD16EB,0x00000116,func,fn_10BD16EB
0x10BD1801,0x000000EF,func,fn_10BD1801
0x10BD18F0,0x00000061,func,fn_10BD18F0
0x10BD1951,0x00000052,func,fn_10BD1951
0x10BD19A3,0x000002E2,func,fn_10BD19A3
0x10BD1C85,0x00000254,func,fn_10BD1C85
0x10BD1ED9,0x00000041,func,fn_10BD1ED9
0x10BD1F1A,0x0000038D,func,fn_10BD1F1A
0x10BD22A7,0x0000009C,func,fn_10BD22A7
0x10BD2343,0x000000E6,func,fn_10BD2343
0x10BD2429,0x00000007,func,fn_10BD2429
0x10BD2430,0x0000002E,func,fn_10BD2430
0x10BD245E,0x00000034,func,fn_10BD245E
0x10BD2492,0x0000024C,func,fn_10BD2492
0x10BD26DE,0x000000AB,func,fn_10BD26DE
0x10BD2789,0x0000001C,func,fn_10BD2789
0x10BD27A5,0x0000003B,func,fn_10BD27A5
0x10BD27E0,0x000000B8,func,fn_10BD27E0
0x10BD2898,0x0000000A,func,fn_10BD2898
0x10BD28A2,0x00000048,func,fn_10BD28A2
0x10BD28EA,0x00000029,func,fn_10BD28EA
0x10BD2913,0x00000189,func,fn_10BD2913
0x10BD2ABF,0x00000007,func,fn_10BD2ABF
0x10BD2AC6,0x0000002C,func,fn_10BD2AC6
0x10BD2AF2,0x000000AD,func,fn_10BD2AF2
0x10BD2B9F,0x00000116,func,fn_10BD2B9F
0x10BD2CB5,0x000000CE,func,fn_10BD2CB5
0x10BD2D83,0x00000034,func,fn_10BD2D83
0x10BD2DB7,0x00000011,func,fn_10BD2DB7
0x10BD2DC8,0x000001B4,func,fn_10BD2DC8
0x10BD2F7C,0x00000088,func,fn_10BD2F7C
0x10BD3004,0x00000066,func,fn_10BD3004
0x10BD3073,0x0000017D,func,fn_10BD3073
0x10BD3225,0x0000018A,func,fn_10BD3225
0x10BD33AF,0x0000001C,func,fn_10BD33AF
0x10BD33CB,0x000000C6,func,fn_10BD33CB
0x10BD3491,0x000001EF,func,fn_10BD3491
0x10BD3680,0x0000004F,func,fn_10BD3680
0x10BD36CF,0x0000006C,func,fn_10BD36CF
0x10BD373B,0x00000015,func,fn_10BD373B
0x10BD3750,0x00000053,func,fn_10BD3750
0x10BD37A3,0x00000020,func,fn_10BD37A3
0x10BD37C3,0x0000001C,func,fn_10BD37C3
0x10BD37DF,0x0000001C,func,fn_10BD37DF
0x10BD37FB,0x0000001A,func,fn_10BD37FB
0x10BD3815,0x0000000F,func,fn_10BD3815
0x10BD3824,0x00000011,func,fn_10BD3824
0x10BD3835,0x0000001D,func,fn_10BD3835
0x10BD3852,0x0000001F,func,fn_10BD3852
0x10BD3892,0x0000001E,func,fn_10BD3892
0x10BD38B0,0x00000020,func,fn_10BD38B0
0x10BD38D0,0x00000032,func,fn_10BD38D0
0x10BD3902,0x00000045,func,fn_10BD3902
0x10BD3947,0x00000021,func,fn_10BD3947
0x10BD3968,0x0000000F,func,fn_10BD3968
0x10BD3977,0x00000013,func,fn_10BD3977
0x10BD398A,0x0000002A,func,fn_10BD398A
0x10BD39B4,0x0000004C,func,fn_10BD39B4
0x10BD3A00,0x0000000E,func,fn_10BD3A00
0x10BD3A0E,0x0000000D,func,fn_10BD3A0E
0x10BD3A1B,0x0000001C,func,fn_10BD3A1B
0x10BD3A37,0x0000000D,func,fn_10BD3A37
0x10BD3A44,0x00000016,func,fn_10BD3A44
0x10BD3A5A,0x0000002C,func,fn_10BD3A5A
0x10BD3A86,0x00000022,func,fn_10BD3A86
0x10BD3AA8,0x0000001F,func,fn_10BD3AA8
0x10BD3AC7,0x00000028,func,fn_10BD3AC7
0x10BD3AEF,0x00000021,func,fn_10BD3AEF
0x10BD3B10,0x00000021,func,fn_10BD3B10
0x10BD3B31,0x00000021,func,fn_10BD3B31
0x10BD3B52,0x00000025,func,fn_10BD3B52
0x10BD3B77,0x00000012,func,fn_10BD3B77
0x10BD3B89,0x0000000F,func,fn_10BD3B89
0x10BD3B98,0x00000011,func,fn_10BD3B98
0x10BD3BA9,0x0000001C,func,fn_10BD3BA9
0x10BD3BC5,0x0000009D,func,fn_10BD3BC5
0x10BD3C62,0x0000001B,func,fn_10BD3C62
0x10BD3C7D,0x00000040,func,fn_10BD3C7D
0x10BD3CBD,0x0000000B,func,fn_10BD3CBD
0x10BD3CC8,0x0000000B,func,fn_10BD3CC8
0x10BD3CD3,0x0000000F,func,fn_10BD3CD3
0x10BD3CE2,0x0000002D,func,fn_10BD3CE2
0x10BD3D0F,0x00000014,func,fn_10BD3D0F
0x10BD3D23,0x00000057,func,fn_10BD3D23
0x10BD3D7A,0x0000002D,func,fn_10BD3D7A
0x10BD3DA7,0x00000053,func,fn_10BD3DA7
0x10BD3DFA,0x00000037,func,fn_10BD3DFA
0x10BD3E31,0x00000037,func,fn_10BD3E31
0x10BD3E68,0x0000005C,func,fn_10BD3E68
0x10BD3EC4,0x00000053,func,fn_10BD3EC4
0x10BD3F17,0x00000011,func,fn_10BD3F17
0x10BD3F28,0x00000011,func,fn_10BD3F28
0x10BD3F39,0x00000029,func,fn_10BD3F39
0x10BD3F62,0x00000030,func,fn_10BD3F62
0x10BD3F92,0x00000040,func,fn_10BD3F92
0x10BD3FD2,0x0000005D,func,fn_10BD3FD2
0x10BD402F,0x00000029,func,fn_10BD402F
0x10BD4058,0x00000068,func,fn_10BD4058
0x10BD40C0,0x00000024,func,fn_10BD40C0
0x10BD40E4,0x00000027,func,fn_10BD40E4
0x10BD410B,0x00000027,func,fn_10BD410B
0x10BD4132,0x00000017,func,fn_10BD4132
0x10BD4149,0x00000015,func,fn_10BD4149
0x10BD415E,0x0000001F,func,fn_10BD415E
0x10BD417D,0x0000003B,func,fn_10BD417D
0x10BD41B8,0x00000023,func,fn_10BD41B8
0x10BD41DB,0x00000029,func,fn_10BD41DB
0x10BD4204,0x00000046,func,fn_10BD4204
0x10BD424A,0x00000021,func,fn_10BD424A
0x10BD426B,0x00000021,func,fn_10BD426B
0x10BD428C,0x00000015,func,fn_10BD428C
0x10BD42A1,0x00000021,func,fn_10BD42A1
0x10BD42C2,0x00000016,func,fn_10BD42C2
0x10BD42D8,0x00000027,func,fn_10BD42D8
0x10BD42FF,0x00000018,func,fn_10BD42FF
0x10BD4317,0x00000017,func,fn_10BD4317
0x10BD432E,0x00000018,func,fn_10BD432E
0x10BD4346,0x0000001B,func,fn_10BD4346
0x10BD4361,0x00000051,func,fn_10BD4361
0x10BD43B2,0x00000010,func,fn_10BD43B2
0x10BD43C2,0x00000019,func,fn_10BD43C2
0x10BD43DB,0x00000012,func,fn_10BD43DB
0x10BD43ED,0x00000005,func,fn_10BD43ED
0x10BD4401,0x00000007,func,fn_10BD4401
0x10BD4408,0x00000019,func,fn_10BD4408
0x10BD4421,0x00000014,func,fn_10BD4421
0x10BD4435,0x00000005,func,fn_10BD4435
0x10BD4449,0x00000007,func,fn_10BD4449
0x10BD4450,0x00000011,func,fn_10BD4450
0x10BD4461,0x00000013,func,fn_10BD4461
0x10BD4474,0x00000005,func,fn_10BD4474
0x10BD4488,0x00000007,func,fn_10BD4488
0x10BD448F,0x00000004,func,fn_10BD448F
0x10BD44A2,0x00000007,func,fn_10BD44A2
0x10BD44A9,0x00000010,func,fn_10BD44A9
0x10BD44B9,0x00000018,func,fn_10BD44B9
0x10BD44D1,0x00000012,func,fn_10BD44D1
0x10BD44E3,0x0000001A,func,fn_10BD44E3
0x10BD44FD,0x00000013,func,fn_10BD44FD
0x10BD4510,0x00000005,func,fn_10BD4510
0x10BD452B,0x00000007,func,fn_10BD452B
0x10BD4532,0x00000005,func,fn_10BD4532
0x10BD4546,0x00000005,func,fn_10BD4546
0x10BD454B,0x00000004,func,fn_10BD454B
0x10BD4564,0x00000007,func,fn_10BD4564
0x10BD456B,0x00000017,func,fn_10BD456B
0x10BD4582,0x00000066,func,fn_10BD4582
0x10BD45E8,0x00000021,func,fn_10BD45E8
0x10BD4609,0x00000025,func,fn_10BD4609
0x10BD462E,0x00000007,func,fn_10BD462E
0x10BD4635,0x00000096,func,fn_10BD4635
0x10BD46CB,0x00000040,func,fn_10BD46CB
0x10BD470B,0x0000005D,func,fn_10BD470B
0x10BD4768,0x00000016,func,fn_10BD4768
0x10BD477E,0x00000057,func,fn_10BD477E
0x10BD47D5,0x00000058,func,fn_10BD47D5
0x10BD482D,0x00000047,func,fn_10BD482D
0x10BD4874,0x00000047,func,fn_10BD4874
0x10BD48BB,0x0000007B,func,fn_10BD48BB
0x10BD4936,0x0000009A,func,fn_10BD4936
0x10BD49D0,0x00000072,func,fn_10BD49D0
0x10BD4A43,0x00000038,func,fn_10BD4A43
0x10BD4A7B,0x00000044,func,fn_10BD4A7B
0x10BD4ABF,0x00000008,func,fn_10BD4ABF
0x10BD4AC7,0x00000030,func,fn_10BD4AC7
0x10BD4AF7,0x0000003C,func,fn_10BD4AF7
0x10BD4B33,0x00000036,func,fn_10BD4B33
0x10BD4B69,0x00000016,func,fn_10BD4B69
0x10BD4B7F,0x00000008,func,fn_10BD4B7F
0x10BD4B87,0x00000022,func,fn_10BD4B87
0x10BD4BA9,0x00000053,func,fn_10BD4BA9
0x10BD4BFC,0x00000008,func,fn_10BD4BFC
0x10BD4C04,0x00000036,func,fn_10BD4C04
0x10BD4C3A,0x00000008,func,fn_10BD4C3A
0x10BD4C42,0x00000036,func,fn_10BD4C42
0x10BD4C78,0x00000008,func,fn_10BD4C78
0x10BD4C80,0x0000003D,func,fn_10BD4C80
0x10BD4CBD,0x00000028,func,fn_10BD4CBD
0x10BD4CE5,0x00000075,func,fn_10BD4CE5
0x10BD4D5A,0x000000AF,func,fn_10BD4D5A
0x10BD4E66,0x00000018,func,fn_10BD4E66
0x10BD4E7E,0x00000059,func,fn_10BD4E7E
0x10BD4ED7,0x00000015,func,fn_10BD4ED7
0x10BD4EEC,0x00000020,func,fn_10BD4EEC
0x10BD4F0C,0x0000005D,func,fn_10BD4F0C
0x10BD4F69,0x00000039,func,fn_10BD4F69
0x10BD4FA2,0x0000002D,func,fn_10BD4FA2
0x10BD4FCF,0x0000003C,func,fn_10BD4FCF
0x10BD500B,0x00000034,func,fn_10BD500B
0x10BD5072,0x0000000D,func,fn_10BD5072
0x10BD507F,0x00000038,func,fn_10BD507F
0x10BD50B7,0x0000002C,func,fn_10BD50B7
0x10BD50E3,0x0000003A,func,fn_10BD50E3
0x10BD511D,0x00000013,func,fn_10BD511D
0x10BD5130,0x00000018,func,fn_10BD5130
0x10BD5148,0x00000020,func,fn_10BD5148
0x10BD5168,0x00000016,func,fn_10BD5168
0x10BD517E,0x0000003F,func,fn_10BD517E
0x10BD51BD,0x00000020,func,fn_10BD51BD
0x10BD51DD,0x00000008,func,fn_10BD51DD
0x10BD51E5,0x00000024,func,fn_10BD51E5
0x10BD5209,0x0000001F,func,fn_10BD5209
0x10BD5228,0x0000017D,func,fn_10BD5228
0x10BD53F2,0x0000004D,func,fn_10BD53F2
0x10BD543F,0x00000020,func,fn_10BD543F
0x10BD545F,0x0000003B,func,fn_10BD545F
0x10BD549A,0x0000003E,func,fn_10BD549A
0x10BD54D8,0x0000003E,func,fn_10BD54D8
0x10BD5516,0x00000043,func,fn_10BD5516
0x10BD5559,0x0000001E,func,fn_10BD5559
0x10BD5577,0x00000083,func,fn_10BD5577
0x10BD55FA,0x00000017,func,fn_10BD55FA
0x10BD5611,0x00000017,func,fn_10BD5611
0x10BD5628,0x00000020,func,fn_10BD5628
0x10BD5648,0x00000042,func,fn_10BD5648
0x10BD568A,0x00000015,func,fn_10BD568A
0x10BD569F,0x0000006E,func,fn_10BD569F
0x10BD570D,0x00000025,func,fn_10BD570D
0x10BD5732,0x0000002B,func,fn_10BD5732
0x10BD575D,0x00000034,func,fn_10BD575D
0x10BD5791,0x0000004C,func,fn_10BD5791
0x10BD57DD,0x0000003F,func,fn_10BD57DD
0x10BD581C,0x0000003E,func,fn_10BD581C
0x10BD585A,0x00000039,func,fn_10BD585A
0x10BD5893,0x00000029,func,fn_10BD5893
0x10BD58BC,0x00000079,func,fn_10BD58BC
0x10BD5935,0x0000001D,func,fn_10BD5935
0x10BD5952,0x00000058,func,fn_10BD5952
0x10BD59AA,0x0000003B,func,fn_10BD59AA
0x10BD59E5,0x00000018,func,fn_10BD59E5
0x10BD59FD,0x0000000C,func,fn_10BD59FD
0x10BD5A09,0x00000031,func,fn_10BD5A09
0x10BD5A3A,0x0000000F,func,fn_10BD5A3A
0x10BD5A49,0x00000008,func,fn_10BD5A49
0x10BD5A51,0x00000011,func,fn_10BD5A51
0x10BD5A62,0x000000A7,func,fn_10BD5A62
0x10BD5B09,0x00000085,func,fn_10BD5B09
0x10BD5D09,0x00000013,func,fn_10BD5D09
0x10BD5D1C,0x00000013,func,fn_10BD5D1C
0x10BD5D2F,0x00000019,func,fn_10BD5D2F
0x10BD5D48,0x0000002F,func,fn_10BD5D48
0x10BD5D77,0x000001E8,func,fn_10BD5D77
0x10BD5F5F,0x0000004B,func,fn_10BD5F5F
0x10BD5FAA,0x0000004A,func,fn_10BD5FAA
0x10BD5FF4,0x00000013,func,fn_10BD5FF4
0x10BD6007,0x00000053,func,fn_10BD6007
0x10BD605A,0x00000039,func,fn_10BD605A
0x10BD6093,0x00000031,func,fn_10BD6093
0x10BD60C4,0x0000000B,func,fn_10BD60C4
0x10BD60CF,0x0000041F,func,fn_10BD60CF
0x10BD656B,0x00000033,func,fn_10BD656B
0x10BD659E,0x0000005A,func,fn_10BD659E
0x10BD65F8,0x0000002E,func,fn_10BD65F8
0x10BD6626,0x00000049,func,fn_10BD6626
0x10BD666F,0x0000008F,func,fn_10BD666F
0x10BD66FE,0x000000F1,func,fn_10BD66FE
0x10BD67EF,0x000000AB,func,fn_10BD67EF
0x10BD689A,0x00000109,func,fn_10BD689A
0x10BD69A4,0x0000004A,func,fn_10BD69A4
0x10BD69EE,0x00000135,func,fn_10BD69EE
0x10BD6BFB,0x00000264,func,fn_10BD6BFB
0x10BD6E5F,0x0000002A,func,fn_10BD6E5F
0x10BD6E89,0x00000024,func,fn_10BD6E89
0x10BD6EAD,0x0000000A,func,fn_10BD6EAD
0x10BD6EB7,0x00000056,func,fn_10BD6EB7
0x10BD6F0D,0x000000C0,func,fn_10BD6F0D
0x10BD6FCD,0x00000044,func,fn_10BD6FCD
0x10BD7011,0x00000044,func,fn_10BD7011
0x10BD7055,0x00000068,func,fn_10BD7055
0x10BD70BD,0x00000046,func,fn_10BD70BD
0x10BD7103,0x00000005,func,fn_10BD7103
0x10BD7108,0x00000057,func,fn_10BD7108
0x10BD715F,0x00000035,func,fn_10BD715F
0x10BD7194,0x00000014,func,fn_10BD7194
0x10BD71A8,0x00000044,func,fn_10BD71A8
0x10BD71EC,0x00000042,func,fn_10BD71EC
0x10BD722E,0x0000003F,func,fn_10BD722E
0x10BD726D,0x00000043,func,fn_10BD726D
0x10BD72B0,0x0000004B,func,fn_10BD72B0
0x10BD72FB,0x00000059,func,fn_10BD72FB
0x10BD7354,0x00000058,func,fn_10BD7354
0x10BD73AC,0x00000067,func,fn_10BD73AC
0x10BD7413,0x00000078,func,fn_10BD7413
0x10BD748B,0x0000006D,func,fn_10BD748B
0x10BD74F8,0x00000055,func,fn_10BD74F8
0x10BD754D,0x000000B2,func,fn_10BD754D
0x10BD75FF,0x00000053,func,fn_10BD75FF
0x10BD7652,0x00000094,func,fn_10BD7652
0x10BD76E6,0x0000009A,func,fn_10BD76E6
0x10BD7780,0x0000005B,func,fn_10BD7780
0x10BD77DB,0x00000039,func,fn_10BD77DB
0x10BD7814,0x00000028,func,fn_10BD7814
0x10BD783C,0x0000002E,func,fn_10BD783C
0x10BD786A,0x00000032,func,fn_10BD786A
0x10BD789C,0x00000072,func,fn_10BD789C
0x10BD790E,0x00000036,func,fn_10BD790E
0x10BD7944,0x00000039,func,fn_10BD7944
0x10BD797D,0x0000003C,func,fn_10BD797D
0x10BD79B9,0x00000038,func,fn_10BD79B9
0x10BD79F1,0x00000036,func,fn_10BD79F1
0x10BD7A27,0x0000003F,func,fn_10BD7A27
0x10BD7A66,0x00000028,func,fn_10BD7A66
0x10BD7AC6,0x0000003C,func,fn_10BD7AC6
0x10BD7B02,0x00000007,func,fn_10BD7B02
0x10BD7B09,0x0000001D,func,fn_10BD7B09
0x10BD7B26,0x0000009C,func,fn_10BD7B26
0x10BD7BC2,0x0000004E,func,fn_10BD7BC2
0x10BD7C10,0x0000005D,func,fn_10BD7C10
0x10BD7D24,0x0000000D,func,fn_10BD7D24
0x10BD7D31,0x000000A8,func,fn_10BD7D31
0x10BD7DD9,0x0000007D,func,fn_10BD7DD9
0x10BD7E56,0x0000002D,func,fn_10BD7E56
0x10BD7E83,0x00000032,func,fn_10BD7E83
0x10BD7EB5,0x00000005,func,fn_10BD7EB5
0x10BD7EBA,0x0000003E,func,fn_10BD7EBA
0x10BD7EF8,0x0000002C,func,fn_10BD7EF8
0x10BD7F24,0x00000044,func,fn_10BD7F24
0x10BD7F68,0x00000018,func,fn_10BD7F68
0x10BD7F80,0x00000067,func,fn_10BD7F80
0x10BD7FE7,0x0000002E,func,fn_10BD7FE7
0x10BD8015,0x0000002A,func,fn_10BD8015
0x10BD803F,0x00000022,func,fn_10BD803F
0x10BD8061,0x0000006F,func,fn_10BD8061
0x10BD80D0,0x00000063,func,fn_10BD80D0
0x10BD8133,0x00000035,func,fn_10BD8133
0x10BD8168,0x00000040,func,fn_10BD8168
0x10BD81A8,0x00000125,func,fn_10BD81A8
0x10BD82CD,0x000000CB,func,fn_10BD82CD
0x10BD8398,0x00000023,func,fn_10BD8398
0x10BD83BB,0x000000CE,func,fn_10BD83BB
0x10BD8489,0x00000042,func,fn_10BD8489
0x10BD84CB,0x00000249,func,fn_10BD84CB
0x10BD8714,0x00000056,func,fn_10BD8714
0x10BD876A,0x00000081,func,fn_10BD876A
0x10BD87EB,0x0000004B,func,fn_10BD87EB
0x10BD8836,0x00000118,func,fn_10BD8836
0x10BD894E,0x00000171,func,fn_10BD894E
0x10BD8ABF,0x0000005A,func,fn_10BD8ABF
0x10BD8B19,0x0000001A,func,fn_10BD8B19
0x10BD8B33,0x00000138,func,fn_10BD8B33
0x10BD8C6B,0x00000048,func,fn_10BD8C6B
0x10BD8CB3,0x000000DF,func,fn_10BD8CB3
0x10BD8D92,0x00000090,func,fn_10BD8D92
0x10BD8E22,0x00000059,func,fn_10BD8E22
0x10BD8E7B,0x00000022,func,fn_10BD8E7B
0x10BD8E9D,0x00000045,func,fn_10BD8E9D
0x10BD8EE2,0x000000B1,func,fn_10BD8EE2
0x10BD8F93,0x00000023,func,fn_10BD8F93
0x10BD9269,0x0000003D,func,fn_10BD9269
0x10BD92A6,0x00000010,func,fn_10BD92A6
0x10BD92B6,0x0000001D,func,fn_10BD92B6
0x10BD95BF,0x000001DF,func,fn_10BD95BF
0x10BD979E,0x00000079,func,fn_10BD979E
0x10BD9817,0x0000022D,func,fn_10BD9817
0x10BD9A44,0x00000172,func,fn_10BD9A44
0x10BD9BB6,0x000000C8,func,fn_10BD9BB6
0x10BD9C7E,0x000000CB,func,fn_10BD9C7E
0x10BD9D49,0x00000084,func,fn_10BD9D49
0x10BD9DCD,0x0000008D,func,fn_10BD9DCD
0x10BD9E5A,0x0000007D,func,fn_10BD9E5A
0x10BD9ED7,0x0000007E,func,fn_10BD9ED7
0x10BD9F55,0x00000131,func,fn_10BD9F55
0x10BDA086,0x00000069,func,fn_10BDA086
0x10BDA0EF,0x00000005,func,fn_10BDA0EF
0x10BDA118,0x0000000A,func,fn_10BDA118
0x10BDA122,0x00000068,func,fn_10BDA122
0x10BDA18A,0x000000C4,func,fn_10BDA18A
0x10BDA24E,0x0000005E,func,fn_10BDA24E
0x10BDA2AC,0x00000028,func,fn_10BDA2AC
0x10BDA2D4,0x000000BE,func,fn_10BDA2D4
0x10BDA392,0x000002F9,func,fn_10BDA392
0x10BDA68B,0x00000030,func,fn_10BDA68B
0x10BDA6BB,0x000000BD,func,fn_10BDA6BB
0x10BDA778,0x0000008D,func,fn_10BDA778
0x10BDA805,0x0000003F,func,fn_10BDA805
0x10BDA844,0x00000089,func,fn_10BDA844
0x10BDA8CD,0x0000001C,func,fn_10BDA8CD
0x10BDA8E9,0x0000001C,func,fn_10BDA8E9
0x10BDA905,0x00000055,func,fn_10BDA905
0x10BDA95A,0x00000044,func,fn_10BDA95A
0x10BDA99E,0x0000008D,func,fn_10BDA99E
0x10BDAA2B,0x00000005,func,fn_10BDAA2B
0x10BDAA5A,0x00000009,func,fn_10BDAA5A
0x10BDAA63,0x000000B3,func,fn_10BDAA63
0x10BDAB16,0x000000E5,func,fn_10BDAB16
0x10BDABFB,0x000003DF,func,fn_10BDABFB
0x10BDAFDA,0x00000081,func,fn_10BDAFDA
0x10BDB05B,0x000000D6,func,fn_10BDB05B
0x10BDB131,0x00000059,func,fn_10BDB131
0x10BDB18A,0x0000009A,func,fn_10BDB18A
0x10BDB224,0x0000014E,func,fn_10BDB224
0x10BDB372,0x0000003F,func,fn_10BDB372
0x10BDB3B1,0x000000AD,func,fn_10BDB3B1
0x10BDB45E,0x00000176,func,fn_10BDB45E
0x10BDB5D4,0x000001E5,func,fn_10BDB5D4
0x10BDB7B9,0x000000D4,func,fn_10BDB7B9
0x10BDB88D,0x000000BC,func,fn_10BDB88D
0x10BDB949,0x00000038,func,fn_10BDB949
0x10BDB981,0x0000009A,func,fn_10BDB981
0x10BDBA1B,0x0000009F,func,fn_10BDBA1B
0x10BDBABA,0x000000E8,func,fn_10BDBABA
0x10BDBBA2,0x000000CD,func,fn_10BDBBA2
0x10BDBDC6,0x00000018,func,fn_10BDBDC6
0x10BDBDDE,0x0000009C,func,fn_10BDBDDE
0x10BDBE7A,0x0000003A,func,fn_10BDBE7A
0x10BDBEB4,0x00000068,func,fn_10BDBEB4
0x10BDBF1C,0x00000005,func,fn_10BDBF1C
0x10BDBF30,0x00000009,func,fn_10BDBF30
0x10BDBF39,0x000001F7,func,fn_10BDBF39
0x10BDC130,0x00000103,func,fn_10BDC130
0x10BDC233,0x000003C0,func,fn_10BDC233
0x10BDC5F3,0x00000047,func,fn_10BDC5F3
0x10BDC63A,0x00000005,func,fn_10BDC63A
0x10BDC663,0x00000014,func,fn_10BDC663
0x10BDC677,0x0000001B,func,fn_10BDC677
0x10BDC692,0x0000002F,func,fn_10BDC692
0x10BDC6C1,0x000001B9,func,fn_10BDC6C1
0x10BDC87A,0x000000DC,func,fn_10BDC87A
0x10BDC956,0x000000A0,func,fn_10BDC956
0x10BDC9F6,0x00000041,func,fn_10BDC9F6
0x10BDCA37,0x0000017E,func,fn_10BDCA37
0x10BDCBB5,0x00000152,func,fn_10BDCBB5
0x10BDCD07,0x000000D3,func,fn_10BDCD07
0x10BDCDDA,0x0000007E,func,fn_10BDCDDA
0x10BDCE58,0x0000003A,func,fn_10BDCE58
0x10BDCE92,0x0000010E,func,fn_10BDCE92
0x10BDCFA0,0x00000040,func,fn_10BDCFA0
0x10BDCFE0,0x00000151,func,fn_10BDCFE0
0x10BDD177,0x00000139,func,fn_10BDD177
0x10BDD2B0,0x00000018,func,fn_10BDD2B0
0x10BDD2C8,0x0000020F,func,fn_10BDD2C8
0x10BDD4D7,0x000000B9,func,fn_10BDD4D7
0x10BDD590,0x000001D8,func,fn_10BDD590
0x10BDD768,0x00000023,func,fn_10BDD768
0x10BDD78B,0x00000011,func,fn_10BDD78B
0x10BDD79C,0x00000018,func,fn_10BDD79C
0x10BDD7B4,0x0000001F,func,fn_10BDD7B4
0x10BDD7D3,0x00000034,func,fn_10BDD7D3
0x10BDD82B,0x00000011,func,fn_10BDD82B
0x10BDD83C,0x00000039,func,fn_10BDD83C
0x10BDD875,0x0000002E,func,fn_10BDD875
0x10BDD8A3,0x0000001A,func,fn_10BDD8A3
0x10BDD8BD,0x0000002E,func,fn_10BDD8BD
0x10BDD8EB,0x0000001B,func,fn_10BDD8EB
0x10BDD906,0x00000053,func,fn_10BDD906
0x10BDD959,0x00000028,func,fn_10BDD959
0x10BDD981,0x00000069,func,fn_10BDD981
0x10BDD9EA,0x00000019,func,fn_10BDD9EA
0x10BDDA03,0x0000001B,func,fn_10BDDA03
0x10BDDA1E,0x0000002D,func,fn_10BDDA1E
0x10BDDA4B,0x00000013,func,fn_10BDDA4B
0x10BDDA5E,0x00000066,func,fn_10BDDA5E
0x10BDDAC4,0x00000020,func,fn_10BDDAC4
0x10BDDAE4,0x00000046,func,fn_10BDDAE4
0x10BDDB2A,0x00000018,func,fn_10BDDB2A
0x10BDDB42,0x0000000D,func,fn_10BDDB42
0x10BDDB4F,0x0000001C,func,fn_10BDDB4F
0x10BDDB6B,0x0000004D,func,fn_10BDDB6B
0x10BDDBB8,0x0000004C,func,fn_10BDDBB8
0x10BDDC04,0x00000045,func,fn_10BDDC04
0x10BDDC49,0x0000001F,func,fn_10BDDC49
0x10BDDC68,0x00000023,func,fn_10BDDC68
0x10BDDC8B,0x00000018,func,fn_10BDDC8B
0x10BDDCA3,0x00000018,func,fn_10BDDCA3
0x10BDDCBB,0x00000010,func,fn_10BDDCBB
0x10BDDCCB,0x00000010,func,fn_10BDDCCB
0x10BDDCDB,0x00000022,func,fn_10BDDCDB
0x10BDDCFD,0x00000043,func,fn_10BDDCFD
0x10BDDD40,0x0000003C,func,fn_10BDDD40
0x10BDDD7C,0x0000001A,func,fn_10BDDD7C
0x10BDDD96,0x0000002C,func,fn_10BDDD96
0x10BDDDC2,0x00000016,func,fn_10BDDDC2
0x10BDDDD8,0x00000011,func,fn_10BDDDD8
0x10BDDDE9,0x0000000C,func,fn_10BDDDE9
0x10BDDDF5,0x0000001B,func,fn_10BDDDF5
0x10BDDE10,0x000000A0,func,fn_10BDDE10
0x10BDDEB0,0x000000CB,func,fn_10BDDEB0
0x10BDDF7B,0x000000AD,func,fn_10BDDF7B
0x10BDE028,0x00000011,func,fn_10BDE028
0x10BDE039,0x00000027,func,fn_10BDE039
0x10BDE06F,0x00000060,func,fn_10BDE06F
0x10BDE0CF,0x00000267,func,fn_10BDE0CF
0x10BDE336,0x00000073,func,fn_10BDE336
0x10BDE3A9,0x0000006D,func,fn_10BDE3A9
0x10BDE416,0x000000B8,func,fn_10BDE416
0x10BDE4CE,0x00000118,func,fn_10BDE4CE
0x10BDE5E6,0x00000109,func,fn_10BDE5E6
0x10BDE6EF,0x000000D1,func,fn_10BDE6EF
0x10BDE7C0,0x0000001E,func,fn_10BDE7C0
0x10BDE7DE,0x0000004A,func,fn_10BDE7DE
0x10BDE828,0x0000008F,func,fn_10BDE828
0x10BDE8B7,0x00000165,func,fn_10BDE8B7
0x10BDEA1C,0x0000011F,func,fn_10BDEA1C
0x10BDEBA4,0x00000011,func,fn_10BDEBA4
0x10BDEBB5,0x00000014,func,fn_10BDEBB5
0x10BDEBC9,0x0000001B,func,fn_10BDEBC9
0x10BDEBE4,0x00000065,func,fn_10BDEBE4
0x10BDEC49,0x000000AD,func,fn_10BDEC49
0x10BDECF6,0x00000024,func,fn_10BDECF6
0x10BDED1A,0x00000042,func,fn_10BDED1A
0x10BDED5C,0x0000001D,func,fn_10BDED5C
0x10BDED79,0x0000001D,func,fn_10BDED79
0x10BDED96,0x0000000A,func,fn_10BDED96
0x10BDEDA0,0x00000011,func,fn_10BDEDA0
0x10BDEDB1,0x000000C1,func,fn_10BDEDB1
0x10BDEE72,0x00000045,func,fn_10BDEE72
0x10BDEEB7,0x0000004F,func,fn_10BDEEB7
0x10BDEF06,0x00000014,func,fn_10BDEF06
0x10BDEF1A,0x00000023,func,fn_10BDEF1A
0x10BDEF3D,0x0000001C,func,fn_10BDEF3D
0x10BDEF59,0x00000015,func,fn_10BDEF59
0x10BDEF6E,0x0000001D,func,fn_10BDEF6E
0x10BDEF8B,0x00000016,func,fn_10BDEF8B
0x10BDEFA1,0x00000123,func,fn_10BDEFA1
0x10BDF0C4,0x00000032,func,fn_10BDF0C4
0x10BDF0F6,0x0000005F,func,fn_10BDF0F6
0x10BDF155,0x000001AF,func,fn_10BDF155
0x10BDF304,0x00000047,func,fn_10BDF304
0x10BDF34B,0x00000119,func,fn_10BDF34B
0x10BDF464,0x000000AC,func,fn_10BDF464
0x10BDF510,0x00000035,func,fn_10BDF510
0x10BDF545,0x00000051,func,fn_10BDF545
0x10BDF596,0x0000017B,func,fn_10BDF596
0x10BDF711,0x0000013C,func,fn_10BDF711
0x10BDF84D,0x000001EE,func,fn_10BDF84D
0x10BDFA3B,0x000001B8,func,fn_10BDFA3B
0x10BDFBF3,0x00000486,func,fn_10BDFBF3
0x10BE0079,0x0000014A,func,fn_10BE0079
0x10BE01C3,0x0000004B,func,fn_10BE01C3
0x10BE020E,0x00000286,func,fn_10BE020E
0x10BE0494,0x00000017,func,fn_10BE0494
0x10BE04AB,0x0000003C,func,fn_10BE04AB
0x10BE04E7,0x00000066,func,fn_10BE04E7
0x10BE054D,0x00000058,func,fn_10BE054D
0x10BE05A5,0x0000003B,func,fn_10BE05A5
0x10BE05E0,0x0000004B,func,fn_10BE05E0
0x10BE062B,0x00000005,func,fn_10BE062B
0x10BE0630,0x000000ED,func,fn_10BE0630
0x10BE071D,0x0000005D,func,fn_10BE071D
0x10BE077A,0x0000007A,func,fn_10BE077A
0x10BE07F4,0x0000002C,func,fn_10BE07F4
0x10BE0820,0x0000004B,func,fn_10BE0820
0x10BE086B,0x00000023,func,fn_10BE086B
0x10BE088E,0x00000020,func,fn_10BE088E
0x10BE08AE,0x0000002C,func,fn_10BE08AE
0x10BE08DA,0x000000D2,func,fn_10BE08DA
0x10BE09AC,0x0000002B,func,fn_10BE09AC
0x10BE09D7,0x00000033,func,fn_10BE09D7
0x10BE0A0A,0x000000A9,func,fn_10BE0A0A
0x10BE0AB3,0x0000002F,func,fn_10BE0AB3
0x10BE0AE2,0x0000000F,func,fn_10BE0AE2
0x10BE0AF1,0x000000B2,func,fn_10BE0AF1
0x10BE0BA3,0x00000029,func,fn_10BE0BA3
0x10BE0BCC,0x0000007A,func,fn_10BE0BCC
0x10BE0C46,0x00000066,func,fn_10BE0C46
0x10BE0CAC,0x00000012,func,fn_10BE0CAC
0x10BE0CBE,0x0000003D,func,fn_10BE0CBE
0x10BE0CFB,0x000000BF,func,fn_10BE0CFB
0x10BE0DBA,0x000000DD,func,fn_10BE0DBA
0x10BE0E97,0x00000050,func,fn_10BE0E97
0x10BE0EE7,0x00000132,func,fn_10BE0EE7
0x10BE1019,0x000001D2,func,fn_10BE1019
0x10BE11EB,0x00000034,func,fn_10BE11EB
0x10BE121F,0x0000005B,func,fn_10BE121F
0x10BE127A,0x0000004D,func,fn_10BE127A
0x10BE12C7,0x00000BCE,func,fn_10BE12C7
0x10BE1E95,0x00000011,func,fn_10BE1E95
0x10BE1EA6,0x0000004D,func,fn_10BE1EA6
0x10BE1EF3,0x0000004C,func,fn_10BE1EF3
0x10BE1F3F,0x000004C4,func,fn_10BE1F3F
0x10BE2403,0x000005BB,func,fn_10BE2403
0x10BE29BE,0x000000FA,func,fn_10BE29BE
0x10BE2AB8,0x000004CA,func,fn_10BE2AB8
0x10BE2F82,0x0000019B,func,fn_10BE2F82
0x10BE311D,0x0000009A,func,fn_10BE311D
0x10BE31B7,0x00000127,func,fn_10BE31B7
0x10BE32DE,0x00000252,func,fn_10BE32DE
0x10BE3530,0x00000247,func,fn_10BE3530
0x10BE3777,0x0000035C,func,fn_10BE3777
0x10BE3AD4,0x0000008C,func,fn_10BE3AD4
0x10BE3B60,0x000002EC,func,fn_10BE3B60
0x10BE3E4C,0x0000062F,func,fn_10BE3E4C
0x10BE447B,0x00000027,func,fn_10BE447B
0x10BE44A2,0x0000000C,func,fn_10BE44A2
0x10BE450C,0x0000008C,func,fn_10BE450C
0x10BE4598,0x00000025,func,fn_10BE4598
0x10BE45BD,0x00000039,func,fn_10BE45BD
0x10BE45F6,0x00000019,func,fn_10BE45F6
0x10BE460F,0x000000A0,func,fn_10BE460F
0x10BE46AF,0x00000041,func,fn_10BE46AF
0x10BE46F0,0x0000012E,func,fn_10BE46F0
0x10BE486C,0x0000001C,func,fn_10BE486C
0x10BE4888,0x00000026,func,fn_10BE4888
0x10BE48AE,0x00000033,func,fn_10BE48AE
0x10BE48E1,0x0000004D,func,fn_10BE48E1
0x10BE492E,0x0000004A,func,fn_10BE492E
0x10BE4978,0x00000027,func,fn_10BE4978
0x10BE499F,0x00000033,func,fn_10BE499F
0x10BE49D2,0x00000022,func,fn_10BE49D2
0x10BE49F4,0x0000000D,func,fn_10BE49F4
0x10BE4A01,0x00000022,func,fn_10BE4A01
0x10BE4A23,0x0000000F,func,fn_10BE4A23
0x10BE4A32,0x000000F9,func,fn_10BE4A32
0x10BE4B2B,0x00000096,func,fn_10BE4B2B
0x10BE4BC1,0x00000083,func,fn_10BE4BC1
0x10BE4C44,0x000000A7,func,fn_10BE4C44
0x10BE4CEB,0x00000096,func,fn_10BE4CEB
0x10BE4D81,0x0000005C,func,fn_10BE4D81
0x10BE4DDD,0x0000014B,func,fn_10BE4DDD
0x10BE4F28,0x000006A6,func,fn_10BE4F28
0x10BE55CF,0x00000088,func,fn_10BE55CF
0x10BE5657,0x0000004B,func,fn_10BE5657
0x10BE56A2,0x000005A6,func,fn_10BE56A2
0x10BE5CBE,0x00000010,func,fn_10BE5CBE
0x10BE5CCE,0x0000001C,func,fn_10BE5CCE
0x10BE5CEA,0x0000001C,func,fn_10BE5CEA
0x10BE5D06,0x00000045,func,fn_10BE5D06
0x10BE5D4B,0x00000065,func,fn_10BE5D4B
0x10BE5DB0,0x00000046,func,fn_10BE5DB0
0x10BE5DF6,0x000001C5,func,fn_10BE5DF6
0x10BE5FBB,0x0000008B,func,fn_10BE5FBB
0x10BE6046,0x00000039,func,fn_10BE6046
0x10BE607F,0x00000041,func,fn_10BE607F
0x10BE60C0,0x000001AC,func,fn_10BE60C0
0x10BE626C,0x00000116,func,fn_10BE626C
0x10BE6382,0x000002BC,func,fn_10BE6382
0x10BE663E,0x000004AD,func,fn_10BE663E
0x10BE6AEB,0x000000DF,func,fn_10BE6AEB
0x10BE6BCA,0x000000E5,func,fn_10BE6BCA
0x10BE6CAF,0x00000009,func,fn_10BE6CAF
0x10BE6CB8,0x0000005B,func,fn_10BE6CB8
0x10BE6D13,0x00000026,func,fn_10BE6D13
0x10BE6D39,0x00000016,func,fn_10BE6D39
0x10BE6D4F,0x00000027,func,fn_10BE6D4F
0x10BE6D76,0x00000016,func,fn_10BE6D76
0x10BE6D8C,0x0000000F,func,fn_10BE6D8C
0x10BE6D9B,0x00000016,func,fn_10BE6D9B
0x10BE6DB1,0x0000001E,func,fn_10BE6DB1
0x10BE6DCF,0x00000028,func,fn_10BE6DCF
0x10BE6DF7,0x0000001E,func,fn_10BE6DF7
0x10BE6E15,0x0000002C,func,fn_10BE6E15
0x10BE6E41,0x00000041,func,fn_10BE6E41
0x10BE6E82,0x00000041,func,fn_10BE6E82
0x10BE6EC3,0x00000041,func,fn_10BE6EC3
0x10BE6F04,0x00000056,func,fn_10BE6F04
0x10BE6F5A,0x0000004D,func,fn_10BE6F5A
0x10BE6FA7,0x00000017,func,fn_10BE6FA7
0x10BE6FBE,0x00000045,func,fn_10BE6FBE
0x10BE7003,0x00000003,func,fn_10BE7003
0x10BE7006,0x000000C6,func,fn_10BE7006
0x10BE70CC,0x00000008,func,fn_10BE70CC
0x10BE70D4,0x00000007,func,fn_10BE70D4
0x10BE70DB,0x00000051,func,fn_10BE70DB
0x10BE712C,0x00000053,func,fn_10BE712C
0x10BE717F,0x0000003A,func,fn_10BE717F
0x10BE71C9,0x00000139,func,fn_10BE71C9
0x10BE7302,0x00000028,func,fn_10BE7302
0x10BE732A,0x00000031,func,fn_10BE732A
0x10BE735B,0x00000033,func,fn_10BE735B
0x10BE738E,0x00000039,func,fn_10BE738E
0x10BE73CC,0x00000057,func,fn_10BE73CC
0x10BE7423,0x00000050,func,fn_10BE7423
0x10BE7473,0x0000005C,func,fn_10BE7473
0x10BE74CF,0x00000083,func,fn_10BE74CF
0x10BE7552,0x0000007C,func,fn_10BE7552
0x10BE75CE,0x00000010,func,fn_10BE75CE
0x10BE75DE,0x00000065,func,fn_10BE75DE
0x10BE7643,0x00000065,func,fn_10BE7643
0x10BE76A8,0x0000002C,func,fn_10BE76A8
0x10BE76D4,0x00000013,func,fn_10BE76D4
0x10BE76E7,0x00000040,func,fn_10BE76E7
0x10BE7727,0x0000007C,func,fn_10BE7727
0x10BE77A3,0x00000035,func,fn_10BE77A3
0x10BE77D8,0x00000089,func,fn_10BE77D8
0x10BE7861,0x00000024,func,fn_10BE7861
0x10BE7885,0x00000023,func,fn_10BE7885
0x10BE78A8,0x000000A5,func,fn_10BE78A8
0x10BE794D,0x000000AD,func,fn_10BE794D
0x10BE79FA,0x000000AF,func,fn_10BE79FA
0x10BE7AA9,0x0000005E,func,fn_10BE7AA9
0x10BE7B07,0x00000044,func,fn_10BE7B07
0x10BE7B4B,0x0000002C,func,fn_10BE7B4B
0x10BE7B77,0x00000027,func,fn_10BE7B77
0x10BE7B9E,0x000000EA,func,fn_10BE7B9E
0x10BE7C88,0x00000027,func,fn_10BE7C88
0x10BE7CAF,0x00000027,func,fn_10BE7CAF
0x10BE7CD6,0x00000050,func,fn_10BE7CD6
0x10BE7D26,0x00000050,func,fn_10BE7D26
0x10BE7D76,0x000000F5,func,fn_10BE7D76
0x10BE7E81,0x0000018D,func,fn_10BE7E81
0x10BE800F,0x00000208,func,fn_10BE800F
0x10BE8217,0x00000005,func,fn_10BE8217
0x10BE821C,0x00000018,func,fn_10BE821C
0x10BE8234,0x000000B3,func,fn_10BE8234
0x10BE82E7,0x00000184,func,fn_10BE82E7
0x10BE846B,0x00000037,func,fn_10BE846B
0x10BE84A2,0x00000028,func,fn_10BE84A2
0x10BE84CA,0x00000134,func,fn_10BE84CA
0x10BE85FE,0x0000009F,func,fn_10BE85FE
0x10BE869D,0x0000001C,func,fn_10BE869D
0x10BE86B9,0x00000073,func,fn_10BE86B9
0x10BE872C,0x00000072,func,fn_10BE872C
0x10BE879E,0x00000021,func,fn_10BE879E
0x10BE87BF,0x00000057,func,fn_10BE87BF
0x10BE8816,0x00000029,func,fn_10BE8816
0x10BE883F,0x0000002D,func,fn_10BE883F
0x10BE886C,0x0000002A,func,fn_10BE886C
0x10BE8896,0x00000021,func,fn_10BE8896
0x10BE88B7,0x00000014,func,fn_10BE88B7
0x10BE88CB,0x00000018,func,fn_10BE88CB
0x10BE88E3,0x00000022,func,fn_10BE88E3
0x10BE8905,0x0000004F,func,fn_10BE8905
0x10BE8954,0x00000022,func,fn_10BE8954
0x10BE8976,0x00000021,func,fn_10BE8976
0x10BE8997,0x0000005A,func,fn_10BE8997
0x10BE89F1,0x0000005A,func,fn_10BE89F1
0x10BE8A4B,0x0000002E,func,fn_10BE8A4B
0x10BE8A79,0x00000027,func,fn_10BE8A79
0x10BE8AA0,0x0000002A,func,fn_10BE8AA0
0x10BE8ACA,0x000000A9,func,fn_10BE8ACA
0x10BE8B73,0x00000049,func,fn_10BE8B73
0x10BE8BBC,0x000000BE,func,fn_10BE8BBC
0x10BE8C7A,0x00000020,func,fn_10BE8C7A
0x10BE8C9A,0x00000020,func,fn_10BE8C9A
0x10BE8CBA,0x0000006B,func,fn_10BE8CBA
0x10BE8D25,0x00000048,func,fn_10BE8D25
0x10BE8D6D,0x0000002F,func,fn_10BE8D6D
0x10BE8D9C,0x00000060,func,fn_10BE8D9C
0x10BE8DFC,0x0000002B,func,fn_10BE8DFC
0x10BE8E27,0x00000055,func,fn_10BE8E27
0x10BE8E7C,0x00000042,func,fn_10BE8E7C
0x10BE8EBE,0x00000042,func,fn_10BE8EBE
0x10BE8F00,0x00000038,func,fn_10BE8F00
0x10BE8F38,0x0000001F,func,fn_10BE8F38
0x10BE8F57,0x00000033,func,fn_10BE8F57
0x10BE8F8A,0x00000051,func,fn_10BE8F8A
0x10BE8FDB,0x00000015,func,fn_10BE8FDB
0x10BE8FF0,0x00000014,func,fn_10BE8FF0
0x10BE9004,0x0000008F,func,fn_10BE9004
0x10BE90C6,0x00000021,func,fn_10BE90C6
0x10BE90E7,0x000000C4,func,fn_10BE90E7
0x10BE91AB,0x0000002D,func,fn_10BE91AB
0x10BE91D8,0x0000002C,func,fn_10BE91D8
0x10BE9204,0x00000034,func,fn_10BE9204
0x10BE9238,0x00000042,func,fn_10BE9238
0x10BE927A,0x0000001E,func,fn_10BE927A
0x10BE9298,0x00000022,func,fn_10BE9298
0x10BE92BA,0x00000024,func,fn_10BE92BA
0x10BE92DE,0x00000010,func,fn_10BE92DE
0x10BE92EE,0x00000045,func,fn_10BE92EE
0x10BE9333,0x00000031,func,fn_10BE9333
0x10BE9397,0x00000070,func,fn_10BE9397
0x10BE9407,0x00000179,func,fn_10BE9407
0x10BE9580,0x00000030,func,fn_10BE9580
0x10BE95B0,0x0000002F,func,fn_10BE95B0
0x10BE95DF,0x0000001E,func,fn_10BE95DF
0x10BE95FD,0x00000041,func,fn_10BE95FD
0x10BE963E,0x00000063,func,fn_10BE963E
0x10BE96A1,0x00000162,func,fn_10BE96A1
0x10BE9804,0x0000008E,func,fn_10BE9804
0x10BE9892,0x00000081,func,fn_10BE9892
0x10BE9913,0x00000068,func,fn_10BE9913
0x10BE997B,0x0000000B,func,fn_10BE997B
0x10BE9986,0x00000084,func,fn_10BE9986
0x10BE9A0A,0x0000006F,func,fn_10BE9A0A
0x10BE9A79,0x0000005B,func,fn_10BE9A79
0x10BE9AD4,0x000000A5,func,fn_10BE9AD4
0x10BE9B79,0x0000013F,func,fn_10BE9B79
0x10BE9CB8,0x0000007C,func,fn_10BE9CB8
0x10BE9D34,0x000000F8,func,fn_10BE9D34
0x10BE9E2C,0x0000007A,func,fn_10BE9E2C
0x10BE9EA6,0x0000007A,func,fn_10BE9EA6
0x10BE9F20,0x00000070,func,fn_10BE9F20
0x10BE9F90,0x00000018,func,fn_10BE9F90
0x10BE9FA8,0x000000B1,func,fn_10BE9FA8
0x10BEA059,0x000000C1,func,fn_10BEA059
0x10BEA11A,0x000000A6,func,fn_10BEA11A
0x10BEA1C0,0x0000005F,func,fn_10BEA1C0
0x10BEA21F,0x0000005F,func,fn_10BEA21F
0x10BEA27E,0x00000142,func,fn_10BEA27E
0x10BEA3C0,0x0000031E,func,fn_10BEA3C0
0x10BEA7C9,0x000000EF,func,fn_10BEA7C9
0x10BEA8B8,0x000000DA,func,fn_10BEA8B8
0x10BEA992,0x00000023,func,fn_10BEA992
0x10BEA9B5,0x00000053,func,fn_10BEA9B5
0x10BEAA08,0x0000002C,func,fn_10BEAA08
0x10BEAA34,0x000000C4,func,fn_10BEAA34
0x10BEAAF8,0x0000030A,func,fn_10BEAAF8
0x10BEAE02,0x00000065,func,fn_10BEAE02
0x10BEAE67,0x00000037,func,fn_10BEAE67
0x10BEAE9E,0x00000027,func,fn_10BEAE9E
0x10BEAEC5,0x0000011F,func,fn_10BEAEC5
0x10BEAFE4,0x0000004E,func,fn_10BEAFE4
0x10BEB032,0x000000A8,func,fn_10BEB032
0x10BEB0DB,0x00000030,func,fn_10BEB0DB
0x10BEB10B,0x00000046,func,fn_10BEB10B
0x10BEB151,0x0000003B,func,fn_10BEB151
0x10BEB18C,0x000000BB,func,fn_10BEB18C
0x10BEB247,0x0000003E,func,fn_10BEB247
0x10BEB285,0x00000034,func,fn_10BEB285
0x10BEB2B9,0x00000036,func,fn_10BEB2B9
0x10BEB2EF,0x00000031,func,fn_10BEB2EF
0x10BEB320,0x0000004A,func,fn_10BEB320
0x10BEB36A,0x0000004B,func,fn_10BEB36A
0x10BEB3B5,0x00000027,func,fn_10BEB3B5
0x10BEB3DC,0x0000002F,func,fn_10BEB3DC
0x10BEB40B,0x00000014,func,fn_10BEB40B
0x10BEB41F,0x00000147,func,fn_10BEB41F
0x10BEB567,0x0000001F,func,fn_10BEB567
0x10BEB586,0x0000008D,func,fn_10BEB586
0x10BEB613,0x0000040D,func,fn_10BEB613
0x10BEBA20,0x0000009B,func,fn_10BEBA20
0x10BEBD24,0x000001FC,func,fn_10BEBD24
0x10BEBF21,0x0000001D,func,fn_10BEBF21
0x10BEBF3E,0x000000BF,func,fn_10BEBF3E
0x10BEBFFD,0x00000136,func,fn_10BEBFFD
0x10BEC133,0x0000009C,func,fn_10BEC133
0x10BEC1CF,0x00000026,func,fn_10BEC1CF
0x10BEC1F5,0x00000031,func,fn_10BEC1F5
0x10BEC226,0x00000016,func,fn_10BEC226
0x10BEC297,0x0000000F,func,fn_10BEC297
0x10BEC2A6,0x00000006,func,fn_10BEC2A6
0x10BEC2AC,0x000000BB,func,fn_10BEC2AC
0x10BEC367,0x0000006C,func,fn_10BEC367
0x10BEC3D3,0x00000037,func,fn_10BEC3D3
0x10BEC40A,0x0000007A,func,fn_10BEC40A
0x10BEC484,0x00000020,func,fn_10BEC484
0x10BEC4A4,0x00000032,func,fn_10BEC4A4
0x10BEC4D6,0x00000020,func,fn_10BEC4D6
0x10BEC4F6,0x0000002E,func,fn_10BEC4F6
0x10BEC524,0x00000020,func,fn_10BEC524
0x10BEC544,0x00000032,func,fn_10BEC544
0x10BEC576,0x00000020,func,fn_10BEC576
0x10BEC596,0x0000002E,func,fn_10BEC596
0x10BEC5C4,0x00000020,func,fn_10BEC5C4
0x10BEC5E4,0x0000002E,func,fn_10BEC5E4
0x10BEC612,0x00000020,func,fn_10BEC612
0x10BEC632,0x00000032,func,fn_10BEC632
0x10BEC664,0x00000020,func,fn_10BEC664
0x10BEC684,0x00000032,func,fn_10BEC684
0x10BEC6B6,0x00000020,func,fn_10BEC6B6
0x10BEC6D6,0x0000000A,func,fn_10BEC6D6
0x10BEC70D,0x0000002E,func,fn_10BEC70D
0x10BEC746,0x00000013,func,fn_10BEC746
0x10BEC759,0x000000CF,func,fn_10BEC759
0x10BEC85B,0x0000004F,func,fn_10BEC85B
0x10BEC8AA,0x0000006A,func,fn_10BEC8AA
0x10BEC9B8,0x0000002B,func,fn_10BEC9B8
0x10BEC9E3,0x00000058,func,fn_10BEC9E3
0x10BECCAF,0x0000003D,func,fn_10BECCAF
0x10BECCEC,0x0000006A,func,fn_10BECCEC
0x10BECD56,0x00000015,func,fn_10BECD56
0x10BECE96,0x00000015,func,fn_10BECE96
0x10BECECA,0x00000015,func,fn_10BECECA
0x10BECF82,0x00000015,func,fn_10BECF82
0x10BED102,0x00000015,func,fn_10BED102
0x10BED28A,0x0000000F,func,fn_10BED28A
0x10BED299,0x0000006A,func,fn_10BED299
0x10BED5B7,0x0000000F,func,fn_10BED5B7
0x10BED5C6,0x0000006A,func,fn_10BED5C6
0x10BEE23C,0x0000006A,func,fn_10BEE23C
0x10BEE904,0x0000006A,func,fn_10BEE904
0x10BEEC17,0x0000001F,func,fn_10BEEC17
0x10BEEC36,0x0000006A,func,fn_10BEEC36
0x10BEECCE,0x00000020,func,fn_10BEECCE
0x10BEED26,0x0000008D,func,fn_10BEED26
0x10BEEE0C,0x00000015,func,fn_10BEEE0C
0x10BEEE21,0x0000001C,func,fn_10BEEE21
0x10BEEE3D,0x0000000F,func,fn_10BEEE3D
0x10BEEE4C,0x0000006A,func,fn_10BEEE4C
0x10BEEF4E,0x0000004A,func,fn_10BEEF4E
0x10BEEF98,0x0000000F,func,fn_10BEEF98
0x10BEEFA7,0x0000006A,func,fn_10BEEFA7
0x10BEF0A0,0x00000030,func,fn_10BEF0A0
0x10BEF0EF,0x00000045,func,fn_10BEF0EF
0x10BEF134,0x0000000C,func,fn_10BEF134
0x10BEF140,0x00000007,func,fn_10BEF140
0x10BEF147,0x00000007,func,fn_10BEF147
0x10BEF2A1,0x00000020,func,fn_10BEF2A1
0x10BEF30C,0x00000025,func,fn_10BEF30C
0x10BEF340,0x00000018,func,fn_10BEF340
0x10BEF358,0x00000018,func,fn_10BEF358
0x10BEF370,0x00000025,func,fn_10BEF370
0x10BEF3C2,0x00000025,func,fn_10BEF3C2
0x10BEF3F6,0x00000025,func,fn_10BEF3F6
0x10BEF42A,0x00000025,func,fn_10BEF42A
0x10BEF46D,0x00000018,func,fn_10BEF46D
0x10BEF485,0x00000018,func,fn_10BEF485
0x10BEF49D,0x0000002C,func,fn_10BEF49D
0x10BEF4E7,0x00000025,func,fn_10BEF4E7
0x10BEF51B,0x0000005F,func,fn_10BEF51B
0x10BEF57A,0x0000002C,func,fn_10BEF57A
0x10BEF5A6,0x00000020,func,fn_10BEF5A6
0x10BEF5C6,0x00000021,func,fn_10BEF5C6
0x10BEF5E7,0x0000001E,func,fn_10BEF5E7
0x10BEF605,0x00000090,func,fn_10BEF605
0x10BEF695,0x0000001A,func,fn_10BEF695
0x10BEF6AF,0x0000001A,func,fn_10BEF6AF
0x10BEF6C9,0x0000001A,func,fn_10BEF6C9
0x10BEF6E3,0x0000001A,func,fn_10BEF6E3
0x10BEF6FD,0x0000002C,func,fn_10BEF6FD
0x10BEF729,0x0000002C,func,fn_10BEF729
0x10BEF824,0x0000004D,func,fn_10BEF824
0x10BF00A0,0x00000048,func,fn_10BF00A0
0x10BF01AF,0x00000044,func,fn_10BF01AF
0x10BF02B3,0x0000003F,func,fn_10BF02B3
0x10BF03B2,0x00000044,func,fn_10BF03B2
0x10BF04EF,0x00000050,func,fn_10BF04EF
0x10BF07AC,0x00000063,func,fn_10BF07AC
0x10BF0915,0x0000011F,func,fn_10BF0915
0x10BF0A34,0x000000F7,func,fn_10BF0A34
0x10BF0B2B,0x00000056,func,fn_10BF0B2B
0x10BF0B81,0x000000D3,func,fn_10BF0B81
0x10BF0C54,0x000000D4,func,fn_10BF0C54
0x10BF0D28,0x00000066,func,fn_10BF0D28
0x10BF0D8E,0x0000000C,func,fn_10BF0D8E
0x10BF0D9A,0x00000249,func,fn_10BF0D9A
0x10BF10A5,0x0000018E,func,fn_10BF10A5
0x10BF1233,0x000000C7,func,fn_10BF1233
0x10BF12FA,0x00000018,func,fn_10BF12FA
0x10BF1312,0x00000071,func,fn_10BF1312
0x10BF1383,0x0000008D,func,fn_10BF1383
0x10BF1410,0x00000055,func,fn_10BF1410
0x10BF1465,0x00000159,func,fn_10BF1465
0x10BF15BE,0x000000BA,func,fn_10BF15BE
0x10BF1678,0x0000011B,func,fn_10BF1678
0x10BF1793,0x00000092,func,fn_10BF1793
0x10BF1825,0x000000E8,func,fn_10BF1825
0x10BF190D,0x000000CD,func,fn_10BF190D
0x10BF19DA,0x000000B0,func,fn_10BF19DA
0x10BF1A8A,0x0000026B,func,fn_10BF1A8A
0x10BF1CF5,0x00000025,func,fn_10BF1CF5
0x10BF1D1A,0x0000022B,func,fn_10BF1D1A
0x10BF1F45,0x00000116,func,fn_10BF1F45
0x10BF2197,0x000000B6,func,fn_10BF2197
0x10BF224D,0x00000325,func,fn_10BF224D
0x10BF2573,0x00000093,func,fn_10BF2573
0x10BF2606,0x0000008F,func,fn_10BF2606
0x10BF2695,0x0000005E,func,fn_10BF2695
0x10BF26F3,0x0000009C,func,fn_10BF26F3
0x10BF278F,0x0000004D,func,fn_10BF278F
0x10BF27DC,0x0000016A,func,fn_10BF27DC
0x10BF2946,0x000000DF,func,fn_10BF2946
0x10BF2A25,0x0000006A,func,fn_10BF2A25
0x10BF2B63,0x00000084,func,fn_10BF2B63
0x10BF2BE7,0x00000271,func,fn_10BF2BE7
0x10BF2E59,0x00000081,func,fn_10BF2E59
0x10BF2EDA,0x0000024D,func,fn_10BF2EDA
0x10BF3128,0x00000264,func,fn_10BF3128
0x10BF338C,0x0000011E,func,fn_10BF338C
0x10BF34AA,0x000000F5,func,fn_10BF34AA
0x10BF359F,0x00000083,func,fn_10BF359F
0x10BF372A,0x00000083,func,fn_10BF372A
0x10BF390E,0x000000C9,func,fn_10BF390E
0x10BF39D7,0x00000540,func,fn_10BF39D7
0x10BF3F17,0x0000011C,func,fn_10BF3F17
0x10BF4033,0x00000232,func,fn_10BF4033
0x10BF4265,0x00000252,func,fn_10BF4265
0x10BF44B7,0x0000007E,func,fn_10BF44B7
0x10BF4535,0x000000C9,func,fn_10BF4535
0x10BF45FE,0x0000009F,func,fn_10BF45FE
0x10BF469D,0x00000078,func,fn_10BF469D
0x10BF4715,0x000000FA,func,fn_10BF4715
0x10BF480F,0x0000005C,func,fn_10BF480F
0x10BF486B,0x0000001F,func,fn_10BF486B
0x10BF488A,0x0000030F,func,fn_10BF488A
0x10BF4B99,0x000001B0,func,fn_10BF4B99
0x10BF4D49,0x0000019E,func,fn_10BF4D49
0x10BF4EE7,0x00000068,func,fn_10BF4EE7
0x10BF50D6,0x00000252,func,fn_10BF50D6
0x10BF5376,0x00000797,func,fn_10BF5376
0x10BF5D2B,0x0000082A,func,fn_10BF5D2B
0x10BF6555,0x000005C5,func,fn_10BF6555
0x10BF6B1A,0x00000090,func,fn_10BF6B1A
0x10BF6BAA,0x000000D7,func,fn_10BF6BAA
0x10BF6C81,0x00000081,func,fn_10BF6C81
0x10BF6D02,0x00000119,func,fn_10BF6D02
0x10BF6E1B,0x00000119,func,fn_10BF6E1B
0x10BF6F34,0x00000266,func,fn_10BF6F34
0x10BF719A,0x000000C6,func,fn_10BF719A
0x10BF7260,0x0000042C,func,fn_10BF7260
0x10BF768C,0x000000C8,func,fn_10BF768C
0x10BF7754,0x000001F5,func,fn_10BF7754
0x10BF7949,0x000000C5,func,fn_10BF7949
0x10BF7A0E,0x00000109,func,fn_10BF7A0E
0x10BF7B17,0x00000008,func,fn_10BF7B17
0x10BF7B1F,0x0000013A,func,fn_10BF7B1F
0x10BF7C59,0x00000AEC,func,fn_10BF7C59
0x10BF958A,0x0000013C,func,fn_10BF958A
0x10BF96C6,0x00000013,func,fn_10BF96C6
0x10BF96D9,0x00000011,func,fn_10BF96D9
0x10BF96EA,0x00000037,func,fn_10BF96EA
0x10BF9721,0x00000037,func,fn_10BF9721
0x10BF9758,0x00000015,func,fn_10BF9758
0x10BF976D,0x0000001B,func,fn_10BF976D
0x10BF9788,0x00000040,func,fn_10BF9788
0x10BF97C8,0x00000040,func,fn_10BF97C8
0x10BF9808,0x00000032,func,fn_10BF9808
0x10BF983A,0x00000075,func,fn_10BF983A
0x10BF98AF,0x0000003D,func,fn_10BF98AF
0x10BF98EC,0x00000270,func,fn_10BF98EC
0x10BF9E55,0x00000060,func,fn_10BF9E55
0x10BF9EB5,0x00000060,func,fn_10BF9EB5
0x10BF9F15,0x00000F15,func,fn_10BF9F15
0x10BFB00D,0x000000ED,func,fn_10BFB00D
0x10BFB0FA,0x00000075,func,fn_10BFB0FA
0x10BFB16F,0x00000092,func,fn_10BFB16F
0x10BFB201,0x000000CA,func,fn_10BFB201
0x10BFB2CB,0x000000AC,func,fn_10BFB2CB
0x10BFB377,0x00000008,func,fn_10BFB377
0x10BFB37F,0x00000016,func,fn_10BFB37F
0x10BFB395,0x00000070,func,fn_10BFB395
0x10BFB405,0x00000050,func,fn_10BFB405
0x10BFB455,0x0000006E,func,fn_10BFB455
0x10BFB4C3,0x00000035,func,fn_10BFB4C3
0x10BFB4F8,0x0000002C,func,fn_10BFB4F8
0x10BFB524,0x00000093,func,fn_10BFB524
0x10BFB5B7,0x0000001E,func,fn_10BFB5B7
0x10BFB5D5,0x0000001F,func,fn_10BFB5D5
0x10BFB5F4,0x00000025,func,fn_10BFB5F4
0x10BFB619,0x000001EF,func,fn_10BFB619
0x10BFB808,0x000000CD,func,fn_10BFB808
0x10BFB8D5,0x00000095,func,fn_10BFB8D5
0x10BFB96A,0x0000003D,func,fn_10BFB96A
0x10BFB9A7,0x00000085,func,fn_10BFB9A7
0x10BFBB1B,0x00000056,func,fn_10BFBB1B
0x10BFBBE5,0x00000126,func,fn_10BFBBE5
0x10BFBD0B,0x0000008F,func,fn_10BFBD0B
0x10BFBD9A,0x000000A3,func,fn_10BFBD9A
0x10BFBE3D,0x0000003D,func,fn_10BFBE3D
0x10BFBFCF,0x00000030,func,fn_10BFBFCF
0x10BFBFFF,0x00000030,func,fn_10BFBFFF
0x10BFC02F,0x0000002C,func,fn_10BFC02F
0x10BFC05B,0x0000003D,func,fn_10BFC05B
0x10BFC098,0x00000047,func,fn_10BFC098
0x10BFC0DF,0x00000053,func,fn_10BFC0DF
0x10BFC132,0x00000054,func,fn_10BFC132
0x10BFC186,0x00000065,func,fn_10BFC186
0x10BFC1EB,0x0000005F,func,fn_10BFC1EB
0x10BFC24A,0x000000EE,func,fn_10BFC24A
0x10BFC338,0x000000C2,func,fn_10BFC338
0x10BFC3FA,0x0000003F,func,fn_10BFC3FA
0x10BFC439,0x0000003E,func,fn_10BFC439
0x10BFC477,0x00000211,func,fn_10BFC477
0x10BFC688,0x00000046,func,fn_10BFC688
0x10BFC89F,0x00000109,func,fn_10BFC89F
0x10BFC9A8,0x000000AF,func,fn_10BFC9A8
0x10BFCA57,0x0000022E,func,fn_10BFCA57
0x10BFCC85,0x00000047,func,fn_10BFCC85
0x10BFCCCC,0x000000BE,func,fn_10BFCCCC
0x10BFCD8A,0x000000A5,func,fn_10BFCD8A
0x10BFCE2F,0x00000096,func,fn_10BFCE2F
0x10BFCEC5,0x000000B7,func,fn_10BFCEC5
0x10BFCF7C,0x000000EB,func,fn_10BFCF7C
0x10BFD665,0x000001E5,func,fn_10BFD665
0x10BFD84A,0x000001FD,func,fn_10BFD84A
0x10BFDA47,0x00000141,func,fn_10BFDA47
0x10BFDB88,0x000002A5,func,fn_10BFDB88
0x10BFDE2D,0x0000011A,func,fn_10BFDE2D
0x10BFDF47,0x00000787,func,fn_10BFDF47
0x10BFE6CE,0x00000036,func,fn_10BFE6CE
0x10BFE704,0x0000008F,func,fn_10BFE704
0x10BFE793,0x00000024,func,fn_10BFE793
0x10BFEAC1,0x00000091,func,fn_10BFEAC1
0x10BFEB52,0x000000A5,func,fn_10BFEB52
0x10BFEBF7,0x0000007B,func,fn_10BFEBF7
0x10BFEC72,0x000000D3,func,fn_10BFEC72
0x10BFED45,0x0000000E,func,fn_10BFED45
0x10BFED53,0x00000059,func,fn_10BFED53
0x10BFEDAC,0x00000015,func,fn_10BFEDAC
0x10BFEDC1,0x00000024,func,fn_10BFEDC1
0x10BFEE89,0x00000011,func,fn_10BFEE89
0x10BFEE9A,0x00000011,func,fn_10BFEE9A
0x10BFEEAB,0x00000110,func,fn_10BFEEAB
0x10BFEFBB,0x000004A7,func,fn_10BFEFBB
0x10BFF4A8,0x00000008,func,fn_10BFF4A8
0x10BFF4B0,0x00000057,func,fn_10BFF4B0
0x10BFF507,0x00000101,func,fn_10BFF507
0x10BFF608,0x00000128,func,fn_10BFF608
0x10BFF730,0x00000055,func,fn_10BFF730
0x10BFF785,0x0000008C,func,fn_10BFF785
0x10BFF811,0x000000BB,func,fn_10BFF811
0x10BFF8CC,0x00000036,func,fn_10BFF8CC
0x10BFF902,0x0000005A,func,fn_10BFF902
0x10BFF95C,0x00000147,func,fn_10BFF95C
0x10BFFAA3,0x000000CF,func,fn_10BFFAA3
0x10BFFB72,0x00000008,func,fn_10BFFB72
0x10BFFB7A,0x00000008,func,fn_10BFFB7A
0x10BFFB82,0x0000018C,func,fn_10BFFB82
0x10BFFD0E,0x0000002D,func,fn_10BFFD0E
0x10BFFD3B,0x00000068,func,fn_10BFFD3B
0x10BFFDA3,0x00000006,func,fn_10BFFDA3
0x10BFFDA9,0x00000006,func,fn_10BFFDA9
0x10BFFDAF,0x00000025,func,fn_10BFFDAF
0x10BFFDD4,0x00000085,func,fn_10BFFDD4
0x10BFFE59,0x000001B1,func,fn_10BFFE59
0x10C0000A,0x0000029E,func,fn_10C0000A
0x10C00361,0x00000056,func,fn_10C00361
0x10C003B7,0x000000AD,func,fn_10C003B7
0x10C0050F,0x0000025C,func,fn_10C0050F
0x10C0076B,0x0000004B,func,fn_10C0076B
0x10C007B6,0x000000B1,func,fn_10C007B6
0x10C00867,0x0000004A,func,fn_10C00867
0x10C008B1,0x0000004F,func,fn_10C008B1
0x10C00900,0x00000063,func,fn_10C00900
0x10C00963,0x0000012B,func,fn_10C00963
0x10C00A8E,0x00000071,func,fn_10C00A8E
0x10C00AFF,0x0000008A,func,fn_10C00AFF
0x10C00B89,0x0000009D,func,fn_10C00B89
0x10C00C26,0x0000008A,func,fn_10C00C26
0x10C00CB0,0x000000C1,func,fn_10C00CB0
0x10C00D71,0x0000008B,func,fn_10C00D71
0x10C00DFC,0x00000086,func,fn_10C00DFC
0x10C00E82,0x000000C7,func,fn_10C00E82
0x10C00F49,0x000000B2,func,fn_10C00F49
0x10C00FFB,0x000000D4,func,fn_10C00FFB
0x10C010CF,0x0000018D,func,fn_10C010CF
0x10C0125C,0x0000028D,func,fn_10C0125C
0x10C0152C,0x00000078,func,fn_10C0152C
0x10C015A4,0x000001A7,func,fn_10C015A4
0x10C0174B,0x00000063,func,fn_10C0174B
0x10C017AE,0x000000DC,func,fn_10C017AE
0x10C0188A,0x00000300,func,fn_10C0188A
0x10C01B8A,0x0000004A,func,fn_10C01B8A
0x10C01BD4,0x0000017C,func,fn_10C01BD4
0x10C01D50,0x000001D2,func,fn_10C01D50
0x10C01F23,0x000002E7,func,fn_10C01F23
0x10C02767,0x0000006C,func,fn_10C02767
0x10C027D3,0x0000225C,func,fn_10C027D3
0x10C04BCC,0x000000ED,func,fn_10C04BCC
0x10C04CB9,0x000000B4,func,fn_10C04CB9
0x10C04D6D,0x00000042,func,fn_10C04D6D
0x10C04DAF,0x0000005B,func,fn_10C04DAF
0x10C04E0A,0x000000C9,func,fn_10C04E0A
0x10C04ED3,0x00000043,func,fn_10C04ED3
0x10C04F16,0x0000002E,func,fn_10C04F16
0x10C04F44,0x0000006B,func,fn_10C04F44
0x10C04FAF,0x00000188,func,fn_10C04FAF
0x10C05137,0x000000E0,func,fn_10C05137
0x10C05217,0x000000AB,func,fn_10C05217
0x10C052C2,0x000000B3,func,fn_10C052C2
0x10C05375,0x00000033,func,fn_10C05375
0x10C053A8,0x0000003F,func,fn_10C053A8
0x10C053E7,0x0000034B,func,fn_10C053E7
0x10C05732,0x00000137,func,fn_10C05732
0x10C05869,0x0000000D,func,fn_10C05869
0x10C05876,0x0000005A,func,fn_10C05876
0x10C058D0,0x0000009B,func,fn_10C058D0
0x10C0596B,0x00000105,func,fn_10C0596B
0x10C05A70,0x00000065,func,fn_10C05A70
0x10C05AD5,0x00000343,func,fn_10C05AD5
0x10C05E18,0x0000012C,func,fn_10C05E18
0x10C05F44,0x000002D1,func,fn_10C05F44
0x10C06215,0x00000076,func,fn_10C06215
0x10C0628B,0x00000035,func,fn_10C0628B
0x10C062C0,0x0000008B,func,fn_10C062C0
0x10C0634B,0x00000180,func,fn_10C0634B
0x10C064CB,0x000001F2,func,fn_10C064CB
0x10C066BD,0x000000C9,func,fn_10C066BD
0x10C067F1,0x000000FD,func,fn_10C067F1
0x10C068EE,0x000005C3,func,fn_10C068EE
0x10C06EB1,0x0000026C,func,fn_10C06EB1
0x10C0711D,0x00000072,func,fn_10C0711D
0x10C0718F,0x00000075,func,fn_10C0718F
0x10C07204,0x000002CC,func,fn_10C07204
0x10C074F8,0x000002A7,func,fn_10C074F8
0x10C0779F,0x00000043,func,fn_10C0779F
0x10C07803,0x00000064,func,fn_10C07803
0x10C07867,0x00000032,func,fn_10C07867
0x10C07899,0x0000004F,func,fn_10C07899
0x10C078E8,0x00000028,func,fn_10C078E8
0x10C07910,0x000001BE,func,fn_10C07910
0x10C07ACE,0x0000019E,func,fn_10C07ACE
0x10C07C6C,0x0000075E,func,fn_10C07C6C
0x10C083E7,0x0000016B,func,fn_10C083E7
0x10C08552,0x0000007B,func,fn_10C08552
0x10C085CD,0x00000005,func,fn_10C085CD
0x10C085D2,0x0000015D,func,fn_10C085D2
0x10C0872F,0x0000010D,func,fn_10C0872F
0x10C0883C,0x00000055,func,fn_10C0883C
0x10C08891,0x0000005E,func,fn_10C08891
0x10C088EF,0x0000002B,func,fn_10C088EF
0x10C0891A,0x0000007C,func,fn_10C0891A
0x10C08996,0x0000002D,func,fn_10C08996
0x10C089C3,0x0000004B,func,fn_10C089C3
0x10C08A0E,0x000001F4,func,fn_10C08A0E
0x10C08C02,0x00000012,func,fn_10C08C02
0x10C08C3D,0x0000005F,func,fn_10C08C3D
0x10C08C9C,0x00000043,func,fn_10C08C9C
0x10C08E38,0x00000310,func,fn_10C08E38
0x10C09148,0x0000003C,func,fn_10C09148
0x10C09184,0x000000DF,func,fn_10C09184
0x10C09263,0x00000124,func,fn_10C09263
0x10C09387,0x00000059,func,fn_10C09387
0x10C093E0,0x00000019,func,fn_10C093E0
0x10C093F9,0x00000011,func,fn_10C093F9
0x10C0940A,0x000000AA,func,fn_10C0940A
0x10C094B4,0x00000183,func,fn_10C094B4
0x10C0967C,0x00000011,func,fn_10C0967C
0x10C0968D,0x00000556,func,fn_10C0968D
0x10C09BE3,0x0000007F,func,fn_10C09BE3
0x10C09C62,0x0000001F,func,fn_10C09C62
0x10C09C81,0x0000011D,func,fn_10C09C81
0x10C09D9E,0x0000001C,func,fn_10C09D9E
0x10C09DBA,0x000000BB,func,fn_10C09DBA
0x10C09E75,0x000000D5,func,fn_10C09E75
0x10C09F4A,0x00000014,func,fn_10C09F4A
0x10C09F5E,0x000000D6,func,fn_10C09F5E
0x10C0A034,0x0000013C,func,fn_10C0A034
0x10C0A170,0x00000172,func,fn_10C0A170
0x10C0A2E2,0x0000074F,func,fn_10C0A2E2
0x10C0AA31,0x000000F3,func,fn_10C0AA31
0x10C0AB62,0x0000008B,func,fn_10C0AB62
0x10C0ABED,0x00000306,func,fn_10C0ABED
0x10C0AEF3,0x000000E2,func,fn_10C0AEF3
0x10C0AFD5,0x000000F1,func,fn_10C0AFD5
0x10C0B0C6,0x00000099,func,fn_10C0B0C6
0x10C0B15F,0x000001A1,func,fn_10C0B15F
0x10C0B300,0x000001C0,func,fn_10C0B300
0x10C0B4C0,0x000001D0,func,fn_10C0B4C0
0x10C0B690,0x0000006A,func,fn_10C0B690
0x10C0B6FA,0x000001D0,func,fn_10C0B6FA
0x10C0B8CA,0x00000987,func,fn_10C0B8CA
0x10C0C251,0x000008CA,func,fn_10C0C251
0x10C0CB1B,0x00000592,func,fn_10C0CB1B
0x10C0D0AD,0x0000020A,func,fn_10C0D0AD
0x10C0D32B,0x00000022,func,fn_10C0D32B
0x10C0D34D,0x00000016,func,fn_10C0D34D
0x10C0D363,0x0000009B,func,fn_10C0D363
0x10C0D3FE,0x00000057,func,fn_10C0D3FE
0x10C0D455,0x00000129,func,fn_10C0D455
0x10C0D57E,0x00000F3B,func,fn_10C0D57E
0x10C0E4B9,0x0000065E,func,fn_10C0E4B9
0x10C0EB17,0x00000315,func,fn_10C0EB17
0x10C0EE2C,0x00000020,func,fn_10C0EE2C
0x10C0EE4C,0x000002E2,func,fn_10C0EE4C
0x10C0F12E,0x00000020,func,fn_10C0F12E
0x10C0F14E,0x0000009F,func,fn_10C0F14E
0x10C0F1ED,0x000005E2,func,fn_10C0F1ED
0x10C0F7F9,0x00000025,func,fn_10C0F7F9
0x10C0F81E,0x00000064,func,fn_10C0F81E
0x10C0F882,0x000002AE,func,fn_10C0F882
0x10C0FC83,0x000001FE,func,fn_10C0FC83
0x10C0FE81,0x00000DFC,func,fn_10C0FE81
0x10C10C7D,0x00000014,func,fn_10C10C7D
0x10C10C91,0x00000003,func,fn_10C10C91
0x10C10C94,0x0000003E,func,fn_10C10C94
0x10C10CF1,0x00000082,func,fn_10C10CF1
0x10C10D73,0x000001FD,func,fn_10C10D73
0x10C10F70,0x0000005E,func,fn_10C10F70
0x10C10FCE,0x00000092,func,fn_10C10FCE
0x10C11060,0x00000036,func,fn_10C11060
0x10C11096,0x000000BE,func,fn_10C11096
0x10C111A2,0x0000002A,func,fn_10C111A2
0x10C111CC,0x0000004D,func,fn_10C111CC
0x10C11219,0x0000011D,func,fn_10C11219
0x10C11336,0x0000003B,func,fn_10C11336
0x10C11371,0x0000000A,func,fn_10C11371
0x10C1137B,0x0000001C,func,fn_10C1137B
0x10C11397,0x00000014,func,fn_10C11397
0x10C113AB,0x00000005,func,fn_10C113AB
0x10C113B0,0x00000037,func,fn_10C113B0
0x10C113E7,0x0000000C,func,fn_10C113E7
0x10C113F3,0x00000380,func,fn_10C113F3
0x10C11773,0x0000005C,func,fn_10C11773
0x10C117CF,0x000000CE,func,fn_10C117CF
0x10C1189D,0x00000027,func,fn_10C1189D
0x10C118C4,0x000000D5,func,fn_10C118C4
0x10C11999,0x00000146,func,fn_10C11999
0x10C11ADF,0x0000022F,func,fn_10C11ADF
0x10C11D0E,0x0000002B,func,fn_10C11D0E
0x10C11D39,0x00000005,func,fn_10C11D39
0x10C11D3E,0x000000CB,func,fn_10C11D3E
0x10C11E09,0x0000003E,func,fn_10C11E09
0x10C11E47,0x00000034,func,fn_10C11E47
0x10C11E7B,0x00000013,func,fn_10C11E7B
0x10C11E8E,0x0000020B,func,fn_10C11E8E
0x10C12099,0x000000FC,func,fn_10C12099
0x10C12195,0x0000001E,func,fn_10C12195
0x10C121B3,0x0000001C,func,fn_10C121B3
0x10C121CF,0x000000B0,func,fn_10C121CF
0x10C1227F,0x00000033,func,fn_10C1227F
0x10C122B2,0x0000001C,func,fn_10C122B2
0x10C122CE,0x000000EB,func,fn_10C122CE
0x10C123B9,0x0000005C,func,fn_10C123B9
0x10C12415,0x00000041,func,fn_10C12415
0x10C12456,0x0000001F,func,fn_10C12456
0x10C12475,0x0000007B,func,fn_10C12475
0x10C124F0,0x0000003C,func,fn_10C124F0
0x10C1252C,0x00000090,func,fn_10C1252C
0x10C125BC,0x00000028,func,fn_10C125BC
0x10C125E4,0x0000018A,func,fn_10C125E4
0x10C127B9,0x000000AE,func,fn_10C127B9
0x10C12867,0x000000AE,func,fn_10C12867
0x10C12915,0x0000010F,func,fn_10C12915
0x10C12A24,0x00000224,func,fn_10C12A24
0x10C12C48,0x00000072,func,fn_10C12C48
0x10C12CBA,0x0000002C,func,fn_10C12CBA
0x10C12CE6,0x00000037,func,fn_10C12CE6
0x10C12D1D,0x000000A0,func,fn_10C12D1D
0x10C12DBD,0x00000077,func,fn_10C12DBD
0x10C12E34,0x0000001C,func,fn_10C12E34
0x10C12E50,0x00000028,func,fn_10C12E50
0x10C12E78,0x00000045,func,fn_10C12E78
0x10C12EBD,0x0000007E,func,fn_10C12EBD
0x10C12F3B,0x000002D0,func,fn_10C12F3B
0x10C1320B,0x0000052C,func,fn_10C1320B
0x10C13737,0x00000254,func,fn_10C13737
0x10C1398B,0x0000019C,func,fn_10C1398B
0x10C13B27,0x000005BA,func,fn_10C13B27
0x10C140E1,0x000001E5,func,fn_10C140E1
0x10C142C6,0x00000135,func,fn_10C142C6
0x10C143FB,0x0000013D,func,fn_10C143FB
0x10C14538,0x00000149,func,fn_10C14538
0x10C14681,0x00000138,func,fn_10C14681
0x10C147B9,0x00000141,func,fn_10C147B9
0x10C148FA,0x000001F1,func,fn_10C148FA
0x10C14AEB,0x0000002D,func,fn_10C14AEB
0x10C14B18,0x000004CB,func,fn_10C14B18
0x10C14FE3,0x000000C7,func,fn_10C14FE3
0x10C150AA,0x00000031,func,fn_10C150AA
0x10C150DB,0x0000014A,func,fn_10C150DB
0x10C15225,0x0000015F,func,fn_10C15225
0x10C15384,0x000000DB,func,fn_10C15384
0x10C1545F,0x000001F1,func,fn_10C1545F
0x10C15650,0x00000124,func,fn_10C15650
0x10C15774,0x000000FF,func,fn_10C15774
0x10C15873,0x00000314,func,fn_10C15873
0x10C15B87,0x000001F8,func,fn_10C15B87
0x10C15D7F,0x00000042,func,fn_10C15D7F
0x10C15FE4,0x0000014D,func,fn_10C15FE4
0x10C16131,0x00000299,func,fn_10C16131
0x10C1642F,0x0000013A,func,fn_10C1642F
0x10C16569,0x0000029A,func,fn_10C16569
0x10C16803,0x0000004B,func,fn_10C16803
0x10C1684E,0x000001D3,func,fn_10C1684E
0x10C16A21,0x00000025,func,fn_10C16A21
0x10C16A46,0x0000015F,func,fn_10C16A46
0x10C16BA5,0x00000017,func,fn_10C16BA5
0x10C16BBC,0x0000001E,func,fn_10C16BBC
0x10C16BDA,0x0000008C,func,fn_10C16BDA
0x10C16C66,0x00000017,func,fn_10C16C66
0x10C16C7D,0x00000061,func,fn_10C16C7D
0x10C16CDE,0x000000A5,func,fn_10C16CDE
0x10C16D83,0x000000D6,func,fn_10C16D83
0x10C16E59,0x00000164,func,fn_10C16E59
0x10C16FBD,0x000000BF,func,fn_10C16FBD
0x10C1707C,0x000000CA,func,fn_10C1707C
0x10C17146,0x000000AB,func,fn_10C17146
0x10C171F1,0x0000014F,func,fn_10C171F1
0x10C17340,0x00000134,func,fn_10C17340
0x10C17474,0x000000DE,func,fn_10C17474
0x10C17552,0x00000029,func,fn_10C17552
0x10C1757B,0x00000029,func,fn_10C1757B
0x10C175A4,0x0000003B,func,fn_10C175A4
0x10C175DF,0x0000004C,func,fn_10C175DF
0x10C1762B,0x00000089,func,fn_10C1762B
0x10C176B4,0x00000019,func,fn_10C176B4
0x10C1772B,0x000003EF,func,fn_10C1772B
0x10C17B1A,0x00000022,func,fn_10C17B1A
0x10C17B3C,0x0000003C,func,fn_10C17B3C
0x10C17B78,0x00000037,func,fn_10C17B78
0x10C17BAF,0x0000004A,func,fn_10C17BAF
0x10C17BF9,0x0000027F,func,fn_10C17BF9
0x10C17E78,0x000000EB,func,fn_10C17E78
0x10C17F63,0x000001E4,func,fn_10C17F63
0x10C18147,0x0000016D,func,fn_10C18147
0x10C182B4,0x000001AA,func,fn_10C182B4
0x10C1873B,0x0000005C,func,fn_10C1873B
0x10C18797,0x00000034,func,fn_10C18797
0x10C187CB,0x000000C7,func,fn_10C187CB
0x10C18892,0x00000003,func,fn_10C18892
0x10C18895,0x00000025,func,fn_10C18895
0x10C188BA,0x0000013E,func,fn_10C188BA
0x10C189F8,0x00000033,func,fn_10C189F8
0x10C18A2B,0x0000002C,func,fn_10C18A2B
0x10C18A57,0x0000008C,func,fn_10C18A57
0x10C18AE3,0x00000046,func,fn_10C18AE3
0x10C18B29,0x0000002E,func,fn_10C18B29
0x10C18B57,0x00000043,func,fn_10C18B57
0x10C18B9A,0x00000128,func,fn_10C18B9A
0x10C18CC2,0x00000122,func,fn_10C18CC2
0x10C18DE4,0x000000C8,func,fn_10C18DE4
0x10C18EAC,0x00000038,func,fn_10C18EAC
0x10C18EE4,0x00000011,func,fn_10C18EE4
0x10C18EF5,0x00000034,func,fn_10C18EF5
0x10C18F29,0x00000049,func,fn_10C18F29
0x10C18F72,0x00000012,func,fn_10C18F72
0x10C18F84,0x0000000C,func,fn_10C18F84
0x10C18F90,0x00000071,func,fn_10C18F90
0x10C19001,0x00000109,func,fn_10C19001
0x10C1910A,0x0000002C,func,fn_10C1910A
0x10C19136,0x00000073,func,fn_10C19136
0x10C191A9,0x00000090,func,fn_10C191A9
0x10C19239,0x000001C1,func,fn_10C19239
0x10C193FA,0x000000BE,func,fn_10C193FA
0x10C194B8,0x0000037A,func,fn_10C194B8
0x10C19832,0x00000027,func,fn_10C19832
0x10C19859,0x0000002C,func,fn_10C19859
0x10C19885,0x0000004D,func,fn_10C19885
0x10C198D2,0x0000002D,func,fn_10C198D2
0x10C19936,0x00000086,func,fn_10C19936
0x10C199BC,0x0000004B,func,fn_10C199BC
0x10C19B6D,0x00000053,func,fn_10C19B6D
0x10C19BC0,0x000000C7,func,fn_10C19BC0
0x10C19C87,0x000000C9,func,fn_10C19C87
0x10C19D50,0x00000059,func,fn_10C19D50
0x10C19DA9,0x00000076,func,fn_10C19DA9
0x10C19E9A,0x0000004A,func,fn_10C19E9A
0x10C19FDB,0x0000005D,func,fn_10C19FDB
0x10C1A038,0x00000073,func,fn_10C1A038
0x10C1A1BB,0x00000070,func,fn_10C1A1BB
0x10C1A2D8,0x000000BE,func,fn_10C1A2D8
0x10C1A494,0x0000005D,func,fn_10C1A494
0x10C1A4F1,0x00000073,func,fn_10C1A4F1
0x10C1A79D,0x0000009B,func,fn_10C1A79D
0x10C1A838,0x000000D0,func,fn_10C1A838
0x10C1A908,0x00000301,func,fn_10C1A908
0x10C1AC5C,0x000002D1,func,fn_10C1AC5C
0x10C1AF2D,0x000003CD,func,fn_10C1AF2D
0x10C1B2FA,0x0000001B,func,fn_10C1B2FA
0x10C1B315,0x00000202,func,fn_10C1B315
0x10C1B517,0x0000008C,func,fn_10C1B517
0x10C1B5A3,0x00000033,func,fn_10C1B5A3
0x10C1B5D6,0x00000219,func,fn_10C1B5D6
0x10C1B7EF,0x00000019,func,fn_10C1B7EF
0x10C1B874,0x000000CB,func,fn_10C1B874
0x10C1B964,0x00000026,func,fn_10C1B964
0x10C1B98A,0x00000023,func,fn_10C1B98A
0x10C1B9AD,0x0000002D,func,fn_10C1B9AD
0x10C1B9DA,0x00000075,func,fn_10C1B9DA
0x10C1BA4F,0x00000020,func,fn_10C1BA4F
0x10C1BA6F,0x00000140,func,fn_10C1BA6F
0x10C1BBAF,0x00000084,func,fn_10C1BBAF
0x10C1BC33,0x00000045,func,fn_10C1BC33
0x10C1BC78,0x00000072,func,fn_10C1BC78
0x10C1BCEA,0x0000000E,func,fn_10C1BCEA
0x10C1BCF8,0x00000077,func,fn_10C1BCF8
0x10C1BD6F,0x0000004A,func,fn_10C1BD6F
0x10C1BDB9,0x00000004,func,fn_10C1BDB9
0x10C1BDC0,0x00000001,func,fn_10C1BDC0
0x10C1BDC1,0x00000005,func,fn_10C1BDC1
0x10C1BDC6,0x00000039,func,fn_10C1BDC6
0x10C1BDFF,0x000001E3,func,fn_10C1BDFF
0x10C1C02C,0x000000B9,func,fn_10C1C02C
0x10C1C0E5,0x0000008F,func,fn_10C1C0E5
0x10C1C174,0x0000001D,func,fn_10C1C174
0x10C1C1D4,0x0000017C,func,fn_10C1C1D4
0x10C1C350,0x000000A7,func,fn_10C1C350
0x10C1C3F7,0x00000A90,func,fn_10C1C3F7
0x10C1CE93,0x0000005E,func,fn_10C1CE93
0x10C1CEF1,0x00000018,func,fn_10C1CEF1
0x10C1CF09,0x00000003,func,fn_10C1CF09
0x10C1CF0C,0x00000027,func,fn_10C1CF0C
0x10C1CF33,0x00000026,func,fn_10C1CF33
0x10C1CF59,0x00000023,func,fn_10C1CF59
0x10C1CF7C,0x0000013A,func,fn_10C1CF7C
0x10C1D0B6,0x0000001E,func,fn_10C1D0B6
0x10C1D0D4,0x00000163,func,fn_10C1D0D4
0x10C1D25D,0x00000149,func,fn_10C1D25D
0x10C1D3CA,0x00000235,func,fn_10C1D3CA
0x10C1D5FF,0x000000ED,func,fn_10C1D5FF
0x10C1D6EC,0x00000276,func,fn_10C1D6EC
0x10C1D962,0x0000002F,func,fn_10C1D962
0x10C1D991,0x00000068,func,fn_10C1D991
0x10C1D9F9,0x00000035,func,fn_10C1D9F9
0x10C1DA2E,0x00000041,func,fn_10C1DA2E
0x10C1DA6F,0x000001E9,func,fn_10C1DA6F
0x10C1DC58,0x00000146,func,fn_10C1DC58
0x10C1DD9E,0x00000068,func,fn_10C1DD9E
0x10C1DE06,0x0000005C,func,fn_10C1DE06
0x10C1DE62,0x00000281,func,fn_10C1DE62
0x10C1E109,0x0000008A,func,fn_10C1E109
0x10C1E193,0x00000086,func,fn_10C1E193
0x10C1E3B7,0x0000003B,func,fn_10C1E3B7
0x10C1E3F2,0x00000019,func,fn_10C1E3F2
0x10C1E40B,0x00000060,func,fn_10C1E40B
0x10C1E46B,0x00000027,func,fn_10C1E46B
0x10C1E492,0x00000013,func,fn_10C1E492
0x10C1E4A5,0x00000011,func,fn_10C1E4A5
0x10C1E4B6,0x00000036,func,fn_10C1E4B6
0x10C1E4EC,0x00000098,func,fn_10C1E4EC
0x10C1E585,0x0000003A,func,fn_10C1E585
0x10C1E5BF,0x00000026,func,fn_10C1E5BF
0x10C1E5E5,0x000000F0,func,fn_10C1E5E5
0x10C1E6D5,0x00000064,func,fn_10C1E6D5
0x10C1E739,0x000000A7,func,fn_10C1E739
0x10C1E7E0,0x000000BE,func,fn_10C1E7E0
0x10C1E89E,0x00000067,func,fn_10C1E89E
0x10C1E905,0x000000AF,func,fn_10C1E905
0x10C1E9B5,0x0000024D,func,fn_10C1E9B5
0x10C1EC02,0x00000047,func,fn_10C1EC02
0x10C1EC49,0x0000001C,func,fn_10C1EC49
0x10C1EC65,0x00000212,func,fn_10C1EC65
0x10C1EE77,0x00000006,func,fn_10C1EE77
0x10C1EE7D,0x00000039,func,fn_10C1EE7D
0x10C1EEB6,0x0000001C,func,fn_10C1EEB6
0x10C1EED2,0x00000016,func,fn_10C1EED2
0x10C1EEE8,0x00000044,func,fn_10C1EEE8
0x10C1EF2C,0x00000043,func,fn_10C1EF2C
0x10C1EF6F,0x00000014,func,fn_10C1EF6F
0x10C1EF83,0x00000129,func,fn_10C1EF83
0x10C1F0AC,0x00000018,func,fn_10C1F0AC
0x10C1F0C4,0x00000018,func,fn_10C1F0C4
0x10C1F0DC,0x00000048,func,fn_10C1F0DC
0x10C1F125,0x0000001E,func,fn_10C1F125
0x10C1F143,0x00000078,func,fn_10C1F143
0x10C1F1BB,0x000000A2,func,fn_10C1F1BB
0x10C1F25D,0x00000044,func,fn_10C1F25D
0x10C1F2A1,0x0000001A,func,fn_10C1F2A1
0x10C1F2BB,0x00000016,func,fn_10C1F2BB
0x10C1F2D1,0x0000007B,func,fn_10C1F2D1
0x10C1F34C,0x0000007D,func,fn_10C1F34C
0x10C1F3C9,0x0000004C,func,fn_10C1F3C9
0x10C1F415,0x00000053,func,fn_10C1F415
0x10C1F469,0x00000108,func,fn_10C1F469
0x10C1F572,0x000001D4,func,fn_10C1F572
0x10C1F746,0x000000BC,func,fn_10C1F746
0x10C1F802,0x00000076,func,fn_10C1F802
0x10C1F878,0x0000000A,func,fn_10C1F878
0x10C1F882,0x0000004B,func,fn_10C1F882
0x10C1F8FC,0x0000000E,func,fn_10C1F8FC
0x10C1F90A,0x00000011,func,fn_10C1F90A
0x10C1F91B,0x0000005F,func,fn_10C1F91B
0x10C1F97A,0x0000002C,func,fn_10C1F97A
0x10C1F9A6,0x00000043,func,fn_10C1F9A6
0x10C1F9E9,0x0000005F,func,fn_10C1F9E9
0x10C1FA48,0x0000009F,func,fn_10C1FA48
0x10C1FAE7,0x000000A4,func,fn_10C1FAE7
0x10C1FB8B,0x00000049,func,fn_10C1FB8B
0x10C1FBD4,0x00000086,func,fn_10C1FBD4
0x10C1FC5B,0x00000030,func,fn_10C1FC5B
0x10C1FC8C,0x0000001D,func,fn_10C1FC8C
0x10C1FCA9,0x00000045,func,fn_10C1FCA9
0x10C1FCEF,0x0000001D,func,fn_10C1FCEF
0x10C1FD0C,0x0000005F,func,fn_10C1FD0C
0x10C1FD6B,0x000000D4,func,fn_10C1FD6B
0x10C1FE40,0x0000005D,func,fn_10C1FE40
0x10C1FE9D,0x00000026,func,fn_10C1FE9D
0x10C1FEC3,0x00000014,func,fn_10C1FEC3
0x10C1FED7,0x00000018,func,fn_10C1FED7
0x10C1FEEF,0x00000020,func,fn_10C1FEEF
0x10C1FF0F,0x00000129,func,fn_10C1FF0F
0x10C20038,0x000000BA,func,fn_10C20038
0x10C200F3,0x00000014,func,fn_10C200F3
0x10C20107,0x00000037,func,fn_10C20107
0x10C2013E,0x00000049,func,fn_10C2013E
0x10C20187,0x0000002F,func,fn_10C20187
0x10C201B6,0x00000017,func,fn_10C201B6
0x10C201CD,0x0000004A,func,fn_10C201CD
0x10C20217,0x00000013,func,fn_10C20217
0x10C2022A,0x00000118,func,fn_10C2022A
0x10C20342,0x00000034,func,fn_10C20342
0x10C20376,0x0000003B,func,fn_10C20376
0x10C203B1,0x00000061,func,fn_10C203B1
0x10C20412,0x00000036,func,fn_10C20412
0x10C20448,0x0000000B,func,fn_10C20448
0x10C20453,0x0000003A,func,fn_10C20453
0x10C2048D,0x000000B6,func,fn_10C2048D
0x10C20543,0x0000004C,func,fn_10C20543
0x10C2058F,0x00000062,func,fn_10C2058F
0x10C205F1,0x0000000C,func,fn_10C205F1
0x10C205FD,0x00000160,func,fn_10C205FD
0x10C2075D,0x0000008F,func,fn_10C2075D
0x10C207EC,0x00000353,func,fn_10C207EC
0x10C20B3F,0x00000058,func,fn_10C20B3F
0x10C20F79,0x000000FC,func,fn_10C20F79
0x10C21075,0x00000033,func,fn_10C21075
0x10C210A8,0x0000018B,func,fn_10C210A8
0x10C21233,0x00000024,func,fn_10C21233
0x10C21257,0x00000175,func,fn_10C21257
0x10C213CC,0x0000003E,func,fn_10C213CC
0x10C2140A,0x000002EB,func,fn_10C2140A
0x10C216F5,0x00000013,func,fn_10C216F5
0x10C21708,0x00000011,func,fn_10C21708
0x10C21719,0x0000000A,func,fn_10C21719
0x10C21732,0x00000041,func,fn_10C21732
0x10C21773,0x00000020,func,fn_10C21773
0x10C21793,0x00000025,func,fn_10C21793
0x10C217B8,0x0000002C,func,fn_10C217B8
0x10C217E4,0x00000019,func,fn_10C217E4
0x10C217FD,0x00000195,func,fn_10C217FD
0x10C21992,0x00000014,func,fn_10C21992
0x10C219A6,0x0000001E,func,fn_10C219A6
0x10C219C4,0x00000061,func,fn_10C219C4
0x10C21A25,0x00000038,func,fn_10C21A25
0x10C21A9A,0x00000022,func,fn_10C21A9A
0x10C21ABC,0x00000015,func,fn_10C21ABC
0x10C21AD1,0x00000032,func,fn_10C21AD1
0x10C21B03,0x000002F0,func,fn_10C21B03
0x10C21DF3,0x00000019,func,fn_10C21DF3
0x10C21E0C,0x000000E2,func,fn_10C21E0C
0x10C21EEE,0x000000E4,func,fn_10C21EEE
0x10C21FD2,0x000000F7,func,fn_10C21FD2
0x10C220C9,0x000001A2,func,fn_10C220C9
0x10C2226B,0x00000041,func,fn_10C2226B
0x10C222AC,0x00000018,func,fn_10C222AC
0x10C222C4,0x0000001E,func,fn_10C222C4
0x10C222E2,0x00000023,func,fn_10C222E2
0x10C22305,0x00000097,func,fn_10C22305
0x10C2239C,0x00000182,func,fn_10C2239C
0x10C2251E,0x0000009F,func,fn_10C2251E
0x10C225BD,0x0000006E,func,fn_10C225BD
0x10C2262B,0x00000096,func,fn_10C2262B
0x10C226C1,0x0000010E,func,fn_10C226C1
0x10C227CF,0x0000005C,func,fn_10C227CF
0x10C2282B,0x0000001B,func,fn_10C2282B
0x10C22846,0x00000154,func,fn_10C22846
0x10C2299A,0x0000015A,func,fn_10C2299A
0x10C22AF4,0x0000005D,func,fn_10C22AF4
0x10C22B51,0x00000067,func,fn_10C22B51
0x10C22BB8,0x0000002C,func,fn_10C22BB8
0x10C22BE4,0x0000015F,func,fn_10C22BE4
0x10C22D43,0x0000000E,func,fn_10C22D43
0x10C22D51,0x00000036,func,fn_10C22D51
0x10C22D87,0x00000031,func,fn_10C22D87
0x10C22DB8,0x000000CC,func,fn_10C22DB8
0x10C22E84,0x00000026,func,fn_10C22E84
0x10C22EAA,0x0000002F,func,fn_10C22EAA
0x10C22ED9,0x00000032,func,fn_10C22ED9
0x10C22F0B,0x00000098,func,fn_10C22F0B
0x10C22FA3,0x0000005E,func,fn_10C22FA3
0x10C23001,0x00000022,func,fn_10C23001
0x10C23023,0x0000001E,func,fn_10C23023
0x10C23041,0x0000002B,func,fn_10C23041
0x10C2306C,0x000000E5,func,fn_10C2306C
0x10C23151,0x0000002C,func,fn_10C23151
0x10C2317D,0x0000003C,func,fn_10C2317D
0x10C231B9,0x0000003D,func,fn_10C231B9
0x10C231F6,0x00000322,func,fn_10C231F6
0x10C23539,0x0000055B,func,fn_10C23539
0x10C23A94,0x00000136,func,fn_10C23A94
0x10C23BCA,0x00000076,func,fn_10C23BCA
0x10C23C40,0x00000044,func,fn_10C23C40
0x10C23C84,0x00000057,func,fn_10C23C84
0x10C23CDB,0x000001D1,func,fn_10C23CDB
0x10C23EAC,0x00000011,func,fn_10C23EAC
0x10C23EBD,0x00000012,func,fn_10C23EBD
0x10C23ECF,0x000000F4,func,fn_10C23ECF
0x10C23FC3,0x0000002E,func,fn_10C23FC3
0x10C23FF1,0x00000030,func,fn_10C23FF1
0x10C24021,0x00000160,func,fn_10C24021
0x10C24181,0x000000DE,func,fn_10C24181
0x10C2425F,0x0000005F,func,fn_10C2425F
0x10C242E6,0x00000185,func,fn_10C242E6
0x10C2446B,0x0000038A,func,fn_10C2446B
0x10C247F5,0x00000339,func,fn_10C247F5
0x10C24B2E,0x0000010C,func,fn_10C24B2E
0x10C24C3A,0x0000032B,func,fn_10C24C3A
0x10C24F65,0x000000A1,func,fn_10C24F65
0x10C25006,0x0000004E,func,fn_10C25006
0x10C25054,0x00000097,func,fn_10C25054
0x10C250EB,0x00000039,func,fn_10C250EB
0x10C25124,0x00000120,func,fn_10C25124
0x10C25244,0x00000008,func,fn_10C25244
0x10C2524C,0x00000095,func,fn_10C2524C
0x10C252E1,0x00000008,func,fn_10C252E1
0x10C252E9,0x00000041,func,fn_10C252E9
0x10C2532A,0x000000C8,func,fn_10C2532A
0x10C253F2,0x00000008,func,fn_10C253F2
0x10C253FA,0x00000007,func,fn_10C253FA
0x10C25401,0x00000015,func,fn_10C25401
0x10C25416,0x00000061,func,fn_10C25416
0x10C25477,0x000001AB,func,fn_10C25477
0x10C25634,0x0000001E,func,fn_10C25634
0x10C25652,0x00000043,func,fn_10C25652
0x10C25695,0x0000008D,func,fn_10C25695
0x10C25722,0x00000004,func,fn_10C25722
0x10C25735,0x00000005,func,fn_10C25735
0x10C2573A,0x00000011,func,fn_10C2573A
0x10C2574B,0x00000063,func,fn_10C2574B
0x10C257AE,0x0000001C,func,fn_10C257AE
0x10C257CA,0x0000005B,func,fn_10C257CA
0x10C25825,0x00000056,func,fn_10C25825
0x10C2587B,0x000000D8,func,fn_10C2587B
0x10C25953,0x0000010A,func,fn_10C25953
0x10C25A5D,0x00000161,func,fn_10C25A5D
0x10C25BBE,0x00000172,func,fn_10C25BBE
0x10C25FB4,0x00000172,func,fn_10C25FB4
0x10C263D3,0x0000009A,func,fn_10C263D3
0x10C265A2,0x0000006F,func,fn_10C265A2
0x10C26611,0x000001BB,func,fn_10C26611
0x10C267CC,0x00000093,func,fn_10C267CC
0x10C2685F,0x000000C7,func,fn_10C2685F
0x10C26ADD,0x00000180,func,fn_10C26ADD
0x10C26C5D,0x0000014A,func,fn_10C26C5D
0x10C26EC0,0x000000A7,func,fn_10C26EC0
0x10C26F67,0x000002D8,func,fn_10C26F67
0x10C2723F,0x00000137,func,fn_10C2723F
0x10C27376,0x000000C0,func,fn_10C27376
0x10C27436,0x000000A9,func,fn_10C27436
0x10C274DF,0x0000000D,func,fn_10C274DF
0x10C274EC,0x0000001E,func,fn_10C274EC
0x10C2750A,0x00000030,func,fn_10C2750A
0x10C2753A,0x0000002F,func,fn_10C2753A
0x10C27569,0x00000014,func,fn_10C27569
0x10C2757D,0x0000002A,func,fn_10C2757D
0x10C275A7,0x000000A7,func,fn_10C275A7
0x10C2764E,0x00000059,func,fn_10C2764E
0x10C276A7,0x0000000E,func,fn_10C276A7
0x10C276B5,0x0000002B,func,fn_10C276B5
0x10C276E0,0x00000017,func,fn_10C276E0
0x10C276F7,0x0000000F,func,fn_10C276F7
0x10C27706,0x00000030,func,fn_10C27706
0x10C27736,0x0000006B,func,fn_10C27736
0x10C277A1,0x0000001C,func,fn_10C277A1
0x10C277BD,0x00000025,func,fn_10C277BD
0x10C277E2,0x00000017,func,fn_10C277E2
0x10C277F9,0x00000059,func,fn_10C277F9
0x10C27852,0x00000082,func,fn_10C27852
0x10C278D4,0x0000001E,func,fn_10C278D4
0x10C278F2,0x000000A1,func,fn_10C278F2
0x10C27993,0x00000024,func,fn_10C27993
0x10C279B7,0x00000171,func,fn_10C279B7
0x10C27B28,0x0000002E,func,fn_10C27B28
0x10C27B56,0x00000146,func,fn_10C27B56
0x10C27C9C,0x000000A2,func,fn_10C27C9C
0x10C27D3F,0x0000003D,func,fn_10C27D3F
0x10C27D7C,0x00000148,func,fn_10C27D7C
0x10C27EC4,0x00000041,func,fn_10C27EC4
0x10C27F22,0x00000018,func,fn_10C27F22
0x10C27F3A,0x0000004B,func,fn_10C27F3A
0x10C27F85,0x000000C7,func,fn_10C27F85
0x10C2804C,0x00000027,func,fn_10C2804C
0x10C28073,0x0000008F,func,fn_10C28073
0x10C28102,0x00000024,func,fn_10C28102
0x10C28126,0x0000009B,func,fn_10C28126
0x10C281C1,0x0000016A,func,fn_10C281C1
0x10C2832B,0x00000064,func,fn_10C2832B
0x10C2838F,0x00000059,func,fn_10C2838F
0x10C283E8,0x00000059,func,fn_10C283E8
0x10C28475,0x00000055,func,fn_10C28475
0x10C284CA,0x0000004E,func,fn_10C284CA
0x10C28518,0x0000020A,func,fn_10C28518
0x10C28722,0x0000010B,func,fn_10C28722
0x10C2882D,0x0000000B,func,fn_10C2882D
0x10C28838,0x00000023,func,fn_10C28838
0x10C2885C,0x0000001B,func,fn_10C2885C
0x10C28880,0x0000007B,func,fn_10C28880
0x10C28900,0x00000021,func,fn_10C28900
0x10C28930,0x000000AA,func,fn_10C28930
0x10C289E0,0x00000068,func,fn_10C289E0
0x10C28A50,0x000000B2,func,fn_10C28A50
0x10C28B10,0x00000075,func,fn_10C28B10
0x10C28B90,0x0000001F,func,fn_10C28B90
0x10C28BB0,0x00000034,func,fn_10C28BB0
0x10C28BF0,0x00000045,func,fn_10C28BF0
0x10C28C35,0x00000014,func,fn_10C28C35
0x10C28C49,0x00000025,func,fn_10C28C49
0x10C28C70,0x000000DF,func,fn_10C28C70
0x10C28D50,0x000000AB,func,fn_10C28D50
0x10C28DFC,0x00000018,func,fn_10C28DFC
0x10C28E20,0x00000095,func,fn_10C28E20
0x10C28EC1,0x00000098,func,fn_10C28EC1
0x10C28F59,0x00000009,func,fn_10C28F59
0x10C28F62,0x00000017,func,fn_10C28F62
0x10C28F79,0x00000026,func,fn_10C28F79
0x10C28F9F,0x00000026,func,fn_10C28F9F
0x10C28FD0,0x00000035,func,fn_10C28FD0
0x10C29010,0x00000044,func,fn_10C29010
0x10C29060,0x000000BC,func,fn_10C29060
0x10C2911C,0x000000B3,func,fn_10C2911C
0x10C291CF,0x00000106,func,fn_10C291CF
0x10C292D6,0x00000016,func,fn_10C292D6
0x10C292EC,0x00000030,func,fn_10C292EC
0x10C2931C,0x00000012,func,fn_10C2931C
0x10C2A3B6,0x000010AA,func,fn_10C2A3B6
0x10B01AD8,0x00000007,data,str_10B01AD8
0x10B01B1C,0x0000000D,data,str_10B01B1C
0x10B01B2C,0x0000000A,data,str_10B01B2C
0x10B01B38,0x00000009,data,str_10B01B38
0x10B01B44,0x00000006,data,str_10B01B44
0x10B01B4C,0x0000000F,data,str_10B01B4C
0x10B01B60,0x00000056,data,wstr_10B01B60
0x10B01BB8,0x00000006,data,str_10B01BB8
0x10B01BC0,0x00000004,data,str_10B01BC0
0x10B01BC4,0x00000009,data,str_10B01BC4
0x10B01BD0,0x00000008,data,str_10B01BD0
0x10B01BF8,0x0000005E,data,wstr_10B01BF8
0x10B01C70,0x00000008,data,wstr_10B01C70
0x10B01C78,0x00000006,data,str_10B01C78
0x10B01C80,0x00000006,data,str_10B01C80
0x10B01C90,0x00000041,data,str_10B01C90
0x10B01CD4,0x00000009,data,str_10B01CD4
0x10B01CE0,0x00000009,data,str_10B01CE0
0x10B01CF0,0x00000058,data,wstr_10B01CF0
0x10B01D58,0x00000054,data,wstr_10B01D58
0x10B01DB0,0x0000005A,data,wstr_10B01DB0
0x10B01E10,0x00000052,data,wstr_10B01E10
0x10B01E64,0x00000010,data,str_10B01E64
0x10B01E74,0x00000012,data,str_10B01E74
0x10B01E88,0x0000000A,data,str_10B01E88
0x10B01E94,0x0000000F,data,str_10B01E94
0x10B01EA4,0x00000013,data,str_10B01EA4
0x10B01EB8,0x0000000C,data,str_10B01EB8
0x10B01EC4,0x00000010,data,str_10B01EC4
0x10B01ED4,0x00000016,data,str_10B01ED4
0x10B01EEC,0x00000010,data,str_10B01EEC
0x10B01EFC,0x00000013,data,str_10B01EFC
0x10B01F10,0x0000000B,data,str_10B01F10
0x10B01F1C,0x00000016,data,str_10B01F1C
0x10B01F34,0x0000000D,data,str_10B01F34
0x10B01F44,0x0000000C,data,str_10B01F44
0x10B01F50,0x00000009,data,str_10B01F50
0x10B01F5C,0x00000006,data,str_10B01F5C
0x10B01F64,0x0000000F,data,str_10B01F64
0x10B01F74,0x00000018,data,str_10B01F74
0x10B01F8C,0x0000000C,data,str_10B01F8C
0x10B01F98,0x00000010,data,str_10B01F98
0x10B01FA8,0x0000000B,data,str_10B01FA8
0x10B01FB4,0x0000000E,data,str_10B01FB4
0x10B01FC4,0x00000013,data,str_10B01FC4
0x10B01FD8,0x00000011,data,str_10B01FD8
0x10B01FEC,0x00000016,data,str_10B01FEC
0x10B02004,0x00000016,data,str_10B02004
0x10B0201C,0x00000016,data,str_10B0201C
0x10B02034,0x00000014,data,str_10B02034
0x10B02048,0x00000012,data,str_10B02048
0x10B0205C,0x00000017,data,str_10B0205C
0x10B02074,0x0000000D,data,str_10B02074
0x10B02084,0x0000000E,data,str_10B02084
0x10B02094,0x00000011,data,str_10B02094
0x10B020A8,0x0000000E,data,str_10B020A8
0x10B020B8,0x0000000C,data,str_10B020B8
0x10B020C4,0x00000017,data,str_10B020C4
0x10B020E0,0x0000005C,data,wstr_10B020E0
0x10B02140,0x0000005C,data,wstr_10B02140
0x10B021B0,0x0000005A,data,wstr_10B021B0
0x10B02210,0x0000005E,data,wstr_10B02210
0x10B02270,0x0000005C,data,wstr_10B02270
0x10B02300,0x0000005E,data,wstr_10B02300
0x10B02360,0x0000000C,data,str_10B02360
0x10B0236C,0x0000000A,data,str_10B0236C
0x10B02378,0x0000000E,data,str_10B02378
0x10B02388,0x0000000C,data,str_10B02388
0x10B02394,0x0000000F,data,str_10B02394
0x10B023A4,0x00000010,data,str_10B023A4
0x10B023B4,0x0000000E,data,str_10B023B4
0x10B023C4,0x0000000E,data,str_10B023C4
0x10B023D4,0x00000009,data,str_10B023D4
0x10B023E0,0x00000009,data,str_10B023E0
0x10B023EC,0x00000006,data,str_10B023EC
0x10B023F4,0x00000007,data,str_10B023F4
0x10B023FC,0x00000005,data,str_10B023FC
0x10B02404,0x00000015,data,str_10B02404
0x10B0241C,0x0000000E,data,str_10B0241C
0x10B02430,0x00000056,data,wstr_10B02430
0x10B024D0,0x00000005,data,str_10B024D0
0x10B024D8,0x0000000D,data,str_10B024D8
0x10B024E8,0x00000010,data,str_10B024E8
0x10B024F6,0x0000005C,data,wstr_10B024F6
0x10B02554,0x00000011,data,str_10B02554
0x10B02568,0x00000010,data,str_10B02568
0x10B02578,0x0000000F,data,str_10B02578
0x10B02588,0x00000018,data,str_10B02588
0x10B025A5,0x00000032,data,str_10B025A5
0x10B025F1,0x0000001E,data,str_10B025F1
0x10B02610,0x00000010,data,str_10B02610
0x10B02648,0x00000010,data,str_10B02648
0x10B02658,0x0000000C,data,str_10B02658
0x10B02664,0x00000014,data,str_10B02664
0x10B02678,0x00000016,data,str_10B02678
0x10B02690,0x00000010,data,str_10B02690
0x10B026A0,0x00000007,data,str_10B026A0
0x10B026A8,0x00000005,data,str_10B026A8
0x10B026B0,0x00000010,data,str_10B026B0
0x10B026C0,0x00000010,data,str_10B026C0
0x10B026D0,0x00000010,data,str_10B026D0
0x10B026E0,0x00000010,data,str_10B026E0
0x10B026F0,0x00000007,data,str_10B026F0
0x10B026F8,0x00000005,data,str_10B026F8
0x10B02700,0x00000005,data,str_10B02700
0x10B02708,0x00000009,data,str_10B02708
0x10B02714,0x00000007,data,str_10B02714
0x10B0271C,0x00000006,data,str_10B0271C
0x10B02724,0x00000006,data,str_10B02724
0x10B0272C,0x00000009,data,str_10B0272C
0x10B02738,0x00000007,data,str_10B02738
0x10B02740,0x00000007,data,str_10B02740
0x10B02748,0x00000006,data,str_10B02748
0x10B02750,0x00000005,data,str_10B02750
0x10B02758,0x00000006,data,str_10B02758
0x10B02760,0x00000006,data,str_10B02760
0x10B02768,0x00000005,data,str_10B02768
0x10B02770,0x00000007,data,str_10B02770
0x10B02778,0x00000005,data,str_10B02778
0x10B02780,0x00000006,data,str_10B02780
0x10B02788,0x00000007,data,str_10B02788
0x10B02790,0x00000005,data,str_10B02790
0x10B02798,0x00000006,data,str_10B02798
0x10B027A0,0x00000005,data,str_10B027A0
0x10B027A8,0x00000006,data,str_10B027A8
0x10B027B0,0x00000007,data,str_10B027B0
0x10B027B8,0x00000006,data,str_10B027B8
0x10B027C0,0x00000006,data,str_10B027C0
0x10B027C8,0x00000006,data,str_10B027C8
0x10B027D0,0x00000006,data,str_10B027D0
0x10B027D8,0x00000005,data,str_10B027D8
0x10B027E0,0x0000000A,data,str_10B027E0
0x10B027EC,0x00000008,data,str_10B027EC
0x10B027F4,0x0000000A,data,str_10B027F4
0x10B02800,0x00000009,data,str_10B02800
0x10B0280C,0x00000009,data,str_10B0280C
0x10B02818,0x00000008,data,str_10B02818
0x10B02820,0x00000004,data,str_10B02820
0x10B02824,0x0000000A,data,str_10B02824
0x10B02830,0x00000008,data,str_10B02830
0x10B02838,0x00000009,data,str_10B02838
0x10B02844,0x00000006,data,str_10B02844
0x10B0284C,0x00000008,data,str_10B0284C
0x10B02854,0x00000008,data,str_10B02854
0x10B0285C,0x00000008,data,str_10B0285C
0x10B02864,0x00000008,data,str_10B02864
0x10B0286C,0x00000008,data,str_10B0286C
0x10B02874,0x00000008,data,str_10B02874
0x10B0287C,0x00000005,data,str_10B0287C
0x10B02884,0x00000006,data,str_10B02884
0x10B0288C,0x00000005,data,str_10B0288C
0x10B02894,0x00000006,data,str_10B02894
0x10B0289C,0x00000005,data,str_10B0289C
0x10B028A4,0x00000006,data,str_10B028A4
0x10B028AC,0x00000006,data,str_10B028AC
0x10B028B4,0x00000007,data,str_10B028B4
0x10B028BC,0x00000005,data,str_10B028BC
0x10B028C4,0x00000006,data,str_10B028C4
0x10B028CC,0x00000005,data,str_10B028CC
0x10B028D4,0x00000006,data,str_10B028D4
0x10B028DC,0x00000005,data,str_10B028DC
0x10B028E4,0x00000006,data,str_10B028E4
0x10B028EC,0x00000008,data,str_10B028EC
0x10B028F4,0x00000007,data,str_10B028F4
0x10B028FC,0x00000006,data,str_10B028FC
0x10B02904,0x00000005,data,str_10B02904
0x10B0290C,0x00000004,data,str_10B0290C
0x10B02910,0x00000006,data,str_10B02910
0x10B02918,0x00000004,data,str_10B02918
0x10B0291C,0x00000005,data,str_10B0291C
0x10B02924,0x00000005,data,str_10B02924
0x10B0292C,0x00000004,data,str_10B0292C
0x10B02930,0x00000005,data,str_10B02930
0x10B02938,0x00000005,data,str_10B02938
0x10B02940,0x00000004,data,str_10B02940
0x10B02944,0x00000005,data,str_10B02944
0x10B0294C,0x00000006,data,str_10B0294C
0x10B02954,0x00000007,data,str_10B02954
0x10B0295C,0x00000005,data,str_10B0295C
0x10B02964,0x00000004,data,str_10B02964
0x10B02968,0x00000005,data,str_10B02968
0x10B02970,0x00000005,data,str_10B02970
0x10B02978,0x00000004,data,str_10B02978
0x10B0297C,0x00000005,data,str_10B0297C
0x10B02984,0x00000006,data,str_10B02984
0x10B0298C,0x00000005,data,str_10B0298C
0x10B02994,0x00000006,data,str_10B02994
0x10B0299C,0x00000006,data,str_10B0299C
0x10B029A4,0x00000009,data,str_10B029A4
0x10B029B0,0x00000005,data,str_10B029B0
0x10B029B8,0x00000005,data,str_10B029B8
0x10B029C0,0x00000005,data,str_10B029C0
0x10B029C8,0x00000006,data,str_10B029C8
0x10B029D0,0x00000004,data,str_10B029D0
0x10B029D4,0x00000005,data,str_10B029D4
0x10B029DC,0x00000005,data,str_10B029DC
0x10B029E4,0x00000006,data,str_10B029E4
0x10B029EC,0x00000005,data,str_10B029EC
0x10B029F4,0x00000006,data,str_10B029F4
0x10B029FC,0x00000005,data,str_10B029FC
0x10B12AF8,0x00000018,data,str_10B12AF8
0x10B12B10,0x00000004,data,str_10B12B10
0x10B12B14,0x00000019,data,str_10B12B14
0x10B12B30,0x00000004,data,str_10B12B30
0x10B12B34,0x00000012,data,str_10B12B34
0x10B12B48,0x00000004,data,str_10B12B48
0x10B12B4C,0x00000011,data,str_10B12B4C
0x10B12B64,0x00000029,data,str_10B12B64
0x10B12B94,0x00000012,data,str_10B12B94
0x10B12BAC,0x00000022,data,str_10B12BAC
0x10B12BD4,0x00000026,data,str_10B12BD4
0x10B12C00,0x00000020,data,str_10B12C00
0x10B12C20,0x00000007,data,str_10B12C20
0x10B12C28,0x0000001E,data,str_10B12C28
0x10B12C4C,0x00000022,data,str_10B12C4C
0x10B12C70,0x00000004,data,str_10B12C70
0x10B12E04,0x0000001A,data,str_10B12E04
0x10B12E20,0x00000026,data,str_10B12E20
0x10B12E4F,0x00000012,data,str_10B12E4F
0x10B12E7E,0x0000001D,data,str_10B12E7E
0x10B12E9E,0x00000029,data,str_10B12E9E
0x10B12EC8,0x00000004,data,str_10B12EC8
0x10B12ECC,0x00000008,data,str_10B12ECC
0x10B12EDC,0x0000000D,data,str_10B12EDC
0x10B12EEC,0x00000009,data,str_10B12EEC
0x10B12EFC,0x00000007,data,str_10B12EFC
0x10B12F04,0x00000005,data,str_10B12F04
0x10B12F0C,0x00000006,data,str_10B12F0C
0x10B12F14,0x0000000C,data,str_10B12F14
0x10B12F1E,0x00000058,data,wstr_10B12F1E
0x10B12F78,0x00000005,data,str_10B12F78
0x10B12F80,0x00000005,data,str_10B12F80
0x10B12F88,0x00000006,data,str_10B12F88
0x10B12F90,0x00000006,data,str_10B12F90
0x10B12F98,0x00000005,data,str_10B12F98
0x10B12FA0,0x00000012,data,wstr_10B12FA0
0x10B12FB4,0x0000000B,data,str_10B12FB4
0x10B12FC0,0x0000001A,data,str_10B12FC0
0x10B12FE0,0x0000000E,data,str_10B12FE0
0x10B12FF0,0x0000000E,data,str_10B12FF0
0x10B13000,0x00000005,data,str_10B13000
0x10B13008,0x00000006,data,str_10B13008
0x10B13038,0x0000001A,data,str_10B13038
0x10B13054,0x00000016,data,str_10B13054
0x10B1306C,0x00000006,data,str_10B1306C
0x10B13078,0x00000005,data,str_10B13078
0x10B13084,0x0000000E,data,str_10B13084
0x10B13094,0x0000000B,data,str_10B13094
0x10B130A0,0x0000000B,data,str_10B130A0
0x10B130AC,0x00000007,data,str_10B130AC
0x10B130B4,0x00000006,data,str_10B130B4
0x10B130BC,0x00000006,data,str_10B130BC
0x10B130C4,0x00000005,data,str_10B130C4
0x10B130CC,0x0000000E,data,str_10B130CC
0x10B130E8,0x00000007,data,str_10B130E8
0x10B130F5,0x00000006,data,str_10B130F5
0x10B130FC,0x0000000D,data,str_10B130FC
0x10B13110,0x00000005,data,str_10B13110
0x10B13118,0x00000006,data,str_10B13118
0x10B1312C,0x00000008,data,str_10B1312C
0x10B13135,0x0000000A,data,str_10B13135
0x10B13140,0x00000008,data,str_10B13140
0x10B1314B,0x00000008,data,str_10B1314B
0x10B13160,0x00000024,data,str_10B13160
0x10B13184,0x00000020,data,str_10B13184
0x10B131A4,0x0000001A,data,str_10B131A4
0x10B131C0,0x00000015,data,str_10B131C0
0x10B131D8,0x00000016,data,str_10B131D8
0x10B131F0,0x0000000B,data,str_10B131F0
0x10B131FC,0x0000001A,data,str_10B131FC
0x10B13218,0x0000000B,data,str_10B13218
0x10B13224,0x00000008,data,str_10B13224
0x10B1322C,0x0000000D,data,str_10B1322C
0x10B13240,0x00000004,data,str_10B13240
0x10B13244,0x0000000B,data,str_10B13244
0x10B13250,0x0000000A,data,str_10B13250
0x10B1325C,0x0000000B,data,str_10B1325C
0x10B1326C,0x0000002C,data,str_10B1326C
0x10B13298,0x0000001E,data,str_10B13298
0x10B132B8,0x00000026,data,str_10B132B8
0x10B132E0,0x00000007,data,str_10B132E0
0x10B132E8,0x00000006,data,str_10B132E8
0x10B132F0,0x00000008,data,str_10B132F0
0x10B132F6,0x00000058,data,wstr_10B132F6
0x10B13350,0x00000007,data,str_10B13350
0x10B13358,0x00000004,data,str_10B13358
0x10B13390,0x0000000B,data,str_10B13390
0x10B133A8,0x00000018,data,str_10B133A8
0x10B133C0,0x0000000F,data,str_10B133C0
0x10B133D0,0x00000014,data,str_10B133D0
0x10B133E4,0x0000001F,data,str_10B133E4
0x10B13404,0x0000001A,data,str_10B13404
0x10B13420,0x0000001C,data,str_10B13420
0x10B1343C,0x00000021,data,str_10B1343C
0x10B13460,0x00000023,data,str_10B13460
0x10B13484,0x00000022,data,str_10B13484
0x10B134A8,0x00000014,data,str_10B134A8
0x10B134BC,0x00000028,data,str_10B134BC
0x10B134E4,0x0000001D,data,str_10B134E4
0x10B13504,0x00000029,data,str_10B13504
0x10B13530,0x0000001F,data,str_10B13530
0x10B13550,0x00000010,data,str_10B13550
0x10B13560,0x00000012,data,str_10B13560
0x10B13574,0x0000000E,data,str_10B13574
0x10B13584,0x0000000B,data,str_10B13584
0x10B13590,0x0000000F,data,str_10B13590
0x10B135A0,0x00000012,data,str_10B135A0
0x10B135B4,0x00000011,data,str_10B135B4
0x10B135C8,0x0000000C,data,str_10B135C8
0x10B135D4,0x00000009,data,str_10B135D4
0x10B135E0,0x00000011,data,str_10B135E0
0x10B135F4,0x0000000B,data,str_10B135F4
0x10B13600,0x0000000A,data,str_10B13600
0x10B1360C,0x00000008,data,str_10B1360C
0x10B13614,0x00000006,data,str_10B13614
0x10B13620,0x00000008,data,str_10B13620
0x10B13626,0x00000056,data,wstr_10B13626
0x10B1367C,0x0000001C,data,wstr_10B1367C
0x10B13698,0x00000056,data,wstr_10B13698
0x10B136F0,0x0000001C,data,wstr_10B136F0
0x10B13828,0x00000056,data,wstr_10B13828
0x10B13880,0x00000007,data,str_10B13880
0x10B13888,0x00000008,data,str_10B13888
0x10B13890,0x0000000A,data,str_10B13890
0x10B1389C,0x0000000A,data,str_10B1389C
0x10B138A8,0x0000000A,data,wstr_10B138A8
0x10B138B4,0x0000000A,data,wstr_10B138B4
0x10B138E8,0x0000000C,data,str_10B138E8
0x10B138F4,0x00000010,data,str_10B138F4
0x10B13904,0x0000000B,data,str_10B13904
0x10B13910,0x00000017,data,str_10B13910
0x10B13928,0x0000000F,data,str_10B13928
0x10B13938,0x00000010,data,str_10B13938
0x10B13948,0x00000013,data,str_10B13948
0x10B1395C,0x0000002B,data,str_10B1395C
0x10B1398C,0x00000020,data,wstr_10B1398C
0x10B139AC,0x00000012,data,wstr_10B139AC
0x10B139C0,0x00000008,data,wstr_10B139C0
0x10B139C8,0x00000008,data,wstr_10B139C8
0x10B139D0,0x00000012,data,wstr_10B139D0
0x10B139E4,0x0000000A,data,wstr_10B139E4
0x10B139F0,0x00000014,data,wstr_10B139F0
0x10B13A04,0x0000001A,data,wstr_10B13A04
0x10B13A20,0x00000024,data,wstr_10B13A20
0x10B13A44,0x00000024,data,wstr_10B13A44
0x10B13A68,0x00000028,data,wstr_10B13A68
0x10B13A90,0x00000026,data,wstr_10B13A90
0x10B13AB8,0x0000001C,data,wstr_10B13AB8
0x10B13AD4,0x0000001C,data,wstr_10B13AD4
0x10B13AF0,0x00000016,data,wstr_10B13AF0
0x10B13B08,0x0000001C,data,wstr_10B13B08
0x10B13B24,0x00000024,data,wstr_10B13B24
0x10B13B48,0x00000014,data,wstr_10B13B48
0x10B13B5C,0x00000026,data,wstr_10B13B5C
0x10B13B84,0x00000016,data,wstr_10B13B84
0x10B13B9C,0x00000016,data,wstr_10B13B9C
0x10B13BB4,0x00000016,data,wstr_10B13BB4
0x10B13BCC,0x00000018,data,wstr_10B13BCC
0x10B13BE4,0x00000014,data,wstr_10B13BE4
0x10B13BF8,0x0000000C,data,wstr_10B13BF8
0x10B13C04,0x00000014,data,wstr_10B13C04
0x10B13C18,0x0000001A,data,wstr_10B13C18
0x10B13C34,0x00000012,data,wstr_10B13C34
0x10B13C48,0x0000000E,data,wstr_10B13C48
0x10B13C58,0x0000001A,data,wstr_10B13C58
0x10B13C74,0x0000001A,data,wstr_10B13C74
0x10B13C90,0x00000012,data,wstr_10B13C90
0x10B13CA4,0x00000010,data,wstr_10B13CA4
0x10B13CB4,0x0000000E,data,wstr_10B13CB4
0x10B13CC4,0x0000000E,data,wstr_10B13CC4
0x10B13CD4,0x00000010,data,wstr_10B13CD4
0x10B13CE4,0x0000000A,data,wstr_10B13CE4
0x10B13CF0,0x0000000A,data,wstr_10B13CF0
0x10B13CFC,0x0000000C,data,wstr_10B13CFC
0x10B13D08,0x00000018,data,wstr_10B13D08
0x10B13D20,0x00000008,data,wstr_10B13D20
0x10B13D28,0x0000000A,data,wstr_10B13D28
0x10B13D34,0x00000024,data,wstr_10B13D34
0x10B13D58,0x0000000E,data,wstr_10B13D58
0x10B13D68,0x00000020,data,wstr_10B13D68
0x10B13D88,0x0000002E,data,wstr_10B13D88
0x10B13DB8,0x00000026,data,wstr_10B13DB8
0x10B13DE0,0x0000000A,data,wstr_10B13DE0
0x10B13DEC,0x00000012,data,wstr_10B13DEC
0x10B13E00,0x0000000A,data,wstr_10B13E00
0x10B13E0C,0x0000000A,data,wstr_10B13E0C
0x10B13E18,0x0000000A,data,wstr_10B13E18
0x10B13E24,0x0000000A,data,wstr_10B13E24
0x10B13E30,0x0000000C,data,wstr_10B13E30
0x10B13E3C,0x0000000C,data,wstr_10B13E3C
0x10B13E48,0x0000000C,data,wstr_10B13E48
0x10B13E54,0x00000010,data,wstr_10B13E54
0x10B13E64,0x0000000A,data,wstr_10B13E64
0x10B13E70,0x00000018,data,wstr_10B13E70
0x10B13E88,0x00000018,data,wstr_10B13E88
0x10B13EA8,0x0000000A,data,wstr_10B13EA8
0x10B13EB4,0x0000000A,data,wstr_10B13EB4
0x10B13EC0,0x00000008,data,wstr_10B13EC0
0x10B13EC8,0x0000002E,data,wstr_10B13EC8
0x10B13EF8,0x0000003E,data,wstr_10B13EF8
0x10B13F38,0x0000000A,data,wstr_10B13F38
0x10B13F44,0x0000000A,data,wstr_10B13F44
0x10B13F50,0x0000000C,data,wstr_10B13F50
0x10B13F5C,0x00000008,data,wstr_10B13F5C
0x10B13F64,0x00000008,data,wstr_10B13F64
0x10B13F6C,0x00000008,data,wstr_10B13F6C
0x10B13F74,0x00000008,data,wstr_10B13F74
0x10B13F7C,0x00000010,data,wstr_10B13F7C
0x10B13F8C,0x00000008,data,wstr_10B13F8C
0x10B13F94,0x0000000A,data,wstr_10B13F94
0x10B13FA0,0x0000000A,data,wstr_10B13FA0
0x10B13FAC,0x0000000A,data,wstr_10B13FAC
0x10B13FB8,0x0000000A,data,wstr_10B13FB8
0x10B13FC4,0x0000000A,data,wstr_10B13FC4
0x10B13FD0,0x00000012,data,wstr_10B13FD0
0x10B13FE4,0x00000010,data,wstr_10B13FE4
0x10B13FF4,0x0000000C,data,wstr_10B13FF4
0x10B14000,0x0000000A,data,wstr_10B14000
0x10B1400C,0x00000010,data,wstr_10B1400C
0x10B1401C,0x00000012,data,wstr_10B1401C
0x10B14030,0x00000018,data,wstr_10B14030
0x10B14048,0x00000012,data,wstr_10B14048
0x10B1405C,0x00000012,data,wstr_10B1405C
0x10B14070,0x0000000E,data,wstr_10B14070
0x10B14080,0x00000016,data,wstr_10B14080
0x10B14098,0x00000008,data,wstr_10B14098
0x10B140A0,0x00000008,data,wstr_10B140A0
0x10B140A8,0x00000008,data,wstr_10B140A8
0x10B140B0,0x0000000A,data,wstr_10B140B0
0x10B140BC,0x0000000A,data,wstr_10B140BC
0x10B140C8,0x0000000A,data,wstr_10B140C8
0x10B140D4,0x00000016,data,wstr_10B140D4
0x10B140EC,0x00000020,data,wstr_10B140EC
0x10B1410C,0x00000012,data,wstr_10B1410C
0x10B14120,0x0000000E,data,wstr_10B14120
0x10B14130,0x0000000A,data,wstr_10B14130
0x10B1413C,0x0000000A,data,wstr_10B1413C
0x10B14148,0x0000000C,data,wstr_10B14148
0x10B14154,0x00000014,data,wstr_10B14154
0x10B14168,0x00000014,data,wstr_10B14168
0x10B1417C,0x00000014,data,wstr_10B1417C
0x10B14190,0x00000012,data,wstr_10B14190
0x10B141A4,0x00000014,data,wstr_10B141A4
0x10B141B8,0x0000001A,data,wstr_10B141B8
0x10B141D4,0x00000014,data,wstr_10B141D4
0x10B141E8,0x00000016,data,wstr_10B141E8
0x10B14200,0x00000016,data,wstr_10B14200
0x10B14218,0x00000016,data,wstr_10B14218
0x10B14230,0x00000016,data,wstr_10B14230
0x10B14248,0x00000016,data,wstr_10B14248
0x10B14260,0x00000010,data,wstr_10B14260
0x10B14270,0x00000014,data,wstr_10B14270
0x10B14284,0x00000014,data,wstr_10B14284
0x10B14298,0x00000014,data,wstr_10B14298
0x10B142AC,0x00000014,data,wstr_10B142AC
0x10B142C0,0x00000014,data,wstr_10B142C0
0x10B142D4,0x0000000E,data,wstr_10B142D4
0x10B142E4,0x00000010,data,wstr_10B142E4
0x10B142F4,0x00000016,data,wstr_10B142F4
0x10B1430C,0x00000014,data,wstr_10B1430C
0x10B14320,0x0000000E,data,wstr_10B14320
0x10B14330,0x0000000E,data,wstr_10B14330
0x10B14340,0x0000000A,data,wstr_10B14340
0x10B1434C,0x00000010,data,wstr_10B1434C
0x10B1435C,0x0000000A,data,wstr_10B1435C
0x10B14368,0x00000008,data,wstr_10B14368
0x10B14370,0x0000000A,data,wstr_10B14370
0x10B1437C,0x0000000C,data,wstr_10B1437C
0x10B14388,0x0000000A,data,wstr_10B14388
0x10B14394,0x00000008,data,wstr_10B14394
0x10B1439C,0x00000008,data,wstr_10B1439C
0x10B143A4,0x0000000C,data,wstr_10B143A4
0x10B143B0,0x00000012,data,wstr_10B143B0
0x10B143C4,0x00000014,data,wstr_10B143C4
0x10B143D8,0x00000010,data,wstr_10B143D8
0x10B143E8,0x0000000A,data,wstr_10B143E8
0x10B143F4,0x0000000A,data,wstr_10B143F4
0x10B14400,0x00000014,data,wstr_10B14400
0x10B14414,0x00000010,data,wstr_10B14414
0x10B14424,0x00000036,data,wstr_10B14424
0x10B1445C,0x00000010,data,wstr_10B1445C
0x10B1446C,0x00000020,data,wstr_10B1446C
0x10B1448C,0x00000026,data,wstr_10B1448C
0x10B144B4,0x0000000A,data,wstr_10B144B4
0x10B144C0,0x00000026,data,wstr_10B144C0
0x10B144E8,0x00000018,data,wstr_10B144E8
0x10B14500,0x0000000A,data,wstr_10B14500
0x10B1450C,0x00000024,data,wstr_10B1450C
0x10B14530,0x00000018,data,wstr_10B14530
0x10B14548,0x00000010,data,wstr_10B14548
0x10B14558,0x00000014,data,wstr_10B14558
0x10B1456C,0x0000001C,data,wstr_10B1456C
0x10B14588,0x0000001E,data,wstr_10B14588
0x10B145A8,0x0000001A,data,wstr_10B145A8
0x10B145C4,0x00000022,data,wstr_10B145C4
0x10B145E8,0x00000038,data,wstr_10B145E8
0x10B14620,0x00000018,data,wstr_10B14620
0x10B14638,0x0000000C,data,wstr_10B14638
0x10B14644,0x00000008,data,wstr_10B14644
0x10B1464C,0x00000010,data,wstr_10B1464C
0x10B1465C,0x00000034,data,wstr_10B1465C
0x10B14690,0x0000002A,data,wstr_10B14690
0x10B146BC,0x00000020,data,wstr_10B146BC
0x10B146DC,0x00000022,data,wstr_10B146DC
0x10B14700,0x0000000C,data,wstr_10B14700
0x10B1470C,0x0000000E,data,wstr_10B1470C
0x10B1471C,0x0000000A,data,wstr_10B1471C
0x10B14728,0x00000022,data,wstr_10B14728
0x10B1474C,0x0000001E,data,wstr_10B1474C
0x10B1476C,0x00000018,data,wstr_10B1476C
0x10B14784,0x0000002E,data,wstr_10B14784
0x10B147B4,0x0000000C,data,wstr_10B147B4
0x10B147C0,0x0000000C,data,wstr_10B147C0
0x10B147CC,0x0000000E,data,wstr_10B147CC
0x10B147DC,0x0000000E,data,wstr_10B147DC
0x10B147EC,0x00000014,data,wstr_10B147EC
0x10B14800,0x00000054,data,wstr_10B14800
0x10B14858,0x00000005,data,str_10B14858
0x10B14920,0x00000009,data,str_10B14920
0x10B14BA0,0x00000004,data,str_10B14BA0
0x10B14BA4,0x00000025,data,str_10B14BA4
0x10B14BCC,0x00000015,data,str_10B14BCC
0x10B14BE4,0x00000025,data,str_10B14BE4
0x10B14C0C,0x00000015,data,str_10B14C0C
0x10B14C24,0x00000025,data,str_10B14C24
0x10B14C4C,0x00000015,data,str_10B14C4C
0x10B14C64,0x00000025,data,str_10B14C64
0x10B14C8C,0x00000015,data,str_10B14C8C
0x10B14CA4,0x00000025,data,str_10B14CA4
0x10B14CCC,0x00000015,data,str_10B14CCC
0x10B14CE4,0x00000025,data,str_10B14CE4
0x10B14D0C,0x00000015,data,str_10B14D0C
0x10B14D24,0x00000025,data,str_10B14D24
0x10B14D4C,0x00000015,data,str_10B14D4C
0x10B14D64,0x00000025,data,str_10B14D64
0x10B14D8C,0x00000015,data,str_10B14D8C
0x10B14DA4,0x00000028,data,str_10B14DA4
0x10B14DCC,0x00000016,data,str_10B14DCC
0x10B14DE4,0x00000026,data,str_10B14DE4
0x10B14E0C,0x00000016,data,str_10B14E0C
0x10B14E24,0x00000026,data,str_10B14E24
0x10B14E4C,0x00000016,data,str_10B14E4C
0x10B14E64,0x00000026,data,str_10B14E64
0x10B14E8C,0x00000016,data,str_10B14E8C
0x10B14EA4,0x00000027,data,str_10B14EA4
0x10B14ECC,0x00000015,data,str_10B14ECC
0x10B14EE4,0x00000025,data,str_10B14EE4
0x10B14F14,0x00000015,data,str_10B14F14
0x10B14F2C,0x00000025,data,str_10B14F2C
0x10B14F54,0x00000015,data,str_10B14F54
0x10B14F6C,0x00000025,data,str_10B14F6C
0x10B14F94,0x00000015,data,str_10B14F94
0x10B14FAC,0x00000027,data,str_10B14FAC
0x10B14FD4,0x00000015,data,str_10B14FD4
0x10B14FEC,0x00000025,data,str_10B14FEC
0x10B15014,0x00000015,data,str_10B15014
0x10B1502C,0x00000025,data,str_10B1502C
0x10B15054,0x00000015,data,str_10B15054
0x10B1506C,0x00000025,data,str_10B1506C
0x10B15094,0x00000015,data,str_10B15094
0x10B150AC,0x00000026,data,str_10B150AC
0x10B150D4,0x00000014,data,str_10B150D4
0x10B150E8,0x00000024,data,str_10B150E8
0x10B1510C,0x00000014,data,str_10B1510C
0x10B15120,0x00000024,data,str_10B15120
0x10B15144,0x00000014,data,str_10B15144
0x10B15158,0x00000024,data,str_10B15158
0x10B1517C,0x00000014,data,str_10B1517C
0x10B15190,0x00000027,data,str_10B15190
0x10B151B8,0x00000015,data,str_10B151B8
0x10B151D0,0x00000025,data,str_10B151D0
0x10B151F8,0x00000015,data,str_10B151F8
0x10B15210,0x00000025,data,str_10B15210
0x10B15238,0x00000015,data,str_10B15238
0x10B15250,0x00000025,data,str_10B15250
0x10B15278,0x00000015,data,str_10B15278
0x10B15290,0x00000027,data,str_10B15290
0x10B152B8,0x00000015,data,str_10B152B8
0x10B152D0,0x00000025,data,str_10B152D0
0x10B152F8,0x00000015,data,str_10B152F8
0x10B15310,0x00000025,data,str_10B15310
0x10B15338,0x00000015,data,str_10B15338
0x10B15350,0x00000025,data,str_10B15350
0x10B15378,0x00000015,data,str_10B15378
0x10B15390,0x00000028,data,str_10B15390
0x10B153B8,0x00000016,data,str_10B153B8
0x10B153D4,0x00000026,data,str_10B153D4
0x10B153FC,0x00000016,data,str_10B153FC
0x10B15418,0x00000026,data,str_10B15418
0x10B15440,0x00000016,data,str_10B15440
0x10B1545C,0x00000026,data,str_10B1545C
0x10B15484,0x00000016,data,str_10B15484
0x10B1549C,0x00000027,data,str_10B1549C
0x10B154C4,0x00000015,data,str_10B154C4
0x10B154DC,0x00000025,data,str_10B154DC
0x10B15504,0x00000015,data,str_10B15504
0x10B1551C,0x00000025,data,str_10B1551C
0x10B15544,0x00000015,data,str_10B15544
0x10B1555C,0x00000025,data,str_10B1555C
0x10B15584,0x00000015,data,str_10B15584
0x10B155A0,0x00000027,data,str_10B155A0
0x10B155C8,0x00000015,data,str_10B155C8
0x10B155E0,0x00000025,data,str_10B155E0
0x10B15608,0x00000015,data,str_10B15608
0x10B15620,0x00000025,data,str_10B15620
0x10B15648,0x00000015,data,str_10B15648
0x10B15660,0x00000025,data,str_10B15660
0x10B15688,0x00000015,data,str_10B15688
0x10B156A0,0x00000027,data,str_10B156A0
0x10B156C8,0x00000015,data,str_10B156C8
0x10B156E0,0x00000025,data,str_10B156E0
0x10B15708,0x00000015,data,str_10B15708
0x10B15720,0x00000025,data,str_10B15720
0x10B15748,0x00000015,data,str_10B15748
0x10B15760,0x00000025,data,str_10B15760
0x10B15788,0x00000015,data,str_10B15788
0x10B157A0,0x00000027,data,str_10B157A0
0x10B157C8,0x00000015,data,str_10B157C8
0x10B157E0,0x00000025,data,str_10B157E0
0x10B15808,0x00000015,data,str_10B15808
0x10B15820,0x00000025,data,str_10B15820
0x10B15848,0x00000015,data,str_10B15848
0x10B15860,0x00000025,data,str_10B15860
0x10B15888,0x00000015,data,str_10B15888
0x10B158A0,0x0000001E,data,str_10B158A0
0x10B158C0,0x00000012,data,str_10B158C0
0x10B158E4,0x00000021,data,str_10B158E4
0x10B15908,0x00000014,data,str_10B15908
0x10B1591C,0x00000022,data,str_10B1591C
0x10B15940,0x00000016,data,str_10B15940
0x10B15958,0x00000024,data,str_10B15958
0x10B1597C,0x00000017,data,str_10B1597C
0x10B15994,0x00000021,data,str_10B15994
0x10B159B8,0x00000015,data,str_10B159B8
0x10B159D0,0x00000022,data,str_10B159D0
0x10B159F4,0x00000015,data,str_10B159F4
0x10B15A10,0x00000025,data,str_10B15A10
0x10B15A38,0x00000014,data,str_10B15A38
0x10B15A50,0x00000025,data,str_10B15A50
0x10B15A78,0x00000014,data,str_10B15A78
0x10B15A90,0x00000027,data,str_10B15A90
0x10B15AB8,0x00000014,data,str_10B15AB8
0x10B15AD0,0x00000025,data,str_10B15AD0
0x10B15AF8,0x00000014,data,str_10B15AF8
0x10B15B10,0x00000025,data,str_10B15B10
0x10B15B38,0x00000014,data,str_10B15B38
0x10B15B50,0x00000025,data,str_10B15B50
0x10B15B78,0x00000014,data,str_10B15B78
0x10B15B90,0x00000027,data,str_10B15B90
0x10B15BB8,0x00000014,data,str_10B15BB8
0x10B15BD0,0x00000025,data,str_10B15BD0
0x10B15BF8,0x00000014,data,str_10B15BF8
0x10B15C10,0x00000025,data,str_10B15C10
0x10B15C38,0x00000014,data,str_10B15C38
0x10B15C50,0x00000025,data,str_10B15C50
0x10B15C78,0x00000014,data,str_10B15C78
0x10B15C8C,0x00000024,data,str_10B15C8C
0x10B15CB0,0x00000018,data,str_10B15CB0
0x10B15CC8,0x0000001F,data,str_10B15CC8
0x10B15CE8,0x00000013,data,str_10B15CE8
0x10B15CFC,0x00000021,data,str_10B15CFC
0x10B15D20,0x00000015,data,str_10B15D20
0x10B15D38,0x0000001E,data,str_10B15D38
0x10B15D58,0x00000012,data,str_10B15D58
0x10B15D6C,0x00000020,data,str_10B15D6C
0x10B15D8C,0x00000014,data,str_10B15D8C
0x10B15DA0,0x00000025,data,str_10B15DA0
0x10B15DC8,0x00000016,data,str_10B15DC8
0x10B15DE8,0x00000037,data,str_10B15DE8
0x10B15E20,0x00000021,data,str_10B15E20
0x10B15E4C,0x00000032,data,str_10B15E4C
0x10B15E80,0x0000001E,data,str_10B15E80
0x10B15EAC,0x00000033,data,str_10B15EAC
0x10B15EE0,0x0000001A,data,str_10B15EE0
0x10B15F08,0x0000002E,data,str_10B15F08
0x10B15F38,0x00000017,data,str_10B15F38
0x10B15F50,0x00000022,data,str_10B15F50
0x10B15F74,0x00000016,data,str_10B15F74
0x10B15F90,0x0000002C,data,str_10B15F90
0x10B15FBC,0x0000001B,data,str_10B15FBC
0x10B15FDC,0x00000028,data,str_10B15FDC
0x10B16004,0x00000018,data,str_10B16004
0x10B16024,0x0000002D,data,str_10B16024
0x10B16054,0x0000001B,data,str_10B16054
0x10B16078,0x00000029,data,str_10B16078
0x10B160A4,0x00000018,data,str_10B160A4
0x10B160C0,0x0000001D,data,str_10B160C0
0x10B160E0,0x0000000C,data,str_10B160E0
0x10B160EC,0x0000001A,data,str_10B160EC
0x10B16108,0x0000000D,data,str_10B16108
0x10B1611C,0x00000027,data,str_10B1611C
0x10B16144,0x00000016,data,str_10B16144
0x10B1615C,0x00000029,data,str_10B1615C
0x10B16188,0x0000001B,data,str_10B16188
0x10B161A4,0x0000002A,data,str_10B161A4
0x10B161D0,0x0000001D,data,str_10B161D0
0x10B161F0,0x00000022,data,str_10B161F0
0x10B16214,0x00000016,data,str_10B16214
0x10B1622C,0x0000001B,data,str_10B1622C
0x10B16248,0x0000000F,data,str_10B16248
0x10B16290,0x0000005E,data,wstr_10B16290
0x10B162F0,0x00000005,data,str_10B162F0
0x10B162F8,0x0000000B,data,str_10B162F8
0x10B16304,0x00000009,data,str_10B16304
0x10B163A0,0x0000005E,data,wstr_10B163A0
0x10B16400,0x00000013,data,str_10B16400
0x10B16414,0x00000014,data,str_10B16414
0x10B16428,0x00000008,data,str_10B16428
0x10B16430,0x00000009,data,str_10B16430
0x10B1643C,0x00000006,data,str_10B1643C
0x10B16444,0x00000004,data,str_10B16444
0x10B16448,0x00000006,data,str_10B16448
0x10B16450,0x00000004,data,str_10B16450
0x10B16454,0x00000008,data,str_10B16454
0x10B1645C,0x00000007,data,str_10B1645C
0x10B16464,0x00000006,data,str_10B16464
0x10B1646C,0x00000006,data,str_10B1646C
0x10B16474,0x00000005,data,str_10B16474
0x10B16538,0x0000005E,data,wstr_10B16538
0x10B16598,0x00000009,data,str_10B16598
0x10B165A4,0x0000000A,data,str_10B165A4
0x10B165B0,0x00000009,data,str_10B165B0
0x10B165BC,0x00000008,data,str_10B165BC
0x10B165C4,0x00000009,data,str_10B165C4
0x10B165D0,0x00000009,data,str_10B165D0
0x10B165DC,0x00000009,data,str_10B165DC
0x10B165E8,0x00000006,data,str_10B165E8
0x10B165F0,0x00000006,data,str_10B165F0
0x10B165F8,0x00000005,data,str_10B165F8
0x10B16600,0x00000007,data,str_10B16600
0x10B1660C,0x0000000A,data,str_10B1660C
0x10B16624,0x0000000A,data,str_10B16624
0x10B16630,0x00000009,data,str_10B16630
0x10B16640,0x0000000E,data,str_10B16640
0x10B16658,0x00000005,data,str_10B16658
0x10B16660,0x00000004,data,str_10B16660
0x10B16664,0x00000004,data,str_10B16664
0x10B16666,0x0000000E,data,wstr_10B16666
0x10B16674,0x00000004,data,str_10B16674
0x10B16678,0x00000006,data,str_10B16678
0x10B166B4,0x00000015,data,str_10B166B4
0x10B166CC,0x00000012,data,str_10B166CC
0x10B166E0,0x00000018,data,str_10B166E0
0x10B166F8,0x00000019,data,str_10B166F8
0x10B16714,0x0000000E,data,str_10B16714
0x10B16778,0x00000005,data,str_10B16778
0x10B16780,0x00000006,data,str_10B16780
0x10B16909,0x00000018,data,str_10B16909
0x10B16965,0x00000007,data,str_10B16965
0x10B169C5,0x0000001E,data,str_10B169C5
0x10B16B4C,0x00000013,data,str_10B16B4C
0x10B16C04,0x00000014,data,str_10B16C04
0x10B16C18,0x00000006,data,str_10B16C18
0x10B16C20,0x00000014,data,str_10B16C20
0x10B16C34,0x00000009,data,str_10B16C34
0x10B16C40,0x00000009,data,str_10B16C40
0x10B16C4C,0x0000000D,data,str_10B16C4C
0x10B16C5C,0x0000000D,data,str_10B16C5C
0x10B16C6C,0x0000000D,data,str_10B16C6C
0x10B16D58,0x0000000C,data,str_10B16D58
0x10B16D64,0x00000034,data,str_10B16D64
0x10B16D98,0x0000000F,data,str_10B16D98
0x10B16DA8,0x0000005A,data,wstr_10B16DA8
0x10B16F98,0x00000010,data,str_10B16F98
0x10B16FBE,0x00000004,data,str_10B16FBE
0x10B16FC0,0x00000062,data,wstr_10B16FC0
0x10B1703D,0x00000004,data,str_10B1703D
0x10B17120,0x0000005C,data,wstr_10B17120
0x10B171B8,0x00000010,data,str_10B171B8
0x10B17218,0x00000010,data,wstr_10B17218
0x10B17228,0x0000000E,data,wstr_10B17228
0x10B17238,0x00000012,data,wstr_10B17238
0x10B17252,0x0000000A,data,wstr_10B17252
0x10B17270,0x00000012,data,wstr_10B17270
0x10B17284,0x00000018,data,wstr_10B17284
0x10B1729C,0x00000010,data,wstr_10B1729C
0x10B17340,0x000000D2,data,wstr_10B17340
0x10B17488,0x0000002C,data,wstr_10B17488
0x10B174B4,0x0000000A,data,str_10B174B4
0x10B174C0,0x0000000D,data,str_10B174C0
0x10B176E0,0x00000058,data,wstr_10B176E0
0x10B17738,0x0000005A,data,wstr_10B17738
0x10B17794,0x0000000A,data,str_10B17794
0x10B177A0,0x0000000B,data,str_10B177A0
0x10B177B0,0x0000005A,data,wstr_10B177B0
0x10B1780C,0x00000006,data,str_10B1780C
0x10B17814,0x00000006,data,str_10B17814
0x10B1781C,0x00000006,data,str_10B1781C
0x10B17824,0x00000006,data,str_10B17824
0x10B1782C,0x00000006,data,str_10B1782C
0x10B17834,0x00000006,data,str_10B17834
0x10B1783C,0x00000006,data,str_10B1783C
0x10B17844,0x00000006,data,str_10B17844
0x10B1784C,0x00000006,data,str_10B1784C
0x10B17854,0x00000006,data,str_10B17854
0x10B1785C,0x00000006,data,str_10B1785C
0x10B17864,0x00000006,data,str_10B17864
0x10B1786C,0x00000006,data,str_10B1786C
0x10B17874,0x00000006,data,str_10B17874
0x10B1787C,0x00000006,data,str_10B1787C
0x10B17884,0x00000006,data,str_10B17884
0x10B1788C,0x00000006,data,str_10B1788C
0x10B17894,0x00000006,data,str_10B17894
0x10B1789C,0x00000006,data,str_10B1789C
0x10B178A4,0x00000006,data,str_10B178A4
0x10B178AC,0x00000006,data,str_10B178AC
0x10B178B4,0x00000006,data,str_10B178B4
0x10B178BC,0x00000006,data,str_10B178BC
0x10B178C4,0x00000006,data,str_10B178C4
0x10B178CC,0x00000006,data,str_10B178CC
0x10B178D4,0x00000006,data,str_10B178D4
0x10B178DC,0x00000006,data,str_10B178DC
0x10B178E4,0x00000006,data,str_10B178E4
0x10B178EC,0x00000005,data,str_10B178EC
0x10B178F4,0x00000005,data,str_10B178F4
0x10B178FC,0x00000005,data,str_10B178FC
0x10B17904,0x00000005,data,str_10B17904
0x10B1790C,0x00000005,data,str_10B1790C
0x10B17914,0x00000005,data,str_10B17914
0x10B1791C,0x00000005,data,str_10B1791C
0x10B17924,0x00000005,data,str_10B17924
0x10B1792C,0x00000005,data,str_10B1792C
0x10B17934,0x00000005,data,str_10B17934
0x10B1793C,0x00000005,data,str_10B1793C
0x10B17944,0x00000005,data,str_10B17944
0x10B1794C,0x00000005,data,str_10B1794C
0x10B17954,0x00000005,data,str_10B17954
0x10B1795C,0x00000005,data,str_10B1795C
0x10B17964,0x00000005,data,str_10B17964
0x10B1796C,0x00000005,data,str_10B1796C
0x10B17974,0x00000005,data,str_10B17974
0x10B1797C,0x00000005,data,str_10B1797C
0x10B17984,0x00000005,data,str_10B17984
0x10B1798C,0x00000005,data,str_10B1798C
0x10B17994,0x00000005,data,str_10B17994
0x10B1799C,0x00000005,data,str_10B1799C
0x10B179A4,0x00000005,data,str_10B179A4
0x10B179AC,0x00000005,data,str_10B179AC
0x10B179B4,0x00000005,data,str_10B179B4
0x10B179BC,0x00000005,data,str_10B179BC
0x10B179C4,0x00000005,data,str_10B179C4
0x10B179CC,0x00000005,data,str_10B179CC
0x10B179D4,0x00000005,data,str_10B179D4
0x10B179DC,0x00000005,data,str_10B179DC
0x10B179E4,0x00000005,data,str_10B179E4
0x10B179EC,0x00000005,data,str_10B179EC
0x10B179F4,0x00000005,data,str_10B179F4
0x10B179FC,0x00000005,data,str_10B179FC
0x10B17A04,0x00000005,data,str_10B17A04
0x10B17A0C,0x00000005,data,str_10B17A0C
0x10B17A14,0x00000005,data,str_10B17A14
0x10B17A1C,0x00000005,data,str_10B17A1C
0x10B17A24,0x00000005,data,str_10B17A24
0x10B17A2C,0x00000005,data,str_10B17A2C
0x10B17A34,0x00000005,data,str_10B17A34
0x10B17A3C,0x00000005,data,str_10B17A3C
0x10B17A44,0x00000005,data,str_10B17A44
0x10B17A4C,0x00000005,data,str_10B17A4C
0x10B17A54,0x00000005,data,str_10B17A54
0x10B17A5C,0x00000005,data,str_10B17A5C
0x10B17A64,0x00000005,data,str_10B17A64
0x10B17A6C,0x00000005,data,str_10B17A6C
0x10B17A74,0x00000005,data,str_10B17A74
0x10B17A7C,0x00000005,data,str_10B17A7C
0x10B17A84,0x00000005,data,str_10B17A84
0x10B17A8C,0x00000005,data,str_10B17A8C
0x10B17A94,0x00000005,data,str_10B17A94
0x10B17A9C,0x00000005,data,str_10B17A9C
0x10B17AA4,0x00000005,data,str_10B17AA4
0x10B17AAC,0x00000005,data,str_10B17AAC
0x10B17AB4,0x00000005,data,str_10B17AB4
0x10B17ABC,0x00000005,data,str_10B17ABC
0x10B17AC4,0x00000005,data,str_10B17AC4
0x10B17ACC,0x00000005,data,str_10B17ACC
0x10B17AD4,0x00000005,data,str_10B17AD4
0x10B17ADC,0x00000005,data,str_10B17ADC
0x10B17AE4,0x00000005,data,str_10B17AE4
0x10B17AEC,0x00000005,data,str_10B17AEC
0x10B17AF4,0x00000005,data,str_10B17AF4
0x10B17AFC,0x00000005,data,str_10B17AFC
0x10B17B04,0x00000005,data,str_10B17B04
0x10B17B0C,0x00000005,data,str_10B17B0C
0x10B17B14,0x00000005,data,str_10B17B14
0x10B17B1C,0x00000005,data,str_10B17B1C
0x10B17B24,0x00000005,data,str_10B17B24
0x10B17B2C,0x00000005,data,str_10B17B2C
0x10B17B34,0x00000005,data,str_10B17B34
0x10B17B3C,0x00000005,data,str_10B17B3C
0x10B17B44,0x00000005,data,str_10B17B44
0x10B17B4C,0x00000005,data,str_10B17B4C
0x10B17B54,0x00000005,data,str_10B17B54
0x10B17B5C,0x00000005,data,str_10B17B5C
0x10B17B64,0x00000005,data,str_10B17B64
0x10B17B6C,0x00000005,data,str_10B17B6C
0x10B17B74,0x00000005,data,str_10B17B74
0x10B17B7C,0x00000005,data,str_10B17B7C
0x10B17B84,0x00000005,data,str_10B17B84
0x10B17B8C,0x00000005,data,str_10B17B8C
0x10B17B94,0x00000005,data,str_10B17B94
0x10B17B9C,0x00000005,data,str_10B17B9C
0x10B17BA4,0x00000005,data,str_10B17BA4
0x10B17BAC,0x00000005,data,str_10B17BAC
0x10B17BB4,0x00000005,data,str_10B17BB4
0x10B17BBC,0x00000004,data,str_10B17BBC
0x10B17BC0,0x00000004,data,str_10B17BC0
0x10B17BC4,0x00000004,data,str_10B17BC4
0x10B17BC8,0x00000004,data,str_10B17BC8
0x10B17BCC,0x00000004,data,str_10B17BCC
0x10B17BD0,0x00000004,data,str_10B17BD0
0x10B17BD4,0x00000004,data,str_10B17BD4
0x10B17BD8,0x00000004,data,str_10B17BD8
0x10B17BDC,0x00000004,data,str_10B17BDC
0x10B17BE0,0x00000004,data,str_10B17BE0
0x10B17BE4,0x00000005,data,str_10B17BE4
0x10B17BEC,0x00000005,data,str_10B17BEC
0x10B17BF4,0x00000006,data,str_10B17BF4
0x10B17BFC,0x00000006,data,str_10B17BFC
0x10B17C04,0x00000006,data,str_10B17C04
0x10B17C0C,0x00000005,data,str_10B17C0C
0x10B17C14,0x00000005,data,str_10B17C14
0x10B17C1C,0x00000005,data,str_10B17C1C
0x10B17C24,0x00000005,data,str_10B17C24
0x10B17C2C,0x00000005,data,str_10B17C2C
0x10B17C34,0x00000005,data,str_10B17C34
0x10B17C3C,0x00000005,data,str_10B17C3C
0x10B17C44,0x00000005,data,str_10B17C44
0x10B17C4C,0x00000004,data,str_10B17C4C
0x10B17C50,0x00000006,data,str_10B17C50
0x10B17C58,0x00000005,data,str_10B17C58
0x10B17C60,0x00000005,data,str_10B17C60
0x10B17C68,0x00000005,data,str_10B17C68
0x10B17C70,0x00000005,data,str_10B17C70
0x10B17C78,0x00000005,data,str_10B17C78
0x10B17C80,0x00000005,data,str_10B17C80
0x10B17C88,0x00000005,data,str_10B17C88
0x10B17C90,0x00000005,data,str_10B17C90
0x10B17C98,0x00000008,data,str_10B17C98
0x10B17CA0,0x00000008,data,str_10B17CA0
0x10B17CA8,0x00000008,data,str_10B17CA8
0x10B17CB0,0x00000006,data,str_10B17CB0
0x10B17CB8,0x00000007,data,str_10B17CB8
0x10B17CC0,0x00000004,data,str_10B17CC0
0x10B17CC4,0x00000005,data,str_10B17CC4
0x10B17CCC,0x00000005,data,str_10B17CCC
0x10B17CD4,0x00000005,data,str_10B17CD4
0x10B17CDC,0x0000000A,data,str_10B17CDC
0x10B17CE8,0x0000000A,data,str_10B17CE8
0x10B17CF4,0x00000009,data,str_10B17CF4
0x10B17D00,0x0000000A,data,str_10B17D00
0x10B17D0C,0x0000000A,data,str_10B17D0C
0x10B17D18,0x00000009,data,str_10B17D18
0x10B17D24,0x00000005,data,str_10B17D24
0x10B17D2C,0x00000007,data,str_10B17D2C
0x10B17D34,0x00000007,data,str_10B17D34
0x10B17D3C,0x00000006,data,str_10B17D3C
0x10B17D44,0x00000007,data,str_10B17D44
0x10B17D4C,0x00000006,data,str_10B17D4C
0x10B17D54,0x00000008,data,str_10B17D54
0x10B17D5C,0x00000007,data,str_10B17D5C
0x10B17D64,0x00000007,data,str_10B17D64
0x10B17D6C,0x00000007,data,str_10B17D6C
0x10B17D74,0x00000007,data,str_10B17D74
0x10B17D7C,0x00000006,data,str_10B17D7C
0x10B17D84,0x00000007,data,str_10B17D84
0x10B17D8C,0x00000005,data,str_10B17D8C
0x10B17D94,0x00000005,data,str_10B17D94
0x10B17D9C,0x00000005,data,str_10B17D9C
0x10B17DA4,0x00000007,data,str_10B17DA4
0x10B17DAC,0x00000007,data,str_10B17DAC
0x10B17DB4,0x00000007,data,str_10B17DB4
0x10B17DBC,0x00000007,data,str_10B17DBC
0x10B17DC4,0x00000007,data,str_10B17DC4
0x10B17DCC,0x00000007,data,str_10B17DCC
0x10B17DD4,0x00000007,data,str_10B17DD4
0x10B17DDC,0x00000007,data,str_10B17DDC
0x10B17DE4,0x00000007,data,str_10B17DE4
0x10B17DEC,0x00000007,data,str_10B17DEC
0x10B17DF4,0x00000007,data,str_10B17DF4
0x10B17DFC,0x00000007,data,str_10B17DFC
0x10B17E04,0x00000007,data,str_10B17E04
0x10B17E0C,0x00000007,data,str_10B17E0C
0x10B17E14,0x00000007,data,str_10B17E14
0x10B17E1C,0x00000007,data,str_10B17E1C
0x10B17E24,0x00000007,data,str_10B17E24
0x10B17E2C,0x00000007,data,str_10B17E2C
0x10B17E34,0x00000007,data,str_10B17E34
0x10B17E3C,0x00000007,data,str_10B17E3C
0x10B17E44,0x00000007,data,str_10B17E44
0x10B17E4C,0x00000007,data,str_10B17E4C
0x10B17E54,0x00000006,data,str_10B17E54
0x10B17E5C,0x00000005,data,str_10B17E5C
0x10B17E64,0x00000006,data,str_10B17E64
0x10B17E6C,0x00000006,data,str_10B17E6C
0x10B17E74,0x00000006,data,str_10B17E74
0x10B17E7C,0x00000005,data,str_10B17E7C
0x10B17E84,0x00000005,data,str_10B17E84
0x10B17E8C,0x00000007,data,str_10B17E8C
0x10B17E94,0x00000007,data,str_10B17E94
0x10B17E9C,0x00000004,data,str_10B17E9C
0x10B17EA0,0x00000004,data,str_10B17EA0
0x10B17EA4,0x00000004,data,str_10B17EA4
0x10B17EA8,0x00000004,data,str_10B17EA8
0x10B17EAC,0x00000006,data,str_10B17EAC
0x10B17EB4,0x00000006,data,str_10B17EB4
0x10B17EBC,0x00000006,data,str_10B17EBC
0x10B17EC4,0x00000006,data,str_10B17EC4
0x10B17ECC,0x00000005,data,str_10B17ECC
0x10B17ED4,0x00000004,data,str_10B17ED4
0x10B17ED8,0x00000007,data,str_10B17ED8
0x10B17EE0,0x00000007,data,str_10B17EE0
0x10B17EE8,0x00000004,data,str_10B17EE8
0x10B17EEC,0x00000006,data,str_10B17EEC
0x10B17EF4,0x00000007,data,str_10B17EF4
0x10B17EFC,0x00000007,data,str_10B17EFC
0x10B17F04,0x00000005,data,str_10B17F04
0x10B17F0C,0x00000005,data,str_10B17F0C
0x10B17F14,0x00000005,data,str_10B17F14
0x10B17F1C,0x00000006,data,str_10B17F1C
0x10B17F24,0x00000005,data,str_10B17F24
0x10B17F2C,0x00000007,data,str_10B17F2C
0x10B17F34,0x00000007,data,str_10B17F34
0x10B17F3C,0x00000004,data,str_10B17F3C
0x10B17F40,0x00000004,data,str_10B17F40
0x10B17F44,0x00000005,data,str_10B17F44
0x10B17F4C,0x00000005,data,str_10B17F4C
0x10B17F54,0x00000005,data,str_10B17F54
0x10B17F5C,0x00000005,data,str_10B17F5C
0x10B17F64,0x00000006,data,str_10B17F64
0x10B17F6C,0x00000004,data,str_10B17F6C
0x10B17F70,0x00000004,data,str_10B17F70
0x10B17F74,0x00000004,data,str_10B17F74
0x10B17F78,0x00000005,data,str_10B17F78
0x10B17F80,0x00000005,data,str_10B17F80
0x10B17F88,0x00000005,data,str_10B17F88
0x10B17F90,0x00000005,data,str_10B17F90
0x10B17F98,0x00000004,data,str_10B17F98
0x10B17F9C,0x00000004,data,str_10B17F9C
0x10B17FA0,0x00000006,data,str_10B17FA0
0x10B17FA8,0x00000005,data,str_10B17FA8
0x10B17FB0,0x00000005,data,str_10B17FB0
0x10B17FB8,0x00000005,data,str_10B17FB8
0x10B17FC0,0x00000005,data,str_10B17FC0
0x10B17FC8,0x00000005,data,str_10B17FC8
0x10B17FD0,0x00000005,data,str_10B17FD0
0x10B17FD8,0x00000004,data,str_10B17FD8
0x10B17FDC,0x00000004,data,str_10B17FDC
0x10B17FE0,0x00000004,data,str_10B17FE0
0x10B17FE4,0x00000004,data,str_10B17FE4
0x10B17FE8,0x00000004,data,str_10B17FE8
0x10B17FEC,0x00000004,data,str_10B17FEC
0x10B17FF0,0x00000004,data,str_10B17FF0
0x10B17FF4,0x00000004,data,str_10B17FF4
0x10B17FF8,0x00000004,data,str_10B17FF8
0x10B17FFC,0x00000004,data,str_10B17FFC
0x10B18000,0x00000004,data,str_10B18000
0x10B18004,0x00000004,data,str_10B18004
0x10B1800C,0x00000005,data,str_10B1800C
0x10B18014,0x00000005,data,str_10B18014
0x10B18028,0x00000004,data,str_10B18028
0x10B18030,0x00000006,data,str_10B18030
0x10B18038,0x00000004,data,str_10B18038
0x10B1803C,0x00000004,data,str_10B1803C
0x10B18040,0x00000004,data,str_10B18040
0x10B18044,0x00000004,data,str_10B18044
0x10B18048,0x00000004,data,str_10B18048
0x10B1804C,0x00000004,data,str_10B1804C
0x10B18050,0x00000004,data,str_10B18050
0x10B18054,0x00000004,data,str_10B18054
0x10B1805C,0x00000005,data,str_10B1805C
0x10B18064,0x00000005,data,str_10B18064
0x10B1806C,0x00000005,data,str_10B1806C
0x10B18074,0x00000005,data,str_10B18074
0x10B1807C,0x00000005,data,str_10B1807C
0x10B18084,0x00000005,data,str_10B18084
0x10B1808C,0x00000005,data,str_10B1808C
0x10B18094,0x00000005,data,str_10B18094
0x10B1809C,0x00000005,data,str_10B1809C
0x10B180A4,0x00000005,data,str_10B180A4
0x10B180AC,0x00000005,data,str_10B180AC
0x10B180B4,0x00000005,data,str_10B180B4
0x10B180BC,0x00000005,data,str_10B180BC
0x10B180C4,0x00000005,data,str_10B180C4
0x10B180CC,0x00000005,data,str_10B180CC
0x10B180D4,0x00000005,data,str_10B180D4
0x10B180DC,0x00000005,data,str_10B180DC
0x10B180E4,0x00000005,data,str_10B180E4
0x10B180EC,0x00000005,data,str_10B180EC
0x10B180F4,0x00000005,data,str_10B180F4
0x10B180FC,0x00000005,data,str_10B180FC
0x10B18104,0x00000005,data,str_10B18104
0x10B1810C,0x00000004,data,str_10B1810C
0x10B18110,0x00000004,data,str_10B18110
0x10B18114,0x00000004,data,str_10B18114
0x10B18118,0x00000004,data,str_10B18118
0x10B1811C,0x00000004,data,str_10B1811C
0x10B18120,0x00000004,data,str_10B18120
0x10B18124,0x00000004,data,str_10B18124
0x10B18128,0x00000004,data,str_10B18128
0x10B1812C,0x00000004,data,str_10B1812C
0x10B18130,0x00000004,data,str_10B18130
0x10B18138,0x00000004,data,str_10B18138
0x10B1813C,0x00000004,data,str_10B1813C
0x10B18140,0x00000004,data,str_10B18140
0x10B18144,0x00000004,data,str_10B18144
0x10B18148,0x00000004,data,str_10B18148
0x10B1814C,0x00000004,data,str_10B1814C
0x10B18150,0x00000004,data,str_10B18150
0x10B18154,0x00000004,data,str_10B18154
0x10B18158,0x00000004,data,str_10B18158
0x10B1815C,0x00000004,data,str_10B1815C
0x10B18160,0x00000004,data,str_10B18160
0x10B18164,0x00000004,data,str_10B18164
0x10B18168,0x00000004,data,str_10B18168
0x10B1816C,0x00000004,data,str_10B1816C
0x10B18170,0x00000004,data,str_10B18170
0x10B18174,0x00000004,data,str_10B18174
0x10B18178,0x00000004,data,str_10B18178
0x10B1817C,0x00000004,data,str_10B1817C
0x10B18180,0x00000004,data,str_10B18180
0x10B18184,0x00000004,data,str_10B18184
0x10B18188,0x00000004,data,str_10B18188
0x10B1818C,0x00000004,data,str_10B1818C
0x10B181AC,0x00000004,data,str_10B181AC
0x10B181B8,0x00000006,data,str_10B181B8
0x10B18758,0x0000000E,data,str_10B18758
0x10B18768,0x0000005C,data,wstr_10B18768
0x10B187C8,0x0000005C,data,wstr_10B187C8
0x10B18828,0x00000058,data,wstr_10B18828
0x10B18AD0,0x00000058,data,wstr_10B18AD0
0x10B18BA0,0x00000039,data,str_10B18BA0
0x10B18BDC,0x00000022,data,str_10B18BDC
0x10B18C04,0x0000000E,data,str_10B18C04
0x10B18C14,0x00000010,data,str_10B18C14
0x10B18C24,0x00000013,data,str_10B18C24
0x10B18C38,0x00000011,data,str_10B18C38
0x10B18C4C,0x00000010,data,str_10B18C4C
0x10B18C5C,0x00000013,data,str_10B18C5C
0x10B18C70,0x00000011,data,str_10B18C70
0x10B18C84,0x00000016,data,str_10B18C84
0x10B18CA0,0x0000005E,data,wstr_10B18CA0
0x10B18D00,0x0000000F,data,str_10B18D00
0x10B18D10,0x0000000F,data,str_10B18D10
0x10B18D20,0x0000005A,data,wstr_10B18D20
0x10B18D88,0x00000008,data,wstr_10B18D88
0x10B18D94,0x00000012,data,wstr_10B18D94
0x10B18DA8,0x0000000A,data,wstr_10B18DA8
0x10B18DB4,0x00000008,data,str_10B18DB4
0x10B18DBC,0x00000007,data,str_10B18DBC
0x10B18DC4,0x00000007,data,str_10B18DC4
0x10B18DD0,0x0000005A,data,wstr_10B18DD0
0x10B18E2C,0x00000007,data,str_10B18E2C
0x10B18E34,0x00000007,data,str_10B18E34
0x10B18E3C,0x00000006,data,str_10B18E3C
0x10B18E44,0x00000007,data,str_10B18E44
0x10B18E4C,0x00000007,data,str_10B18E4C
0x10B18E54,0x00000006,data,str_10B18E54
0x10B18E5C,0x00000009,data,str_10B18E5C
0x10B18E68,0x00000014,data,str_10B18E68
0x10B18E7C,0x0000001D,data,str_10B18E7C
0x10B18E9C,0x0000001E,data,str_10B18E9C
0x10B18EBC,0x00000010,data,str_10B18EBC
0x10B18ECC,0x00000004,data,str_10B18ECC
0x10B18ED0,0x00000004,data,str_10B18ED0
0x10B18ED4,0x00000006,data,str_10B18ED4
0x10B18EDC,0x00000007,data,str_10B18EDC
0x10B18EE4,0x00000005,data,str_10B18EE4
0x10B18EF0,0x00000058,data,wstr_10B18EF0
0x10B18F48,0x00000013,data,str_10B18F48
0x10B18F5F,0x00000012,data,str_10B18F5F
0x10B18F78,0x0000005A,data,wstr_10B18F78
0x10B18FD4,0x00000018,data,str_10B18FD4
0x10B18FEC,0x00000004,data,str_10B18FEC
0x10B18FF0,0x00000004,data,str_10B18FF0
0x10B18FF4,0x00000004,data,str_10B18FF4
0x10B18FFC,0x00000004,data,str_10B18FFC
0x10B18FFE,0x00000012,data,wstr_10B18FFE
0x10B19010,0x00000010,data,wstr_10B19010
0x10B19020,0x00000010,data,wstr_10B19020
0x10B19030,0x0000000E,data,wstr_10B19030
0x10B19040,0x00000010,data,wstr_10B19040
0x10B19078,0x00000058,data,wstr_10B19078
0x10B190E8,0x00000024,data,str_10B190E8
0x10B1910A,0x00000018,data,wstr_10B1910A
0x10B19698,0x00000066,data,wstr_10B19698
0x10B19700,0x00000011,data,str_10B19700
0x10B19714,0x00000007,data,str_10B19714
0x10B1971C,0x00000007,data,str_10B1971C
0x10B19724,0x00000008,data,str_10B19724
0x10B19730,0x0000005E,data,wstr_10B19730
0x10B19790,0x0000000E,data,str_10B19790
0x10B197A0,0x00000007,data,str_10B197A0
0x10B197A8,0x00000006,data,str_10B197A8
0x10B197B0,0x00000006,data,str_10B197B0
0x10B197B8,0x00000005,data,str_10B197B8
0x10B197C4,0x00000004,data,str_10B197C4
0x10B197CC,0x00000004,data,str_10B197CC
0x10B197D0,0x00000004,data,str_10B197D0
0x10B197D4,0x00000004,data,str_10B197D4
0x10B197D8,0x00000004,data,str_10B197D8
0x10B197F4,0x00000008,data,str_10B197F4
0x10B197FC,0x00000004,data,str_10B197FC
0x10B19800,0x00000004,data,str_10B19800
0x10B19804,0x00000004,data,str_10B19804
0x10B1980C,0x00000004,data,str_10B1980C
0x10B19814,0x00000004,data,str_10B19814
0x10B19818,0x00000004,data,str_10B19818
0x10B1981C,0x00000004,data,str_10B1981C
0x10B19820,0x00000004,data,str_10B19820
0x10B19860,0x0000000D,data,str_10B19860
0x10B19870,0x00000014,data,str_10B19870
0x10B19884,0x00000018,data,str_10B19884
0x10B1989C,0x00000005,data,str_10B1989C
0x10B198A4,0x00000009,data,str_10B198A4
0x10B198B0,0x00000007,data,str_10B198B0
0x10B198B8,0x00000007,data,str_10B198B8
0x10B198C0,0x00000005,data,str_10B198C0
0x10B198C8,0x00000005,data,str_10B198C8
0x10B198D0,0x00000006,data,str_10B198D0
0x10B198D8,0x00000007,data,str_10B198D8
0x10B198E0,0x00000007,data,str_10B198E0
0x10B198E8,0x00000007,data,str_10B198E8
0x10B198F0,0x00000007,data,str_10B198F0
0x10B198F8,0x00000007,data,str_10B198F8
0x10B19900,0x00000007,data,str_10B19900
0x10B19908,0x00000009,data,str_10B19908
0x10B19914,0x00000007,data,str_10B19914
0x10B1991C,0x00000007,data,str_10B1991C
0x10B19924,0x00000005,data,str_10B19924
0x10B1992C,0x00000005,data,str_10B1992C
0x10B19934,0x00000006,data,str_10B19934
0x10B1993C,0x00000007,data,str_10B1993C
0x10B19944,0x00000007,data,str_10B19944
0x10B1994C,0x00000007,data,str_10B1994C
0x10B19954,0x00000007,data,str_10B19954
0x10B1995C,0x00000007,data,str_10B1995C
0x10B19964,0x00000007,data,str_10B19964
0x10B1996C,0x00000007,data,str_10B1996C
0x10B19974,0x00000007,data,str_10B19974
0x10B1997C,0x00000007,data,str_10B1997C
0x10B19984,0x00000007,data,str_10B19984
0x10B1998C,0x00000007,data,str_10B1998C
0x10B19994,0x00000007,data,str_10B19994
0x10B1999C,0x00000007,data,str_10B1999C
0x10B199A4,0x00000006,data,str_10B199A4
0x10B199AC,0x00000006,data,str_10B199AC
0x10B199B4,0x00000006,data,str_10B199B4
0x10B199BC,0x00000006,data,str_10B199BC
0x10B199C4,0x00000006,data,str_10B199C4
0x10B199CC,0x00000006,data,str_10B199CC
0x10B199D4,0x00000006,data,str_10B199D4
0x10B199DC,0x00000006,data,str_10B199DC
0x10B199E4,0x00000007,data,str_10B199E4
0x10B199EC,0x00000007,data,str_10B199EC
0x10B199F4,0x00000007,data,str_10B199F4
0x10B199FC,0x00000007,data,str_10B199FC
0x10B19A04,0x00000007,data,str_10B19A04
0x10B19A0C,0x00000007,data,str_10B19A0C
0x10B19A14,0x00000007,data,str_10B19A14
0x10B19A1C,0x00000007,data,str_10B19A1C
0x10B19A24,0x00000006,data,str_10B19A24
0x10B19A2C,0x00000006,data,str_10B19A2C
0x10B19A34,0x00000006,data,str_10B19A34
0x10B19A3C,0x00000006,data,str_10B19A3C
0x10B19A44,0x00000006,data,str_10B19A44
0x10B19A4C,0x00000006,data,str_10B19A4C
0x10B19A54,0x00000006,data,str_10B19A54
0x10B19A5C,0x00000006,data,str_10B19A5C
0x10B19A64,0x00000006,data,str_10B19A64
0x10B19A6C,0x00000006,data,str_10B19A6C
0x10B19A74,0x00000006,data,str_10B19A74
0x10B19A7C,0x00000006,data,str_10B19A7C
0x10B19A84,0x00000006,data,str_10B19A84
0x10B19A8C,0x00000006,data,str_10B19A8C
0x10B19A94,0x00000006,data,str_10B19A94
0x10B19A9C,0x00000006,data,str_10B19A9C
0x10B19AA4,0x00000005,data,str_10B19AA4
0x10B19AAC,0x00000005,data,str_10B19AAC
0x10B19AB4,0x00000005,data,str_10B19AB4
0x10B19ABC,0x00000005,data,str_10B19ABC
0x10B19AC4,0x00000005,data,str_10B19AC4
0x10B19ACC,0x00000005,data,str_10B19ACC
0x10B19AD4,0x00000005,data,str_10B19AD4
0x10B19ADC,0x00000005,data,str_10B19ADC
0x10B19AE4,0x00000006,data,str_10B19AE4
0x10B19AEC,0x00000006,data,str_10B19AEC
0x10B19AF4,0x00000006,data,str_10B19AF4
0x10B19AFC,0x00000006,data,str_10B19AFC
0x10B19B04,0x00000006,data,str_10B19B04
0x10B19B0C,0x00000006,data,str_10B19B0C
0x10B19B14,0x00000006,data,str_10B19B14
0x10B19B1C,0x00000006,data,str_10B19B1C
0x10B19B24,0x00000005,data,str_10B19B24
0x10B19B2C,0x00000005,data,str_10B19B2C
0x10B19B34,0x00000005,data,str_10B19B34
0x10B19B3C,0x00000005,data,str_10B19B3C
0x10B19B44,0x00000005,data,str_10B19B44
0x10B19B4C,0x00000005,data,str_10B19B4C
0x10B19B54,0x00000005,data,str_10B19B54
0x10B19B5C,0x00000005,data,str_10B19B5C
0x10B19B64,0x00000005,data,str_10B19B64
0x10B19B6C,0x00000007,data,str_10B19B6C
0x10B19B74,0x00000006,data,str_10B19B74
0x10B19B7C,0x00000007,data,str_10B19B7C
0x10B19B84,0x00000007,data,str_10B19B84
0x10B19B8C,0x00000006,data,str_10B19B8C
0x10B19B94,0x00000005,data,str_10B19B94
0x10B19B9C,0x00000006,data,str_10B19B9C
0x10B19BA4,0x00000007,data,str_10B19BA4
0x10B19BAC,0x00000006,data,str_10B19BAC
0x10B19BB4,0x00000006,data,str_10B19BB4
0x10B19BBC,0x00000006,data,str_10B19BBC
0x10B19BC4,0x00000007,data,str_10B19BC4
0x10B19BCC,0x00000007,data,str_10B19BCC
0x10B19BD4,0x00000006,data,str_10B19BD4
0x10B19BDC,0x00000005,data,str_10B19BDC
0x10B19BE4,0x00000006,data,str_10B19BE4
0x10B19BEC,0x00000006,data,str_10B19BEC
0x10B19BF4,0x00000006,data,str_10B19BF4
0x10B19BFC,0x00000007,data,str_10B19BFC
0x10B19C04,0x00000007,data,str_10B19C04
0x10B19C0C,0x00000006,data,str_10B19C0C
0x10B19C14,0x00000006,data,str_10B19C14
0x10B19C1C,0x00000006,data,str_10B19C1C
0x10B19C24,0x00000006,data,str_10B19C24
0x10B19C2C,0x00000005,data,str_10B19C2C
0x10B19C34,0x00000006,data,str_10B19C34
0x10B19C3C,0x00000006,data,str_10B19C3C
0x10B19C44,0x00000006,data,str_10B19C44
0x10B19C4C,0x00000006,data,str_10B19C4C
0x10B19C54,0x00000006,data,str_10B19C54
0x10B19C5C,0x00000006,data,str_10B19C5C
0x10B19C64,0x00000007,data,str_10B19C64
0x10B19C6C,0x00000007,data,str_10B19C6C
0x10B19C74,0x00000007,data,str_10B19C74
0x10B19C7C,0x00000007,data,str_10B19C7C
0x10B19C84,0x00000007,data,str_10B19C84
0x10B19C8C,0x00000007,data,str_10B19C8C
0x10B19C94,0x00000004,data,str_10B19C94
0x10B19C98,0x00000004,data,str_10B19C98
0x10B19C9C,0x00000004,data,str_10B19C9C
0x10B19CA0,0x00000004,data,str_10B19CA0
0x10B19CA4,0x00000004,data,str_10B19CA4
0x10B19CA8,0x00000004,data,str_10B19CA8
0x10B19CAC,0x00000004,data,str_10B19CAC
0x10B19CB0,0x00000004,data,str_10B19CB0
0x10B19CB4,0x00000005,data,str_10B19CB4
0x10B19CBC,0x00000007,data,str_10B19CBC
0x10B19CC4,0x00000006,data,str_10B19CC4
0x10B19CCC,0x00000006,data,str_10B19CCC
0x10B19CD4,0x00000005,data,str_10B19CD4
0x10B19CDC,0x00000008,data,str_10B19CDC
0x10B19CE4,0x00000006,data,str_10B19CE4
0x10B19CEC,0x00000007,data,str_10B19CEC
0x10B19CF4,0x00000004,data,str_10B19CF4
0x10B19CF8,0x00000004,data,str_10B19CF8
0x10B19CFC,0x00000008,data,str_10B19CFC
0x10B19D04,0x00000005,data,str_10B19D04
0x10B19D0C,0x00000008,data,str_10B19D0C
0x10B19D14,0x00000007,data,str_10B19D14
0x10B19D1C,0x00000008,data,str_10B19D1C
0x10B19D24,0x00000007,data,str_10B19D24
0x10B19D2C,0x00000004,data,str_10B19D2C
0x10B19D30,0x00000005,data,str_10B19D30
0x10B19D38,0x00000004,data,str_10B19D38
0x10B19D3C,0x00000005,data,str_10B19D3C
0x10B19D44,0x00000004,data,str_10B19D44
0x10B19D48,0x00000004,data,str_10B19D48
0x10B19D4C,0x00000004,data,str_10B19D4C
0x10B19D50,0x00000004,data,str_10B19D50
0x10B19D54,0x00000006,data,str_10B19D54
0x10B19D5C,0x00000004,data,str_10B19D5C
0x10B19D60,0x00000007,data,str_10B19D60
0x10B19D68,0x0000000B,data,str_10B19D68
0x10B19D74,0x0000000C,data,str_10B19D74
0x10B19D80,0x0000000B,data,str_10B19D80
0x10B19D8C,0x0000000B,data,str_10B19D8C
0x10B19D98,0x00000009,data,str_10B19D98
0x10B19DA4,0x00000009,data,str_10B19DA4
0x10B19DB0,0x00000009,data,str_10B19DB0
0x10B19DBC,0x00000009,data,str_10B19DBC
0x10B19DC8,0x0000000A,data,str_10B19DC8
0x10B19DD4,0x00000004,data,str_10B19DD4
0x10B19DD8,0x00000005,data,str_10B19DD8
0x10B19DE0,0x00000004,data,str_10B19DE0
0x10B19DE4,0x00000004,data,str_10B19DE4
0x10B19DEC,0x00000004,data,str_10B19DEC
0x10B19DF4,0x00000008,data,str_10B19DF4
0x10B19DFC,0x00000007,data,str_10B19DFC
0x10B19E04,0x00000006,data,str_10B19E04
0x10B19E0C,0x00000005,data,str_10B19E0C
0x10B19E14,0x00000005,data,str_10B19E14
0x10B19E1C,0x00000004,data,str_10B19E1C
0x10B19E20,0x00000006,data,str_10B19E20
0x10B19E28,0x00000008,data,str_10B19E28
0x10B19E30,0x00000005,data,str_10B19E30
0x10B19E38,0x0000000B,data,str_10B19E38
0x10B19E44,0x00000008,data,str_10B19E44
0x10B19E4C,0x0000000B,data,str_10B19E4C
0x10B19E58,0x00000008,data,str_10B19E58
0x10B19E60,0x00000008,data,str_10B19E60
0x10B19E68,0x0000000B,data,str_10B19E68
0x10B19E74,0x00000008,data,str_10B19E74
0x10B19E7C,0x0000000B,data,str_10B19E7C
0x10B19E88,0x00000008,data,str_10B19E88
0x10B19E90,0x00000008,data,str_10B19E90
0x10B19E98,0x0000000B,data,str_10B19E98
0x10B19EA4,0x00000008,data,str_10B19EA4
0x10B19EAC,0x00000008,data,str_10B19EAC
0x10B19EB4,0x00000008,data,str_10B19EB4
0x10B19EBC,0x00000008,data,str_10B19EBC
0x10B19EC4,0x00000008,data,str_10B19EC4
0x10B19ECC,0x00000008,data,str_10B19ECC
0x10B19ED4,0x00000008,data,str_10B19ED4
0x10B19EDC,0x00000008,data,str_10B19EDC
0x10B19EE4,0x00000008,data,str_10B19EE4
0x10B19EEC,0x0000000A,data,str_10B19EEC
0x10B19EF8,0x00000007,data,str_10B19EF8
0x10B19F00,0x00000008,data,str_10B19F00
0x10B19F08,0x00000008,data,str_10B19F08
0x10B19F10,0x00000005,data,str_10B19F10
0x10B19F18,0x00000008,data,str_10B19F18
0x10B19F20,0x00000005,data,str_10B19F20
0x10B19F28,0x00000005,data,str_10B19F28
0x10B19F30,0x00000005,data,str_10B19F30
0x10B19F38,0x00000009,data,str_10B19F38
0x10B19F44,0x00000006,data,str_10B19F44
0x10B19F4C,0x00000006,data,str_10B19F4C
0x10B19F54,0x00000006,data,str_10B19F54
0x10B19F5C,0x00000004,data,str_10B19F5C
0x10B19F60,0x0000000A,data,str_10B19F60
0x10B19F6C,0x00000007,data,str_10B19F6C
0x10B19F74,0x0000000C,data,str_10B19F74
0x10B19F80,0x00000009,data,str_10B19F80
0x10B19F8C,0x00000009,data,str_10B19F8C
0x10B19F98,0x00000009,data,str_10B19F98
0x10B19FA4,0x00000007,data,str_10B19FA4
0x10B19FAC,0x00000007,data,str_10B19FAC
0x10B19FB4,0x00000008,data,str_10B19FB4
0x10B19FBC,0x00000005,data,str_10B19FBC
0x10B19FC4,0x00000008,data,str_10B19FC4
0x10B19FCC,0x00000005,data,str_10B19FCC
0x10B19FD4,0x00000005,data,str_10B19FD4
0x10B19FDC,0x0000000A,data,str_10B19FDC
0x10B19FE8,0x00000007,data,str_10B19FE8
0x10B19FF0,0x00000005,data,str_10B19FF0
0x10B19FF8,0x00000004,data,str_10B19FF8
0x10B19FFC,0x00000008,data,str_10B19FFC
0x10B1A004,0x00000005,data,str_10B1A004
0x10B1A00C,0x0000000D,data,str_10B1A00C
0x10B1A01C,0x0000000A,data,str_10B1A01C
0x10B1A028,0x00000008,data,str_10B1A028
0x10B1A030,0x00000005,data,str_10B1A030
0x10B1A038,0x0000000A,data,str_10B1A038
0x10B1A044,0x00000005,data,str_10B1A044
0x10B1A04C,0x00000005,data,str_10B1A04C
0x10B1A054,0x00000009,data,str_10B1A054
0x10B1A060,0x00000006,data,str_10B1A060
0x10B1A068,0x00000009,data,str_10B1A068
0x10B1A074,0x00000006,data,str_10B1A074
0x10B1A07C,0x00000009,data,str_10B1A07C
0x10B1A088,0x00000006,data,str_10B1A088
0x10B1A090,0x00000009,data,str_10B1A090
0x10B1A09C,0x00000006,data,str_10B1A09C
0x10B1A0A4,0x00000009,data,str_10B1A0A4
0x10B1A0B0,0x00000006,data,str_10B1A0B0
0x10B1A0B8,0x0000000B,data,str_10B1A0B8
0x10B1A0C4,0x00000008,data,str_10B1A0C4
0x10B1A0CC,0x0000000B,data,str_10B1A0CC
0x10B1A0D8,0x00000008,data,str_10B1A0D8
0x10B1A0E0,0x0000000B,data,str_10B1A0E0
0x10B1A0EC,0x00000008,data,str_10B1A0EC
0x10B1A0F4,0x0000000B,data,str_10B1A0F4
0x10B1A100,0x00000008,data,str_10B1A100
0x10B1A108,0x0000000B,data,str_10B1A108
0x10B1A114,0x00000008,data,str_10B1A114
0x10B1A11C,0x0000000B,data,str_10B1A11C
0x10B1A128,0x00000008,data,str_10B1A128
0x10B1A130,0x0000000B,data,str_10B1A130
0x10B1A13C,0x00000008,data,str_10B1A13C
0x10B1A144,0x0000000B,data,str_10B1A144
0x10B1A150,0x00000008,data,str_10B1A150
0x10B1A158,0x00000006,data,str_10B1A158
0x10B1A160,0x0000000A,data,str_10B1A160
0x10B1A16C,0x0000000B,data,str_10B1A16C
0x10B1A178,0x00000009,data,str_10B1A178
0x10B1A184,0x00000006,data,str_10B1A184
0x10B1A18C,0x00000007,data,str_10B1A18C
0x10B1A194,0x00000004,data,str_10B1A194
0x10B1A198,0x00000008,data,str_10B1A198
0x10B1A1A0,0x00000005,data,str_10B1A1A0
0x10B1A1A8,0x0000000C,data,str_10B1A1A8
0x10B1A1B4,0x00000009,data,str_10B1A1B4
0x10B1A1C0,0x0000000A,data,str_10B1A1C0
0x10B1A1CC,0x0000000C,data,str_10B1A1CC
0x10B1A1D8,0x0000000C,data,str_10B1A1D8
0x10B1A1E4,0x0000000A,data,str_10B1A1E4
0x10B1A1F0,0x00000007,data,str_10B1A1F0
0x10B1A1F8,0x00000007,data,str_10B1A1F8
0x10B1A200,0x00000007,data,str_10B1A200
0x10B1A208,0x0000000A,data,str_10B1A208
0x10B1A214,0x00000007,data,str_10B1A214
0x10B1A21C,0x00000007,data,str_10B1A21C
0x10B1A224,0x00000007,data,str_10B1A224
0x10B1A22C,0x00000007,data,str_10B1A22C
0x10B1A234,0x00000007,data,str_10B1A234
0x10B1A23C,0x00000007,data,str_10B1A23C
0x10B1A244,0x00000007,data,str_10B1A244
0x10B1A24C,0x00000007,data,str_10B1A24C
0x10B1A254,0x00000007,data,str_10B1A254
0x10B1A25C,0x0000000A,data,str_10B1A25C
0x10B1A268,0x00000007,data,str_10B1A268
0x10B1A270,0x00000007,data,str_10B1A270
0x10B1A278,0x00000007,data,str_10B1A278
0x10B1A280,0x00000007,data,str_10B1A280
0x10B1A288,0x00000007,data,str_10B1A288
0x10B1A290,0x00000007,data,str_10B1A290
0x10B1A298,0x00000007,data,str_10B1A298
0x10B1A2A0,0x0000000A,data,str_10B1A2A0
0x10B1A2AC,0x00000007,data,str_10B1A2AC
0x10B1A2B4,0x0000000B,data,str_10B1A2B4
0x10B1A2C0,0x00000008,data,str_10B1A2C0
0x10B1A2C8,0x0000000C,data,str_10B1A2C8
0x10B1A2D4,0x0000000B,data,str_10B1A2D4
0x10B1A2E0,0x00000008,data,str_10B1A2E0
0x10B1A2E8,0x0000000C,data,str_10B1A2E8
0x10B1A2F4,0x00000009,data,str_10B1A2F4
0x10B1A300,0x0000000B,data,str_10B1A300
0x10B1A30C,0x00000008,data,str_10B1A30C
0x10B1A314,0x00000007,data,str_10B1A314
0x10B1A31C,0x00000007,data,str_10B1A31C
0x10B1A324,0x0000000B,data,str_10B1A324
0x10B1A330,0x00000008,data,str_10B1A330
0x10B1A338,0x0000000A,data,str_10B1A338
0x10B1A344,0x00000009,data,str_10B1A344
0x10B1A350,0x0000000A,data,str_10B1A350
0x10B1A35C,0x00000009,data,str_10B1A35C
0x10B1A368,0x0000000A,data,str_10B1A368
0x10B1A374,0x00000009,data,str_10B1A374
0x10B1A380,0x0000000A,data,str_10B1A380
0x10B1A38C,0x00000009,data,str_10B1A38C
0x10B1A398,0x0000000A,data,str_10B1A398
0x10B1A3A4,0x00000009,data,str_10B1A3A4
0x10B1A3B0,0x0000000A,data,str_10B1A3B0
0x10B1A3BC,0x00000009,data,str_10B1A3BC
0x10B1A3C8,0x0000000D,data,str_10B1A3C8
0x10B1A3D8,0x0000000C,data,str_10B1A3D8
0x10B1A3E4,0x0000000A,data,str_10B1A3E4
0x10B1A3F0,0x00000009,data,str_10B1A3F0
0x10B1A3FC,0x0000000D,data,str_10B1A3FC
0x10B1A40C,0x0000000C,data,str_10B1A40C
0x10B1A418,0x0000000A,data,str_10B1A418
0x10B1A424,0x00000009,data,str_10B1A424
0x10B1A430,0x0000000D,data,str_10B1A430
0x10B1A440,0x0000000C,data,str_10B1A440
0x10B1A44C,0x0000000A,data,str_10B1A44C
0x10B1A458,0x00000009,data,str_10B1A458
0x10B1A464,0x0000000A,data,str_10B1A464
0x10B1A470,0x00000009,data,str_10B1A470
0x10B1A47C,0x0000000A,data,str_10B1A47C
0x10B1A488,0x00000009,data,str_10B1A488
0x10B1A494,0x0000000D,data,str_10B1A494
0x10B1A4A4,0x0000000C,data,str_10B1A4A4
0x10B1A4B0,0x0000000A,data,str_10B1A4B0
0x10B1A4BC,0x00000009,data,str_10B1A4BC
0x10B1A4C8,0x0000000C,data,str_10B1A4C8
0x10B1A4D4,0x0000000B,data,str_10B1A4D4
0x10B1A4E0,0x00000009,data,str_10B1A4E0
0x10B1A4EC,0x00000008,data,str_10B1A4EC
0x10B1A4F4,0x00000006,data,str_10B1A4F4
0x10B1A4FC,0x00000006,data,str_10B1A4FC
0x10B1A504,0x0000000C,data,str_10B1A504
0x10B1A510,0x00000009,data,str_10B1A510
0x10B1A51C,0x0000000C,data,str_10B1A51C
0x10B1A528,0x00000009,data,str_10B1A528
0x10B1A534,0x00000007,data,str_10B1A534
0x10B1A53C,0x00000007,data,str_10B1A53C
0x10B1A544,0x00000007,data,str_10B1A544
0x10B1A54C,0x00000007,data,str_10B1A54C
0x10B1A554,0x00000007,data,str_10B1A554
0x10B1A55C,0x00000007,data,str_10B1A55C
0x10B1A564,0x00000009,data,str_10B1A564
0x10B1A570,0x00000006,data,str_10B1A570
0x10B1A578,0x00000008,data,str_10B1A578
0x10B1A580,0x00000005,data,str_10B1A580
0x10B1A588,0x00000008,data,str_10B1A588
0x10B1A590,0x00000008,data,str_10B1A590
0x10B1A598,0x00000008,data,str_10B1A598
0x10B1A5A0,0x00000008,data,str_10B1A5A0
0x10B1A5A8,0x00000008,data,str_10B1A5A8
0x10B1A5B0,0x00000008,data,str_10B1A5B0
0x10B1A5B8,0x00000008,data,str_10B1A5B8
0x10B1A5C0,0x00000008,data,str_10B1A5C0
0x10B1A5C8,0x00000008,data,str_10B1A5C8
0x10B1A5D0,0x0000000A,data,str_10B1A5D0
0x10B1A5DC,0x00000007,data,str_10B1A5DC
0x10B1A5E4,0x00000008,data,str_10B1A5E4
0x10B1A5EC,0x00000004,data,str_10B1A5EC
0x10B1A5F4,0x00000008,data,str_10B1A5F4
0x10B1A5FC,0x00000006,data,str_10B1A5FC
0x10B1A604,0x00000006,data,str_10B1A604
0x10B1A60C,0x00000004,data,str_10B1A60C
0x10B1A614,0x00000005,data,str_10B1A614
0x10B1A61C,0x00000009,data,str_10B1A61C
0x10B1A628,0x00000008,data,str_10B1A628
0x10B1A630,0x00000008,data,str_10B1A630
0x10B1A638,0x00000007,data,str_10B1A638
0x10B1A640,0x00000007,data,str_10B1A640
0x10B1A648,0x00000006,data,str_10B1A648
0x10B1A650,0x00000009,data,str_10B1A650
0x10B1A65C,0x00000008,data,str_10B1A65C
0x10B1A664,0x00000008,data,str_10B1A664
0x10B1A66C,0x00000007,data,str_10B1A66C
0x10B1A674,0x00000007,data,str_10B1A674
0x10B1A67C,0x00000008,data,str_10B1A67C
0x10B1A684,0x00000007,data,str_10B1A684
0x10B1A68C,0x00000007,data,str_10B1A68C
0x10B1A694,0x00000006,data,str_10B1A694
0x10B1A69C,0x00000008,data,str_10B1A69C
0x10B1A6A4,0x00000007,data,str_10B1A6A4
0x10B1A6AC,0x00000007,data,str_10B1A6AC
0x10B1A6B4,0x00000006,data,str_10B1A6B4
0x10B1A6BC,0x00000006,data,str_10B1A6BC
0x10B1A6C4,0x00000005,data,str_10B1A6C4
0x10B1A6CC,0x00000005,data,str_10B1A6CC
0x10B1A6D4,0x00000006,data,str_10B1A6D4
0x10B1A6DC,0x00000005,data,str_10B1A6DC
0x10B1A6E4,0x00000007,data,str_10B1A6E4
0x10B1A6EC,0x00000006,data,str_10B1A6EC
0x10B1A6F4,0x00000007,data,str_10B1A6F4
0x10B1A6FC,0x00000004,data,str_10B1A6FC
0x10B1A700,0x00000009,data,str_10B1A700
0x10B1A70C,0x00000006,data,str_10B1A70C
0x10B1A714,0x00000008,data,str_10B1A714
0x10B1A71C,0x00000005,data,str_10B1A71C
0x10B1A724,0x0000000A,data,str_10B1A724
0x10B1A730,0x00000007,data,str_10B1A730
0x10B1A738,0x00000009,data,str_10B1A738
0x10B1A744,0x00000006,data,str_10B1A744
0x10B1A74C,0x0000000A,data,str_10B1A74C
0x10B1A758,0x00000007,data,str_10B1A758
0x10B1A760,0x00000009,data,str_10B1A760
0x10B1A76C,0x00000006,data,str_10B1A76C
0x10B1A774,0x0000000A,data,str_10B1A774
0x10B1A780,0x00000007,data,str_10B1A780
0x10B1A788,0x00000007,data,str_10B1A788
0x10B1A790,0x00000007,data,str_10B1A790
0x10B1A798,0x00000006,data,str_10B1A798
0x10B1A7A0,0x00000006,data,str_10B1A7A0
0x10B1A7A8,0x00000005,data,str_10B1A7A8
0x10B1A7B0,0x00000005,data,str_10B1A7B0
0x10B1A7B8,0x00000006,data,str_10B1A7B8
0x10B1A7C0,0x00000005,data,str_10B1A7C0
0x10B1A7C8,0x00000007,data,str_10B1A7C8
0x10B1A7D0,0x00000004,data,str_10B1A7D0
0x10B1A7D4,0x00000006,data,str_10B1A7D4
0x10B1A7DC,0x00000007,data,str_10B1A7DC
0x10B1A7E4,0x00000006,data,str_10B1A7E4
0x10B1A7EC,0x00000005,data,str_10B1A7EC
0x10B1A7F4,0x00000007,data,str_10B1A7F4
0x10B1A7FC,0x00000006,data,str_10B1A7FC
0x10B1A804,0x00000007,data,str_10B1A804
0x10B1A80C,0x00000006,data,str_10B1A80C
0x10B1A814,0x00000005,data,str_10B1A814
0x10B1A81C,0x00000006,data,str_10B1A81C
0x10B1A824,0x00000005,data,str_10B1A824
0x10B1A82C,0x00000006,data,str_10B1A82C
0x10B1A834,0x00000005,data,str_10B1A834
0x10B1A83C,0x00000007,data,str_10B1A83C
0x10B1A844,0x00000006,data,str_10B1A844
0x10B1A84C,0x00000007,data,str_10B1A84C
0x10B1A854,0x00000004,data,str_10B1A854
0x10B1A858,0x00000005,data,str_10B1A858
0x10B1A860,0x00000006,data,str_10B1A860
0x10B1A868,0x00000005,data,str_10B1A868
0x10B1A870,0x00000004,data,str_10B1A870
0x10B1A874,0x00000005,data,str_10B1A874
0x10B1A87C,0x00000004,data,str_10B1A87C
0x10B1A880,0x00000005,data,str_10B1A880
0x10B1A888,0x00000004,data,str_10B1A888
0x10B1A88C,0x00000007,data,str_10B1A88C
0x10B1A894,0x00000006,data,str_10B1A894
0x10B1A89C,0x00000006,data,str_10B1A89C
0x10B1A8A4,0x00000005,data,str_10B1A8A4
0x10B1A8AC,0x00000007,data,str_10B1A8AC
0x10B1A8B4,0x00000006,data,str_10B1A8B4
0x10B1A8BC,0x00000006,data,str_10B1A8BC
0x10B1A8C4,0x00000005,data,str_10B1A8C4
0x10B1A8CC,0x00000005,data,str_10B1A8CC
0x10B1A8D4,0x00000004,data,str_10B1A8D4
0x10B1A8D8,0x00000005,data,str_10B1A8D8
0x10B1A8E0,0x00000004,data,str_10B1A8E0
0x10B1A8E4,0x00000007,data,str_10B1A8E4
0x10B1A8EC,0x00000008,data,str_10B1A8EC
0x10B1A8F4,0x00000008,data,str_10B1A8F4
0x10B1A8FC,0x00000006,data,str_10B1A8FC
0x10B1A904,0x00000006,data,str_10B1A904
0x10B1A910,0x00000007,data,str_10B1A910
0x10B1A918,0x00000006,data,str_10B1A918
0x10B1A920,0x00000008,data,str_10B1A920
0x10B1A928,0x00000007,data,str_10B1A928
0x10B1A930,0x00000008,data,str_10B1A930
0x10B1A938,0x00000007,data,str_10B1A938
0x10B1A940,0x00000008,data,str_10B1A940
0x10B1A948,0x00000007,data,str_10B1A948
0x10B1A950,0x00000008,data,str_10B1A950
0x10B1A958,0x00000007,data,str_10B1A958
0x10B1A960,0x00000008,data,str_10B1A960
0x10B1A968,0x00000007,data,str_10B1A968
0x10B1A970,0x00000007,data,str_10B1A970
0x10B1A978,0x00000006,data,str_10B1A978
0x10B1A980,0x00000007,data,str_10B1A980
0x10B1A988,0x00000006,data,str_10B1A988
0x10B1A990,0x00000007,data,str_10B1A990
0x10B1A998,0x00000006,data,str_10B1A998
0x10B1A9A0,0x00000005,data,str_10B1A9A0
0x10B1A9A8,0x00000004,data,str_10B1A9A8
0x10B1A9AC,0x00000005,data,str_10B1A9AC
0x10B1A9B4,0x00000004,data,str_10B1A9B4
0x10B1A9B8,0x00000005,data,str_10B1A9B8
0x10B1A9C0,0x00000004,data,str_10B1A9C0
0x10B1A9C4,0x00000004,data,str_10B1A9C4
0x10B1A9CC,0x00000005,data,str_10B1A9CC
0x10B1A9D4,0x00000004,data,str_10B1A9D4
0x10B1A9D8,0x00000006,data,str_10B1A9D8
0x10B1A9E0,0x00000005,data,str_10B1A9E0
0x10B1A9E8,0x00000005,data,str_10B1A9E8
0x10B1A9F0,0x00000006,data,str_10B1A9F0
0x10B1A9F8,0x00000005,data,str_10B1A9F8
0x10B1AA00,0x00000008,data,str_10B1AA00
0x10B1AA08,0x00000007,data,str_10B1AA08
0x10B1AA10,0x00000007,data,str_10B1AA10
0x10B1AA18,0x00000006,data,str_10B1AA18
0x10B1AA20,0x00000006,data,str_10B1AA20
0x10B1AA28,0x00000008,data,str_10B1AA28
0x10B1AA30,0x00000007,data,str_10B1AA30
0x10B1AA38,0x00000007,data,str_10B1AA38
0x10B1AA40,0x00000006,data,str_10B1AA40
0x10B1AA48,0x00000009,data,str_10B1AA48
0x10B1AA54,0x00000008,data,str_10B1AA54
0x10B1AA5C,0x00000008,data,str_10B1AA5C
0x10B1AA64,0x00000007,data,str_10B1AA64
0x10B1AA6C,0x00000008,data,str_10B1AA6C
0x10B1AA74,0x00000007,data,str_10B1AA74
0x10B1AA7C,0x00000007,data,str_10B1AA7C
0x10B1AA84,0x00000006,data,str_10B1AA84
0x10B1AA8C,0x00000009,data,str_10B1AA8C
0x10B1AA98,0x00000008,data,str_10B1AA98
0x10B1AAA0,0x00000008,data,str_10B1AAA0
0x10B1AAA8,0x00000007,data,str_10B1AAA8
0x10B1AAB0,0x00000008,data,str_10B1AAB0
0x10B1AAB8,0x00000007,data,str_10B1AAB8
0x10B1AAC0,0x00000007,data,str_10B1AAC0
0x10B1AAC8,0x00000006,data,str_10B1AAC8
0x10B1AAD0,0x00000007,data,str_10B1AAD0
0x10B1AAD8,0x00000007,data,str_10B1AAD8
0x10B1AAE0,0x00000005,data,str_10B1AAE0
0x10B1AAE8,0x00000006,data,str_10B1AAE8
0x10B1AAF0,0x00000007,data,str_10B1AAF0
0x10B1AAF8,0x00000009,data,str_10B1AAF8
0x10B1AB04,0x00000007,data,str_10B1AB04
0x10B1AB0C,0x00000006,data,str_10B1AB0C
0x10B1AB14,0x00000008,data,str_10B1AB14
0x10B1AB1C,0x00000007,data,str_10B1AB1C
0x10B1AB24,0x00000007,data,str_10B1AB24
0x10B1AB2C,0x00000006,data,str_10B1AB2C
0x10B1AB34,0x00000008,data,str_10B1AB34
0x10B1AB3C,0x00000007,data,str_10B1AB3C
0x10B1AB44,0x00000008,data,str_10B1AB44
0x10B1AB4C,0x00000007,data,str_10B1AB4C
0x10B1AB54,0x00000006,data,str_10B1AB54
0x10B1AB5C,0x00000007,data,str_10B1AB5C
0x10B1AB64,0x00000005,data,str_10B1AB64
0x10B1AB6C,0x00000007,data,str_10B1AB6C
0x10B1AB74,0x00000005,data,str_10B1AB74
0x10B1AB7C,0x00000006,data,str_10B1AB7C
0x10B1AB84,0x00000007,data,str_10B1AB84
0x10B1AB8C,0x00000006,data,str_10B1AB8C
0x10B1AB94,0x00000006,data,str_10B1AB94
0x10B1AB9C,0x00000005,data,str_10B1AB9C
0x10B1ABA4,0x00000005,data,str_10B1ABA4
0x10B1ABAC,0x00000006,data,str_10B1ABAC
0x10B1ABB4,0x00000006,data,str_10B1ABB4
0x10B1ABBC,0x00000005,data,str_10B1ABBC
0x10B1ABC4,0x00000008,data,str_10B1ABC4
0x10B1ABCC,0x00000005,data,str_10B1ABCC
0x10B1ABD4,0x00000008,data,str_10B1ABD4
0x10B1ABDC,0x00000005,data,str_10B1ABDC
0x10B1ABE4,0x00000005,data,str_10B1ABE4
0x10B1ABEC,0x00000006,data,str_10B1ABEC
0x10B1ABF4,0x00000005,data,str_10B1ABF4
0x10B1ABFC,0x00000004,data,str_10B1ABFC
0x10B1AC00,0x00000006,data,str_10B1AC00
0x10B1AC08,0x00000005,data,str_10B1AC08
0x10B1AC10,0x00000006,data,str_10B1AC10
0x10B1AC18,0x00000006,data,str_10B1AC18
0x10B1AC20,0x00000004,data,str_10B1AC20
0x10B1AC24,0x00000008,data,str_10B1AC24
0x10B1AC2C,0x00000005,data,str_10B1AC2C
0x10B1AC34,0x00000007,data,str_10B1AC34
0x10B1AC3C,0x00000004,data,str_10B1AC3C
0x10B1AC40,0x00000009,data,str_10B1AC40
0x10B1AC4C,0x00000006,data,str_10B1AC4C
0x10B1AC54,0x00000008,data,str_10B1AC54
0x10B1AC5C,0x00000005,data,str_10B1AC5C
0x10B1AC64,0x00000009,data,str_10B1AC64
0x10B1AC70,0x00000006,data,str_10B1AC70
0x10B1AC78,0x00000008,data,str_10B1AC78
0x10B1AC80,0x00000005,data,str_10B1AC80
0x10B1AC88,0x00000009,data,str_10B1AC88
0x10B1AC94,0x00000006,data,str_10B1AC94
0x10B1AC9C,0x00000006,data,str_10B1AC9C
0x10B1ACA4,0x00000006,data,str_10B1ACA4
0x10B1ACAC,0x00000005,data,str_10B1ACAC
0x10B1ACB4,0x00000005,data,str_10B1ACB4
0x10B1ACBC,0x00000004,data,str_10B1ACBC
0x10B1ACC0,0x00000005,data,str_10B1ACC0
0x10B1ACC8,0x00000006,data,str_10B1ACC8
0x10B1ACD0,0x00000005,data,str_10B1ACD0
0x10B1ACD8,0x00000004,data,str_10B1ACD8
0x10B1ACDC,0x00000006,data,str_10B1ACDC
0x10B1ACE4,0x00000005,data,str_10B1ACE4
0x10B1ACEC,0x00000006,data,str_10B1ACEC
0x10B1ACF4,0x00000005,data,str_10B1ACF4
0x10B1ACFC,0x00000004,data,str_10B1ACFC
0x10B1AD00,0x00000005,data,str_10B1AD00
0x10B1AD08,0x00000006,data,str_10B1AD08
0x10B1AD10,0x00000005,data,str_10B1AD10
0x10B1AD18,0x00000004,data,str_10B1AD18
0x10B1AD1C,0x00000005,data,str_10B1AD1C
0x10B1AD24,0x00000006,data,str_10B1AD24
0x10B1AD2C,0x00000005,data,str_10B1AD2C
0x10B1AD34,0x00000004,data,str_10B1AD34
0x10B1AD38,0x00000004,data,str_10B1AD38
0x10B1AD3C,0x00000005,data,str_10B1AD3C
0x10B1AD44,0x00000004,data,str_10B1AD44
0x10B1AD48,0x00000006,data,str_10B1AD48
0x10B1AD50,0x00000006,data,str_10B1AD50
0x10B1AD5C,0x00000005,data,str_10B1AD5C
0x10B1AD64,0x00000006,data,str_10B1AD64
0x10B1AD6C,0x00000005,data,str_10B1AD6C
0x10B1AD74,0x00000004,data,str_10B1AD74
0x10B1AD78,0x00000006,data,str_10B1AD78
0x10B1AD80,0x00000005,data,str_10B1AD80
0x10B1AD88,0x00000007,data,str_10B1AD88
0x10B1AD90,0x00000006,data,str_10B1AD90
0x10B1AD98,0x00000006,data,str_10B1AD98
0x10B1ADA0,0x00000005,data,str_10B1ADA0
0x10B1ADA8,0x00000008,data,str_10B1ADA8
0x10B1ADB0,0x00000007,data,str_10B1ADB0
0x10B1ADB8,0x00000007,data,str_10B1ADB8
0x10B1ADC0,0x00000006,data,str_10B1ADC0
0x10B1ADC8,0x00000006,data,str_10B1ADC8
0x10B1ADD0,0x00000005,data,str_10B1ADD0
0x10B1ADD8,0x00000009,data,str_10B1ADD8
0x10B1ADE4,0x00000008,data,str_10B1ADE4
0x10B1ADEC,0x00000006,data,str_10B1ADEC
0x10B1ADF4,0x00000005,data,str_10B1ADF4
0x10B1ADFC,0x00000006,data,str_10B1ADFC
0x10B1AE04,0x00000005,data,str_10B1AE04
0x10B1AE0C,0x00000009,data,str_10B1AE0C
0x10B1AE18,0x00000008,data,str_10B1AE18
0x10B1AE20,0x00000008,data,str_10B1AE20
0x10B1AE28,0x00000007,data,str_10B1AE28
0x10B1AE30,0x00000009,data,str_10B1AE30
0x10B1AE3C,0x00000008,data,str_10B1AE3C
0x10B1AE44,0x00000008,data,str_10B1AE44
0x10B1AE4C,0x00000007,data,str_10B1AE4C
0x10B1AE54,0x00000006,data,str_10B1AE54
0x10B1AE5C,0x00000005,data,str_10B1AE5C
0x10B1AE64,0x00000007,data,str_10B1AE64
0x10B1AE6C,0x00000006,data,str_10B1AE6C
0x10B1AE74,0x00000007,data,str_10B1AE74
0x10B1AE7C,0x00000006,data,str_10B1AE7C
0x10B1AE84,0x00000006,data,str_10B1AE84
0x10B1AE8C,0x00000005,data,str_10B1AE8C
0x10B1AE94,0x00000008,data,str_10B1AE94
0x10B1AE9C,0x00000007,data,str_10B1AE9C
0x10B1AEA4,0x00000007,data,str_10B1AEA4
0x10B1AEAC,0x00000006,data,str_10B1AEAC
0x10B1AEB4,0x00000005,data,str_10B1AEB4
0x10B1AEBC,0x00000004,data,str_10B1AEBC
0x10B1AEC0,0x00000008,data,str_10B1AEC0
0x10B1AEC8,0x00000007,data,str_10B1AEC8
0x10B1AED0,0x00000007,data,str_10B1AED0
0x10B1AED8,0x00000006,data,str_10B1AED8
0x10B1AEE0,0x00000007,data,str_10B1AEE0
0x10B1AEE8,0x00000006,data,str_10B1AEE8
0x10B1AEF0,0x00000006,data,str_10B1AEF0
0x10B1AEF8,0x00000005,data,str_10B1AEF8
0x10B1AF00,0x00000008,data,str_10B1AF00
0x10B1AF08,0x00000007,data,str_10B1AF08
0x10B1AF10,0x00000007,data,str_10B1AF10
0x10B1AF18,0x00000006,data,str_10B1AF18
0x10B1AF20,0x00000008,data,str_10B1AF20
0x10B1AF28,0x00000007,data,str_10B1AF28
0x10B1AF30,0x00000007,data,str_10B1AF30
0x10B1AF38,0x00000006,data,str_10B1AF38
0x10B1AF40,0x00000006,data,str_10B1AF40
0x10B1AF48,0x00000006,data,str_10B1AF48
0x10B1AF50,0x00000007,data,str_10B1AF50
0x10B1AF58,0x00000006,data,str_10B1AF58
0x10B1AF60,0x00000007,data,str_10B1AF60
0x10B1AF68,0x00000006,data,str_10B1AF68
0x10B1AF70,0x00000006,data,str_10B1AF70
0x10B1AF78,0x00000005,data,str_10B1AF78
0x10B1AF80,0x00000006,data,str_10B1AF80
0x10B1AF88,0x00000005,data,str_10B1AF88
0x10B1AF90,0x00000007,data,str_10B1AF90
0x10B1AF98,0x00000006,data,str_10B1AF98
0x10B1AFA0,0x00000007,data,str_10B1AFA0
0x10B1AFA8,0x00000006,data,str_10B1AFA8
0x10B1AFB0,0x00000007,data,str_10B1AFB0
0x10B1AFB8,0x00000006,data,str_10B1AFB8
0x10B1AFC0,0x00000005,data,str_10B1AFC0
0x10B1AFC8,0x00000004,data,str_10B1AFC8
0x10B1AFCC,0x00000006,data,str_10B1AFCC
0x10B1AFD4,0x00000006,data,str_10B1AFD4
0x10B1AFDC,0x00000006,data,str_10B1AFDC
0x10B1AFE4,0x00000006,data,str_10B1AFE4
0x10B1AFEC,0x00000004,data,str_10B1AFEC
0x10B1AFF0,0x00000004,data,str_10B1AFF0
0x10B1AFF4,0x00000008,data,str_10B1AFF4
0x10B1AFFC,0x00000007,data,str_10B1AFFC
0x10B1B004,0x00000007,data,str_10B1B004
0x10B1B00C,0x00000006,data,str_10B1B00C
0x10B1B014,0x00000007,data,str_10B1B014
0x10B1B01C,0x00000006,data,str_10B1B01C
0x10B1B024,0x00000006,data,str_10B1B024
0x10B1B02C,0x00000005,data,str_10B1B02C
0x10B1B034,0x00000008,data,str_10B1B034
0x10B1B03C,0x00000007,data,str_10B1B03C
0x10B1B044,0x00000007,data,str_10B1B044
0x10B1B04C,0x00000006,data,str_10B1B04C
0x10B1B054,0x00000007,data,str_10B1B054
0x10B1B05C,0x00000006,data,str_10B1B05C
0x10B1B064,0x00000006,data,str_10B1B064
0x10B1B06C,0x00000005,data,str_10B1B06C
0x10B1B074,0x00000008,data,str_10B1B074
0x10B1B07C,0x00000005,data,str_10B1B07C
0x10B1B084,0x00000007,data,str_10B1B084
0x10B1B08C,0x00000005,data,str_10B1B08C
0x10B1B094,0x00000006,data,str_10B1B094
0x10B1B09C,0x00000005,data,str_10B1B09C
0x10B1B0A4,0x00000005,data,str_10B1B0A4
0x10B1B0AC,0x00000006,data,str_10B1B0AC
0x10B1B0B4,0x00000006,data,str_10B1B0B4
0x10B1B0BC,0x00000005,data,str_10B1B0BC
0x10B1B0C4,0x00000006,data,str_10B1B0C4
0x10B1B0CC,0x00000007,data,str_10B1B0CC
0x10B1B0D4,0x00000006,data,str_10B1B0D4
0x10B1B0DC,0x00000007,data,str_10B1B0DC
0x10B1B0E4,0x00000006,data,str_10B1B0E4
0x10B1B0EC,0x00000008,data,str_10B1B0EC
0x10B1B0F4,0x00000007,data,str_10B1B0F4
0x10B1B0FC,0x00000007,data,str_10B1B0FC
0x10B1B104,0x00000006,data,str_10B1B104
0x10B1B10C,0x00000005,data,str_10B1B10C
0x10B1B114,0x00000005,data,str_10B1B114
0x10B1B11C,0x00000004,data,str_10B1B11C
0x10B1B120,0x00000004,data,str_10B1B120
0x10B1B128,0x00000006,data,str_10B1B128
0x10B1B130,0x00000005,data,str_10B1B130
0x10B1B138,0x00000006,data,str_10B1B138
0x10B1B140,0x00000005,data,str_10B1B140
0x10B1B148,0x00000005,data,str_10B1B148
0x10B1B150,0x00000004,data,str_10B1B150
0x10B1B154,0x00000007,data,str_10B1B154
0x10B1B15C,0x00000006,data,str_10B1B15C
0x10B1B164,0x00000004,data,str_10B1B164
0x10B1B174,0x00000007,data,str_10B1B174
0x10B1B17C,0x00000006,data,str_10B1B17C
0x10B1B184,0x00000006,data,str_10B1B184
0x10B1B18C,0x00000005,data,str_10B1B18C
0x10B1B194,0x00000005,data,str_10B1B194
0x10B1B19C,0x00000004,data,str_10B1B19C
0x10B1B1A0,0x00000008,data,str_10B1B1A0
0x10B1B1A8,0x00000007,data,str_10B1B1A8
0x10B1B1B0,0x00000007,data,str_10B1B1B0
0x10B1B1B8,0x00000006,data,str_10B1B1B8
0x10B1B1C0,0x00000006,data,str_10B1B1C0
0x10B1B1C8,0x00000005,data,str_10B1B1C8
0x10B1B1D0,0x00000008,data,str_10B1B1D0
0x10B1B1D8,0x00000007,data,str_10B1B1D8
0x10B1B1E0,0x00000007,data,str_10B1B1E0
0x10B1B1E8,0x00000006,data,str_10B1B1E8
0x10B1B1F0,0x00000006,data,str_10B1B1F0
0x10B1B1F8,0x00000007,data,str_10B1B1F8
0x10B1B200,0x00000006,data,str_10B1B200
0x10B1B208,0x00000005,data,str_10B1B208
0x10B1B210,0x00000007,data,str_10B1B210
0x10B1B218,0x00000006,data,str_10B1B218
0x10B1B220,0x00000006,data,str_10B1B220
0x10B1B228,0x00000005,data,str_10B1B228
0x10B1B230,0x00000007,data,str_10B1B230
0x10B1B238,0x00000006,data,str_10B1B238
0x10B1B240,0x00000006,data,str_10B1B240
0x10B1B248,0x00000005,data,str_10B1B248
0x10B1B250,0x00000005,data,str_10B1B250
0x10B1B258,0x00000007,data,str_10B1B258
0x10B1DC24,0x00000008,data,wstr_10B1DC24
0x10B1DD58,0x0000003E,data,wstr_10B1DD58
0x10B1DFA8,0x00000026,data,wstr_10B1DFA8
0x10B1DFD0,0x00000007,data,str_10B1DFD0
0x10B1DFD8,0x00000005,data,str_10B1DFD8
0x10B1DFE4,0x00000004,data,str_10B1DFE4
0x10B1E168,0x00000064,data,wstr_10B1E168
0x10B1E444,0x00000006,data,str_10B1E444
0x10B1E8E0,0x0000005C,data,wstr_10B1E8E0
0x10B1E9DC,0x0000001E,data,wstr_10B1E9DC
0x10B1EA20,0x0000000E,data,str_10B1EA20
0x10B1EA30,0x0000000E,data,str_10B1EA30
0x10B1EA40,0x0000000E,data,str_10B1EA40
0x10B1EA50,0x0000000E,data,str_10B1EA50
0x10B1EA60,0x0000000E,data,str_10B1EA60
0x10B1EA70,0x0000000E,data,str_10B1EA70
0x10B1EA80,0x0000000E,data,str_10B1EA80
0x10B1EA90,0x0000000E,data,str_10B1EA90
0x10B1EAA0,0x0000000E,data,str_10B1EAA0
0x10B1EAB0,0x0000000E,data,str_10B1EAB0
0x10B1EAC0,0x0000000E,data,str_10B1EAC0
0x10B1EAD0,0x0000000E,data,str_10B1EAD0
0x10B1EAE0,0x0000000E,data,str_10B1EAE0
0x10B1EAF0,0x0000000E,data,str_10B1EAF0
0x10B1EB00,0x0000000E,data,str_10B1EB00
0x10B1EB10,0x0000000E,data,str_10B1EB10
0x10B1EB20,0x0000000E,data,str_10B1EB20
0x10B1EB30,0x0000000E,data,str_10B1EB30
0x10B1EB40,0x0000000E,data,str_10B1EB40
0x10B1EB50,0x0000000E,data,str_10B1EB50
0x10B1EB60,0x0000000E,data,str_10B1EB60
0x10B1EB70,0x0000000E,data,str_10B1EB70
0x10B1EB80,0x0000000E,data,str_10B1EB80
0x10B1EB90,0x0000000E,data,str_10B1EB90
0x10B1EBA0,0x0000000E,data,str_10B1EBA0
0x10B1EBB0,0x0000000E,data,str_10B1EBB0
0x10B1EBC0,0x0000000E,data,str_10B1EBC0
0x10B1EBD0,0x0000000E,data,str_10B1EBD0
0x10B1EBE0,0x0000000D,data,str_10B1EBE0
0x10B1EBF0,0x0000000D,data,str_10B1EBF0
0x10B1EC00,0x0000000D,data,str_10B1EC00
0x10B1EC10,0x0000000D,data,str_10B1EC10
0x10B1EC20,0x0000000D,data,str_10B1EC20
0x10B1EC30,0x0000000D,data,str_10B1EC30
0x10B1EC40,0x0000000D,data,str_10B1EC40
0x10B1EC50,0x0000000D,data,str_10B1EC50
0x10B1EC60,0x0000000D,data,str_10B1EC60
0x10B1EC70,0x0000000D,data,str_10B1EC70
0x10B1EC80,0x0000000D,data,str_10B1EC80
0x10B1EC90,0x0000000D,data,str_10B1EC90
0x10B1ECA0,0x0000000D,data,str_10B1ECA0
0x10B1ECB0,0x0000000D,data,str_10B1ECB0
0x10B1ECC0,0x0000000D,data,str_10B1ECC0
0x10B1ECD0,0x0000000D,data,str_10B1ECD0
0x10B1ECE0,0x0000000D,data,str_10B1ECE0
0x10B1ECF0,0x0000000D,data,str_10B1ECF0
0x10B1ED00,0x0000000D,data,str_10B1ED00
0x10B1ED10,0x0000000D,data,str_10B1ED10
0x10B1ED20,0x0000000D,data,str_10B1ED20
0x10B1ED30,0x0000000D,data,str_10B1ED30
0x10B1ED40,0x0000000D,data,str_10B1ED40
0x10B1ED50,0x0000000D,data,str_10B1ED50
0x10B1ED60,0x0000000D,data,str_10B1ED60
0x10B1ED70,0x0000000D,data,str_10B1ED70
0x10B1ED80,0x0000000D,data,str_10B1ED80
0x10B1ED90,0x0000000D,data,str_10B1ED90
0x10B1EDA0,0x0000000D,data,str_10B1EDA0
0x10B1EDB0,0x0000000D,data,str_10B1EDB0
0x10B1EDC0,0x0000000D,data,str_10B1EDC0
0x10B1EDD0,0x0000000D,data,str_10B1EDD0
0x10B1EDE0,0x0000000D,data,str_10B1EDE0
0x10B1EDF0,0x0000000D,data,str_10B1EDF0
0x10B1EE00,0x0000000D,data,str_10B1EE00
0x10B1EE10,0x0000000D,data,str_10B1EE10
0x10B1EE20,0x0000000D,data,str_10B1EE20
0x10B1EE30,0x0000000D,data,str_10B1EE30
0x10B1EE40,0x0000000D,data,str_10B1EE40
0x10B1EE50,0x0000000D,data,str_10B1EE50
0x10B1EE60,0x0000000D,data,str_10B1EE60
0x10B1EE70,0x0000000D,data,str_10B1EE70
0x10B1EE80,0x0000000D,data,str_10B1EE80
0x10B1EE90,0x0000000D,data,str_10B1EE90
0x10B1EEA0,0x0000000D,data,str_10B1EEA0
0x10B1EEB0,0x0000000D,data,str_10B1EEB0
0x10B1EEC0,0x0000000D,data,str_10B1EEC0
0x10B1EED0,0x0000000D,data,str_10B1EED0
0x10B1EEE0,0x0000000D,data,str_10B1EEE0
0x10B1EEF0,0x0000000D,data,str_10B1EEF0
0x10B1EF00,0x0000000D,data,str_10B1EF00
0x10B1EF10,0x0000000D,data,str_10B1EF10
0x10B1EF20,0x0000000D,data,str_10B1EF20
0x10B1EF30,0x0000000D,data,str_10B1EF30
0x10B1EF40,0x0000000D,data,str_10B1EF40
0x10B1EF50,0x0000000D,data,str_10B1EF50
0x10B1EF60,0x0000000D,data,str_10B1EF60
0x10B1EF70,0x0000000D,data,str_10B1EF70
0x10B1EF80,0x0000000D,data,str_10B1EF80
0x10B1EF90,0x0000000D,data,str_10B1EF90
0x10B1EFA0,0x0000000D,data,str_10B1EFA0
0x10B1EFB0,0x0000000D,data,str_10B1EFB0
0x10B1EFC0,0x0000000D,data,str_10B1EFC0
0x10B1EFD0,0x0000000D,data,str_10B1EFD0
0x10B1EFE0,0x0000000D,data,str_10B1EFE0
0x10B1EFF0,0x0000000D,data,str_10B1EFF0
0x10B1F000,0x0000000D,data,str_10B1F000
0x10B1F010,0x0000000D,data,str_10B1F010
0x10B1F020,0x0000000D,data,str_10B1F020
0x10B1F030,0x0000000D,data,str_10B1F030
0x10B1F040,0x0000000D,data,str_10B1F040
0x10B1F050,0x0000000D,data,str_10B1F050
0x10B1F060,0x0000000D,data,str_10B1F060
0x10B1F070,0x0000000D,data,str_10B1F070
0x10B1F080,0x0000000D,data,str_10B1F080
0x10B1F090,0x0000000D,data,str_10B1F090
0x10B1F0A0,0x0000000D,data,str_10B1F0A0
0x10B1F0B0,0x0000000D,data,str_10B1F0B0
0x10B1F0C0,0x0000000D,data,str_10B1F0C0
0x10B1F0D0,0x0000000D,data,str_10B1F0D0
0x10B1F0E0,0x0000000D,data,str_10B1F0E0
0x10B1F0F0,0x0000000D,data,str_10B1F0F0
0x10B1F100,0x0000000D,data,str_10B1F100
0x10B1F110,0x0000000D,data,str_10B1F110
0x10B1F120,0x0000000D,data,str_10B1F120
0x10B1F130,0x0000000D,data,str_10B1F130
0x10B1F140,0x0000000D,data,str_10B1F140
0x10B1F150,0x0000000D,data,str_10B1F150
0x10B1F160,0x0000000D,data,str_10B1F160
0x10B1F170,0x0000000D,data,str_10B1F170
0x10B1F180,0x0000000D,data,str_10B1F180
0x10B1F190,0x0000000D,data,str_10B1F190
0x10B1F1A0,0x0000000D,data,str_10B1F1A0
0x10B1F1B0,0x0000000D,data,str_10B1F1B0
0x10B1F1C0,0x0000000D,data,str_10B1F1C0
0x10B1F1D0,0x0000000D,data,str_10B1F1D0
0x10B1F1E0,0x0000000D,data,str_10B1F1E0
0x10B1F1F0,0x0000000D,data,str_10B1F1F0
0x10B1F200,0x0000000D,data,str_10B1F200
0x10B1F210,0x0000000D,data,str_10B1F210
0x10B1F220,0x0000000D,data,str_10B1F220
0x10B1F230,0x0000000D,data,str_10B1F230
0x10B1F240,0x0000000D,data,str_10B1F240
0x10B1F250,0x0000000D,data,str_10B1F250
0x10B1F260,0x0000000F,data,str_10B1F260
0x10B1F270,0x0000000F,data,str_10B1F270
0x10B1F280,0x0000000F,data,str_10B1F280
0x10B1F290,0x0000000F,data,str_10B1F290
0x10B1F2A0,0x0000000F,data,str_10B1F2A0
0x10B1F2B0,0x0000000F,data,str_10B1F2B0
0x10B1F2C0,0x0000000F,data,str_10B1F2C0
0x10B1F2D0,0x0000000F,data,str_10B1F2D0
0x10B1F2E0,0x0000000F,data,str_10B1F2E0
0x10B1F2F0,0x0000000F,data,str_10B1F2F0
0x10B1F300,0x0000000F,data,str_10B1F300
0x10B1F310,0x0000000F,data,str_10B1F310
0x10B1F320,0x0000000F,data,str_10B1F320
0x10B1F330,0x0000000F,data,str_10B1F330
0x10B1F340,0x0000000F,data,str_10B1F340
0x10B1F350,0x0000000F,data,str_10B1F350
0x10B1F360,0x0000000F,data,str_10B1F360
0x10B1F370,0x0000000F,data,str_10B1F370
0x10B1F380,0x0000000F,data,str_10B1F380
0x10B1F390,0x0000000E,data,str_10B1F390
0x10B1F3A0,0x0000000E,data,str_10B1F3A0
0x10B1F3B0,0x0000000E,data,str_10B1F3B0
0x10B1F3C0,0x0000000E,data,str_10B1F3C0
0x10B1F3D0,0x0000000E,data,str_10B1F3D0
0x10B1F3E0,0x0000000E,data,str_10B1F3E0
0x10B1F3F0,0x0000000E,data,str_10B1F3F0
0x10B1F400,0x0000000E,data,str_10B1F400
0x10B1F410,0x0000000E,data,str_10B1F410
0x10B1F420,0x0000000E,data,str_10B1F420
0x10B1F430,0x0000000E,data,str_10B1F430
0x10B1F440,0x0000000E,data,str_10B1F440
0x10B1F450,0x0000000E,data,str_10B1F450
0x10B1F460,0x0000000E,data,str_10B1F460
0x10B1F470,0x0000000E,data,str_10B1F470
0x10B1F480,0x0000000E,data,str_10B1F480
0x10B1F490,0x0000000E,data,str_10B1F490
0x10B1F4A0,0x0000000E,data,str_10B1F4A0
0x10B1F4B0,0x0000000E,data,str_10B1F4B0
0x10B1F4C0,0x0000000E,data,str_10B1F4C0
0x10B1F4D0,0x0000000E,data,str_10B1F4D0
0x10B1F4E0,0x0000000E,data,str_10B1F4E0
0x10B1F4F0,0x0000000E,data,str_10B1F4F0
0x10B1F500,0x0000000E,data,str_10B1F500
0x10B1F510,0x0000000E,data,str_10B1F510
0x10B1F520,0x0000000E,data,str_10B1F520
0x10B1F530,0x0000000E,data,str_10B1F530
0x10B1F540,0x0000000E,data,str_10B1F540
0x10B1F550,0x0000000D,data,str_10B1F550
0x10B1F560,0x0000000D,data,str_10B1F560
0x10B1F570,0x0000000D,data,str_10B1F570
0x10B1F580,0x0000000D,data,str_10B1F580
0x10B1F590,0x0000000D,data,str_10B1F590
0x10B1F5A0,0x0000000D,data,str_10B1F5A0
0x10B1F5B0,0x0000000D,data,str_10B1F5B0
0x10B1F5C0,0x0000000D,data,str_10B1F5C0
0x10B1F5D0,0x0000000D,data,str_10B1F5D0
0x10B1F5E0,0x0000000D,data,str_10B1F5E0
0x10B1F5F0,0x0000000D,data,str_10B1F5F0
0x10B1F600,0x0000000D,data,str_10B1F600
0x10B1F610,0x0000000D,data,str_10B1F610
0x10B1F620,0x0000000D,data,str_10B1F620
0x10B1F630,0x0000000D,data,str_10B1F630
0x10B1F640,0x0000000D,data,str_10B1F640
0x10B1F650,0x0000000D,data,str_10B1F650
0x10B1F660,0x0000000D,data,str_10B1F660
0x10B1F670,0x0000000D,data,str_10B1F670
0x10B1F680,0x0000000D,data,str_10B1F680
0x10B1F690,0x0000000D,data,str_10B1F690
0x10B1F6A0,0x0000000D,data,str_10B1F6A0
0x10B1F6B0,0x0000000D,data,str_10B1F6B0
0x10B1F6C0,0x0000000D,data,str_10B1F6C0
0x10B1F6D0,0x0000000D,data,str_10B1F6D0
0x10B1F6E0,0x0000000D,data,str_10B1F6E0
0x10B1F6F0,0x0000000D,data,str_10B1F6F0
0x10B1F700,0x0000000D,data,str_10B1F700
0x10B1F710,0x0000000D,data,str_10B1F710
0x10B1F720,0x0000000D,data,str_10B1F720
0x10B1F730,0x0000000D,data,str_10B1F730
0x10B1F740,0x0000000D,data,str_10B1F740
0x10B1F750,0x0000000D,data,str_10B1F750
0x10B1F760,0x0000000D,data,str_10B1F760
0x10B1F770,0x0000000D,data,str_10B1F770
0x10B1F780,0x0000000D,data,str_10B1F780
0x10B1F790,0x0000000D,data,str_10B1F790
0x10B1F7A0,0x0000000D,data,str_10B1F7A0
0x10B1F7B0,0x0000000D,data,str_10B1F7B0
0x10B1F7C0,0x0000000D,data,str_10B1F7C0
0x10B1F7D0,0x0000000D,data,str_10B1F7D0
0x10B1F7E0,0x0000000D,data,str_10B1F7E0
0x10B1F7F0,0x0000000D,data,str_10B1F7F0
0x10B1F800,0x0000000D,data,str_10B1F800
0x10B1F810,0x0000000D,data,str_10B1F810
0x10B1F820,0x0000000D,data,str_10B1F820
0x10B1F830,0x0000000D,data,str_10B1F830
0x10B1F840,0x0000000D,data,str_10B1F840
0x10B1F850,0x0000000D,data,str_10B1F850
0x10B1F860,0x0000000D,data,str_10B1F860
0x10B1F870,0x0000000D,data,str_10B1F870
0x10B1F880,0x0000000D,data,str_10B1F880
0x10B1F890,0x0000000D,data,str_10B1F890
0x10B1F8A0,0x0000000D,data,str_10B1F8A0
0x10B1F8B0,0x0000000D,data,str_10B1F8B0
0x10B1F8C0,0x0000000D,data,str_10B1F8C0
0x10B1F8D0,0x0000000D,data,str_10B1F8D0
0x10B1F8E0,0x0000000D,data,str_10B1F8E0
0x10B1F8F0,0x0000000D,data,str_10B1F8F0
0x10B1F900,0x0000000D,data,str_10B1F900
0x10B1F910,0x0000000D,data,str_10B1F910
0x10B1F920,0x0000000D,data,str_10B1F920
0x10B1F930,0x0000000D,data,str_10B1F930
0x10B1F940,0x0000000D,data,str_10B1F940
0x10B1F950,0x0000000D,data,str_10B1F950
0x10B1F960,0x0000000D,data,str_10B1F960
0x10B1F970,0x0000000D,data,str_10B1F970
0x10B1F980,0x0000000D,data,str_10B1F980
0x10B1F990,0x0000000D,data,str_10B1F990
0x10B1F9A0,0x0000000D,data,str_10B1F9A0
0x10B1F9B0,0x0000000D,data,str_10B1F9B0
0x10B1F9C0,0x0000000D,data,str_10B1F9C0
0x10B1F9D0,0x0000000D,data,str_10B1F9D0
0x10B1F9E0,0x0000000D,data,str_10B1F9E0
0x10B1F9F0,0x0000000D,data,str_10B1F9F0
0x10B1FA00,0x0000000D,data,str_10B1FA00
0x10B1FA10,0x0000000D,data,str_10B1FA10
0x10B1FA20,0x0000000D,data,str_10B1FA20
0x10B1FA30,0x0000000D,data,str_10B1FA30
0x10B1FA40,0x0000000D,data,str_10B1FA40
0x10B1FA50,0x0000000D,data,str_10B1FA50
0x10B1FA60,0x0000000D,data,str_10B1FA60
0x10B1FA70,0x0000000D,data,str_10B1FA70
0x10B1FA80,0x0000000D,data,str_10B1FA80
0x10B1FA90,0x0000000D,data,str_10B1FA90
0x10B1FAA0,0x0000000D,data,str_10B1FAA0
0x10B1FAB0,0x0000000D,data,str_10B1FAB0
0x10B1FAC0,0x0000000D,data,str_10B1FAC0
0x10B1FAD0,0x0000000D,data,str_10B1FAD0
0x10B1FAE0,0x0000000D,data,str_10B1FAE0
0x10B1FAF0,0x0000000D,data,str_10B1FAF0
0x10B1FB00,0x0000000D,data,str_10B1FB00
0x10B1FB10,0x0000000D,data,str_10B1FB10
0x10B1FB20,0x0000000D,data,str_10B1FB20
0x10B1FB30,0x0000000D,data,str_10B1FB30
0x10B1FB40,0x0000000D,data,str_10B1FB40
0x10B1FB50,0x0000000D,data,str_10B1FB50
0x10B1FB60,0x0000000D,data,str_10B1FB60
0x10B1FB70,0x0000000D,data,str_10B1FB70
0x10B1FB80,0x0000000D,data,str_10B1FB80
0x10B1FB90,0x0000000D,data,str_10B1FB90
0x10B1FBA0,0x0000000D,data,str_10B1FBA0
0x10B1FBB0,0x0000000D,data,str_10B1FBB0
0x10B1FBC0,0x0000000D,data,str_10B1FBC0
0x10B1FBD0,0x0000000F,data,str_10B1FBD0
0x10B1FBE0,0x0000000F,data,str_10B1FBE0
0x10B1FBF0,0x0000000F,data,str_10B1FBF0
0x10B1FC00,0x0000000F,data,str_10B1FC00
0x10B1FC10,0x0000000F,data,str_10B1FC10
0x10B1FC20,0x0000000F,data,str_10B1FC20
0x10B1FC30,0x0000000F,data,str_10B1FC30
0x10B1FC40,0x0000000F,data,str_10B1FC40
0x10B1FC50,0x0000000F,data,str_10B1FC50
0x10B1FC60,0x0000000F,data,str_10B1FC60
0x10B1FC70,0x0000000F,data,str_10B1FC70
0x10B1FC80,0x0000000F,data,str_10B1FC80
0x10B1FC90,0x0000000F,data,str_10B1FC90
0x10B1FCA0,0x0000000F,data,str_10B1FCA0
0x10B1FCB0,0x0000000F,data,str_10B1FCB0
0x10B1FCC0,0x0000000F,data,str_10B1FCC0
0x10B1FCD0,0x0000000F,data,str_10B1FCD0
0x10B1FCE0,0x0000000F,data,str_10B1FCE0
0x10B1FCF0,0x0000000F,data,str_10B1FCF0
0x10B1FE38,0x00000060,data,wstr_10B1FE38
0x10B1FE98,0x0000000F,data,str_10B1FE98
0x10B1FEA9,0x0000000A,data,str_10B1FEA9
0x10B1FEB5,0x0000000C,data,str_10B1FEB5
0x10B1FEDA,0x0000000A,data,wstr_10B1FEDA
0x10B1FEE4,0x00000004,data,str_10B1FEE4
0x10B1FEE8,0x00000005,data,str_10B1FEE8
0x10B1FEF0,0x0000001A,data,str_10B1FEF0
0x10B1FF0C,0x00000009,data,str_10B1FF0C
0x10B1FF18,0x00000009,data,str_10B1FF18
0x10B1FF24,0x00000009,data,str_10B1FF24
0x10B1FF30,0x0000000B,data,str_10B1FF30
0x10B1FF3C,0x0000000B,data,str_10B1FF3C
0x10B1FF50,0x00000062,data,wstr_10B1FF50
0x10B1FFB4,0x00000009,data,str_10B1FFB4
0x10B1FFC0,0x00000006,data,str_10B1FFC0
0x10B1FFC8,0x00000009,data,str_10B1FFC8
0x10B1FFD8,0x00000012,data,str_10B1FFD8
0x10B1FFEC,0x00000006,data,str_10B1FFEC
0x10B1FFF4,0x0000001C,data,str_10B1FFF4
0x10B20010,0x00000007,data,str_10B20010
0x10B20018,0x0000000A,data,str_10B20018
0x10B20024,0x00000006,data,str_10B20024
0x10B2002C,0x00000009,data,str_10B2002C
0x10B20038,0x00000009,data,str_10B20038
0x10B20044,0x00000008,data,str_10B20044
0x10B2004C,0x00000009,data,str_10B2004C
0x10B20058,0x00000006,data,str_10B20058
0x10B20060,0x00000005,data,str_10B20060
0x10B20068,0x00000062,data,wstr_10B20068
0x10B200CC,0x0000000B,data,str_10B200CC
0x10B200D8,0x00000008,data,str_10B200D8
0x10B200E0,0x00000014,data,str_10B200E0
0x10B200F4,0x00000014,data,str_10B200F4
0x10B20108,0x00000014,data,str_10B20108
0x10B2011C,0x00000014,data,str_10B2011C
0x10B20130,0x00000014,data,str_10B20130
0x10B20144,0x00000014,data,str_10B20144
0x10B20158,0x00000014,data,str_10B20158
0x10B2016C,0x00000014,data,str_10B2016C
0x10B20180,0x00000014,data,str_10B20180
0x10B20194,0x00000014,data,str_10B20194
0x10B201A8,0x00000014,data,str_10B201A8
0x10B201BC,0x00000013,data,str_10B201BC
0x10B201D0,0x00000013,data,str_10B201D0
0x10B201E4,0x00000013,data,str_10B201E4
0x10B201F8,0x00000013,data,str_10B201F8
0x10B2020C,0x00000013,data,str_10B2020C
0x10B20220,0x00000013,data,str_10B20220
0x10B20234,0x00000013,data,str_10B20234
0x10B20248,0x00000013,data,str_10B20248
0x10B2025C,0x00000013,data,str_10B2025C
0x10B20270,0x00000013,data,str_10B20270
0x10B20294,0x00000014,data,str_10B20294
0x10B24104,0x00000006,data,str_10B24104
0x10B2410C,0x00000007,data,str_10B2410C
0x10B24114,0x00000005,data,str_10B24114
0x10B2411C,0x00000006,data,str_10B2411C
0x10B24124,0x00000004,data,str_10B24124
0x10B24128,0x00000004,data,str_10B24128
0x10B2412C,0x00000006,data,str_10B2412C
0x10B24134,0x00000005,data,str_10B24134
0x10B24140,0x0000000F,data,str_10B24140
0x10B24150,0x0000000D,data,str_10B24150
0x10B24B60,0x00000024,data,wstr_10B24B60
0x10B24B88,0x00000060,data,wstr_10B24B88
0x10B24BE8,0x00000010,data,wstr_10B24BE8
0x10B24BF8,0x00000018,data,wstr_10B24BF8
0x10B24C10,0x0000000C,data,wstr_10B24C10
0x10B24C1C,0x00000010,data,wstr_10B24C1C
0x10B24C2C,0x00000016,data,wstr_10B24C2C
0x10B24C44,0x0000000C,data,wstr_10B24C44
0x10B24C50,0x0000000E,data,wstr_10B24C50
0x10B24C60,0x00000016,data,wstr_10B24C60
0x10B24C78,0x00000070,data,wstr_10B24C78
0x10B24CE8,0x0000008E,data,wstr_10B24CE8
0x10B24D78,0x0000007A,data,wstr_10B24D78
0x10B24DF4,0x00000012,data,wstr_10B24DF4
0x10B24E08,0x00000014,data,wstr_10B24E08
0x10B24E1C,0x0000001C,data,wstr_10B24E1C
0x10B24E38,0x00000054,data,wstr_10B24E38
0x10B24E90,0x00000054,data,wstr_10B24E90
0x10B24EE8,0x00000088,data,wstr_10B24EE8
0x10B24F70,0x000000B0,data,wstr_10B24F70
0x10B25020,0x00000094,data,wstr_10B25020
0x10B250B4,0x0000001A,data,wstr_10B250B4
0x10B250D0,0x000000B8,data,wstr_10B250D0
0x10B25188,0x000000A2,data,wstr_10B25188
0x10B2522C,0x0000003A,data,wstr_10B2522C
0x10B25268,0x00000068,data,wstr_10B25268
0x10B252D0,0x00000068,data,wstr_10B252D0
0x10B25338,0x0000007E,data,wstr_10B25338
0x10B253B8,0x00000068,data,wstr_10B253B8
0x10B25420,0x0000006C,data,wstr_10B25420
0x10B25490,0x00000050,data,wstr_10B25490
0x10B254E0,0x00000048,data,wstr_10B254E0
0x10B25528,0x000000AE,data,wstr_10B25528
0x10B255D8,0x00000080,data,wstr_10B255D8
0x10B25658,0x00000046,data,wstr_10B25658
0x10B256A0,0x00000048,data,wstr_10B256A0
0x10B256E8,0x00000082,data,wstr_10B256E8
0x10B25770,0x00000062,data,wstr_10B25770
0x10B257D8,0x00000096,data,wstr_10B257D8
0x10B25870,0x00000062,data,wstr_10B25870
0x10B258D8,0x00000040,data,wstr_10B258D8
0x10B25918,0x000000CA,data,wstr_10B25918
0x10B259E8,0x00000052,data,wstr_10B259E8
0x10B25A40,0x00000062,data,wstr_10B25A40
0x10B25AA8,0x00000052,data,wstr_10B25AA8
0x10B25AFC,0x0000002C,data,wstr_10B25AFC
0x10B25B28,0x0000004A,data,wstr_10B25B28
0x10B25B78,0x0000005C,data,wstr_10B25B78
0x10B25BD4,0x0000000E,data,wstr_10B25BD4
0x10B25BE4,0x0000002C,data,wstr_10B25BE4
0x10B25C10,0x00000026,data,wstr_10B25C10
0x10B25C38,0x00000064,data,wstr_10B25C38
0x10B25D18,0x00000066,data,wstr_10B25D18
0x10B25DA3,0x00000004,data,str_10B25DA3
0x10B25E11,0x00000004,data,str_10B25E11
0x10B25F17,0x00000018,data,str_10B25F17
0x10B25F43,0x00000004,data,str_10B25F43
0x10B25F75,0x00000006,data,str_10B25F75
0x10B2606E,0x00000005,data,str_10B2606E
0x10B261B8,0x0000005E,data,wstr_10B261B8
0x10B26468,0x00000062,data,wstr_10B26468
0x10B264CC,0x00000015,data,str_10B264CC
0x10B264E4,0x00000012,data,str_10B264E4
0x10B264F8,0x00000066,data,wstr_10B264F8
0x10B26568,0x00000064,data,wstr_10B26568
0x10B265CC,0x00000012,data,str_10B265CC
0x10B26678,0x00000007,data,str_10B26678
0x10B2667F,0x00000030,data,str_10B2667F
0x10B28312,0x00000006,data,str_10B28312
0x10B2831B,0x00000004,data,str_10B2831B
0x10B28322,0x00000004,data,str_10B28322
0x10B28329,0x00000004,data,str_10B28329
0x10B2836C,0x00000004,data,str_10B2836C
0x10B28373,0x00000004,data,str_10B28373
0x10B2837A,0x00000004,data,str_10B2837A
0x10B28B27,0x00000004,data,str_10B28B27
0x10B29A3F,0x00000004,data,str_10B29A3F
0x10B29B46,0x00000004,data,str_10B29B46
0x10B2F02F,0x00000006,data,str_10B2F02F
0x10B33311,0x00000004,data,str_10B33311
0x10B349A5,0x00000005,data,str_10B349A5
0x10B366E6,0x00000004,data,str_10B366E6
0x10B37FC8,0x00000004,data,str_10B37FC8
0x10B38D60,0x00000004,data,str_10B38D60
0x10B3DDCA,0x00000004,data,str_10B3DDCA
0x10B3F768,0x00000004,data,str_10B3F768
0x10B415C4,0x00000004,data,str_10B415C4
0x10B4315A,0x00000006,data,str_10B4315A
0x10B4323A,0x00000006,data,str_10B4323A
0x10B432AD,0x00000006,data,str_10B432AD
0x10B433D8,0x00000006,data,str_10B433D8
0x10B43F1A,0x00000004,data,str_10B43F1A
0x10B4545D,0x00000004,data,str_10B4545D
0x10B47F13,0x00000004,data,str_10B47F13
0x10B53981,0x00000004,data,str_10B53981
0x10B5861A,0x00000004,data,str_10B5861A
0x10B5871A,0x00000004,data,str_10B5871A
0x10B58B1F,0x00000004,data,str_10B58B1F
0x10B5972E,0x00000004,data,str_10B5972E
0x10B59840,0x00000004,data,str_10B59840
0x10B59A81,0x00000004,data,str_10B59A81
0x10B5CED3,0x00000004,data,str_10B5CED3
0x10B5CEF0,0x00000004,data,str_10B5CEF0
0x10B60A26,0x00000004,data,str_10B60A26
0x10B624D5,0x00000004,data,str_10B624D5
0x10B62734,0x00000005,data,str_10B62734
0x10B6A7BB,0x00000004,data,str_10B6A7BB
0x10B6A8C8,0x00000004,data,str_10B6A8C8
0x10B6B9C0,0x00000004,data,str_10B6B9C0
0x10B6DAB1,0x00000005,data,str_10B6DAB1
0x10B6DAF5,0x00000005,data,str_10B6DAF5
0x10B7007A,0x00000004,data,str_10B7007A
0x10B7080F,0x00000004,data,str_10B7080F
0x10B72082,0x00000004,data,str_10B72082
0x10B7218D,0x00000004,data,str_10B7218D
0x10B79698,0x00000004,data,str_10B79698
0x10B7A5AF,0x00000004,data,str_10B7A5AF
0x10B7BAD2,0x00000004,data,str_10B7BAD2
0x10B7BB1E,0x00000004,data,str_10B7BB1E
0x10B7C610,0x00000004,data,str_10B7C610
0x10B7C714,0x00000004,data,str_10B7C714
0x10B7FC48,0x00000008,data,str_10B7FC48
0x10B7FF24,0x00000007,data,str_10B7FF24
0x10B80C93,0x00000004,data,str_10B80C93
0x10B81D04,0x00000004,data,str_10B81D04
0x10B82815,0x00000006,data,str_10B82815
0x10B84EB0,0x00000006,data,str_10B84EB0
0x10B865C1,0x00000004,data,str_10B865C1
0x10B8700E,0x00000004,data,str_10B8700E
0x10B87617,0x00000004,data,str_10B87617
0x10B8BC66,0x00000005,data,str_10B8BC66
0x10B8CA16,0x00000004,data,str_10B8CA16
0x10B8DA0B,0x00000005,data,str_10B8DA0B
0x10B8E4A7,0x00000005,data,str_10B8E4A7
0x10B90353,0x00000005,data,str_10B90353
0x10B93F9F,0x00000004,data,str_10B93F9F
0x10B944A8,0x00000004,data,str_10B944A8
0x10B94506,0x00000004,data,str_10B94506
0x10B966A1,0x00000004,data,str_10B966A1
0x10B97956,0x00000005,data,str_10B97956
0x10B97B75,0x00000004,data,str_10B97B75
0x10B97BE5,0x00000006,data,str_10B97BE5
0x10B981FE,0x00000004,data,str_10B981FE
0x10B98244,0x00000005,data,str_10B98244
0x10B98257,0x00000005,data,str_10B98257
0x10B9829B,0x00000005,data,str_10B9829B
0x10B9D1E2,0x00000005,data,str_10B9D1E2
0x10B9DC19,0x00000004,data,str_10B9DC19
0x10B9E4B6,0x00000004,data,str_10B9E4B6
0x10BA06EB,0x00000004,data,str_10BA06EB
0x10BA0D75,0x00000004,data,str_10BA0D75
0x10BA160D,0x00000004,data,str_10BA160D
0x10BA16CB,0x00000004,data,str_10BA16CB
0x10BA203F,0x00000004,data,str_10BA203F
0x10BA2082,0x00000004,data,str_10BA2082
0x10BA20A7,0x00000004,data,str_10BA20A7
0x10BA3581,0x00000007,data,str_10BA3581
0x10BA42F5,0x00000004,data,str_10BA42F5
0x10BA8969,0x00000004,data,str_10BA8969
0x10BA8B4B,0x00000004,data,str_10BA8B4B
0x10BA8C0A,0x00000004,data,str_10BA8C0A
0x10BA91E5,0x00000004,data,str_10BA91E5
0x10BA9359,0x00000004,data,str_10BA9359
0x10BA9B3F,0x00000004,data,str_10BA9B3F
0x10BAA717,0x00000004,data,str_10BAA717
0x10BAB99C,0x00000004,data,str_10BAB99C
0x10BAC0F2,0x00000004,data,str_10BAC0F2
0x10BAC540,0x00000004,data,str_10BAC540
0x10BAF62F,0x00000004,data,str_10BAF62F
0x10BAFD0C,0x00000005,data,str_10BAFD0C
0x10BAFDAE,0x00000004,data,str_10BAFDAE
0x10BB5E7F,0x00000004,data,str_10BB5E7F
0x10BB6435,0x00000004,data,str_10BB6435
0x10BB7379,0x00000004,data,str_10BB7379
0x10BB7915,0x00000004,data,str_10BB7915
0x10BB846D,0x00000004,data,str_10BB846D
0x10BB9C78,0x00000004,data,str_10BB9C78
0x10BB9EC3,0x00000004,data,str_10BB9EC3
0x10BBC387,0x00000005,data,str_10BBC387
0x10BBC94F,0x00000004,data,str_10BBC94F
0x10BBDC93,0x00000004,data,str_10BBDC93
0x10BBDE4C,0x00000004,data,str_10BBDE4C
0x10BBF197,0x00000004,data,str_10BBF197
0x10BBFF30,0x00000005,data,str_10BBFF30
0x10BC237C,0x00000006,data,str_10BC237C
0x10BC2774,0x00000004,data,str_10BC2774
0x10BC613D,0x00000004,data,str_10BC613D
0x10BC7147,0x00000004,data,str_10BC7147
0x10BC94FD,0x00000004,data,str_10BC94FD
0x10BC9926,0x00000004,data,str_10BC9926
0x10BC9F2A,0x00000004,data,str_10BC9F2A
0x10BCA316,0x00000004,data,str_10BCA316
0x10BCF694,0x00000004,data,str_10BCF694
0x10BD0568,0x00000004,data,str_10BD0568
0x10BD27F1,0x00000007,data,str_10BD27F1
0x10BD354E,0x00000004,data,str_10BD354E
0x10BD7A8E,0x00000005,data,str_10BD7A8E
0x10BDB067,0x00000004,data,str_10BDB067
0x10BDD81B,0x00000004,data,str_10BDD81B
0x10BDEB3B,0x00000006,data,str_10BDEB3B
0x10BE12E8,0x00000004,data,str_10BE12E8
0x10BE2255,0x00000004,data,str_10BE2255
0x10BE436F,0x00000004,data,str_10BE436F
0x10BE43A4,0x00000005,data,str_10BE43A4
0x10BE4D50,0x00000004,data,str_10BE4D50
0x10BE50BD,0x00000004,data,str_10BE50BD
0x10BE51B2,0x00000004,data,str_10BE51B2
0x10BE5725,0x00000004,data,str_10BE5725
0x10BE5759,0x00000006,data,str_10BE5759
0x10BE8311,0x00000004,data,str_10BE8311
0x10BE9093,0x00000004,data,str_10BE9093
0x10BE9364,0x00000004,data,str_10BE9364
0x10BEA6DE,0x00000004,data,str_10BEA6DE
0x10BEB07F,0x00000004,data,str_10BEB07F
0x10BEC6E0,0x00000006,data,str_10BEC6E0
0x10BF0FE0,0x00000005,data,str_10BF0FE0
0x10BF0FEB,0x00000007,data,str_10BF0FEB
0x10BF119B,0x00000006,data,str_10BF119B
0x10BF12D5,0x00000004,data,str_10BF12D5
0x10BF1A5E,0x00000004,data,str_10BF1A5E
0x10BF205B,0x00000004,data,str_10BF205B
0x10BF20D6,0x00000004,data,str_10BF20D6
0x10BF24E2,0x00000004,data,str_10BF24E2
0x10BF264D,0x00000004,data,str_10BF264D
0x10BF2881,0x00000004,data,str_10BF2881
0x10BF28A4,0x00000005,data,str_10BF28A4
0x10BF28B5,0x00000004,data,str_10BF28B5
0x10BF2A8F,0x00000004,data,str_10BF2A8F
0x10BF2A98,0x00000004,data,str_10BF2A98
0x10BF2F57,0x00000005,data,str_10BF2F57
0x10BF3622,0x00000004,data,str_10BF3622
0x10BF37AD,0x00000004,data,str_10BF37AD
0x10BF4F4C,0x00000006,data,str_10BF4F4C
0x10BF4FFA,0x00000006,data,str_10BF4FFA
0x10BF5328,0x00000004,data,str_10BF5328
0x10BF5415,0x00000004,data,str_10BF5415
0x10BF5557,0x00000005,data,str_10BF5557
0x10BF55AC,0x00000004,data,str_10BF55AC
0x10BF55E9,0x00000004,data,str_10BF55E9
0x10BF5601,0x00000004,data,str_10BF5601
0x10BF56E7,0x00000004,data,str_10BF56E7
0x10BF574B,0x00000004,data,str_10BF574B
0x10BF5ADB,0x00000004,data,str_10BF5ADB
0x10BF5B0D,0x00000004,data,str_10BF5B0D
0x10BF5B8C,0x00000004,data,str_10BF5B8C
0x10BF5BB9,0x00000004,data,str_10BF5BB9
0x10BF5C34,0x00000004,data,str_10BF5C34
0x10BF5C61,0x00000004,data,str_10BF5C61
0x10BF5CEC,0x00000004,data,str_10BF5CEC
0x10BF5F85,0x00000004,data,str_10BF5F85
0x10BF634E,0x00000004,data,str_10BF634E
0x10BF68AC,0x00000006,data,str_10BF68AC
0x10BF69B2,0x00000004,data,str_10BF69B2
0x10BF7024,0x00000004,data,str_10BF7024
0x10BF8E1D,0x00000004,data,str_10BF8E1D
0x10BFDF6F,0x00000004,data,str_10BFDF6F
0x10BFDFE0,0x00000005,data,str_10BFDFE0
0x10BFE6BC,0x00000004,data,str_10BFE6BC
0x10BFEDE5,0x00000006,data,str_10BFEDE5
0x10BFF92B,0x00000004,data,str_10BFF92B
0x10C00096,0x00000006,data,str_10C00096
0x10C000E2,0x00000005,data,str_10C000E2
0x10C002A8,0x00000004,data,str_10C002A8
0x10C00464,0x00000004,data,str_10C00464
0x10C0048B,0x00000004,data,str_10C0048B
0x10C04B93,0x00000005,data,str_10C04B93
0x10C06247,0x00000004,data,str_10C06247
0x10C06D39,0x00000004,data,str_10C06D39
0x10C06E2E,0x00000004,data,str_10C06E2E
0x10C06E75,0x00000004,data,str_10C06E75
0x10C07162,0x00000004,data,str_10C07162
0x10C083CA,0x00000004,data,str_10C083CA
0x10C0AB24,0x00000004,data,str_10C0AB24
0x10C0AC17,0x00000004,data,str_10C0AC17
0x10C0ACAF,0x00000004,data,str_10C0ACAF
0x10C0AEB3,0x00000004,data,str_10C0AEB3
0x10C0BAA6,0x00000004,data,str_10C0BAA6
0x10C0C4DA,0x00000004,data,str_10C0C4DA
0x10C0D269,0x00000004,data,str_10C0D269
0x10C0E073,0x00000004,data,str_10C0E073
0x10C10F28,0x00000004,data,str_10C10F28
0x10C11800,0x00000005,data,str_10C11800
0x10C172BF,0x00000004,data,str_10C172BF
0x10C19636,0x00000004,data,str_10C19636
0x10C19683,0x00000006,data,str_10C19683
0x10C196A8,0x00000004,data,str_10C196A8
0x10C198FF,0x00000004,data,str_10C198FF
0x10C19A48,0x00000004,data,str_10C19A48
0x10C19AC2,0x00000004,data,str_10C19AC2
0x10C19B42,0x00000004,data,str_10C19B42
0x10C19E1F,0x00000004,data,str_10C19E1F
0x10C19EE4,0x00000004,data,str_10C19EE4
0x10C1A115,0x00000006,data,str_10C1A115
0x10C1A22B,0x00000004,data,str_10C1A22B
0x10C1A6C7,0x00000004,data,str_10C1A6C7
0x10C1A70F,0x00000004,data,str_10C1A70F
0x10C1AE66,0x00000006,data,str_10C1AE66
0x10C1B140,0x00000004,data,str_10C1B140
0x10C1B187,0x00000004,data,str_10C1B187
0x10C1B1B1,0x00000004,data,str_10C1B1B1
0x10C1B1EB,0x00000004,data,str_10C1B1EB
0x10C1B20B,0x00000004,data,str_10C1B20B
0x10C1B225,0x00000004,data,str_10C1B225
0x10C1B24F,0x00000004,data,str_10C1B24F
0x10C1B7A2,0x00000004,data,str_10C1B7A2
0x10C1D237,0x00000004,data,str_10C1D237
0x10C1D3A6,0x00000004,data,str_10C1D3A6
0x10C1D78F,0x00000004,data,str_10C1D78F
0x10C1D8A6,0x00000005,data,str_10C1D8A6
0x10C1DB8A,0x00000004,data,str_10C1DB8A
0x10C1E0E1,0x00000006,data,str_10C1E0E1
0x10C1E38F,0x00000006,data,str_10C1E38F
0x10C1F8CD,0x00000004,data,str_10C1F8CD
0x10C21721,0x00000004,data,str_10C21721
0x10C21D00,0x00000004,data,str_10C21D00
0x10C22453,0x0000000B,data,str_10C22453
0x10C22493,0x00000004,data,str_10C22493
0x10C2249C,0x00000004,data,str_10C2249C
0x10C228B9,0x00000005,data,str_10C228B9
0x10C22A0D,0x00000005,data,str_10C22A0D
0x10C242BE,0x00000004,data,str_10C242BE
0x10C24D1F,0x00000004,data,str_10C24D1F
0x10C25D30,0x00000004,data,str_10C25D30
0x10C25DD6,0x00000004,data,str_10C25DD6
0x10C25E0F,0x00000004,data,str_10C25E0F
0x10C25E47,0x00000004,data,str_10C25E47
0x10C25E82,0x00000004,data,str_10C25E82
0x10C25ECC,0x00000004,data,str_10C25ECC
0x10C26126,0x00000004,data,str_10C26126
0x10C261CC,0x00000004,data,str_10C261CC
0x10C26266,0x00000004,data,str_10C26266
0x10C262A1,0x00000004,data,str_10C262A1
0x10C262EB,0x00000004,data,str_10C262EB
0x10C2646D,0x00000004,data,str_10C2646D
0x10C2652D,0x00000004,data,str_10C2652D
0x10C26926,0x00000004,data,str_10C26926
0x10C26A46,0x00000004,data,str_10C26A46
0x10C26DA7,0x00000004,data,str_10C26DA7
0x10C26E3A,0x00000004,data,str_10C26E3A
0x10C27875,0x00000004,data,str_10C27875
0x10C28FEC,0x00000004,data,str_10C28FEC
0x10C2C5D2,0x00000007,data,str_10C2C5D2
0x10C2C5DC,0x00000007,data,str_10C2C5DC
0x10C2C5E6,0x00000008,data,str_10C2C5E6
0x10C2C5F0,0x0000000A,data,str_10C2C5F0
0x10C2C5FC,0x00000007,data,str_10C2C5FC
0x10C2C606,0x00000006,data,str_10C2C606
0x10C2C60E,0x00000009,data,str_10C2C60E
0x10C2C61A,0x00000007,data,str_10C2C61A
0x10C2C624,0x00000006,data,str_10C2C624
0x10C2C62C,0x00000005,data,str_10C2C62C
0x10C2C634,0x00000007,data,str_10C2C634
0x10C2C63E,0x00000009,data,str_10C2C63E
0x10C2C64A,0x00000006,data,str_10C2C64A
0x10C2C652,0x00000006,data,str_10C2C652
0x10C2C65A,0x00000009,data,str_10C2C65A
0x10C2C666,0x0000000B,data,str_10C2C666
0x10C2C674,0x0000000E,data,str_10C2C674
0x10C2C684,0x0000000D,data,str_10C2C684
0x10C2C694,0x00000009,data,str_10C2C694
0x10C2C6A0,0x0000000A,data,str_10C2C6A0
0x10C2C6AC,0x00000009,data,str_10C2C6AC
0x10C2C6B8,0x00000007,data,str_10C2C6B8
0x10C2C6C2,0x00000008,data,str_10C2C6C2
0x10C2C6CC,0x00000007,data,str_10C2C6CC
0x10C2C6D6,0x00000008,data,str_10C2C6D6
0x10C2C6E0,0x00000008,data,str_10C2C6E0
0x10C2C6EA,0x00000009,data,str_10C2C6EA
0x10C2C6F6,0x00000006,data,str_10C2C6F6
0x10C2C6FE,0x00000007,data,str_10C2C6FE
0x10C2C708,0x00000006,data,str_10C2C708
0x10C2C710,0x0000000C,data,str_10C2C710
0x10C2C71E,0x00000009,data,str_10C2C71E
0x10C2C72A,0x00000007,data,str_10C2C72A
0x10C2C734,0x0000000A,data,str_10C2C734
0x10C2C740,0x0000000B,data,str_10C2C740
0x10C2C74E,0x00000007,data,str_10C2C74E
0x10C2C758,0x0000000C,data,str_10C2C758
0x10C2C766,0x0000000A,data,str_10C2C766
0x10C2C772,0x0000000F,data,str_10C2C772
0x10C2C784,0x00000005,data,str_10C2C784
0x10C2C78C,0x0000000D,data,str_10C2C78C
0x10C2C79C,0x0000000B,data,str_10C2C79C
0x10C2C7AA,0x00000007,data,str_10C2C7AA
0x10C2C7B4,0x00000009,data,str_10C2C7B4
0x10C2C7C0,0x00000008,data,str_10C2C7C0
0x10C2C7CA,0x00000008,data,str_10C2C7CA
0x10C2C7D4,0x00000008,data,str_10C2C7D4
0x10C2C7DE,0x00000009,data,str_10C2C7DE
0x10C2C7EA,0x0000000E,data,str_10C2C7EA
0x10C2C7FA,0x0000000A,data,str_10C2C7FA
0x10C2C806,0x00000009,data,str_10C2C806
0x10C2C812,0x00000009,data,str_10C2C812
0x10C2C81E,0x0000000A,data,str_10C2C81E
0x10C2C82A,0x00000008,data,str_10C2C82A
0x10C2C834,0x0000000A,data,str_10C2C834
0x10C2C840,0x00000008,data,str_10C2C840
0x10C2C84A,0x00000009,data,str_10C2C84A
0x10C2C856,0x0000000A,data,str_10C2C856
0x10C2C862,0x00000008,data,str_10C2C862
0x10C2C86C,0x00000009,data,str_10C2C86C
0x10C2C878,0x00000007,data,str_10C2C878
0x10C2C882,0x00000007,data,str_10C2C882
0x10C2C88C,0x00000006,data,str_10C2C88C
0x10C2C894,0x0000000D,data,str_10C2C894
0x10C2C8A4,0x0000000F,data,str_10C2C8A4
0x10C2C8B6,0x00000008,data,str_10C2C8B6
0x10C2C8C0,0x00000006,data,str_10C2C8C0
0x10C2C8C8,0x00000006,data,str_10C2C8C8
0x10C2C8D0,0x00000008,data,str_10C2C8D0
0x10C2C8DA,0x0000000A,data,str_10C2C8DA
0x10C2C8E6,0x0000000D,data,str_10C2C8E6
0x10C2C8F6,0x0000000D,data,str_10C2C8F6
0x10C2C906,0x00000008,data,str_10C2C906
0x10C2C910,0x00000008,data,str_10C2C910
0x10C2C91A,0x0000000D,data,str_10C2C91A
0x10C2C92A,0x00000008,data,str_10C2C92A
0x10C2C934,0x00000005,data,str_10C2C934
0x10C2C93C,0x00000008,data,str_10C2C93C
0x10C2C946,0x00000005,data,str_10C2C946
0x10C2C94E,0x00000007,data,str_10C2C94E
0x10C2C958,0x0000000B,data,str_10C2C958
0x10C2C966,0x00000006,data,str_10C2C966
0x10C2C96E,0x00000008,data,str_10C2C96E
0x10C2C978,0x0000000D,data,str_10C2C978
0x10C2C988,0x00000007,data,str_10C2C988
0x10C2C992,0x00000007,data,str_10C2C992
0x10C2C99C,0x00000009,data,str_10C2C99C
0x10C2C9A8,0x00000009,data,str_10C2C9A8
0x10C2C9B4,0x0000000C,data,str_10C2C9B4
0x10C2C9C2,0x0000000E,data,str_10C2C9C2
0x10C2C9D2,0x0000000A,data,str_10C2C9D2
0x10C2C9DE,0x0000000C,data,str_10C2C9DE
0x10C2C9EC,0x0000000B,data,str_10C2C9EC
0x10C2C9FA,0x00000010,data,str_10C2C9FA
0x10C2CA0A,0x0000000D,data,str_10C2CA0A
0x10C2CA1A,0x00000018,data,str_10C2CA1A
0x10C2CA34,0x00000021,data,str_10C2CA34
0x10C2CA58,0x00000008,data,str_10C2CA58
0x10C2CA62,0x0000000C,data,str_10C2CA62
0x10C2CA70,0x00000006,data,str_10C2CA70
0x10C2CA78,0x00000008,data,str_10C2CA78
0x10C2CA82,0x00000013,data,str_10C2CA82
0x10C2CA98,0x00000011,data,str_10C2CA98
0x10C2CAAC,0x0000000D,data,str_10C2CAAC
0x10C2CABC,0x00000014,data,str_10C2CABC
0x10C2CAD2,0x00000014,data,str_10C2CAD2
0x10C2CAE8,0x00000010,data,str_10C2CAE8
0x10C2CAFA,0x0000000D,data,str_10C2CAFA
0x10C2CB0A,0x00000006,data,str_10C2CB0A
0x10C2CB12,0x00000018,data,str_10C2CB12
0x10C2CB2C,0x0000000F,data,str_10C2CB2C
0x10C2CB3E,0x0000000C,data,str_10C2CB3E
0x10C2CB4C,0x0000000A,data,str_10C2CB4C
0x10C2CB58,0x0000000F,data,str_10C2CB58
0x10C2CB6A,0x0000000A,data,str_10C2CB6A
0x10C2CB76,0x0000000E,data,str_10C2CB76
0x10C2CB86,0x0000000F,data,str_10C2CB86
0x10C2CB98,0x0000000F,data,str_10C2CB98
0x10C2CBAA,0x00000013,data,str_10C2CBAA
0x10C2CBC0,0x00000019,data,str_10C2CBC0
0x10C2CBDC,0x00000013,data,str_10C2CBDC
0x10C2CBF2,0x00000013,data,str_10C2CBF2
0x10C2CC08,0x00000011,data,str_10C2CC08
0x10C2CC1C,0x0000000C,data,str_10C2CC1C
0x10C2CC2A,0x0000000C,data,str_10C2CC2A
0x10C2CC38,0x0000000C,data,str_10C2CC38
0x10C2CC46,0x0000001A,data,str_10C2CC46
0x10C2CC62,0x00000007,data,str_10C2CC62
0x10C2CC6C,0x0000000F,data,str_10C2CC6C
0x10C2CC7E,0x00000011,data,str_10C2CC7E
0x10C2CC92,0x0000000C,data,str_10C2CC92
0x10C2CCA0,0x00000014,data,str_10C2CCA0
0x10C2CCB6,0x00000011,data,str_10C2CCB6
0x10C2CCCA,0x0000000E,data,str_10C2CCCA
0x10C2CCDA,0x00000015,data,str_10C2CCDA
0x10C2CCF2,0x00000015,data,str_10C2CCF2
0x10C2CD0A,0x0000000D,data,str_10C2CD0A
0x10C2CD1A,0x0000000A,data,str_10C2CD1A
0x10C2CD26,0x0000000D,data,str_10C2CD26
0x10C2CD36,0x0000000E,data,str_10C2CD36
0x10C2CD46,0x0000000E,data,str_10C2CD46
0x10C2CD56,0x00000013,data,str_10C2CD56
0x10C2CD6C,0x0000000E,data,str_10C2CD6C
0x10C2CD7C,0x0000000E,data,str_10C2CD7C
0x10C2CD8C,0x00000014,data,str_10C2CD8C
0x10C2CDA2,0x0000001B,data,str_10C2CDA2
0x10C2CDC0,0x00000018,data,str_10C2CDC0
0x10C2CDDA,0x0000000D,data,str_10C2CDDA
0x10C2CDEA,0x00000013,data,str_10C2CDEA
0x10C2CE00,0x00000014,data,str_10C2CE00
0x10C2CE16,0x00000018,data,str_10C2CE16
0x10C2CE30,0x00000011,data,str_10C2CE30
0x10C2CE44,0x00000012,data,str_10C2CE44
0x10C2CE58,0x00000019,data,str_10C2CE58
0x10C2CE74,0x0000001C,data,str_10C2CE74
0x10C2CE92,0x00000012,data,str_10C2CE92
0x10C2CEA6,0x0000001A,data,str_10C2CEA6
0x10C2CEC0,0x0000000D,data,str_10C2CEC0
0x10C2CED0,0x0000000A,data,str_10C2CED0
0x10C2CEDA,0x0000000B,data,str_10C2CEDA
0x10C2CEE6,0x0000000D,data,str_10C2CEE6
0x10C2CEF6,0x00000018,data,str_10C2CEF6
0x10C2CF10,0x0000003D,data,str_10C2CF10
0x10C2CF50,0x0000003A,data,str_10C2CF50
0x10C2CF8C,0x00000021,data,str_10C2CF8C
0x10C2CFB0,0x00000020,data,str_10C2CFB0
0x10C2CFD2,0x0000001E,data,str_10C2CFD2
0x10C2CFF0,0x0000000D,data,str_10C2CFF0
0x10C2D000,0x00000056,data,str_10C2D000
0x10C2D056,0x0000000C,data,str_10C2D056
0x10C2D064,0x0000000B,data,str_10C2D064
0x10C2D072,0x0000000A,data,str_10C2D072
0x10C2D07E,0x00000009,data,str_10C2D07E
0x10C2D08A,0x0000000E,data,str_10C2D08A
0x10C2D09A,0x0000000B,data,str_10C2D09A
0x10C2D0A8,0x0000000E,data,str_10C2D0A8
0x10C2D0B8,0x0000000E,data,str_10C2D0B8
0x10C2D0C6,0x0000000C,data,str_10C2D0C6
0x10C2D0D4,0x00000017,data,str_10C2D0D4
0x10C2D0EE,0x00000013,data,str_10C2D0EE
0x10C2D104,0x0000001F,data,str_10C2D104
0x10C2D126,0x00000014,data,str_10C2D126
0x10C2D13C,0x00000015,data,str_10C2D13C
0x10C2D154,0x00000012,data,str_10C2D154
0x10C2D168,0x0000001B,data,str_10C2D168
0x10C2D186,0x00000012,data,str_10C2D186
0x10C2D19A,0x00000010,data,str_10C2D19A
0x10C2D1AC,0x00000019,data,str_10C2D1AC
0x10C2D1C8,0x00000017,data,str_10C2D1C8
0x10C2D1E2,0x00000017,data,str_10C2D1E2
0x10C2D1FC,0x00000018,data,str_10C2D1FC
0x10C2D216,0x00000018,data,str_10C2D216
0x10C2D230,0x00000019,data,str_10C2D230
0x10C2D24C,0x00000016,data,str_10C2D24C
0x10C2D264,0x0000001B,data,str_10C2D264
0x10C2D282,0x00000018,data,str_10C2D282
0x10C2D29C,0x0000001A,data,str_10C2D29C
0x10C2D2B8,0x00000017,data,str_10C2D2B8
0x10C2D2D2,0x0000001B,data,str_10C2D2D2
0x10C2D2F0,0x0000001A,data,str_10C2D2F0
0x10C2D30C,0x00000018,data,str_10C2D30C
0x10C2D326,0x0000001E,data,str_10C2D326
0x10C2D346,0x0000001B,data,str_10C2D346
0x10C2D364,0x00000020,data,str_10C2D364
0x10C2D386,0x00000024,data,str_10C2D386
0x10C2D3AC,0x00000028,data,str_10C2D3AC
0x10C2D3D6,0x0000001B,data,str_10C2D3D6
0x10C2D3F4,0x00000019,data,str_10C2D3F4
0x10C2D410,0x00000017,data,str_10C2D410
0x10C2D42A,0x00000018,data,str_10C2D42A
0x10C2D444,0x0000001A,data,str_10C2D444
0x10C2D460,0x00000016,data,str_10C2D460
0x10C2D478,0x00000019,data,str_10C2D478
0x10C2D494,0x00000015,data,str_10C2D494
0x10C2D4AC,0x0000001A,data,str_10C2D4AC
0x10C2D4C8,0x00000018,data,str_10C2D4C8
0x10C2D4E2,0x00000014,data,str_10C2D4E2
0x10C2D4F8,0x00000014,data,str_10C2D4F8
0x10C2D50E,0x00000019,data,str_10C2D50E
0x10C2D52A,0x0000001A,data,str_10C2D52A
0x10C2D546,0x00000018,data,str_10C2D546
0x10C2D560,0x0000001A,data,str_10C2D560
0x10C2D57C,0x00000019,data,str_10C2D57C
0x10C2D598,0x0000001B,data,str_10C2D598
0x10C2D5B6,0x00000020,data,str_10C2D5B6
0x10C2D5D8,0x0000001B,data,str_10C2D5D8
0x10C2D5F6,0x00000019,data,str_10C2D5F6
0x10C2D612,0x0000001A,data,str_10C2D612
0x10C2D62E,0x0000001F,data,str_10C2D62E
0x10C2D650,0x0000001B,data,str_10C2D650
0x10C2D66E,0x00000019,data,str_10C2D66E
0x10C2D68A,0x0000001A,data,str_10C2D68A
0x10C2D6A6,0x0000000F,data,str_10C2D6A6
0x10C2D6B8,0x00000013,data,str_10C2D6B8
0x10C2D6CE,0x00000017,data,str_10C2D6CE
0x10C2D6E8,0x00000012,data,str_10C2D6E8
0x10C2D6FC,0x00000018,data,str_10C2D6FC
0x10C2D716,0x0000001A,data,str_10C2D716
0x10C2D732,0x00000011,data,str_10C2D732
0x10C2D746,0x0000000B,data,str_10C2D746
0x10C2D754,0x00000014,data,str_10C2D754
0x10C2D76A,0x00000010,data,str_10C2D76A
0x10C2D77C,0x00000013,data,str_10C2D77C
0x10C2D792,0x0000001B,data,str_10C2D792
0x10C2D7B0,0x00000014,data,str_10C2D7B0
0x10C2D7C6,0x0000001D,data,str_10C2D7C6
0x10C2D7E6,0x00000018,data,str_10C2D7E6
0x10C2D800,0x00000017,data,str_10C2D800
0x10C2D81A,0x00000019,data,str_10C2D81A
0x10C2D836,0x00000017,data,str_10C2D836
0x10C2D850,0x0000001B,data,str_10C2D850
0x10C2D86E,0x0000001C,data,str_10C2D86E
0x10C2D88C,0x0000001B,data,str_10C2D88C
0x10C2D8AA,0x00000018,data,str_10C2D8AA
0x10C2D8C4,0x00000019,data,str_10C2D8C4
0x10C2D8E0,0x00000018,data,str_10C2D8E0
0x10C2D8FA,0x00000011,data,str_10C2D8FA
0x10C2D90E,0x00000013,data,str_10C2D90E
0x10C2D924,0x00000013,data,str_10C2D924
0x10C2D93A,0x00000011,data,str_10C2D93A
0x10C2D94E,0x00000011,data,str_10C2D94E
0x10C2D962,0x0000000C,data,str_10C2D962
0x10C2D970,0x00000013,data,str_10C2D970
0x10C2D986,0x00000014,data,str_10C2D986
0x10C2D99C,0x00000010,data,str_10C2D99C
0x10C2D9AE,0x00000018,data,str_10C2D9AE
0x10C2D9C8,0x00000014,data,str_10C2D9C8
0x10C2D9DE,0x00000013,data,str_10C2D9DE
0x10C2D9F4,0x00000014,data,str_10C2D9F4
0x10C2DA0A,0x00000021,data,str_10C2DA0A
0x10C2DA2E,0x0000001D,data,str_10C2DA2E
0x10C2DA4E,0x00000023,data,str_10C2DA4E
0x10C2DA74,0x0000001E,data,str_10C2DA74
0x10C2DA94,0x0000001F,data,str_10C2DA94
0x10C2DAB6,0x00000020,data,str_10C2DAB6
0x10C2DAD8,0x00000010,data,str_10C2DAD8
0x10C2DAEA,0x00000012,data,str_10C2DAEA
0x10C2DAFE,0x00000017,data,str_10C2DAFE
0x10C2DB18,0x0000001B,data,str_10C2DB18
0x10C2DB36,0x00000015,data,str_10C2DB36
0x10C2DB4E,0x00000015,data,str_10C2DB4E
0x10C2DB66,0x00000014,data,str_10C2DB66
0x10C2DB7A,0x0000000D,data,str_10C2DB7A
0x10C2DB8A,0x0000001E,data,str_10C2DB8A
0x10C2DBA8,0x0000000D,data,str_10C2DBA8
0x10C2DBB8,0x00000009,data,str_10C2DBB8
0x10C2DBC4,0x00000008,data,str_10C2DBC4
0x10C2DC20,0x00000007,data,str_10C2DC20
0x10C2DC27,0x00000011,data,str_10C2DC27
0x10C2DC38,0x00000015,data,str_10C2DC38
0x10C2DC4D,0x00000017,data,str_10C2DC4D
0x10C2DC64,0x00000018,data,str_10C2DC64
0x10B01490,0x00000008,data,jumptable_10B01490
0x10B12C7C,0x00000008,data,jumptable_10B12C7C
0x10B12C8C,0x00000008,data,jumptable_10B12C8C
0x10B12C9C,0x0000000C,data,jumptable_10B12C9C
0x10B12CAC,0x0000000C,data,jumptable_10B12CAC
0x10B12CBC,0x0000000C,data,jumptable_10B12CBC
0x10B12CCC,0x00000008,data,jumptable_10B12CCC
0x10B12CDC,0x0000000C,data,jumptable_10B12CDC
0x10B12CEC,0x0000000C,data,jumptable_10B12CEC
0x10B12CFC,0x0000000C,data,jumptable_10B12CFC
0x10B12D0C,0x00000008,data,jumptable_10B12D0C
0x10B12D1C,0x0000000C,data,jumptable_10B12D1C
0x10B16680,0x00000008,data,jumptable_10B16680
0x10B17058,0x00000010,data,jumptable_10B17058
0x10B181C0,0x00000594,data,jumptable_10B181C0
0x10B1936C,0x00000048,data,jumptable_10B1936C
0x10B193B8,0x000000DC,data,jumptable_10B193B8
0x10B19498,0x000000DC,data,jumptable_10B19498
0x10B19578,0x0000011C,data,jumptable_10B19578
0x10B2664C,0x00000010,data,jumptable_10B2664C
0x10B2821B,0x00000020,data,jumptable_10B2821B
0x10B33192,0x00000014,data,jumptable_10B33192
0x10B35898,0x00000008,data,jumptable_10B35898
0x10B3928C,0x00000008,data,jumptable_10B3928C
0x10B3D294,0x00000090,data,jumptable_10B3D294
0x10B3D3D6,0x00000034,data,jumptable_10B3D3D6
0x10B3D50E,0x00000038,data,jumptable_10B3D50E
0x10B3D954,0x00000074,data,jumptable_10B3D954
0x10B3DD91,0x00000010,data,jumptable_10B3DD91
0x10B4E680,0x00000008,data,jumptable_10B4E680
0x10B6050E,0x00000014,data,jumptable_10B6050E
0x10B6B766,0x00000024,data,jumptable_10B6B766
0x10B6E0AA,0x00000020,data,jumptable_10B6E0AA
0x10B876AC,0x00000018,data,jumptable_10B876AC
0x10B89C0A,0x00000034,data,jumptable_10B89C0A
0x10B8B9A9,0x0000001C,data,jumptable_10B8B9A9
0x10B8F7F3,0x00000038,data,jumptable_10B8F7F3
0x10B8FA05,0x00000018,data,jumptable_10B8FA05
0x10B8FF2E,0x00000010,data,jumptable_10B8FF2E
0x10B919E3,0x00000010,data,jumptable_10B919E3
0x10B95E86,0x00000008,data,jumptable_10B95E86
0x10B9C5D5,0x00000040,data,jumptable_10B9C5D5
0x10BA04BA,0x0000001C,data,jumptable_10BA04BA
0x10BA04E6,0x0000000C,data,jumptable_10BA04E6
0x10BABAC9,0x0000000C,data,jumptable_10BABAC9
0x10BBCDDA,0x0000000C,data,jumptable_10BBCDDA
0x10BBE7FD,0x00000030,data,jumptable_10BBE7FD
0x10BBFD59,0x00000018,data,jumptable_10BBFD59
0x10BC0071,0x00000014,data,jumptable_10BC0071
0x10BC008D,0x00000014,data,jumptable_10BC008D
0x10BC2D4E,0x00000014,data,jumptable_10BC2D4E
0x10BC2D66,0x00000014,data,jumptable_10BC2D66
0x10BC4152,0x000000F8,data,jumptable_10BC4152
0x10BC68E0,0x00000024,data,jumptable_10BC68E0
0x10BC7530,0x0000002C,data,jumptable_10BC7530
0x10BC7775,0x00000014,data,jumptable_10BC7775
0x10BC8CC1,0x0000000C,data,jumptable_10BC8CC1
0x10BC9AFD,0x00000018,data,jumptable_10BC9AFD
0x10BD1347,0x0000000C,data,jumptable_10BD1347
0x10BD1357,0x0000000C,data,jumptable_10BD1357
0x10BD1367,0x0000000C,data,jumptable_10BD1367
0x10BD2AA3,0x0000001C,data,jumptable_10BD2AA3
0x10BD31F3,0x0000001C,data,jumptable_10BD31F3
0x10BD4E36,0x0000001C,data,jumptable_10BD4E36
0x10BD4E5E,0x00000008,data,jumptable_10BD4E5E
0x10BD53A8,0x00000030,data,jumptable_10BD53A8
0x10BD5CD9,0x0000001C,data,jumptable_10BD5CD9
0x10BD5CF9,0x00000010,data,jumptable_10BD5CF9
0x10BD6543,0x0000001C,data,jumptable_10BD6543
0x10BD6563,0x00000008,data,jumptable_10BD6563
0x10BD6BB7,0x00000028,data,jumptable_10BD6BB7
0x10BD7CF0,0x0000001C,data,jumptable_10BD7CF0
0x10BD7D10,0x00000014,data,jumptable_10BD7D10
0x10BE4820,0x00000024,data,jumptable_10BE4820
0x10BE5C5A,0x00000038,data,jumptable_10BE5C5A
0x10BF8E35,0x00000024,data,jumptable_10BF8E35
0x10BF8E69,0x00000044,data,jumptable_10BF8E69
0x10BF8F15,0x000003D8,data,jumptable_10BF8F15
0x10BF9C9C,0x00000044,data,jumptable_10BF9C9C
0x10BF9D18,0x00000098,data,jumptable_10BF9D18
0x10BFAE2D,0x000001E0,data,jumptable_10BFAE2D
0x10BFBA2F,0x00000010,data,jumptable_10BFBA2F
0x10BFBB73,0x00000008,data,jumptable_10BFBB73
0x10BFBBAB,0x00000008,data,jumptable_10BFBBAB
0x10BFC6D0,0x00000010,data,jumptable_10BFC6D0
0x10BFF463,0x0000002C,data,jumptable_10BFF463
0x10C014EC,0x0000000C,data,jumptable_10C014EC
0x10C02707,0x00000028,data,jumptable_10C02707
0x10C02733,0x0000002C,data,jumptable_10C02733
0x10C04A2F,0x0000012C,data,jumptable_10C04A2F
0x10C074D0,0x00000028,data,jumptable_10C074D0
0x10C077E3,0x00000020,data,jumptable_10C077E3
0x10C08C1E,0x0000000C,data,jumptable_10C08C1E
0x10C08E14,0x00000018,data,jumptable_10C08E14
0x10C08E30,0x00000008,data,jumptable_10C08E30
0x10C09638,0x00000024,data,jumptable_10C09638
0x10C0D2B9,0x00000008,data,jumptable_10C0D2B9
0x10C0D2F1,0x00000008,data,jumptable_10C0D2F1
0x10C0F7D1,0x00000018,data,jumptable_10C0F7D1
0x10C0FB32,0x000000A4,data,jumptable_10C0FB32
0x10C12770,0x0000000C,data,jumptable_10C12770
0x10C163CD,0x00000018,data,jumptable_10C163CD
0x10C176E0,0x00000010,data,jumptable_10C176E0
0x10C18460,0x00000048,data,jumptable_10C18460
0x10C1AC0C,0x00000050,data,jumptable_10C1AC0C
0x10C2351A,0x00000014,data,jumptable_10C2351A
0x10C2B474,0x00000008,data,jumptable_10C2B474
0x10C2B494,0x00000008,data,jumptable_10C2B494
0x10C2B4B4,0x00000008,data,jumptable_10C2B4B4
0x10C2B4D4,0x00000008,data,jumptable_10C2B4D4
0x10C2B4F4,0x00000008,data,jumptable_10C2B4F4
0x10C2B514,0x00000008,data,jumptable_10C2B514
0x10C2B534,0x00000008,data,jumptable_10C2B534
0x10C2B554,0x00000008,data,jumptable_10C2B554
0x10C2B574,0x00000008,data,jumptable_10C2B574
0x10C2B580,0x00000008,data,jumptable_10C2B580
0x10C2B59C,0x00000008,data,jumptable_10C2B59C
0x10C2B5A8,0x00000008,data,jumptable_10C2B5A8
0x10C2B5C4,0x00000008,data,jumptable_10C2B5C4
0x10C2B5D0,0x00000008,data,jumptable_10C2B5D0
0x10C2B5EC,0x00000008,data,jumptable_10C2B5EC
0x10C2B5F8,0x00000008,data,jumptable_10C2B5F8
0x10C2B614,0x00000008,data,jumptable_10C2B614
0x10C2B620,0x00000008,data,jumptable_10C2B620
0x10C2B63C,0x00000008,data,jumptable_10C2B63C
0x10C2B648,0x00000008,data,jumptable_10C2B648
0x10C2B664,0x00000008,data,jumptable_10C2B664
0x10C2B670,0x00000008,data,jumptable_10C2B670
0x10C2B68C,0x00000008,data,jumptable_10C2B68C
0x10C2B698,0x00000008,data,jumptable_10C2B698
0x10C2B6B4,0x00000008,data,jumptable_10C2B6B4
0x10C2B6C0,0x00000008,data,jumptable_10C2B6C0
0x10C2B6DC,0x00000008,data,jumptable_10C2B6DC
0x10C2B6E8,0x00000008,data,jumptable_10C2B6E8
0x10C2B704,0x00000008,data,jumptable_10C2B704
0x10C2B710,0x00000008,data,jumptable_10C2B710
0x10C2B72C,0x00000008,data,jumptable_10C2B72C
0x10C2B738,0x00000008,data,jumptable_10C2B738
0x10C2B754,0x00000008,data,jumptable_10C2B754
0x10C2B760,0x00000008,data,jumptable_10C2B760
0x10C2B77C,0x00000008,data,jumptable_10C2B77C
0x10C2B788,0x00000008,data,jumptable_10C2B788
0x10C2B7A4,0x00000008,data,jumptable_10C2B7A4
0x10C2B7B0,0x00000008,data,jumptable_10C2B7B0
0x10C2B7CC,0x00000008,data,jumptable_10C2B7CC
0x10C2B7D8,0x00000008,data,jumptable_10C2B7D8
0x10C2B7F4,0x00000008,data,jumptable_10C2B7F4
0x10C2B800,0x00000008,data,jumptable_10C2B800
0x10C2B81C,0x00000008,data,jumptable_10C2B81C
0x10C2B828,0x00000008,data,jumptable_10C2B828
0x10C2B844,0x00000008,data,jumptable_10C2B844
0x10C2B850,0x00000008,data,jumptable_10C2B850
0x10C2B86C,0x00000008,data,jumptable_10C2B86C
0x10C2B878,0x00000008,data,jumptable_10C2B878
0x10C2B894,0x00000008,data,jumptable_10C2B894
0x10C2B8A0,0x00000008,data,jumptable_10C2B8A0
0x10C2B8BC,0x00000008,data,jumptable_10C2B8BC
0x10C2B8C8,0x00000008,data,jumptable_10C2B8C8
0x10C2B8E4,0x00000008,data,jumptable_10C2B8E4
0x10C2B8F0,0x00000008,data,jumptable_10C2B8F0
0x10C2B90C,0x00000008,data,jumptable_10C2B90C
0x10C2B918,0x00000008,data,jumptable_10C2B918
0x10C2B934,0x00000008,data,jumptable_10C2B934
0x10C2B940,0x00000008,data,jumptable_10C2B940
0x10C2B95C,0x00000008,data,jumptable_10C2B95C
0x10C2B968,0x00000008,data,jumptable_10C2B968
0x10C2B984,0x00000008,data,jumptable_10C2B984
0x10C2B990,0x00000008,data,jumptable_10C2B990
0x10C2B9AC,0x00000008,data,jumptable_10C2B9AC
0x10C2B9B8,0x00000008,data,jumptable_10C2B9B8
0x10C2B9D4,0x00000008,data,jumptable_10C2B9D4
0x10C2B9E0,0x00000008,data,jumptable_10C2B9E0
0x10C2B9FC,0x00000008,data,jumptable_10C2B9FC
0x10C2BA08,0x00000008,data,jumptable_10C2BA08
0x10C2BA24,0x00000008,data,jumptable_10C2BA24
0x10C2BA30,0x00000008,data,jumptable_10C2BA30
0x10C2BA4C,0x00000008,data,jumptable_10C2BA4C
0x10C2BA58,0x00000008,data,jumptable_10C2BA58
0x10C2BA74,0x00000008,data,jumptable_10C2BA74
0x10C2BA80,0x00000008,data,jumptable_10C2BA80
0x10C2BA9C,0x00000008,data,jumptable_10C2BA9C
0x10C2BAA8,0x00000008,data,jumptable_10C2BAA8
0x10C2BAEC,0x00000008,data,jumptable_10C2BAEC
0x10C2BAF8,0x00000008,data,jumptable_10C2BAF8
0x10C2BB14,0x00000008,data,jumptable_10C2BB14
0x10C2BB20,0x00000008,data,jumptable_10C2BB20
0x10C2BB3C,0x00000008,data,jumptable_10C2BB3C
0x10C2BB48,0x00000008,data,jumptable_10C2BB48
0x10C2BB64,0x00000008,data,jumptable_10C2BB64
0x10C2BB70,0x00000008,data,jumptable_10C2BB70
0x10C2BB8C,0x00000008,data,jumptable_10C2BB8C
0x10C2BB98,0x00000008,data,jumptable_10C2BB98
0x10C2BBB4,0x00000008,data,jumptable_10C2BBB4
0x10C2BBC0,0x00000008,data,jumptable_10C2BBC0
0x10C2BBDC,0x00000008,data,jumptable_10C2BBDC
0x10C2BBE8,0x00000008,data,jumptable_10C2BBE8
0x10C2BC04,0x00000008,data,jumptable_10C2BC04
0x10C2BC10,0x00000008,data,jumptable_10C2BC10
0x10C2BC2C,0x00000008,data,jumptable_10C2BC2C
0x10C2BC38,0x00000008,data,jumptable_10C2BC38
0x10C2BC54,0x00000008,data,jumptable_10C2BC54
0x10C2BC60,0x00000008,data,jumptable_10C2BC60
0x10C2BC7C,0x00000008,data,jumptable_10C2BC7C
0x10C2BC88,0x00000008,data,jumptable_10C2BC88
0x10C2BCA4,0x00000008,data,jumptable_10C2BCA4
0x10C2BCB0,0x00000008,data,jumptable_10C2BCB0
0x10C2BCCC,0x00000008,data,jumptable_10C2BCCC
0x10C2BCD8,0x00000008,data,jumptable_10C2BCD8
0x10C2BCF4,0x00000008,data,jumptable_10C2BCF4
0x10C2BD00,0x00000008,data,jumptable_10C2BD00
0x10C2BD1C,0x00000008,data,jumptable_10C2BD1C
0x10C2BD28,0x00000008,data,jumptable_10C2BD28
0x10C2BD44,0x00000008,data,jumptable_10C2BD44
0x10C2BD50,0x00000008,data,jumptable_10C2BD50
0x10C2BD6C,0x00000008,data,jumptable_10C2BD6C
0x10C2BD78,0x00000008,data,jumptable_10C2BD78
0x10C2BD94,0x00000008,data,jumptable_10C2BD94
0x10C2BDA0,0x00000008,data,jumptable_10C2BDA0
0x10C2BDBC,0x00000008,data,jumptable_10C2BDBC
0x10C2BDC8,0x00000008,data,jumptable_10C2BDC8
0x10C2BDE4,0x00000008,data,jumptable_10C2BDE4
0x10C2BDF0,0x00000008,data,jumptable_10C2BDF0
0x10C2BE0C,0x00000008,data,jumptable_10C2BE0C
0x10C2BE18,0x00000008,data,jumptable_10C2BE18
0x10C2BE34,0x00000008,data,jumptable_10C2BE34
0x10C2BE40,0x00000008,data,jumptable_10C2BE40
0x10C2BE5C,0x00000008,data,jumptable_10C2BE5C
0x10C2BE68,0x00000008,data,jumptable_10C2BE68
0x10C2BE84,0x00000008,data,jumptable_10C2BE84
0x10C2BE90,0x00000008,data,jumptable_10C2BE90
0x10C2BEAC,0x00000008,data,jumptable_10C2BEAC
0x10C2BEB8,0x00000008,data,jumptable_10C2BEB8
0x10C2BED4,0x00000008,data,jumptable_10C2BED4
0x10C2BEE0,0x00000008,data,jumptable_10C2BEE0
0x10C2BEFC,0x00000008,data,jumptable_10C2BEFC
0x10C2BF08,0x00000008,data,jumptable_10C2BF08
0x10C2BF24,0x00000008,data,jumptable_10C2BF24
0x10C2BF30,0x00000008,data,jumptable_10C2BF30
0x10C2BF4C,0x00000008,data,jumptable_10C2BF4C
0x10C2BF58,0x00000008,data,jumptable_10C2BF58
0x10C2BF74,0x00000008,data,jumptable_10C2BF74
0x10C2BF80,0x00000008,data,jumptable_10C2BF80
0x10C2BF9C,0x00000008,data,jumptable_10C2BF9C
0x10C2BFA8,0x00000008,data,jumptable_10C2BFA8
0x10C2BFC4,0x00000008,data,jumptable_10C2BFC4
0x10C2BFD0,0x00000008,data,jumptable_10C2BFD0
0x10C2BFEC,0x00000008,data,jumptable_10C2BFEC
0x10C2BFF8,0x00000008,data,jumptable_10C2BFF8
0x10C2C040,0x00000008,data,jumptable_10C2C040
0x10C2C07C,0x00000008,data,jumptable_10C2C07C
0x10C2E468,0x00000015,data,str_10C2E468
0x10C2E946,0x00000004,data,str_10C2E946
0x10C2EE40,0x0000000E,data,wstr_10C2EE40
0x10C38708,0x00000014,data,str_10C38708
0x10C3AFDB,0x00000009,data,str_10C3AFDB
0x10C3B16A,0x00000005,data,str_10C3B16A
0x10C3B29A,0x00000004,data,str_10C3B29A
0x10C2E000,0x0000000C,data,data_10C2E000
0x10C2E00C,0x00000004,data,data_10C2E00C
0x10C2E010,0x0000000C,data,data_10C2E010
0x10C2E01C,0x00000008,data,data_10C2E01C
0x10C2E024,0x00000031,data,data_10C2E024
0x10C2E055,0x00000100,data,data_10C2E055
0x10C2E155,0x000000B3,data,data_10C2E155
0x10C2E208,0x00000005,data,data_10C2E208
0x10C2E20D,0x0000000F,data,data_10C2E20D
0x10C2E21C,0x00000005,data,data_10C2E21C
0x10C2E221,0x0000006B,data,data_10C2E221
0x10C2E28C,0x00000001,data,data_10C2E28C
0x10C2E28D,0x00000017,data,data_10C2E28D
0x10C2E2A4,0x00000004,data,data_10C2E2A4
0x10C2E2A8,0x00000004,data,data_10C2E2A8
0x10C2E2AC,0x00000010,data,data_10C2E2AC
0x10C2E2BC,0x00000001,data,data_10C2E2BC
0x10C2E2BD,0x0000000F,data,data_10C2E2BD
0x10C2E2CC,0x00000008,data,data_10C2E2CC
0x10C2E2D4,0x00000008,data,data_10C2E2D4
0x10C2E2DC,0x00000001,data,data_10C2E2DC
0x10C2E2DD,0x00000007,data,data_10C2E2DD
0x10C2E2E4,0x00000001,data,data_10C2E2E4
0x10C2E2E5,0x0000002B,data,data_10C2E2E5
0x10C2E310,0x00000001,data,data_10C2E310
0x10C2E311,0x00000027,data,data_10C2E311
0x10C2E338,0x00000001,data,data_10C2E338
0x10C2E339,0x00000007,data,data_10C2E339
0x10C2E340,0x00000001,data,data_10C2E340
0x10C2E341,0x00000007,data,data_10C2E341
0x10C2E348,0x00000004,data,data_10C2E348
0x10C2E34C,0x00000044,data,data_10C2E34C
0x10C2E390,0x00000010,data,data_10C2E390
0x10C2E3A0,0x00000030,data,data_10C2E3A0
0x10C2E3D0,0x00000004,data,data_10C2E3D0
0x10C2E3D4,0x00000020,data,data_10C2E3D4
0x10C2E3F4,0x00000001,data,data_10C2E3F4
0x10C2E3F5,0x0000000C,data,data_10C2E3F5
0x10C2E401,0x00000001,data,data_10C2E401
0x10C2E402,0x00000066,data,data_10C2E402
0x10C2E47D,0x00000100,data,data_10C2E47D
0x10C2E57D,0x00000100,data,data_10C2E57D
0x10C2E67D,0x00000100,data,data_10C2E67D
0x10C2E77D,0x00000100,data,data_10C2E77D
0x10C2E87D,0x0000008F,data,data_10C2E87D
0x10C2E90C,0x00000001,data,data_10C2E90C
0x10C2E90D,0x0000000B,data,data_10C2E90D
0x10C2E918,0x00000001,data,data_10C2E918
0x10C2E919,0x00000017,data,data_10C2E919
0x10C2E930,0x00000001,data,data_10C2E930
0x10C2E931,0x00000014,data,data_10C2E931
0x10C2E945,0x00000001,data,data_10C2E945
0x10C2E94A,0x0000002A,data,data_10C2E94A
0x10C2E974,0x00000001,data,data_10C2E974
0x10C2E975,0x0000001B,data,data_10C2E975
0x10C2E990,0x00000005,data,data_10C2E990
0x10C2E995,0x0000000F,data,data_10C2E995
0x10C2E9A4,0x00000001,data,data_10C2E9A4
0x10C2E9A5,0x0000000B,data,data_10C2E9A5
0x10C2E9B0,0x00000005,data,data_10C2E9B0
0x10C2E9B5,0x0000001B,data,data_10C2E9B5
0x10C2E9D0,0x00000004,data,data_10C2E9D0
0x10C2E9D4,0x00000004,data,data_10C2E9D4
0x10C2E9D8,0x00000004,data,data_10C2E9D8
0x10C2E9DC,0x00000004,data,data_10C2E9DC
0x10C2E9E0,0x00000004,data,data_10C2E9E0
0x10C2E9E4,0x00000004,data,data_10C2E9E4
0x10C2E9E8,0x00000004,data,data_10C2E9E8
0x10C2E9EC,0x00000004,data,data_10C2E9EC
0x10C2E9F0,0x00000004,data,data_10C2E9F0
0x10C2E9F4,0x00000004,data,data_10C2E9F4
0x10C2E9F8,0x00000004,data,data_10C2E9F8
0x10C2E9FC,0x00000004,data,data_10C2E9FC
0x10C2EA00,0x00000004,data,data_10C2EA00
0x10C2EA04,0x00000004,data,data_10C2EA04
0x10C2EA08,0x00000004,data,data_10C2EA08
0x10C2EA0C,0x00000004,data,data_10C2EA0C
0x10C2EA10,0x00000004,data,data_10C2EA10
0x10C2EA14,0x00000004,data,data_10C2EA14
0x10C2EA18,0x00000004,data,data_10C2EA18
0x10C2EA1C,0x00000004,data,data_10C2EA1C
0x10C2EA20,0x00000004,data,data_10C2EA20
0x10C2EA24,0x00000004,data,data_10C2EA24
0x10C2EA28,0x00000004,data,data_10C2EA28
0x10C2EA2C,0x00000004,data,data_10C2EA2C
0x10C2EA30,0x00000004,data,data_10C2EA30
0x10C2EA34,0x00000004,data,data_10C2EA34
0x10C2EA38,0x00000004,data,data_10C2EA38
0x10C2EA3C,0x00000004,data,data_10C2EA3C
0x10C2EA40,0x00000004,data,data_10C2EA40
0x10C2EA44,0x00000004,data,data_10C2EA44
0x10C2EA48,0x00000004,data,data_10C2EA48
0x10C2EA4C,0x00000004,data,data_10C2EA4C
0x10C2EA50,0x00000004,data,data_10C2EA50
0x10C2EA54,0x00000004,data,data_10C2EA54
0x10C2EA58,0x00000004,data,data_10C2EA58
0x10C2EA5C,0x00000004,data,data_10C2EA5C
0x10C2EA60,0x00000004,data,data_10C2EA60
0x10C2EA64,0x00000018,data,data_10C2EA64
0x10C2EA7C,0x00000001,data,data_10C2EA7C
0x10C2EA7D,0x00000007,data,data_10C2EA7D
0x10C2EA84,0x00000005,data,data_10C2EA84
0x10C2EA89,0x0000000F,data,data_10C2EA89
0x10C2EA98,0x00000001,data,data_10C2EA98
0x10C2EA99,0x00000083,data,data_10C2EA99
0x10C2EB1C,0x00000009,data,data_10C2EB1C
0x10C2EB25,0x0000003F,data,data_10C2EB25
0x10C2EB64,0x00000004,data,data_10C2EB64
0x10C2EB68,0x00000008,data,data_10C2EB68
0x10C2EB70,0x00000004,data,data_10C2EB70
0x10C2EB74,0x00000004,data,data_10C2EB74
0x10C2EB78,0x00000004,data,data_10C2EB78
0x10C2EB7C,0x00000004,data,data_10C2EB7C
0x10C2EB80,0x00000004,data,data_10C2EB80
0x10C2EB84,0x00000004,data,data_10C2EB84
0x10C2EB88,0x00000004,data,data_10C2EB88
0x10C2EB8C,0x00000018,data,data_10C2EB8C
0x10C2EBA4,0x00000008,data,data_10C2EBA4
0x10C2EBAC,0x00000004,data,data_10C2EBAC
0x10C2EBB0,0x00000002,data,data_10C2EBB0
0x10C2EBB2,0x0000003E,data,data_10C2EBB2
0x10C2EBF0,0x00000004,data,data_10C2EBF0
0x10C2EBF4,0x00000004,data,data_10C2EBF4
0x10C2EBF8,0x00000004,data,data_10C2EBF8
0x10C2EBFC,0x00000004,data,data_10C2EBFC
0x10C2EC00,0x00000004,data,data_10C2EC00
0x10C2EC04,0x00000004,data,data_10C2EC04
0x10C2EC08,0x00000004,data,data_10C2EC08
0x10C2EC0C,0x00000004,data,data_10C2EC0C
0x10C2EC10,0x00000004,data,data_10C2EC10
0x10C2EC14,0x00000004,data,data_10C2EC14
0x10C2EC18,0x00000004,data,data_10C2EC18
0x10C2EC1C,0x00000004,data,data_10C2EC1C
0x10C2EC20,0x00000004,data,data_10C2EC20
0x10C2EC24,0x00000004,data,data_10C2EC24
0x10C2EC28,0x00000004,data,data_10C2EC28
0x10C2EC2C,0x00000004,data,data_10C2EC2C
0x10C2EC30,0x00000004,data,data_10C2EC30
0x10C2EC34,0x00000004,data,data_10C2EC34
0x10C2EC38,0x00000004,data,data_10C2EC38
0x10C2EC3C,0x00000004,data,data_10C2EC3C
0x10C2EC40,0x00000004,data,data_10C2EC40
0x10C2EC44,0x00000004,data,data_10C2EC44
0x10C2EC48,0x00000004,data,data_10C2EC48
0x10C2EC4C,0x00000004,data,data_10C2EC4C
0x10C2EC50,0x00000004,data,data_10C2EC50
0x10C2EC54,0x00000004,data,data_10C2EC54
0x10C2EC58,0x00000004,data,data_10C2EC58
0x10C2EC5C,0x00000004,data,data_10C2EC5C
0x10C2EC60,0x00000004,data,data_10C2EC60
0x10C2EC64,0x00000044,data,data_10C2EC64
0x10C2ECA8,0x00000001,data,data_10C2ECA8
0x10C2ECA9,0x00000013,data,data_10C2ECA9
0x10C2ECBC,0x00000001,data,data_10C2ECBC
0x10C2ECBD,0x0000002B,data,data_10C2ECBD
0x10C2ECE8,0x00000004,data,data_10C2ECE8
0x10C2ECEC,0x00000054,data,data_10C2ECEC
0x10C2ED40,0x00000004,data,data_10C2ED40
0x10C2ED44,0x00000008,data,data_10C2ED44
0x10C2ED4C,0x00000035,data,data_10C2ED4C
0x10C2ED81,0x0000000B,data,data_10C2ED81
0x10C2ED8C,0x00000031,data,data_10C2ED8C
0x10C2EDBD,0x0000001F,data,data_10C2EDBD
0x10C2EDDC,0x00000004,data,data_10C2EDDC
0x10C2EDE0,0x00000004,data,data_10C2EDE0
0x10C2EDE4,0x00000004,data,data_10C2EDE4
0x10C2EDE8,0x00000004,data,data_10C2EDE8
0x10C2EDEC,0x00000004,data,data_10C2EDEC
0x10C2EDF0,0x00000004,data,data_10C2EDF0
0x10C2EDF4,0x00000004,data,data_10C2EDF4
0x10C2EDF8,0x00000004,data,data_10C2EDF8
0x10C2EDFC,0x00000004,data,data_10C2EDFC
0x10C2EE00,0x00000004,data,data_10C2EE00
0x10C2EE04,0x0000003C,data,data_10C2EE04
0x10C2EE4E,0x00000100,data,data_10C2EE4E
0x10C2EF4E,0x00000100,data,data_10C2EF4E
0x10C2F04E,0x0000003E,data,data_10C2F04E
0x10C2F08C,0x00000004,data,data_10C2F08C
0x10C2F090,0x00000004,data,data_10C2F090
0x10C2F094,0x00000058,data,data_10C2F094
0x10C2F0EC,0x00000004,data,data_10C2F0EC
0x10C2F0F0,0x00000004,data,data_10C2F0F0
0x10C2F0F4,0x00000004,data,data_10C2F0F4
0x10C2F0F8,0x00000002,data,data_10C2F0F8
0x10C2F0FA,0x0000000A,data,data_10C2F0FA
0x10C2F104,0x00000005,data,data_10C2F104
0x10C2F109,0x00000043,data,data_10C2F109
0x10C2F14C,0x00000004,data,data_10C2F14C
0x10C2F150,0x00000004,data,data_10C2F150
0x10C2F154,0x00000004,data,data_10C2F154
0x10C2F158,0x00000002,data,data_10C2F158
0x10C2F15A,0x0000000A,data,data_10C2F15A
0x10C2F164,0x00000005,data,data_10C2F164
0x10C2F169,0x00000007,data,data_10C2F169
0x10C2F170,0x00000001,data,data_10C2F170
0x10C2F171,0x0000003B,data,data_10C2F171
0x10C2F1AC,0x00000004,data,data_10C2F1AC
0x10C2F1B0,0x00000004,data,data_10C2F1B0
0x10C2F1B4,0x00000004,data,data_10C2F1B4
0x10C2F1B8,0x00000002,data,data_10C2F1B8
0x10C2F1BA,0x0000000A,data,data_10C2F1BA
0x10C2F1C4,0x00000005,data,data_10C2F1C4
0x10C2F1C9,0x00000007,data,data_10C2F1C9
0x10C2F1D0,0x00000001,data,data_10C2F1D0
0x10C2F1D1,0x0000003B,data,data_10C2F1D1
0x10C2F20C,0x00000004,data,data_10C2F20C
0x10C2F210,0x00000004,data,data_10C2F210
0x10C2F214,0x00000004,data,data_10C2F214
0x10C2F218,0x00000002,data,data_10C2F218
0x10C2F21A,0x0000000A,data,data_10C2F21A
0x10C2F224,0x00000005,data,data_10C2F224
0x10C2F229,0x00000007,data,data_10C2F229
0x10C2F230,0x00000001,data,data_10C2F230
0x10C2F231,0x0000003B,data,data_10C2F231
0x10C2F26C,0x00000004,data,data_10C2F26C
0x10C2F270,0x00000004,data,data_10C2F270
0x10C2F274,0x00000004,data,data_10C2F274
0x10C2F278,0x00000002,data,data_10C2F278
0x10C2F27A,0x0000000A,data,data_10C2F27A
0x10C2F284,0x00000005,data,data_10C2F284
0x10C2F289,0x00000007,data,data_10C2F289
0x10C2F290,0x00000001,data,data_10C2F290
0x10C2F291,0x0000003B,data,data_10C2F291
0x10C2F2CC,0x00000004,data,data_10C2F2CC
0x10C2F2D0,0x00000004,data,data_10C2F2D0
0x10C2F2D4,0x00000004,data,data_10C2F2D4
0x10C2F2D8,0x00000002,data,data_10C2F2D8
0x10C2F2DA,0x0000000A,data,data_10C2F2DA
0x10C2F2E4,0x00000005,data,data_10C2F2E4
0x10C2F2E9,0x00000007,data,data_10C2F2E9
0x10C2F2F0,0x00000001,data,data_10C2F2F0
0x10C2F2F1,0x0000003B,data,data_10C2F2F1
0x10C2F32C,0x00000004,data,data_10C2F32C
0x10C2F330,0x00000004,data,data_10C2F330
0x10C2F334,0x00000004,data,data_10C2F334
0x10C2F338,0x00000002,data,data_10C2F338
0x10C2F33A,0x0000000A,data,data_10C2F33A
0x10C2F344,0x00000005,data,data_10C2F344
0x10C2F349,0x00000007,data,data_10C2F349
0x10C2F350,0x00000001,data,data_10C2F350
0x10C2F351,0x0000003B,data,data_10C2F351
0x10C2F38C,0x00000004,data,data_10C2F38C
0x10C2F390,0x00000004,data,data_10C2F390
0x10C2F394,0x00000004,data,data_10C2F394
0x10C2F398,0x00000002,data,data_10C2F398
0x10C2F39A,0x0000000A,data,data_10C2F39A
0x10C2F3A4,0x00000005,data,data_10C2F3A4
0x10C2F3A9,0x00000007,data,data_10C2F3A9
0x10C2F3B0,0x00000001,data,data_10C2F3B0
0x10C2F3B1,0x0000003B,data,data_10C2F3B1
0x10C2F3EC,0x00000004,data,data_10C2F3EC
0x10C2F3F0,0x00000004,data,data_10C2F3F0
0x10C2F3F4,0x00000004,data,data_10C2F3F4
0x10C2F3F8,0x00000002,data,data_10C2F3F8
0x10C2F3FA,0x0000000A,data,data_10C2F3FA
0x10C2F404,0x00000005,data,data_10C2F404
0x10C2F409,0x00000007,data,data_10C2F409
0x10C2F410,0x00000001,data,data_10C2F410
0x10C2F411,0x0000003B,data,data_10C2F411
0x10C2F44C,0x00000004,data,data_10C2F44C
0x10C2F450,0x00000004,data,data_10C2F450
0x10C2F454,0x00000004,data,data_10C2F454
0x10C2F458,0x00000002,data,data_10C2F458
0x10C2F45A,0x0000000A,data,data_10C2F45A
0x10C2F464,0x00000005,data,data_10C2F464
0x10C2F469,0x00000007,data,data_10C2F469
0x10C2F470,0x00000001,data,data_10C2F470
0x10C2F471,0x0000003B,data,data_10C2F471
0x10C2F4AC,0x00000004,data,data_10C2F4AC
0x10C2F4B0,0x00000004,data,data_10C2F4B0
0x10C2F4B4,0x00000004,data,data_10C2F4B4
0x10C2F4B8,0x00000002,data,data_10C2F4B8
0x10C2F4BA,0x0000000A,data,data_10C2F4BA
0x10C2F4C4,0x00000005,data,data_10C2F4C4
0x10C2F4C9,0x00000007,data,data_10C2F4C9
0x10C2F4D0,0x00000001,data,data_10C2F4D0
0x10C2F4D1,0x0000003B,data,data_10C2F4D1
0x10C2F50C,0x00000004,data,data_10C2F50C
0x10C2F510,0x00000004,data,data_10C2F510
0x10C2F514,0x00000004,data,data_10C2F514
0x10C2F518,0x00000002,data,data_10C2F518
0x10C2F51A,0x0000000A,data,data_10C2F51A
0x10C2F524,0x00000005,data,data_10C2F524
0x10C2F529,0x00000007,data,data_10C2F529
0x10C2F530,0x00000001,data,data_10C2F530
0x10C2F531,0x0000003B,data,data_10C2F531
0x10C2F56C,0x00000004,data,data_10C2F56C
0x10C2F570,0x00000004,data,data_10C2F570
0x10C2F574,0x00000004,data,data_10C2F574
0x10C2F578,0x00000002,data,data_10C2F578
0x10C2F57A,0x0000000A,data,data_10C2F57A
0x10C2F584,0x00000005,data,data_10C2F584
0x10C2F589,0x00000007,data,data_10C2F589
0x10C2F590,0x00000001,data,data_10C2F590
0x10C2F591,0x0000003B,data,data_10C2F591
0x10C2F5CC,0x00000004,data,data_10C2F5CC
0x10C2F5D0,0x00000004,data,data_10C2F5D0
0x10C2F5D4,0x00000004,data,data_10C2F5D4
0x10C2F5D8,0x00000002,data,data_10C2F5D8
0x10C2F5DA,0x0000000A,data,data_10C2F5DA
0x10C2F5E4,0x00000005,data,data_10C2F5E4
0x10C2F5E9,0x00000007,data,data_10C2F5E9
0x10C2F5F0,0x00000001,data,data_10C2F5F0
0x10C2F5F1,0x0000003B,data,data_10C2F5F1
0x10C2F62C,0x00000004,data,data_10C2F62C
0x10C2F630,0x00000004,data,data_10C2F630
0x10C2F634,0x00000004,data,data_10C2F634
0x10C2F638,0x00000002,data,data_10C2F638
0x10C2F63A,0x0000000A,data,data_10C2F63A
0x10C2F644,0x00000005,data,data_10C2F644
0x10C2F649,0x00000007,data,data_10C2F649
0x10C2F650,0x00000001,data,data_10C2F650
0x10C2F651,0x0000003B,data,data_10C2F651
0x10C2F68C,0x00000004,data,data_10C2F68C
0x10C2F690,0x00000004,data,data_10C2F690
0x10C2F694,0x00000004,data,data_10C2F694
0x10C2F698,0x00000002,data,data_10C2F698
0x10C2F69A,0x0000000A,data,data_10C2F69A
0x10C2F6A4,0x00000005,data,data_10C2F6A4
0x10C2F6A9,0x00000007,data,data_10C2F6A9
0x10C2F6B0,0x00000001,data,data_10C2F6B0
0x10C2F6B1,0x0000003B,data,data_10C2F6B1
0x10C2F6EC,0x00000004,data,data_10C2F6EC
0x10C2F6F0,0x00000004,data,data_10C2F6F0
0x10C2F6F4,0x00000004,data,data_10C2F6F4
0x10C2F6F8,0x00000002,data,data_10C2F6F8
0x10C2F6FA,0x0000000A,data,data_10C2F6FA
0x10C2F704,0x00000005,data,data_10C2F704
0x10C2F709,0x00000007,data,data_10C2F709
0x10C2F710,0x00000001,data,data_10C2F710
0x10C2F711,0x0000003B,data,data_10C2F711
0x10C2F74C,0x00000004,data,data_10C2F74C
0x10C2F750,0x00000004,data,data_10C2F750
0x10C2F754,0x00000004,data,data_10C2F754
0x10C2F758,0x00000002,data,data_10C2F758
0x10C2F75A,0x0000000A,data,data_10C2F75A
0x10C2F764,0x00000005,data,data_10C2F764
0x10C2F769,0x00000007,data,data_10C2F769
0x10C2F770,0x00000001,data,data_10C2F770
0x10C2F771,0x0000003B,data,data_10C2F771
0x10C2F7AC,0x00000004,data,data_10C2F7AC
0x10C2F7B0,0x00000004,data,data_10C2F7B0
0x10C2F7B4,0x00000004,data,data_10C2F7B4
0x10C2F7B8,0x00000002,data,data_10C2F7B8
0x10C2F7BA,0x0000000A,data,data_10C2F7BA
0x10C2F7C4,0x00000005,data,data_10C2F7C4
0x10C2F7C9,0x00000007,data,data_10C2F7C9
0x10C2F7D0,0x00000001,data,data_10C2F7D0
0x10C2F7D1,0x0000003B,data,data_10C2F7D1
0x10C2F80C,0x00000004,data,data_10C2F80C
0x10C2F810,0x00000004,data,data_10C2F810
0x10C2F814,0x00000004,data,data_10C2F814
0x10C2F818,0x00000002,data,data_10C2F818
0x10C2F81A,0x0000000A,data,data_10C2F81A
0x10C2F824,0x00000005,data,data_10C2F824
0x10C2F829,0x00000007,data,data_10C2F829
0x10C2F830,0x00000001,data,data_10C2F830
0x10C2F831,0x0000003B,data,data_10C2F831
0x10C2F86C,0x00000004,data,data_10C2F86C
0x10C2F870,0x00000004,data,data_10C2F870
0x10C2F874,0x00000004,data,data_10C2F874
0x10C2F878,0x00000002,data,data_10C2F878
0x10C2F87A,0x0000000A,data,data_10C2F87A
0x10C2F884,0x00000005,data,data_10C2F884
0x10C2F889,0x00000007,data,data_10C2F889
0x10C2F890,0x00000001,data,data_10C2F890
0x10C2F891,0x0000003B,data,data_10C2F891
0x10C2F8CC,0x00000004,data,data_10C2F8CC
0x10C2F8D0,0x00000004,data,data_10C2F8D0
0x10C2F8D4,0x00000004,data,data_10C2F8D4
0x10C2F8D8,0x00000002,data,data_10C2F8D8
0x10C2F8DA,0x0000000A,data,data_10C2F8DA
0x10C2F8E4,0x00000005,data,data_10C2F8E4
0x10C2F8E9,0x00000007,data,data_10C2F8E9
0x10C2F8F0,0x00000001,data,data_10C2F8F0
0x10C2F8F1,0x0000003B,data,data_10C2F8F1
0x10C2F92C,0x00000004,data,data_10C2F92C
0x10C2F930,0x00000004,data,data_10C2F930
0x10C2F934,0x00000004,data,data_10C2F934
0x10C2F938,0x00000002,data,data_10C2F938
0x10C2F93A,0x0000000A,data,data_10C2F93A
0x10C2F944,0x00000005,data,data_10C2F944
0x10C2F949,0x00000007,data,data_10C2F949
0x10C2F950,0x00000001,data,data_10C2F950
0x10C2F951,0x0000003B,data,data_10C2F951
0x10C2F98C,0x00000004,data,data_10C2F98C
0x10C2F990,0x00000004,data,data_10C2F990
0x10C2F994,0x00000004,data,data_10C2F994
0x10C2F998,0x00000002,data,data_10C2F998
0x10C2F99A,0x0000000A,data,data_10C2F99A
0x10C2F9A4,0x00000005,data,data_10C2F9A4
0x10C2F9A9,0x00000007,data,data_10C2F9A9
0x10C2F9B0,0x00000001,data,data_10C2F9B0
0x10C2F9B1,0x0000003B,data,data_10C2F9B1
0x10C2F9EC,0x00000004,data,data_10C2F9EC
0x10C2F9F0,0x00000004,data,data_10C2F9F0
0x10C2F9F4,0x00000004,data,data_10C2F9F4
0x10C2F9F8,0x00000002,data,data_10C2F9F8
0x10C2F9FA,0x0000000A,data,data_10C2F9FA
0x10C2FA04,0x00000005,data,data_10C2FA04
0x10C2FA09,0x00000007,data,data_10C2FA09
0x10C2FA10,0x00000001,data,data_10C2FA10
0x10C2FA11,0x0000003B,data,data_10C2FA11
0x10C2FA4C,0x00000004,data,data_10C2FA4C
0x10C2FA50,0x00000004,data,data_10C2FA50
0x10C2FA54,0x00000004,data,data_10C2FA54
0x10C2FA58,0x00000002,data,data_10C2FA58
0x10C2FA5A,0x0000000A,data,data_10C2FA5A
0x10C2FA64,0x00000005,data,data_10C2FA64
0x10C2FA69,0x00000007,data,data_10C2FA69
0x10C2FA70,0x00000001,data,data_10C2FA70
0x10C2FA71,0x0000003B,data,data_10C2FA71
0x10C2FAAC,0x00000004,data,data_10C2FAAC
0x10C2FAB0,0x00000004,data,data_10C2FAB0
0x10C2FAB4,0x00000004,data,data_10C2FAB4
0x10C2FAB8,0x00000002,data,data_10C2FAB8
0x10C2FABA,0x0000000A,data,data_10C2FABA
0x10C2FAC4,0x00000005,data,data_10C2FAC4
0x10C2FAC9,0x00000007,data,data_10C2FAC9
0x10C2FAD0,0x00000001,data,data_10C2FAD0
0x10C2FAD1,0x0000003B,data,data_10C2FAD1
0x10C2FB0C,0x00000004,data,data_10C2FB0C
0x10C2FB10,0x00000004,data,data_10C2FB10
0x10C2FB14,0x00000004,data,data_10C2FB14
0x10C2FB18,0x00000002,data,data_10C2FB18
0x10C2FB1A,0x0000000A,data,data_10C2FB1A
0x10C2FB24,0x00000005,data,data_10C2FB24
0x10C2FB29,0x00000007,data,data_10C2FB29
0x10C2FB30,0x00000001,data,data_10C2FB30
0x10C2FB31,0x0000003B,data,data_10C2FB31
0x10C2FB6C,0x00000004,data,data_10C2FB6C
0x10C2FB70,0x00000004,data,data_10C2FB70
0x10C2FB74,0x00000004,data,data_10C2FB74
0x10C2FB78,0x00000002,data,data_10C2FB78
0x10C2FB7A,0x0000000A,data,data_10C2FB7A
0x10C2FB84,0x00000005,data,data_10C2FB84
0x10C2FB89,0x00000007,data,data_10C2FB89
0x10C2FB90,0x00000001,data,data_10C2FB90
0x10C2FB91,0x0000003B,data,data_10C2FB91
0x10C2FBCC,0x00000004,data,data_10C2FBCC
0x10C2FBD0,0x00000004,data,data_10C2FBD0
0x10C2FBD4,0x00000004,data,data_10C2FBD4
0x10C2FBD8,0x00000002,data,data_10C2FBD8
0x10C2FBDA,0x0000000A,data,data_10C2FBDA
0x10C2FBE4,0x00000005,data,data_10C2FBE4
0x10C2FBE9,0x00000007,data,data_10C2FBE9
0x10C2FBF0,0x00000001,data,data_10C2FBF0
0x10C2FBF1,0x0000003B,data,data_10C2FBF1
0x10C2FC2C,0x00000004,data,data_10C2FC2C
0x10C2FC30,0x00000004,data,data_10C2FC30
0x10C2FC34,0x00000004,data,data_10C2FC34
0x10C2FC38,0x00000002,data,data_10C2FC38
0x10C2FC3A,0x0000000A,data,data_10C2FC3A
0x10C2FC44,0x00000005,data,data_10C2FC44
0x10C2FC49,0x00000007,data,data_10C2FC49
0x10C2FC50,0x00000001,data,data_10C2FC50
0x10C2FC51,0x0000003B,data,data_10C2FC51
0x10C2FC8C,0x00000004,data,data_10C2FC8C
0x10C2FC90,0x00000004,data,data_10C2FC90
0x10C2FC94,0x00000004,data,data_10C2FC94
0x10C2FC98,0x00000002,data,data_10C2FC98
0x10C2FC9A,0x0000000A,data,data_10C2FC9A
0x10C2FCA4,0x00000005,data,data_10C2FCA4
0x10C2FCA9,0x00000007,data,data_10C2FCA9
0x10C2FCB0,0x00000001,data,data_10C2FCB0
0x10C2FCB1,0x0000003B,data,data_10C2FCB1
0x10C2FCEC,0x00000004,data,data_10C2FCEC
0x10C2FCF0,0x00000004,data,data_10C2FCF0
0x10C2FCF4,0x00000004,data,data_10C2FCF4
0x10C2FCF8,0x00000002,data,data_10C2FCF8
0x10C2FCFA,0x0000000A,data,data_10C2FCFA
0x10C2FD04,0x00000005,data,data_10C2FD04
0x10C2FD09,0x00000043,data,data_10C2FD09
0x10C2FD4C,0x00000004,data,data_10C2FD4C
0x10C2FD50,0x00000004,data,data_10C2FD50
0x10C2FD54,0x00000004,data,data_10C2FD54
0x10C2FD58,0x00000002,data,data_10C2FD58
0x10C2FD5A,0x0000000A,data,data_10C2FD5A
0x10C2FD64,0x00000005,data,data_10C2FD64
0x10C2FD69,0x00000043,data,data_10C2FD69
0x10C2FDAC,0x00000004,data,data_10C2FDAC
0x10C2FDB0,0x00000004,data,data_10C2FDB0
0x10C2FDB4,0x00000004,data,data_10C2FDB4
0x10C2FDB8,0x00000002,data,data_10C2FDB8
0x10C2FDBA,0x0000000A,data,data_10C2FDBA
0x10C2FDC4,0x00000005,data,data_10C2FDC4
0x10C2FDC9,0x00000007,data,data_10C2FDC9
0x10C2FDD0,0x00000001,data,data_10C2FDD0
0x10C2FDD1,0x0000003B,data,data_10C2FDD1
0x10C2FE0C,0x00000004,data,data_10C2FE0C
0x10C2FE10,0x00000004,data,data_10C2FE10
0x10C2FE14,0x00000004,data,data_10C2FE14
0x10C2FE18,0x00000002,data,data_10C2FE18
0x10C2FE1A,0x0000000A,data,data_10C2FE1A
0x10C2FE24,0x00000005,data,data_10C2FE24
0x10C2FE29,0x00000007,data,data_10C2FE29
0x10C2FE30,0x00000001,data,data_10C2FE30
0x10C2FE31,0x0000003B,data,data_10C2FE31
0x10C2FE6C,0x00000004,data,data_10C2FE6C
0x10C2FE70,0x00000004,data,data_10C2FE70
0x10C2FE74,0x00000004,data,data_10C2FE74
0x10C2FE78,0x00000002,data,data_10C2FE78
0x10C2FE7A,0x0000000A,data,data_10C2FE7A
0x10C2FE84,0x00000005,data,data_10C2FE84
0x10C2FE89,0x00000007,data,data_10C2FE89
0x10C2FE90,0x00000001,data,data_10C2FE90
0x10C2FE91,0x0000003B,data,data_10C2FE91
0x10C2FECC,0x00000004,data,data_10C2FECC
0x10C2FED0,0x00000004,data,data_10C2FED0
0x10C2FED4,0x00000004,data,data_10C2FED4
0x10C2FED8,0x00000002,data,data_10C2FED8
0x10C2FEDA,0x0000000A,data,data_10C2FEDA
0x10C2FEE4,0x00000005,data,data_10C2FEE4
0x10C2FEE9,0x00000007,data,data_10C2FEE9
0x10C2FEF0,0x00000001,data,data_10C2FEF0
0x10C2FEF1,0x0000003B,data,data_10C2FEF1
0x10C2FF2C,0x00000004,data,data_10C2FF2C
0x10C2FF30,0x00000004,data,data_10C2FF30
0x10C2FF34,0x00000004,data,data_10C2FF34
0x10C2FF38,0x00000002,data,data_10C2FF38
0x10C2FF3A,0x0000000A,data,data_10C2FF3A
0x10C2FF44,0x00000005,data,data_10C2FF44
0x10C2FF49,0x00000007,data,data_10C2FF49
0x10C2FF50,0x00000001,data,data_10C2FF50
0x10C2FF51,0x0000003B,data,data_10C2FF51
0x10C2FF8C,0x00000004,data,data_10C2FF8C
0x10C2FF90,0x00000004,data,data_10C2FF90
0x10C2FF94,0x00000004,data,data_10C2FF94
0x10C2FF98,0x00000002,data,data_10C2FF98
0x10C2FF9A,0x0000000A,data,data_10C2FF9A
0x10C2FFA4,0x00000005,data,data_10C2FFA4
0x10C2FFA9,0x00000007,data,data_10C2FFA9
0x10C2FFB0,0x00000001,data,data_10C2FFB0
0x10C2FFB1,0x0000003B,data,data_10C2FFB1
0x10C2FFEC,0x00000004,data,data_10C2FFEC
0x10C2FFF0,0x00000004,data,data_10C2FFF0
0x10C2FFF4,0x00000004,data,data_10C2FFF4
0x10C2FFF8,0x00000002,data,data_10C2FFF8
0x10C2FFFA,0x0000000A,data,data_10C2FFFA
0x10C30004,0x00000005,data,data_10C30004
0x10C30009,0x00000007,data,data_10C30009
0x10C30010,0x00000001,data,data_10C30010
0x10C30011,0x0000003B,data,data_10C30011
0x10C3004C,0x00000004,data,data_10C3004C
0x10C30050,0x00000004,data,data_10C30050
0x10C30054,0x00000004,data,data_10C30054
0x10C30058,0x00000002,data,data_10C30058
0x10C3005A,0x0000000A,data,data_10C3005A
0x10C30064,0x00000005,data,data_10C30064
0x10C30069,0x00000007,data,data_10C30069
0x10C30070,0x00000001,data,data_10C30070
0x10C30071,0x0000003B,data,data_10C30071
0x10C300AC,0x00000004,data,data_10C300AC
0x10C300B0,0x00000004,data,data_10C300B0
0x10C300B4,0x00000004,data,data_10C300B4
0x10C300B8,0x00000002,data,data_10C300B8
0x10C300BA,0x0000000A,data,data_10C300BA
0x10C300C4,0x00000005,data,data_10C300C4
0x10C300C9,0x00000007,data,data_10C300C9
0x10C300D0,0x00000001,data,data_10C300D0
0x10C300D1,0x0000003B,data,data_10C300D1
0x10C3010C,0x00000004,data,data_10C3010C
0x10C30110,0x00000004,data,data_10C30110
0x10C30114,0x00000004,data,data_10C30114
0x10C30118,0x00000002,data,data_10C30118
0x10C3011A,0x0000000A,data,data_10C3011A
0x10C30124,0x00000005,data,data_10C30124
0x10C30129,0x00000007,data,data_10C30129
0x10C30130,0x00000001,data,data_10C30130
0x10C30131,0x0000003B,data,data_10C30131
0x10C3016C,0x00000004,data,data_10C3016C
0x10C30170,0x00000004,data,data_10C30170
0x10C30174,0x00000004,data,data_10C30174
0x10C30178,0x00000002,data,data_10C30178
0x10C3017A,0x0000000A,data,data_10C3017A
0x10C30184,0x00000005,data,data_10C30184
0x10C30189,0x00000007,data,data_10C30189
0x10C30190,0x00000001,data,data_10C30190
0x10C30191,0x0000003B,data,data_10C30191
0x10C301CC,0x00000004,data,data_10C301CC
0x10C301D0,0x00000004,data,data_10C301D0
0x10C301D4,0x00000004,data,data_10C301D4
0x10C301D8,0x00000002,data,data_10C301D8
0x10C301DA,0x0000000A,data,data_10C301DA
0x10C301E4,0x00000005,data,data_10C301E4
0x10C301E9,0x00000007,data,data_10C301E9
0x10C301F0,0x00000001,data,data_10C301F0
0x10C301F1,0x0000003B,data,data_10C301F1
0x10C3022C,0x00000004,data,data_10C3022C
0x10C30230,0x00000004,data,data_10C30230
0x10C30234,0x00000004,data,data_10C30234
0x10C30238,0x00000002,data,data_10C30238
0x10C3023A,0x0000000A,data,data_10C3023A
0x10C30244,0x00000005,data,data_10C30244
0x10C30249,0x00000007,data,data_10C30249
0x10C30250,0x00000001,data,data_10C30250
0x10C30251,0x0000003B,data,data_10C30251
0x10C3028C,0x00000004,data,data_10C3028C
0x10C30290,0x00000004,data,data_10C30290
0x10C30294,0x00000004,data,data_10C30294
0x10C30298,0x00000002,data,data_10C30298
0x10C3029A,0x0000000A,data,data_10C3029A
0x10C302A4,0x00000005,data,data_10C302A4
0x10C302A9,0x00000007,data,data_10C302A9
0x10C302B0,0x00000001,data,data_10C302B0
0x10C302B1,0x0000003B,data,data_10C302B1
0x10C302EC,0x00000004,data,data_10C302EC
0x10C302F0,0x00000004,data,data_10C302F0
0x10C302F4,0x00000004,data,data_10C302F4
0x10C302F8,0x00000002,data,data_10C302F8
0x10C302FA,0x0000000A,data,data_10C302FA
0x10C30304,0x00000005,data,data_10C30304
0x10C30309,0x00000007,data,data_10C30309
0x10C30310,0x00000001,data,data_10C30310
0x10C30311,0x0000003B,data,data_10C30311
0x10C3034C,0x00000004,data,data_10C3034C
0x10C30350,0x00000004,data,data_10C30350
0x10C30354,0x00000004,data,data_10C30354
0x10C30358,0x00000002,data,data_10C30358
0x10C3035A,0x0000000A,data,data_10C3035A
0x10C30364,0x00000005,data,data_10C30364
0x10C30369,0x00000007,data,data_10C30369
0x10C30370,0x00000001,data,data_10C30370
0x10C30371,0x0000003B,data,data_10C30371
0x10C303AC,0x00000004,data,data_10C303AC
0x10C303B0,0x00000004,data,data_10C303B0
0x10C303B4,0x00000004,data,data_10C303B4
0x10C303B8,0x00000002,data,data_10C303B8
0x10C303BA,0x0000000A,data,data_10C303BA
0x10C303C4,0x00000005,data,data_10C303C4
0x10C303C9,0x00000007,data,data_10C303C9
0x10C303D0,0x00000001,data,data_10C303D0
0x10C303D1,0x0000003B,data,data_10C303D1
0x10C3040C,0x00000004,data,data_10C3040C
0x10C30410,0x00000004,data,data_10C30410
0x10C30414,0x00000004,data,data_10C30414
0x10C30418,0x00000002,data,data_10C30418
0x10C3041A,0x0000000A,data,data_10C3041A
0x10C30424,0x00000005,data,data_10C30424
0x10C30429,0x00000007,data,data_10C30429
0x10C30430,0x00000001,data,data_10C30430
0x10C30431,0x0000003B,data,data_10C30431
0x10C3046C,0x00000004,data,data_10C3046C
0x10C30470,0x00000004,data,data_10C30470
0x10C30474,0x00000004,data,data_10C30474
0x10C30478,0x00000002,data,data_10C30478
0x10C3047A,0x0000000A,data,data_10C3047A
0x10C30484,0x00000005,data,data_10C30484
0x10C30489,0x00000007,data,data_10C30489
0x10C30490,0x00000001,data,data_10C30490
0x10C30491,0x0000003B,data,data_10C30491
0x10C304CC,0x00000004,data,data_10C304CC
0x10C304D0,0x00000004,data,data_10C304D0
0x10C304D4,0x00000004,data,data_10C304D4
0x10C304D8,0x00000002,data,data_10C304D8
0x10C304DA,0x0000000A,data,data_10C304DA
0x10C304E4,0x00000005,data,data_10C304E4
0x10C304E9,0x00000007,data,data_10C304E9
0x10C304F0,0x00000001,data,data_10C304F0
0x10C304F1,0x0000003B,data,data_10C304F1
0x10C3052C,0x00000004,data,data_10C3052C
0x10C30530,0x00000004,data,data_10C30530
0x10C30534,0x00000004,data,data_10C30534
0x10C30538,0x00000002,data,data_10C30538
0x10C3053A,0x0000000A,data,data_10C3053A
0x10C30544,0x00000005,data,data_10C30544
0x10C30549,0x00000007,data,data_10C30549
0x10C30550,0x00000001,data,data_10C30550
0x10C30551,0x0000003B,data,data_10C30551
0x10C3058C,0x00000004,data,data_10C3058C
0x10C30590,0x00000004,data,data_10C30590
0x10C30594,0x00000004,data,data_10C30594
0x10C30598,0x00000002,data,data_10C30598
0x10C3059A,0x0000000A,data,data_10C3059A
0x10C305A4,0x00000005,data,data_10C305A4
0x10C305A9,0x00000007,data,data_10C305A9
0x10C305B0,0x00000001,data,data_10C305B0
0x10C305B1,0x0000003B,data,data_10C305B1
0x10C305EC,0x00000004,data,data_10C305EC
0x10C305F0,0x00000004,data,data_10C305F0
0x10C305F4,0x00000004,data,data_10C305F4
0x10C305F8,0x00000002,data,data_10C305F8
0x10C305FA,0x0000000A,data,data_10C305FA
0x10C30604,0x00000005,data,data_10C30604
0x10C30609,0x00000007,data,data_10C30609
0x10C30610,0x00000001,data,data_10C30610
0x10C30611,0x0000003B,data,data_10C30611
0x10C3064C,0x00000004,data,data_10C3064C
0x10C30650,0x00000004,data,data_10C30650
0x10C30654,0x00000004,data,data_10C30654
0x10C30658,0x00000002,data,data_10C30658
0x10C3065A,0x0000000A,data,data_10C3065A
0x10C30664,0x00000005,data,data_10C30664
0x10C30669,0x00000007,data,data_10C30669
0x10C30670,0x00000001,data,data_10C30670
0x10C30671,0x0000003B,data,data_10C30671
0x10C306AC,0x00000004,data,data_10C306AC
0x10C306B0,0x00000004,data,data_10C306B0
0x10C306B4,0x00000004,data,data_10C306B4
0x10C306B8,0x00000002,data,data_10C306B8
0x10C306BA,0x0000000A,data,data_10C306BA
0x10C306C4,0x00000005,data,data_10C306C4
0x10C306C9,0x00000007,data,data_10C306C9
0x10C306D0,0x00000001,data,data_10C306D0
0x10C306D1,0x0000003B,data,data_10C306D1
0x10C3070C,0x00000004,data,data_10C3070C
0x10C30710,0x00000004,data,data_10C30710
0x10C30714,0x00000004,data,data_10C30714
0x10C30718,0x00000002,data,data_10C30718
0x10C3071A,0x0000000A,data,data_10C3071A
0x10C30724,0x00000005,data,data_10C30724
0x10C30729,0x00000007,data,data_10C30729
0x10C30730,0x00000001,data,data_10C30730
0x10C30731,0x0000003B,data,data_10C30731
0x10C3076C,0x00000004,data,data_10C3076C
0x10C30770,0x00000004,data,data_10C30770
0x10C30774,0x00000004,data,data_10C30774
0x10C30778,0x00000002,data,data_10C30778
0x10C3077A,0x0000000A,data,data_10C3077A
0x10C30784,0x00000005,data,data_10C30784
0x10C30789,0x00000007,data,data_10C30789
0x10C30790,0x00000001,data,data_10C30790
0x10C30791,0x0000003B,data,data_10C30791
0x10C307CC,0x00000004,data,data_10C307CC
0x10C307D0,0x00000004,data,data_10C307D0
0x10C307D4,0x00000004,data,data_10C307D4
0x10C307D8,0x00000002,data,data_10C307D8
0x10C307DA,0x0000000A,data,data_10C307DA
0x10C307E4,0x00000005,data,data_10C307E4
0x10C307E9,0x00000007,data,data_10C307E9
0x10C307F0,0x00000001,data,data_10C307F0
0x10C307F1,0x0000003B,data,data_10C307F1
0x10C3082C,0x00000004,data,data_10C3082C
0x10C30830,0x00000004,data,data_10C30830
0x10C30834,0x00000004,data,data_10C30834
0x10C30838,0x00000002,data,data_10C30838
0x10C3083A,0x0000000A,data,data_10C3083A
0x10C30844,0x00000005,data,data_10C30844
0x10C30849,0x00000007,data,data_10C30849
0x10C30850,0x00000001,data,data_10C30850
0x10C30851,0x0000003B,data,data_10C30851
0x10C3088C,0x00000004,data,data_10C3088C
0x10C30890,0x00000004,data,data_10C30890
0x10C30894,0x00000004,data,data_10C30894
0x10C30898,0x00000002,data,data_10C30898
0x10C3089A,0x0000000A,data,data_10C3089A
0x10C308A4,0x00000005,data,data_10C308A4
0x10C308A9,0x00000007,data,data_10C308A9
0x10C308B0,0x00000001,data,data_10C308B0
0x10C308B1,0x0000003B,data,data_10C308B1
0x10C308EC,0x00000004,data,data_10C308EC
0x10C308F0,0x00000004,data,data_10C308F0
0x10C308F4,0x00000004,data,data_10C308F4
0x10C308F8,0x00000002,data,data_10C308F8
0x10C308FA,0x0000000A,data,data_10C308FA
0x10C30904,0x00000005,data,data_10C30904
0x10C30909,0x00000007,data,data_10C30909
0x10C30910,0x00000001,data,data_10C30910
0x10C30911,0x0000003B,data,data_10C30911
0x10C3094C,0x00000004,data,data_10C3094C
0x10C30950,0x00000004,data,data_10C30950
0x10C30954,0x00000004,data,data_10C30954
0x10C30958,0x00000002,data,data_10C30958
0x10C3095A,0x0000000A,data,data_10C3095A
0x10C30964,0x00000005,data,data_10C30964
0x10C30969,0x00000043,data,data_10C30969
0x10C309AC,0x00000004,data,data_10C309AC
0x10C309B0,0x00000004,data,data_10C309B0
0x10C309B4,0x00000005,data,data_10C309B4
0x10C309B9,0x00000001,data,data_10C309B9
0x10C309BA,0x0000000A,data,data_10C309BA
0x10C309C4,0x00000005,data,data_10C309C4
0x10C309C9,0x00000043,data,data_10C309C9
0x10C30A0C,0x00000004,data,data_10C30A0C
0x10C30A10,0x00000004,data,data_10C30A10
0x10C30A14,0x00000004,data,data_10C30A14
0x10C30A18,0x00000002,data,data_10C30A18
0x10C30A1A,0x0000000A,data,data_10C30A1A
0x10C30A24,0x0000000D,data,data_10C30A24
0x10C30A31,0x0000003B,data,data_10C30A31
0x10C30A6C,0x00000004,data,data_10C30A6C
0x10C30A70,0x00000004,data,data_10C30A70
0x10C30A74,0x00000004,data,data_10C30A74
0x10C30A78,0x00000002,data,data_10C30A78
0x10C30A7A,0x0000000A,data,data_10C30A7A
0x10C30A84,0x0000000D,data,data_10C30A84
0x10C30A91,0x0000003B,data,data_10C30A91
0x10C30ACC,0x00000004,data,data_10C30ACC
0x10C30AD0,0x00000004,data,data_10C30AD0
0x10C30AD4,0x00000004,data,data_10C30AD4
0x10C30AD8,0x00000002,data,data_10C30AD8
0x10C30ADA,0x0000000A,data,data_10C30ADA
0x10C30AE4,0x0000000D,data,data_10C30AE4
0x10C30AF1,0x0000003B,data,data_10C30AF1
0x10C30B2C,0x00000004,data,data_10C30B2C
0x10C30B30,0x00000004,data,data_10C30B30
0x10C30B34,0x00000004,data,data_10C30B34
0x10C30B38,0x00000002,data,data_10C30B38
0x10C30B3A,0x0000000A,data,data_10C30B3A
0x10C30B44,0x0000000D,data,data_10C30B44
0x10C30B51,0x0000003B,data,data_10C30B51
0x10C30B8C,0x00000004,data,data_10C30B8C
0x10C30B90,0x00000004,data,data_10C30B90
0x10C30B94,0x00000004,data,data_10C30B94
0x10C30B98,0x00000002,data,data_10C30B98
0x10C30B9A,0x0000000A,data,data_10C30B9A
0x10C30BA4,0x0000000D,data,data_10C30BA4
0x10C30BB1,0x0000003B,data,data_10C30BB1
0x10C30BEC,0x00000004,data,data_10C30BEC
0x10C30BF0,0x00000004,data,data_10C30BF0
0x10C30BF4,0x00000004,data,data_10C30BF4
0x10C30BF8,0x00000002,data,data_10C30BF8
0x10C30BFA,0x0000000A,data,data_10C30BFA
0x10C30C04,0x0000000D,data,data_10C30C04
0x10C30C11,0x0000003B,data,data_10C30C11
0x10C30C4C,0x00000004,data,data_10C30C4C
0x10C30C50,0x00000004,data,data_10C30C50
0x10C30C54,0x00000004,data,data_10C30C54
0x10C30C58,0x00000002,data,data_10C30C58
0x10C30C5A,0x0000000A,data,data_10C30C5A
0x10C30C64,0x0000000D,data,data_10C30C64
0x10C30C71,0x0000003B,data,data_10C30C71
0x10C30CAC,0x00000004,data,data_10C30CAC
0x10C30CB0,0x00000004,data,data_10C30CB0
0x10C30CB4,0x00000004,data,data_10C30CB4
0x10C30CB8,0x00000002,data,data_10C30CB8
0x10C30CBA,0x0000000A,data,data_10C30CBA
0x10C30CC4,0x00000005,data,data_10C30CC4
0x10C30CC9,0x00000043,data,data_10C30CC9
0x10C30D0C,0x00000004,data,data_10C30D0C
0x10C30D10,0x00000004,data,data_10C30D10
0x10C30D14,0x00000004,data,data_10C30D14
0x10C30D18,0x00000002,data,data_10C30D18
0x10C30D1A,0x0000000A,data,data_10C30D1A
0x10C30D24,0x00000005,data,data_10C30D24
0x10C30D29,0x00000043,data,data_10C30D29
0x10C30D6C,0x00000004,data,data_10C30D6C
0x10C30D70,0x00000004,data,data_10C30D70
0x10C30D74,0x00000004,data,data_10C30D74
0x10C30D78,0x00000002,data,data_10C30D78
0x10C30D7A,0x0000000A,data,data_10C30D7A
0x10C30D84,0x00000005,data,data_10C30D84
0x10C30D89,0x00000007,data,data_10C30D89
0x10C30D90,0x00000001,data,data_10C30D90
0x10C30D91,0x0000003B,data,data_10C30D91
0x10C30DCC,0x00000004,data,data_10C30DCC
0x10C30DD0,0x00000004,data,data_10C30DD0
0x10C30DD4,0x00000005,data,data_10C30DD4
0x10C30DD9,0x00000001,data,data_10C30DD9
0x10C30DDA,0x0000000A,data,data_10C30DDA
0x10C30DE4,0x00000005,data,data_10C30DE4
0x10C30DE9,0x00000043,data,data_10C30DE9
0x10C30E2C,0x00000004,data,data_10C30E2C
0x10C30E30,0x00000004,data,data_10C30E30
0x10C30E34,0x00000004,data,data_10C30E34
0x10C30E38,0x00000002,data,data_10C30E38
0x10C30E3A,0x0000000A,data,data_10C30E3A
0x10C30E44,0x00000009,data,data_10C30E44
0x10C30E4D,0x0000003F,data,data_10C30E4D
0x10C30E8C,0x00000004,data,data_10C30E8C
0x10C30E90,0x00000004,data,data_10C30E90
0x10C30E94,0x00000004,data,data_10C30E94
0x10C30E98,0x00000002,data,data_10C30E98
0x10C30E9A,0x0000000A,data,data_10C30E9A
0x10C30EA4,0x00000009,data,data_10C30EA4
0x10C30EAD,0x0000003F,data,data_10C30EAD
0x10C30EEC,0x00000004,data,data_10C30EEC
0x10C30EF0,0x00000004,data,data_10C30EF0
0x10C30EF4,0x00000004,data,data_10C30EF4
0x10C30EF8,0x00000002,data,data_10C30EF8
0x10C30EFA,0x0000000A,data,data_10C30EFA
0x10C30F04,0x00000005,data,data_10C30F04
0x10C30F09,0x00000007,data,data_10C30F09
0x10C30F10,0x00000001,data,data_10C30F10
0x10C30F11,0x0000003B,data,data_10C30F11
0x10C30F4C,0x00000004,data,data_10C30F4C
0x10C30F50,0x00000004,data,data_10C30F50
0x10C30F54,0x00000004,data,data_10C30F54
0x10C30F58,0x00000002,data,data_10C30F58
0x10C30F5A,0x0000000A,data,data_10C30F5A
0x10C30F64,0x00000005,data,data_10C30F64
0x10C30F69,0x00000007,data,data_10C30F69
0x10C30F70,0x00000001,data,data_10C30F70
0x10C30F71,0x0000003B,data,data_10C30F71
0x10C30FAC,0x00000004,data,data_10C30FAC
0x10C30FB0,0x00000004,data,data_10C30FB0
0x10C30FB4,0x00000004,data,data_10C30FB4
0x10C30FB8,0x00000002,data,data_10C30FB8
0x10C30FBA,0x0000000A,data,data_10C30FBA
0x10C30FC4,0x00000005,data,data_10C30FC4
0x10C30FC9,0x00000007,data,data_10C30FC9
0x10C30FD0,0x00000001,data,data_10C30FD0
0x10C30FD1,0x0000003B,data,data_10C30FD1
0x10C3100C,0x00000004,data,data_10C3100C
0x10C31010,0x00000004,data,data_10C31010
0x10C31014,0x00000004,data,data_10C31014
0x10C31018,0x00000002,data,data_10C31018
0x10C3101A,0x0000000A,data,data_10C3101A
0x10C31024,0x00000005,data,data_10C31024
0x10C31029,0x00000007,data,data_10C31029
0x10C31030,0x00000001,data,data_10C31030
0x10C31031,0x0000003B,data,data_10C31031
0x10C3106C,0x00000004,data,data_10C3106C
0x10C31070,0x00000004,data,data_10C31070
0x10C31074,0x00000004,data,data_10C31074
0x10C31078,0x00000002,data,data_10C31078
0x10C3107A,0x0000000A,data,data_10C3107A
0x10C31084,0x00000005,data,data_10C31084
0x10C31089,0x00000043,data,data_10C31089
0x10C310CC,0x00000004,data,data_10C310CC
0x10C310D0,0x00000004,data,data_10C310D0
0x10C310D4,0x00000004,data,data_10C310D4
0x10C310D8,0x00000002,data,data_10C310D8
0x10C310DA,0x0000000A,data,data_10C310DA
0x10C310E4,0x00000005,data,data_10C310E4
0x10C310E9,0x00000043,data,data_10C310E9
0x10C3112C,0x00000004,data,data_10C3112C
0x10C31130,0x00000004,data,data_10C31130
0x10C31134,0x00000004,data,data_10C31134
0x10C31138,0x00000002,data,data_10C31138
0x10C3113A,0x0000000A,data,data_10C3113A
0x10C31144,0x00000005,data,data_10C31144
0x10C31149,0x00000007,data,data_10C31149
0x10C31150,0x00000001,data,data_10C31150
0x10C31151,0x0000003B,data,data_10C31151
0x10C3118C,0x00000004,data,data_10C3118C
0x10C31190,0x00000004,data,data_10C31190
0x10C31194,0x00000004,data,data_10C31194
0x10C31198,0x00000002,data,data_10C31198
0x10C3119A,0x0000000A,data,data_10C3119A
0x10C311A4,0x00000005,data,data_10C311A4
0x10C311A9,0x00000007,data,data_10C311A9
0x10C311B0,0x00000001,data,data_10C311B0
0x10C311B1,0x0000003B,data,data_10C311B1
0x10C311EC,0x00000004,data,data_10C311EC
0x10C311F0,0x00000004,data,data_10C311F0
0x10C311F4,0x00000004,data,data_10C311F4
0x10C311F8,0x00000002,data,data_10C311F8
0x10C311FA,0x0000000A,data,data_10C311FA
0x10C31204,0x00000005,data,data_10C31204
0x10C31209,0x00000007,data,data_10C31209
0x10C31210,0x00000001,data,data_10C31210
0x10C31211,0x0000003B,data,data_10C31211
0x10C3124C,0x00000004,data,data_10C3124C
0x10C31250,0x00000004,data,data_10C31250
0x10C31254,0x00000004,data,data_10C31254
0x10C31258,0x00000002,data,data_10C31258
0x10C3125A,0x0000000A,data,data_10C3125A
0x10C31264,0x00000005,data,data_10C31264
0x10C31269,0x00000007,data,data_10C31269
0x10C31270,0x00000001,data,data_10C31270
0x10C31271,0x0000003B,data,data_10C31271
0x10C312AC,0x00000004,data,data_10C312AC
0x10C312B0,0x00000004,data,data_10C312B0
0x10C312B4,0x00000004,data,data_10C312B4
0x10C312B8,0x00000002,data,data_10C312B8
0x10C312BA,0x0000000A,data,data_10C312BA
0x10C312C4,0x00000005,data,data_10C312C4
0x10C312C9,0x00000007,data,data_10C312C9
0x10C312D0,0x00000001,data,data_10C312D0
0x10C312D1,0x0000003B,data,data_10C312D1
0x10C3130C,0x00000004,data,data_10C3130C
0x10C31310,0x00000004,data,data_10C31310
0x10C31314,0x00000004,data,data_10C31314
0x10C31318,0x00000002,data,data_10C31318
0x10C3131A,0x0000000A,data,data_10C3131A
0x10C31324,0x00000005,data,data_10C31324
0x10C31329,0x00000007,data,data_10C31329
0x10C31330,0x00000001,data,data_10C31330
0x10C31331,0x0000003B,data,data_10C31331
0x10C3136C,0x00000004,data,data_10C3136C
0x10C31370,0x00000004,data,data_10C31370
0x10C31374,0x00000004,data,data_10C31374
0x10C31378,0x00000002,data,data_10C31378
0x10C3137A,0x0000000A,data,data_10C3137A
0x10C31384,0x00000005,data,data_10C31384
0x10C31389,0x00000007,data,data_10C31389
0x10C31390,0x00000001,data,data_10C31390
0x10C31391,0x0000003B,data,data_10C31391
0x10C313CC,0x00000004,data,data_10C313CC
0x10C313D0,0x00000004,data,data_10C313D0
0x10C313D4,0x00000004,data,data_10C313D4
0x10C313D8,0x00000002,data,data_10C313D8
0x10C313DA,0x0000000A,data,data_10C313DA
0x10C313E4,0x00000005,data,data_10C313E4
0x10C313E9,0x00000007,data,data_10C313E9
0x10C313F0,0x00000001,data,data_10C313F0
0x10C313F1,0x0000003B,data,data_10C313F1
0x10C3142C,0x00000004,data,data_10C3142C
0x10C31430,0x00000004,data,data_10C31430
0x10C31434,0x00000004,data,data_10C31434
0x10C31438,0x00000002,data,data_10C31438
0x10C3143A,0x0000000A,data,data_10C3143A
0x10C31444,0x00000005,data,data_10C31444
0x10C31449,0x00000007,data,data_10C31449
0x10C31450,0x00000001,data,data_10C31450
0x10C31451,0x0000003B,data,data_10C31451
0x10C3148C,0x00000004,data,data_10C3148C
0x10C31490,0x00000004,data,data_10C31490
0x10C31494,0x00000004,data,data_10C31494
0x10C31498,0x00000002,data,data_10C31498
0x10C3149A,0x0000000A,data,data_10C3149A
0x10C314A4,0x00000005,data,data_10C314A4
0x10C314A9,0x00000007,data,data_10C314A9
0x10C314B0,0x00000001,data,data_10C314B0
0x10C314B1,0x0000003B,data,data_10C314B1
0x10C314EC,0x00000004,data,data_10C314EC
0x10C314F0,0x00000004,data,data_10C314F0
0x10C314F4,0x00000004,data,data_10C314F4
0x10C314F8,0x00000002,data,data_10C314F8
0x10C314FA,0x0000000A,data,data_10C314FA
0x10C31504,0x00000005,data,data_10C31504
0x10C31509,0x00000007,data,data_10C31509
0x10C31510,0x00000001,data,data_10C31510
0x10C31511,0x0000003B,data,data_10C31511
0x10C3154C,0x00000004,data,data_10C3154C
0x10C31550,0x00000004,data,data_10C31550
0x10C31554,0x00000004,data,data_10C31554
0x10C31558,0x00000002,data,data_10C31558
0x10C3155A,0x0000000A,data,data_10C3155A
0x10C31564,0x00000005,data,data_10C31564
0x10C31569,0x00000007,data,data_10C31569
0x10C31570,0x00000001,data,data_10C31570
0x10C31571,0x0000003B,data,data_10C31571
0x10C315AC,0x00000004,data,data_10C315AC
0x10C315B0,0x00000004,data,data_10C315B0
0x10C315B4,0x00000004,data,data_10C315B4
0x10C315B8,0x00000002,data,data_10C315B8
0x10C315BA,0x0000000A,data,data_10C315BA
0x10C315C4,0x00000005,data,data_10C315C4
0x10C315C9,0x00000007,data,data_10C315C9
0x10C315D0,0x00000001,data,data_10C315D0
0x10C315D1,0x0000003B,data,data_10C315D1
0x10C3160C,0x00000004,data,data_10C3160C
0x10C31610,0x00000004,data,data_10C31610
0x10C31614,0x00000004,data,data_10C31614
0x10C31618,0x00000002,data,data_10C31618
0x10C3161A,0x0000000A,data,data_10C3161A
0x10C31624,0x00000005,data,data_10C31624
0x10C31629,0x00000007,data,data_10C31629
0x10C31630,0x00000001,data,data_10C31630
0x10C31631,0x0000003B,data,data_10C31631
0x10C3166C,0x00000004,data,data_10C3166C
0x10C31670,0x00000004,data,data_10C31670
0x10C31674,0x00000004,data,data_10C31674
0x10C31678,0x00000002,data,data_10C31678
0x10C3167A,0x0000000A,data,data_10C3167A
0x10C31684,0x00000005,data,data_10C31684
0x10C31689,0x00000007,data,data_10C31689
0x10C31690,0x00000001,data,data_10C31690
0x10C31691,0x0000003B,data,data_10C31691
0x10C316CC,0x00000004,data,data_10C316CC
0x10C316D0,0x00000004,data,data_10C316D0
0x10C316D4,0x00000004,data,data_10C316D4
0x10C316D8,0x00000002,data,data_10C316D8
0x10C316DA,0x0000000A,data,data_10C316DA
0x10C316E4,0x00000005,data,data_10C316E4
0x10C316E9,0x00000007,data,data_10C316E9
0x10C316F0,0x00000001,data,data_10C316F0
0x10C316F1,0x0000003B,data,data_10C316F1
0x10C3172C,0x00000004,data,data_10C3172C
0x10C31730,0x00000004,data,data_10C31730
0x10C31734,0x00000004,data,data_10C31734
0x10C31738,0x00000002,data,data_10C31738
0x10C3173A,0x0000000A,data,data_10C3173A
0x10C31744,0x00000005,data,data_10C31744
0x10C31749,0x00000007,data,data_10C31749
0x10C31750,0x00000001,data,data_10C31750
0x10C31751,0x0000003B,data,data_10C31751
0x10C3178C,0x00000004,data,data_10C3178C
0x10C31790,0x00000004,data,data_10C31790
0x10C31794,0x00000004,data,data_10C31794
0x10C31798,0x00000002,data,data_10C31798
0x10C3179A,0x0000000A,data,data_10C3179A
0x10C317A4,0x00000005,data,data_10C317A4
0x10C317A9,0x00000007,data,data_10C317A9
0x10C317B0,0x00000001,data,data_10C317B0
0x10C317B1,0x0000003B,data,data_10C317B1
0x10C317EC,0x00000004,data,data_10C317EC
0x10C317F0,0x00000004,data,data_10C317F0
0x10C317F4,0x00000004,data,data_10C317F4
0x10C317F8,0x00000002,data,data_10C317F8
0x10C317FA,0x0000000A,data,data_10C317FA
0x10C31804,0x00000005,data,data_10C31804
0x10C31809,0x00000007,data,data_10C31809
0x10C31810,0x00000001,data,data_10C31810
0x10C31811,0x0000003B,data,data_10C31811
0x10C3184C,0x00000004,data,data_10C3184C
0x10C31850,0x00000004,data,data_10C31850
0x10C31854,0x00000004,data,data_10C31854
0x10C31858,0x00000002,data,data_10C31858
0x10C3185A,0x0000000A,data,data_10C3185A
0x10C31864,0x00000005,data,data_10C31864
0x10C31869,0x00000007,data,data_10C31869
0x10C31870,0x00000001,data,data_10C31870
0x10C31871,0x0000003B,data,data_10C31871
0x10C318AC,0x00000004,data,data_10C318AC
0x10C318B0,0x00000004,data,data_10C318B0
0x10C318B4,0x00000004,data,data_10C318B4
0x10C318B8,0x00000002,data,data_10C318B8
0x10C318BA,0x0000000A,data,data_10C318BA
0x10C318C4,0x00000005,data,data_10C318C4
0x10C318C9,0x00000007,data,data_10C318C9
0x10C318D0,0x00000001,data,data_10C318D0
0x10C318D1,0x0000003B,data,data_10C318D1
0x10C3190C,0x00000004,data,data_10C3190C
0x10C31910,0x00000004,data,data_10C31910
0x10C31914,0x00000004,data,data_10C31914
0x10C31918,0x00000002,data,data_10C31918
0x10C3191A,0x0000000A,data,data_10C3191A
0x10C31924,0x00000005,data,data_10C31924
0x10C31929,0x00000007,data,data_10C31929
0x10C31930,0x00000001,data,data_10C31930
0x10C31931,0x0000003B,data,data_10C31931
0x10C3196C,0x00000004,data,data_10C3196C
0x10C31970,0x00000004,data,data_10C31970
0x10C31974,0x00000004,data,data_10C31974
0x10C31978,0x00000002,data,data_10C31978
0x10C3197A,0x0000000A,data,data_10C3197A
0x10C31984,0x00000005,data,data_10C31984
0x10C31989,0x00000007,data,data_10C31989
0x10C31990,0x00000001,data,data_10C31990
0x10C31991,0x0000003B,data,data_10C31991
0x10C319CC,0x00000004,data,data_10C319CC
0x10C319D0,0x00000004,data,data_10C319D0
0x10C319D4,0x00000004,data,data_10C319D4
0x10C319D8,0x00000002,data,data_10C319D8
0x10C319DA,0x0000000A,data,data_10C319DA
0x10C319E4,0x00000005,data,data_10C319E4
0x10C319E9,0x00000007,data,data_10C319E9
0x10C319F0,0x00000001,data,data_10C319F0
0x10C319F1,0x0000003B,data,data_10C319F1
0x10C31A2C,0x00000004,data,data_10C31A2C
0x10C31A30,0x00000004,data,data_10C31A30
0x10C31A34,0x00000004,data,data_10C31A34
0x10C31A38,0x00000002,data,data_10C31A38
0x10C31A3A,0x0000000A,data,data_10C31A3A
0x10C31A44,0x00000005,data,data_10C31A44
0x10C31A49,0x00000007,data,data_10C31A49
0x10C31A50,0x00000001,data,data_10C31A50
0x10C31A51,0x0000003B,data,data_10C31A51
0x10C31A8C,0x00000004,data,data_10C31A8C
0x10C31A90,0x00000004,data,data_10C31A90
0x10C31A94,0x00000004,data,data_10C31A94
0x10C31A98,0x00000002,data,data_10C31A98
0x10C31A9A,0x0000000A,data,data_10C31A9A
0x10C31AA4,0x00000005,data,data_10C31AA4
0x10C31AA9,0x00000007,data,data_10C31AA9
0x10C31AB0,0x00000001,data,data_10C31AB0
0x10C31AB1,0x0000003B,data,data_10C31AB1
0x10C31AEC,0x00000004,data,data_10C31AEC
0x10C31AF0,0x00000004,data,data_10C31AF0
0x10C31AF4,0x00000004,data,data_10C31AF4
0x10C31AF8,0x00000002,data,data_10C31AF8
0x10C31AFA,0x0000000A,data,data_10C31AFA
0x10C31B04,0x00000005,data,data_10C31B04
0x10C31B09,0x00000007,data,data_10C31B09
0x10C31B10,0x00000001,data,data_10C31B10
0x10C31B11,0x0000003B,data,data_10C31B11
0x10C31B4C,0x00000004,data,data_10C31B4C
0x10C31B50,0x00000004,data,data_10C31B50
0x10C31B54,0x00000004,data,data_10C31B54
0x10C31B58,0x00000002,data,data_10C31B58
0x10C31B5A,0x0000000A,data,data_10C31B5A
0x10C31B64,0x00000005,data,data_10C31B64
0x10C31B69,0x00000007,data,data_10C31B69
0x10C31B70,0x00000001,data,data_10C31B70
0x10C31B71,0x0000003B,data,data_10C31B71
0x10C31BAC,0x00000004,data,data_10C31BAC
0x10C31BB0,0x00000004,data,data_10C31BB0
0x10C31BB4,0x00000004,data,data_10C31BB4
0x10C31BB8,0x00000002,data,data_10C31BB8
0x10C31BBA,0x0000000A,data,data_10C31BBA
0x10C31BC4,0x00000005,data,data_10C31BC4
0x10C31BC9,0x00000007,data,data_10C31BC9
0x10C31BD0,0x00000001,data,data_10C31BD0
0x10C31BD1,0x0000003B,data,data_10C31BD1
0x10C31C0C,0x00000004,data,data_10C31C0C
0x10C31C10,0x00000004,data,data_10C31C10
0x10C31C14,0x00000004,data,data_10C31C14
0x10C31C18,0x00000002,data,data_10C31C18
0x10C31C1A,0x0000000A,data,data_10C31C1A
0x10C31C24,0x00000005,data,data_10C31C24
0x10C31C29,0x00000007,data,data_10C31C29
0x10C31C30,0x00000001,data,data_10C31C30
0x10C31C31,0x0000003B,data,data_10C31C31
0x10C31C6C,0x00000004,data,data_10C31C6C
0x10C31C70,0x00000004,data,data_10C31C70
0x10C31C74,0x00000004,data,data_10C31C74
0x10C31C78,0x00000002,data,data_10C31C78
0x10C31C7A,0x0000000A,data,data_10C31C7A
0x10C31C84,0x00000005,data,data_10C31C84
0x10C31C89,0x00000007,data,data_10C31C89
0x10C31C90,0x00000001,data,data_10C31C90
0x10C31C91,0x0000003B,data,data_10C31C91
0x10C31CCC,0x00000004,data,data_10C31CCC
0x10C31CD0,0x00000004,data,data_10C31CD0
0x10C31CD4,0x00000004,data,data_10C31CD4
0x10C31CD8,0x00000002,data,data_10C31CD8
0x10C31CDA,0x0000000A,data,data_10C31CDA
0x10C31CE4,0x00000005,data,data_10C31CE4
0x10C31CE9,0x00000007,data,data_10C31CE9
0x10C31CF0,0x00000001,data,data_10C31CF0
0x10C31CF1,0x0000003B,data,data_10C31CF1
0x10C31D2C,0x00000004,data,data_10C31D2C
0x10C31D30,0x00000004,data,data_10C31D30
0x10C31D34,0x00000004,data,data_10C31D34
0x10C31D38,0x00000002,data,data_10C31D38
0x10C31D3A,0x0000000A,data,data_10C31D3A
0x10C31D44,0x00000005,data,data_10C31D44
0x10C31D49,0x00000007,data,data_10C31D49
0x10C31D50,0x00000001,data,data_10C31D50
0x10C31D51,0x0000003B,data,data_10C31D51
0x10C31D8C,0x00000004,data,data_10C31D8C
0x10C31D90,0x00000004,data,data_10C31D90
0x10C31D94,0x00000004,data,data_10C31D94
0x10C31D98,0x00000002,data,data_10C31D98
0x10C31D9A,0x0000000A,data,data_10C31D9A
0x10C31DA4,0x00000005,data,data_10C31DA4
0x10C31DA9,0x00000007,data,data_10C31DA9
0x10C31DB0,0x00000001,data,data_10C31DB0
0x10C31DB1,0x0000003B,data,data_10C31DB1
0x10C31DEC,0x00000004,data,data_10C31DEC
0x10C31DF0,0x00000004,data,data_10C31DF0
0x10C31DF4,0x00000004,data,data_10C31DF4
0x10C31DF8,0x00000002,data,data_10C31DF8
0x10C31DFA,0x0000000A,data,data_10C31DFA
0x10C31E04,0x00000005,data,data_10C31E04
0x10C31E09,0x00000007,data,data_10C31E09
0x10C31E10,0x00000001,data,data_10C31E10
0x10C31E11,0x0000003B,data,data_10C31E11
0x10C31E4C,0x00000004,data,data_10C31E4C
0x10C31E50,0x00000004,data,data_10C31E50
0x10C31E54,0x00000004,data,data_10C31E54
0x10C31E58,0x00000002,data,data_10C31E58
0x10C31E5A,0x0000000A,data,data_10C31E5A
0x10C31E64,0x00000005,data,data_10C31E64
0x10C31E69,0x00000007,data,data_10C31E69
0x10C31E70,0x00000001,data,data_10C31E70
0x10C31E71,0x0000003B,data,data_10C31E71
0x10C31EAC,0x00000004,data,data_10C31EAC
0x10C31EB0,0x00000004,data,data_10C31EB0
0x10C31EB4,0x00000004,data,data_10C31EB4
0x10C31EB8,0x00000002,data,data_10C31EB8
0x10C31EBA,0x0000000A,data,data_10C31EBA
0x10C31EC4,0x00000005,data,data_10C31EC4
0x10C31EC9,0x00000007,data,data_10C31EC9
0x10C31ED0,0x00000001,data,data_10C31ED0
0x10C31ED1,0x0000003B,data,data_10C31ED1
0x10C31F0C,0x00000004,data,data_10C31F0C
0x10C31F10,0x00000004,data,data_10C31F10
0x10C31F14,0x00000004,data,data_10C31F14
0x10C31F18,0x00000002,data,data_10C31F18
0x10C31F1A,0x0000000A,data,data_10C31F1A
0x10C31F24,0x00000005,data,data_10C31F24
0x10C31F29,0x00000007,data,data_10C31F29
0x10C31F30,0x00000001,data,data_10C31F30
0x10C31F31,0x0000003B,data,data_10C31F31
0x10C31F6C,0x00000004,data,data_10C31F6C
0x10C31F70,0x00000004,data,data_10C31F70
0x10C31F74,0x00000004,data,data_10C31F74
0x10C31F78,0x00000002,data,data_10C31F78
0x10C31F7A,0x0000000A,data,data_10C31F7A
0x10C31F84,0x00000005,data,data_10C31F84
0x10C31F89,0x00000007,data,data_10C31F89
0x10C31F90,0x00000001,data,data_10C31F90
0x10C31F91,0x0000003B,data,data_10C31F91
0x10C31FCC,0x00000004,data,data_10C31FCC
0x10C31FD0,0x00000004,data,data_10C31FD0
0x10C31FD4,0x00000004,data,data_10C31FD4
0x10C31FD8,0x00000002,data,data_10C31FD8
0x10C31FDA,0x0000000A,data,data_10C31FDA
0x10C31FE4,0x00000005,data,data_10C31FE4
0x10C31FE9,0x00000007,data,data_10C31FE9
0x10C31FF0,0x00000001,data,data_10C31FF0
0x10C31FF1,0x0000003B,data,data_10C31FF1
0x10C3202C,0x00000004,data,data_10C3202C
0x10C32030,0x00000004,data,data_10C32030
0x10C32034,0x00000004,data,data_10C32034
0x10C32038,0x00000002,data,data_10C32038
0x10C3203A,0x0000000A,data,data_10C3203A
0x10C32044,0x00000005,data,data_10C32044
0x10C32049,0x00000007,data,data_10C32049
0x10C32050,0x00000001,data,data_10C32050
0x10C32051,0x0000003B,data,data_10C32051
0x10C3208C,0x00000004,data,data_10C3208C
0x10C32090,0x00000004,data,data_10C32090
0x10C32094,0x00000004,data,data_10C32094
0x10C32098,0x00000002,data,data_10C32098
0x10C3209A,0x0000000A,data,data_10C3209A
0x10C320A4,0x00000005,data,data_10C320A4
0x10C320A9,0x00000007,data,data_10C320A9
0x10C320B0,0x00000001,data,data_10C320B0
0x10C320B1,0x0000003B,data,data_10C320B1
0x10C320EC,0x00000004,data,data_10C320EC
0x10C320F0,0x00000004,data,data_10C320F0
0x10C320F4,0x00000004,data,data_10C320F4
0x10C320F8,0x00000002,data,data_10C320F8
0x10C320FA,0x0000000A,data,data_10C320FA
0x10C32104,0x00000005,data,data_10C32104
0x10C32109,0x00000007,data,data_10C32109
0x10C32110,0x00000001,data,data_10C32110
0x10C32111,0x0000003B,data,data_10C32111
0x10C3214C,0x00000004,data,data_10C3214C
0x10C32150,0x00000004,data,data_10C32150
0x10C32154,0x00000004,data,data_10C32154
0x10C32158,0x00000002,data,data_10C32158
0x10C3215A,0x0000000A,data,data_10C3215A
0x10C32164,0x00000005,data,data_10C32164
0x10C32169,0x00000007,data,data_10C32169
0x10C32170,0x00000001,data,data_10C32170
0x10C32171,0x0000003B,data,data_10C32171
0x10C321AC,0x00000004,data,data_10C321AC
0x10C321B0,0x00000004,data,data_10C321B0
0x10C321B4,0x00000004,data,data_10C321B4
0x10C321B8,0x00000002,data,data_10C321B8
0x10C321BA,0x0000000A,data,data_10C321BA
0x10C321C4,0x00000005,data,data_10C321C4
0x10C321C9,0x00000007,data,data_10C321C9
0x10C321D0,0x00000001,data,data_10C321D0
0x10C321D1,0x0000003B,data,data_10C321D1
0x10C3220C,0x00000004,data,data_10C3220C
0x10C32210,0x00000004,data,data_10C32210
0x10C32214,0x00000004,data,data_10C32214
0x10C32218,0x00000002,data,data_10C32218
0x10C3221A,0x0000000A,data,data_10C3221A
0x10C32224,0x00000005,data,data_10C32224
0x10C32229,0x00000008,data,data_10C32229
0x10C32231,0x00000001,data,data_10C32231
0x10C32232,0x0000003A,data,data_10C32232
0x10C3226C,0x00000004,data,data_10C3226C
0x10C32270,0x00000004,data,data_10C32270
0x10C32274,0x00000004,data,data_10C32274
0x10C32278,0x00000002,data,data_10C32278
0x10C3227A,0x0000000A,data,data_10C3227A
0x10C32284,0x00000005,data,data_10C32284
0x10C32289,0x00000007,data,data_10C32289
0x10C32290,0x00000002,data,data_10C32290
0x10C32292,0x0000003A,data,data_10C32292
0x10C322CC,0x00000004,data,data_10C322CC
0x10C322D0,0x00000004,data,data_10C322D0
0x10C322D4,0x00000004,data,data_10C322D4
0x10C322D8,0x00000002,data,data_10C322D8
0x10C322DA,0x0000000A,data,data_10C322DA
0x10C322E4,0x00000005,data,data_10C322E4
0x10C322E9,0x00000007,data,data_10C322E9
0x10C322F0,0x00000002,data,data_10C322F0
0x10C322F2,0x0000003A,data,data_10C322F2
0x10C3232C,0x00000004,data,data_10C3232C
0x10C32330,0x00000004,data,data_10C32330
0x10C32334,0x00000004,data,data_10C32334
0x10C32338,0x00000002,data,data_10C32338
0x10C3233A,0x0000000A,data,data_10C3233A
0x10C32344,0x00000005,data,data_10C32344
0x10C32349,0x00000007,data,data_10C32349
0x10C32350,0x00000002,data,data_10C32350
0x10C32352,0x0000003A,data,data_10C32352
0x10C3238C,0x00000004,data,data_10C3238C
0x10C32390,0x00000004,data,data_10C32390
0x10C32394,0x00000004,data,data_10C32394
0x10C32398,0x00000002,data,data_10C32398
0x10C3239A,0x0000000A,data,data_10C3239A
0x10C323A4,0x00000005,data,data_10C323A4
0x10C323A9,0x00000007,data,data_10C323A9
0x10C323B0,0x00000002,data,data_10C323B0
0x10C323B2,0x0000003A,data,data_10C323B2
0x10C323EC,0x00000004,data,data_10C323EC
0x10C323F0,0x00000004,data,data_10C323F0
0x10C323F4,0x00000004,data,data_10C323F4
0x10C323F8,0x00000002,data,data_10C323F8
0x10C323FA,0x0000000A,data,data_10C323FA
0x10C32404,0x00000005,data,data_10C32404
0x10C32409,0x00000007,data,data_10C32409
0x10C32410,0x00000002,data,data_10C32410
0x10C32412,0x0000003A,data,data_10C32412
0x10C3244C,0x00000004,data,data_10C3244C
0x10C32450,0x00000004,data,data_10C32450
0x10C32454,0x00000004,data,data_10C32454
0x10C32458,0x00000002,data,data_10C32458
0x10C3245A,0x0000000A,data,data_10C3245A
0x10C32464,0x00000005,data,data_10C32464
0x10C32469,0x00000007,data,data_10C32469
0x10C32470,0x00000002,data,data_10C32470
0x10C32472,0x0000003A,data,data_10C32472
0x10C324AC,0x00000004,data,data_10C324AC
0x10C324B0,0x00000004,data,data_10C324B0
0x10C324B4,0x00000004,data,data_10C324B4
0x10C324B8,0x00000002,data,data_10C324B8
0x10C324BA,0x0000000A,data,data_10C324BA
0x10C324C4,0x00000005,data,data_10C324C4
0x10C324C9,0x00000007,data,data_10C324C9
0x10C324D0,0x00000002,data,data_10C324D0
0x10C324D2,0x0000003A,data,data_10C324D2
0x10C3250C,0x00000004,data,data_10C3250C
0x10C32510,0x00000004,data,data_10C32510
0x10C32514,0x00000004,data,data_10C32514
0x10C32518,0x00000002,data,data_10C32518
0x10C3251A,0x0000000A,data,data_10C3251A
0x10C32524,0x00000005,data,data_10C32524
0x10C32529,0x00000007,data,data_10C32529
0x10C32530,0x00000002,data,data_10C32530
0x10C32532,0x0000003A,data,data_10C32532
0x10C3256C,0x00000004,data,data_10C3256C
0x10C32570,0x00000004,data,data_10C32570
0x10C32574,0x00000004,data,data_10C32574
0x10C32578,0x00000002,data,data_10C32578
0x10C3257A,0x0000000A,data,data_10C3257A
0x10C32584,0x00000005,data,data_10C32584
0x10C32589,0x00000007,data,data_10C32589
0x10C32590,0x00000002,data,data_10C32590
0x10C32592,0x0000003A,data,data_10C32592
0x10C325CC,0x00000004,data,data_10C325CC
0x10C325D0,0x00000004,data,data_10C325D0
0x10C325D4,0x00000004,data,data_10C325D4
0x10C325D8,0x00000002,data,data_10C325D8
0x10C325DA,0x0000000A,data,data_10C325DA
0x10C325E4,0x00000005,data,data_10C325E4
0x10C325E9,0x00000007,data,data_10C325E9
0x10C325F0,0x00000002,data,data_10C325F0
0x10C325F2,0x0000003A,data,data_10C325F2
0x10C3262C,0x00000004,data,data_10C3262C
0x10C32630,0x00000004,data,data_10C32630
0x10C32634,0x00000004,data,data_10C32634
0x10C32638,0x00000002,data,data_10C32638
0x10C3263A,0x0000000A,data,data_10C3263A
0x10C32644,0x00000005,data,data_10C32644
0x10C32649,0x00000007,data,data_10C32649
0x10C32650,0x00000002,data,data_10C32650
0x10C32652,0x0000003A,data,data_10C32652
0x10C3268C,0x00000004,data,data_10C3268C
0x10C32690,0x00000004,data,data_10C32690
0x10C32694,0x00000004,data,data_10C32694
0x10C32698,0x00000002,data,data_10C32698
0x10C3269A,0x0000000A,data,data_10C3269A
0x10C326A4,0x00000005,data,data_10C326A4
0x10C326A9,0x00000007,data,data_10C326A9
0x10C326B0,0x00000002,data,data_10C326B0
0x10C326B2,0x0000003A,data,data_10C326B2
0x10C326EC,0x00000004,data,data_10C326EC
0x10C326F0,0x00000004,data,data_10C326F0
0x10C326F4,0x00000004,data,data_10C326F4
0x10C326F8,0x00000002,data,data_10C326F8
0x10C326FA,0x0000000A,data,data_10C326FA
0x10C32704,0x00000005,data,data_10C32704
0x10C32709,0x00000007,data,data_10C32709
0x10C32710,0x00000002,data,data_10C32710
0x10C32712,0x0000003A,data,data_10C32712
0x10C3274C,0x00000004,data,data_10C3274C
0x10C32750,0x00000004,data,data_10C32750
0x10C32754,0x00000004,data,data_10C32754
0x10C32758,0x00000002,data,data_10C32758
0x10C3275A,0x0000000A,data,data_10C3275A
0x10C32764,0x00000005,data,data_10C32764
0x10C32769,0x00000007,data,data_10C32769
0x10C32770,0x00000002,data,data_10C32770
0x10C32772,0x0000003A,data,data_10C32772
0x10C327AC,0x00000004,data,data_10C327AC
0x10C327B0,0x00000004,data,data_10C327B0
0x10C327B4,0x00000004,data,data_10C327B4
0x10C327B8,0x00000002,data,data_10C327B8
0x10C327BA,0x0000000A,data,data_10C327BA
0x10C327C4,0x00000005,data,data_10C327C4
0x10C327C9,0x00000007,data,data_10C327C9
0x10C327D0,0x00000002,data,data_10C327D0
0x10C327D2,0x0000003A,data,data_10C327D2
0x10C3280C,0x00000004,data,data_10C3280C
0x10C32810,0x00000004,data,data_10C32810
0x10C32814,0x00000004,data,data_10C32814
0x10C32818,0x00000002,data,data_10C32818
0x10C3281A,0x0000000A,data,data_10C3281A
0x10C32824,0x00000005,data,data_10C32824
0x10C32829,0x00000007,data,data_10C32829
0x10C32830,0x00000002,data,data_10C32830
0x10C32832,0x0000003A,data,data_10C32832
0x10C3286C,0x00000004,data,data_10C3286C
0x10C32870,0x00000004,data,data_10C32870
0x10C32874,0x00000004,data,data_10C32874
0x10C32878,0x00000002,data,data_10C32878
0x10C3287A,0x0000000A,data,data_10C3287A
0x10C32884,0x00000005,data,data_10C32884
0x10C32889,0x00000007,data,data_10C32889
0x10C32890,0x00000002,data,data_10C32890
0x10C32892,0x0000003A,data,data_10C32892
0x10C328CC,0x00000004,data,data_10C328CC
0x10C328D0,0x00000004,data,data_10C328D0
0x10C328D4,0x00000004,data,data_10C328D4
0x10C328D8,0x00000002,data,data_10C328D8
0x10C328DA,0x0000000A,data,data_10C328DA
0x10C328E4,0x00000005,data,data_10C328E4
0x10C328E9,0x00000007,data,data_10C328E9
0x10C328F0,0x00000002,data,data_10C328F0
0x10C328F2,0x0000003A,data,data_10C328F2
0x10C3292C,0x00000004,data,data_10C3292C
0x10C32930,0x00000004,data,data_10C32930
0x10C32934,0x00000004,data,data_10C32934
0x10C32938,0x00000002,data,data_10C32938
0x10C3293A,0x0000000A,data,data_10C3293A
0x10C32944,0x00000005,data,data_10C32944
0x10C32949,0x00000007,data,data_10C32949
0x10C32950,0x00000002,data,data_10C32950
0x10C32952,0x0000003A,data,data_10C32952
0x10C3298C,0x00000004,data,data_10C3298C
0x10C32990,0x00000004,data,data_10C32990
0x10C32994,0x00000004,data,data_10C32994
0x10C32998,0x00000002,data,data_10C32998
0x10C3299A,0x0000000A,data,data_10C3299A
0x10C329A4,0x00000005,data,data_10C329A4
0x10C329A9,0x00000007,data,data_10C329A9
0x10C329B0,0x00000002,data,data_10C329B0
0x10C329B2,0x0000003A,data,data_10C329B2
0x10C329EC,0x00000004,data,data_10C329EC
0x10C329F0,0x00000004,data,data_10C329F0
0x10C329F4,0x00000004,data,data_10C329F4
0x10C329F8,0x00000002,data,data_10C329F8
0x10C329FA,0x0000000A,data,data_10C329FA
0x10C32A04,0x00000005,data,data_10C32A04
0x10C32A09,0x00000007,data,data_10C32A09
0x10C32A10,0x00000002,data,data_10C32A10
0x10C32A12,0x0000003A,data,data_10C32A12
0x10C32A4C,0x00000004,data,data_10C32A4C
0x10C32A50,0x00000004,data,data_10C32A50
0x10C32A54,0x00000004,data,data_10C32A54
0x10C32A58,0x00000002,data,data_10C32A58
0x10C32A5A,0x0000000A,data,data_10C32A5A
0x10C32A64,0x00000005,data,data_10C32A64
0x10C32A69,0x00000007,data,data_10C32A69
0x10C32A70,0x00000002,data,data_10C32A70
0x10C32A72,0x0000003A,data,data_10C32A72
0x10C32AAC,0x00000004,data,data_10C32AAC
0x10C32AB0,0x00000004,data,data_10C32AB0
0x10C32AB4,0x00000004,data,data_10C32AB4
0x10C32AB8,0x00000002,data,data_10C32AB8
0x10C32ABA,0x0000000A,data,data_10C32ABA
0x10C32AC4,0x00000005,data,data_10C32AC4
0x10C32AC9,0x00000007,data,data_10C32AC9
0x10C32AD0,0x00000002,data,data_10C32AD0
0x10C32AD2,0x0000003A,data,data_10C32AD2
0x10C32B0C,0x00000004,data,data_10C32B0C
0x10C32B10,0x00000004,data,data_10C32B10
0x10C32B14,0x00000004,data,data_10C32B14
0x10C32B18,0x00000002,data,data_10C32B18
0x10C32B1A,0x0000000A,data,data_10C32B1A
0x10C32B24,0x00000005,data,data_10C32B24
0x10C32B29,0x00000007,data,data_10C32B29
0x10C32B30,0x00000002,data,data_10C32B30
0x10C32B32,0x0000003A,data,data_10C32B32
0x10C32B6C,0x00000004,data,data_10C32B6C
0x10C32B70,0x00000004,data,data_10C32B70
0x10C32B74,0x00000004,data,data_10C32B74
0x10C32B78,0x00000002,data,data_10C32B78
0x10C32B7A,0x0000000A,data,data_10C32B7A
0x10C32B84,0x00000005,data,data_10C32B84
0x10C32B89,0x00000007,data,data_10C32B89
0x10C32B90,0x00000002,data,data_10C32B90
0x10C32B92,0x0000003A,data,data_10C32B92
0x10C32BCC,0x00000004,data,data_10C32BCC
0x10C32BD0,0x00000004,data,data_10C32BD0
0x10C32BD4,0x00000004,data,data_10C32BD4
0x10C32BD8,0x00000002,data,data_10C32BD8
0x10C32BDA,0x0000000A,data,data_10C32BDA
0x10C32BE4,0x00000005,data,data_10C32BE4
0x10C32BE9,0x00000007,data,data_10C32BE9
0x10C32BF0,0x00000002,data,data_10C32BF0
0x10C32BF2,0x0000003A,data,data_10C32BF2
0x10C32C2C,0x00000004,data,data_10C32C2C
0x10C32C30,0x00000004,data,data_10C32C30
0x10C32C34,0x00000004,data,data_10C32C34
0x10C32C38,0x00000002,data,data_10C32C38
0x10C32C3A,0x0000000A,data,data_10C32C3A
0x10C32C44,0x00000005,data,data_10C32C44
0x10C32C49,0x00000007,data,data_10C32C49
0x10C32C50,0x00000002,data,data_10C32C50
0x10C32C52,0x0000003A,data,data_10C32C52
0x10C32C8C,0x00000004,data,data_10C32C8C
0x10C32C90,0x00000004,data,data_10C32C90
0x10C32C94,0x00000004,data,data_10C32C94
0x10C32C98,0x00000002,data,data_10C32C98
0x10C32C9A,0x0000000A,data,data_10C32C9A
0x10C32CA4,0x00000005,data,data_10C32CA4
0x10C32CA9,0x00000007,data,data_10C32CA9
0x10C32CB0,0x00000002,data,data_10C32CB0
0x10C32CB2,0x0000003A,data,data_10C32CB2
0x10C32CEC,0x00000004,data,data_10C32CEC
0x10C32CF0,0x00000004,data,data_10C32CF0
0x10C32CF4,0x00000004,data,data_10C32CF4
0x10C32CF8,0x00000002,data,data_10C32CF8
0x10C32CFA,0x0000000A,data,data_10C32CFA
0x10C32D04,0x00000005,data,data_10C32D04
0x10C32D09,0x00000007,data,data_10C32D09
0x10C32D10,0x00000002,data,data_10C32D10
0x10C32D12,0x0000003A,data,data_10C32D12
0x10C32D4C,0x00000004,data,data_10C32D4C
0x10C32D50,0x00000004,data,data_10C32D50
0x10C32D54,0x00000004,data,data_10C32D54
0x10C32D58,0x00000002,data,data_10C32D58
0x10C32D5A,0x0000000A,data,data_10C32D5A
0x10C32D64,0x00000005,data,data_10C32D64
0x10C32D69,0x00000007,data,data_10C32D69
0x10C32D70,0x00000002,data,data_10C32D70
0x10C32D72,0x0000003A,data,data_10C32D72
0x10C32DAC,0x00000004,data,data_10C32DAC
0x10C32DB0,0x00000004,data,data_10C32DB0
0x10C32DB4,0x00000004,data,data_10C32DB4
0x10C32DB8,0x00000002,data,data_10C32DB8
0x10C32DBA,0x0000000A,data,data_10C32DBA
0x10C32DC4,0x00000005,data,data_10C32DC4
0x10C32DC9,0x00000007,data,data_10C32DC9
0x10C32DD0,0x00000002,data,data_10C32DD0
0x10C32DD2,0x0000003A,data,data_10C32DD2
0x10C32E0C,0x00000004,data,data_10C32E0C
0x10C32E10,0x00000004,data,data_10C32E10
0x10C32E14,0x00000004,data,data_10C32E14
0x10C32E18,0x00000002,data,data_10C32E18
0x10C32E1A,0x0000000A,data,data_10C32E1A
0x10C32E24,0x00000005,data,data_10C32E24
0x10C32E29,0x00000007,data,data_10C32E29
0x10C32E30,0x00000002,data,data_10C32E30
0x10C32E32,0x0000003A,data,data_10C32E32
0x10C32E6C,0x00000004,data,data_10C32E6C
0x10C32E70,0x00000004,data,data_10C32E70
0x10C32E74,0x00000004,data,data_10C32E74
0x10C32E78,0x00000002,data,data_10C32E78
0x10C32E7A,0x0000000A,data,data_10C32E7A
0x10C32E84,0x00000005,data,data_10C32E84
0x10C32E89,0x00000007,data,data_10C32E89
0x10C32E90,0x00000002,data,data_10C32E90
0x10C32E92,0x0000003A,data,data_10C32E92
0x10C32ECC,0x00000004,data,data_10C32ECC
0x10C32ED0,0x00000004,data,data_10C32ED0
0x10C32ED4,0x00000004,data,data_10C32ED4
0x10C32ED8,0x00000002,data,data_10C32ED8
0x10C32EDA,0x0000000A,data,data_10C32EDA
0x10C32EE4,0x00000005,data,data_10C32EE4
0x10C32EE9,0x00000007,data,data_10C32EE9
0x10C32EF0,0x00000002,data,data_10C32EF0
0x10C32EF2,0x0000003A,data,data_10C32EF2
0x10C32F2C,0x00000004,data,data_10C32F2C
0x10C32F30,0x00000004,data,data_10C32F30
0x10C32F34,0x00000004,data,data_10C32F34
0x10C32F38,0x00000002,data,data_10C32F38
0x10C32F3A,0x0000000A,data,data_10C32F3A
0x10C32F44,0x00000005,data,data_10C32F44
0x10C32F49,0x00000007,data,data_10C32F49
0x10C32F50,0x00000002,data,data_10C32F50
0x10C32F52,0x0000003A,data,data_10C32F52
0x10C32F8C,0x00000004,data,data_10C32F8C
0x10C32F90,0x00000004,data,data_10C32F90
0x10C32F94,0x00000004,data,data_10C32F94
0x10C32F98,0x00000002,data,data_10C32F98
0x10C32F9A,0x0000000A,data,data_10C32F9A
0x10C32FA4,0x00000005,data,data_10C32FA4
0x10C32FA9,0x00000007,data,data_10C32FA9
0x10C32FB0,0x00000002,data,data_10C32FB0
0x10C32FB2,0x0000003A,data,data_10C32FB2
0x10C32FEC,0x00000004,data,data_10C32FEC
0x10C32FF0,0x00000004,data,data_10C32FF0
0x10C32FF4,0x00000004,data,data_10C32FF4
0x10C32FF8,0x00000002,data,data_10C32FF8
0x10C32FFA,0x0000000A,data,data_10C32FFA
0x10C33004,0x00000005,data,data_10C33004
0x10C33009,0x00000007,data,data_10C33009
0x10C33010,0x00000002,data,data_10C33010
0x10C33012,0x0000003A,data,data_10C33012
0x10C3304C,0x00000004,data,data_10C3304C
0x10C33050,0x00000004,data,data_10C33050
0x10C33054,0x00000004,data,data_10C33054
0x10C33058,0x00000002,data,data_10C33058
0x10C3305A,0x0000000A,data,data_10C3305A
0x10C33064,0x00000005,data,data_10C33064
0x10C33069,0x00000007,data,data_10C33069
0x10C33070,0x00000002,data,data_10C33070
0x10C33072,0x0000003A,data,data_10C33072
0x10C330AC,0x00000004,data,data_10C330AC
0x10C330B0,0x00000004,data,data_10C330B0
0x10C330B4,0x00000004,data,data_10C330B4
0x10C330B8,0x00000002,data,data_10C330B8
0x10C330BA,0x0000000A,data,data_10C330BA
0x10C330C4,0x00000005,data,data_10C330C4
0x10C330C9,0x00000007,data,data_10C330C9
0x10C330D0,0x00000002,data,data_10C330D0
0x10C330D2,0x0000003A,data,data_10C330D2
0x10C3310C,0x00000004,data,data_10C3310C
0x10C33110,0x00000004,data,data_10C33110
0x10C33114,0x00000004,data,data_10C33114
0x10C33118,0x00000002,data,data_10C33118
0x10C3311A,0x0000000A,data,data_10C3311A
0x10C33124,0x00000005,data,data_10C33124
0x10C33129,0x00000007,data,data_10C33129
0x10C33130,0x00000002,data,data_10C33130
0x10C33132,0x0000003A,data,data_10C33132
0x10C3316C,0x00000004,data,data_10C3316C
0x10C33170,0x00000004,data,data_10C33170
0x10C33174,0x00000004,data,data_10C33174
0x10C33178,0x00000002,data,data_10C33178
0x10C3317A,0x0000000A,data,data_10C3317A
0x10C33184,0x00000005,data,data_10C33184
0x10C33189,0x00000007,data,data_10C33189
0x10C33190,0x00000002,data,data_10C33190
0x10C33192,0x0000003A,data,data_10C33192
0x10C331CC,0x00000004,data,data_10C331CC
0x10C331D0,0x00000004,data,data_10C331D0
0x10C331D4,0x00000004,data,data_10C331D4
0x10C331D8,0x00000002,data,data_10C331D8
0x10C331DA,0x0000000A,data,data_10C331DA
0x10C331E4,0x00000005,data,data_10C331E4
0x10C331E9,0x00000007,data,data_10C331E9
0x10C331F0,0x00000002,data,data_10C331F0
0x10C331F2,0x0000003A,data,data_10C331F2
0x10C3322C,0x00000004,data,data_10C3322C
0x10C33230,0x00000004,data,data_10C33230
0x10C33234,0x00000004,data,data_10C33234
0x10C33238,0x00000002,data,data_10C33238
0x10C3323A,0x0000000A,data,data_10C3323A
0x10C33244,0x00000005,data,data_10C33244
0x10C33249,0x00000007,data,data_10C33249
0x10C33250,0x00000002,data,data_10C33250
0x10C33252,0x0000003A,data,data_10C33252
0x10C3328C,0x00000004,data,data_10C3328C
0x10C33290,0x00000004,data,data_10C33290
0x10C33294,0x00000004,data,data_10C33294
0x10C33298,0x00000002,data,data_10C33298
0x10C3329A,0x0000000A,data,data_10C3329A
0x10C332A4,0x00000005,data,data_10C332A4
0x10C332A9,0x00000007,data,data_10C332A9
0x10C332B0,0x00000002,data,data_10C332B0
0x10C332B2,0x0000003A,data,data_10C332B2
0x10C332EC,0x00000004,data,data_10C332EC
0x10C332F0,0x00000004,data,data_10C332F0
0x10C332F4,0x00000004,data,data_10C332F4
0x10C332F8,0x00000002,data,data_10C332F8
0x10C332FA,0x0000000A,data,data_10C332FA
0x10C33304,0x00000005,data,data_10C33304
0x10C33309,0x00000007,data,data_10C33309
0x10C33310,0x00000002,data,data_10C33310
0x10C33312,0x0000003A,data,data_10C33312
0x10C3334C,0x00000004,data,data_10C3334C
0x10C33350,0x00000004,data,data_10C33350
0x10C33354,0x00000004,data,data_10C33354
0x10C33358,0x00000002,data,data_10C33358
0x10C3335A,0x0000000A,data,data_10C3335A
0x10C33364,0x00000005,data,data_10C33364
0x10C33369,0x00000007,data,data_10C33369
0x10C33370,0x00000002,data,data_10C33370
0x10C33372,0x0000003A,data,data_10C33372
0x10C333AC,0x00000004,data,data_10C333AC
0x10C333B0,0x00000004,data,data_10C333B0
0x10C333B4,0x00000004,data,data_10C333B4
0x10C333B8,0x00000002,data,data_10C333B8
0x10C333BA,0x0000000A,data,data_10C333BA
0x10C333C4,0x00000005,data,data_10C333C4
0x10C333C9,0x00000007,data,data_10C333C9
0x10C333D0,0x00000002,data,data_10C333D0
0x10C333D2,0x0000003A,data,data_10C333D2
0x10C3340C,0x00000004,data,data_10C3340C
0x10C33410,0x00000004,data,data_10C33410
0x10C33414,0x00000004,data,data_10C33414
0x10C33418,0x00000002,data,data_10C33418
0x10C3341A,0x0000000A,data,data_10C3341A
0x10C33424,0x00000005,data,data_10C33424
0x10C33429,0x00000007,data,data_10C33429
0x10C33430,0x00000002,data,data_10C33430
0x10C33432,0x0000003A,data,data_10C33432
0x10C3346C,0x00000004,data,data_10C3346C
0x10C33470,0x00000004,data,data_10C33470
0x10C33474,0x00000004,data,data_10C33474
0x10C33478,0x00000002,data,data_10C33478
0x10C3347A,0x0000000A,data,data_10C3347A
0x10C33484,0x00000005,data,data_10C33484
0x10C33489,0x00000007,data,data_10C33489
0x10C33490,0x00000002,data,data_10C33490
0x10C33492,0x0000003A,data,data_10C33492
0x10C334CC,0x00000004,data,data_10C334CC
0x10C334D0,0x00000004,data,data_10C334D0
0x10C334D4,0x00000004,data,data_10C334D4
0x10C334D8,0x00000002,data,data_10C334D8
0x10C334DA,0x0000000A,data,data_10C334DA
0x10C334E4,0x00000005,data,data_10C334E4
0x10C334E9,0x00000007,data,data_10C334E9
0x10C334F0,0x00000002,data,data_10C334F0
0x10C334F2,0x0000003A,data,data_10C334F2
0x10C3352C,0x00000004,data,data_10C3352C
0x10C33530,0x00000004,data,data_10C33530
0x10C33534,0x00000004,data,data_10C33534
0x10C33538,0x00000002,data,data_10C33538
0x10C3353A,0x0000000A,data,data_10C3353A
0x10C33544,0x00000005,data,data_10C33544
0x10C33549,0x00000007,data,data_10C33549
0x10C33550,0x00000002,data,data_10C33550
0x10C33552,0x0000003A,data,data_10C33552
0x10C3358C,0x00000004,data,data_10C3358C
0x10C33590,0x00000004,data,data_10C33590
0x10C33594,0x00000004,data,data_10C33594
0x10C33598,0x00000002,data,data_10C33598
0x10C3359A,0x0000000A,data,data_10C3359A
0x10C335A4,0x00000005,data,data_10C335A4
0x10C335A9,0x00000007,data,data_10C335A9
0x10C335B0,0x00000002,data,data_10C335B0
0x10C335B2,0x0000003A,data,data_10C335B2
0x10C335EC,0x00000004,data,data_10C335EC
0x10C335F0,0x00000004,data,data_10C335F0
0x10C335F4,0x00000004,data,data_10C335F4
0x10C335F8,0x00000002,data,data_10C335F8
0x10C335FA,0x0000000A,data,data_10C335FA
0x10C33604,0x00000005,data,data_10C33604
0x10C33609,0x00000007,data,data_10C33609
0x10C33610,0x00000002,data,data_10C33610
0x10C33612,0x0000003A,data,data_10C33612
0x10C3364C,0x00000004,data,data_10C3364C
0x10C33650,0x00000004,data,data_10C33650
0x10C33654,0x00000004,data,data_10C33654
0x10C33658,0x00000002,data,data_10C33658
0x10C3365A,0x0000000A,data,data_10C3365A
0x10C33664,0x00000005,data,data_10C33664
0x10C33669,0x00000007,data,data_10C33669
0x10C33670,0x00000002,data,data_10C33670
0x10C33672,0x0000003A,data,data_10C33672
0x10C336AC,0x00000004,data,data_10C336AC
0x10C336B0,0x00000004,data,data_10C336B0
0x10C336B4,0x00000004,data,data_10C336B4
0x10C336B8,0x00000002,data,data_10C336B8
0x10C336BA,0x0000000A,data,data_10C336BA
0x10C336C4,0x00000005,data,data_10C336C4
0x10C336C9,0x00000007,data,data_10C336C9
0x10C336D0,0x00000002,data,data_10C336D0
0x10C336D2,0x0000003A,data,data_10C336D2
0x10C3370C,0x00000004,data,data_10C3370C
0x10C33710,0x00000004,data,data_10C33710
0x10C33714,0x00000004,data,data_10C33714
0x10C33718,0x00000002,data,data_10C33718
0x10C3371A,0x0000000A,data,data_10C3371A
0x10C33724,0x00000005,data,data_10C33724
0x10C33729,0x00000007,data,data_10C33729
0x10C33730,0x00000002,data,data_10C33730
0x10C33732,0x0000003A,data,data_10C33732
0x10C3376C,0x00000004,data,data_10C3376C
0x10C33770,0x00000004,data,data_10C33770
0x10C33774,0x00000004,data,data_10C33774
0x10C33778,0x00000002,data,data_10C33778
0x10C3377A,0x0000000A,data,data_10C3377A
0x10C33784,0x00000005,data,data_10C33784
0x10C33789,0x00000007,data,data_10C33789
0x10C33790,0x00000002,data,data_10C33790
0x10C33792,0x0000003A,data,data_10C33792
0x10C337CC,0x00000004,data,data_10C337CC
0x10C337D0,0x00000004,data,data_10C337D0
0x10C337D4,0x00000004,data,data_10C337D4
0x10C337D8,0x00000002,data,data_10C337D8
0x10C337DA,0x0000000A,data,data_10C337DA
0x10C337E4,0x00000005,data,data_10C337E4
0x10C337E9,0x00000007,data,data_10C337E9
0x10C337F0,0x00000002,data,data_10C337F0
0x10C337F2,0x0000003A,data,data_10C337F2
0x10C3382C,0x00000004,data,data_10C3382C
0x10C33830,0x00000004,data,data_10C33830
0x10C33834,0x00000004,data,data_10C33834
0x10C33838,0x00000002,data,data_10C33838
0x10C3383A,0x0000000A,data,data_10C3383A
0x10C33844,0x00000005,data,data_10C33844
0x10C33849,0x00000007,data,data_10C33849
0x10C33850,0x00000002,data,data_10C33850
0x10C33852,0x0000003A,data,data_10C33852
0x10C3388C,0x00000004,data,data_10C3388C
0x10C33890,0x00000004,data,data_10C33890
0x10C33894,0x00000004,data,data_10C33894
0x10C33898,0x00000002,data,data_10C33898
0x10C3389A,0x0000000A,data,data_10C3389A
0x10C338A4,0x00000005,data,data_10C338A4
0x10C338A9,0x00000007,data,data_10C338A9
0x10C338B0,0x00000002,data,data_10C338B0
0x10C338B2,0x0000003A,data,data_10C338B2
0x10C338EC,0x00000004,data,data_10C338EC
0x10C338F0,0x00000004,data,data_10C338F0
0x10C338F4,0x00000004,data,data_10C338F4
0x10C338F8,0x00000002,data,data_10C338F8
0x10C338FA,0x0000000A,data,data_10C338FA
0x10C33904,0x00000005,data,data_10C33904
0x10C33909,0x00000007,data,data_10C33909
0x10C33910,0x00000002,data,data_10C33910
0x10C33912,0x0000003A,data,data_10C33912
0x10C3394C,0x00000004,data,data_10C3394C
0x10C33950,0x00000004,data,data_10C33950
0x10C33954,0x00000004,data,data_10C33954
0x10C33958,0x00000002,data,data_10C33958
0x10C3395A,0x0000000A,data,data_10C3395A
0x10C33964,0x00000005,data,data_10C33964
0x10C33969,0x00000007,data,data_10C33969
0x10C33970,0x00000002,data,data_10C33970
0x10C33972,0x0000003A,data,data_10C33972
0x10C339AC,0x00000004,data,data_10C339AC
0x10C339B0,0x00000004,data,data_10C339B0
0x10C339B4,0x00000004,data,data_10C339B4
0x10C339B8,0x00000002,data,data_10C339B8
0x10C339BA,0x0000000A,data,data_10C339BA
0x10C339C4,0x00000005,data,data_10C339C4
0x10C339C9,0x00000007,data,data_10C339C9
0x10C339D0,0x00000002,data,data_10C339D0
0x10C339D2,0x0000003A,data,data_10C339D2
0x10C33A0C,0x00000004,data,data_10C33A0C
0x10C33A10,0x00000004,data,data_10C33A10
0x10C33A14,0x00000004,data,data_10C33A14
0x10C33A18,0x00000002,data,data_10C33A18
0x10C33A1A,0x0000000A,data,data_10C33A1A
0x10C33A24,0x00000005,data,data_10C33A24
0x10C33A29,0x00000007,data,data_10C33A29
0x10C33A30,0x00000002,data,data_10C33A30
0x10C33A32,0x0000003A,data,data_10C33A32
0x10C33A6C,0x00000004,data,data_10C33A6C
0x10C33A70,0x00000004,data,data_10C33A70
0x10C33A74,0x00000004,data,data_10C33A74
0x10C33A78,0x00000002,data,data_10C33A78
0x10C33A7A,0x0000000A,data,data_10C33A7A
0x10C33A84,0x00000005,data,data_10C33A84
0x10C33A89,0x00000007,data,data_10C33A89
0x10C33A90,0x00000002,data,data_10C33A90
0x10C33A92,0x0000003A,data,data_10C33A92
0x10C33ACC,0x00000004,data,data_10C33ACC
0x10C33AD0,0x00000004,data,data_10C33AD0
0x10C33AD4,0x00000004,data,data_10C33AD4
0x10C33AD8,0x00000002,data,data_10C33AD8
0x10C33ADA,0x0000000A,data,data_10C33ADA
0x10C33AE4,0x00000005,data,data_10C33AE4
0x10C33AE9,0x00000007,data,data_10C33AE9
0x10C33AF0,0x00000002,data,data_10C33AF0
0x10C33AF2,0x0000003A,data,data_10C33AF2
0x10C33B2C,0x00000004,data,data_10C33B2C
0x10C33B30,0x00000004,data,data_10C33B30
0x10C33B34,0x00000004,data,data_10C33B34
0x10C33B38,0x00000002,data,data_10C33B38
0x10C33B3A,0x0000000A,data,data_10C33B3A
0x10C33B44,0x00000005,data,data_10C33B44
0x10C33B49,0x00000007,data,data_10C33B49
0x10C33B50,0x00000002,data,data_10C33B50
0x10C33B52,0x0000003A,data,data_10C33B52
0x10C33B8C,0x00000004,data,data_10C33B8C
0x10C33B90,0x00000004,data,data_10C33B90
0x10C33B94,0x00000004,data,data_10C33B94
0x10C33B98,0x00000002,data,data_10C33B98
0x10C33B9A,0x0000000A,data,data_10C33B9A
0x10C33BA4,0x00000005,data,data_10C33BA4
0x10C33BA9,0x00000007,data,data_10C33BA9
0x10C33BB0,0x00000002,data,data_10C33BB0
0x10C33BB2,0x0000003A,data,data_10C33BB2
0x10C33BEC,0x00000004,data,data_10C33BEC
0x10C33BF0,0x00000004,data,data_10C33BF0
0x10C33BF4,0x00000004,data,data_10C33BF4
0x10C33BF8,0x00000002,data,data_10C33BF8
0x10C33BFA,0x0000000A,data,data_10C33BFA
0x10C33C04,0x00000005,data,data_10C33C04
0x10C33C09,0x00000007,data,data_10C33C09
0x10C33C10,0x00000002,data,data_10C33C10
0x10C33C12,0x0000003A,data,data_10C33C12
0x10C33C4C,0x00000004,data,data_10C33C4C
0x10C33C50,0x00000004,data,data_10C33C50
0x10C33C54,0x00000004,data,data_10C33C54
0x10C33C58,0x00000002,data,data_10C33C58
0x10C33C5A,0x0000000A,data,data_10C33C5A
0x10C33C64,0x00000005,data,data_10C33C64
0x10C33C69,0x00000007,data,data_10C33C69
0x10C33C70,0x00000002,data,data_10C33C70
0x10C33C72,0x0000003A,data,data_10C33C72
0x10C33CAC,0x00000004,data,data_10C33CAC
0x10C33CB0,0x00000004,data,data_10C33CB0
0x10C33CB4,0x00000004,data,data_10C33CB4
0x10C33CB8,0x00000002,data,data_10C33CB8
0x10C33CBA,0x0000000A,data,data_10C33CBA
0x10C33CC4,0x00000005,data,data_10C33CC4
0x10C33CC9,0x00000007,data,data_10C33CC9
0x10C33CD0,0x00000002,data,data_10C33CD0
0x10C33CD2,0x0000003A,data,data_10C33CD2
0x10C33D0C,0x00000004,data,data_10C33D0C
0x10C33D10,0x00000004,data,data_10C33D10
0x10C33D14,0x00000004,data,data_10C33D14
0x10C33D18,0x00000002,data,data_10C33D18
0x10C33D1A,0x0000000A,data,data_10C33D1A
0x10C33D24,0x00000005,data,data_10C33D24
0x10C33D29,0x00000007,data,data_10C33D29
0x10C33D30,0x00000002,data,data_10C33D30
0x10C33D32,0x0000003A,data,data_10C33D32
0x10C33D6C,0x00000004,data,data_10C33D6C
0x10C33D70,0x00000004,data,data_10C33D70
0x10C33D74,0x00000004,data,data_10C33D74
0x10C33D78,0x00000002,data,data_10C33D78
0x10C33D7A,0x0000000A,data,data_10C33D7A
0x10C33D84,0x00000005,data,data_10C33D84
0x10C33D89,0x00000007,data,data_10C33D89
0x10C33D90,0x00000002,data,data_10C33D90
0x10C33D92,0x0000003A,data,data_10C33D92
0x10C33DCC,0x00000004,data,data_10C33DCC
0x10C33DD0,0x00000004,data,data_10C33DD0
0x10C33DD4,0x00000004,data,data_10C33DD4
0x10C33DD8,0x00000002,data,data_10C33DD8
0x10C33DDA,0x0000000A,data,data_10C33DDA
0x10C33DE4,0x00000005,data,data_10C33DE4
0x10C33DE9,0x00000007,data,data_10C33DE9
0x10C33DF0,0x00000002,data,data_10C33DF0
0x10C33DF2,0x0000003A,data,data_10C33DF2
0x10C33E2C,0x00000004,data,data_10C33E2C
0x10C33E30,0x00000004,data,data_10C33E30
0x10C33E34,0x00000004,data,data_10C33E34
0x10C33E38,0x00000002,data,data_10C33E38
0x10C33E3A,0x0000000A,data,data_10C33E3A
0x10C33E44,0x00000005,data,data_10C33E44
0x10C33E49,0x00000007,data,data_10C33E49
0x10C33E50,0x00000002,data,data_10C33E50
0x10C33E52,0x0000003A,data,data_10C33E52
0x10C33E8C,0x00000004,data,data_10C33E8C
0x10C33E90,0x00000004,data,data_10C33E90
0x10C33E94,0x00000004,data,data_10C33E94
0x10C33E98,0x00000002,data,data_10C33E98
0x10C33E9A,0x0000000A,data,data_10C33E9A
0x10C33EA4,0x00000005,data,data_10C33EA4
0x10C33EA9,0x00000007,data,data_10C33EA9
0x10C33EB0,0x00000002,data,data_10C33EB0
0x10C33EB2,0x0000003A,data,data_10C33EB2
0x10C33EEC,0x00000004,data,data_10C33EEC
0x10C33EF0,0x00000004,data,data_10C33EF0
0x10C33EF4,0x00000004,data,data_10C33EF4
0x10C33EF8,0x00000002,data,data_10C33EF8
0x10C33EFA,0x0000000A,data,data_10C33EFA
0x10C33F04,0x00000005,data,data_10C33F04
0x10C33F09,0x00000007,data,data_10C33F09
0x10C33F10,0x00000002,data,data_10C33F10
0x10C33F12,0x0000003A,data,data_10C33F12
0x10C33F4C,0x00000004,data,data_10C33F4C
0x10C33F50,0x00000004,data,data_10C33F50
0x10C33F54,0x00000004,data,data_10C33F54
0x10C33F58,0x00000002,data,data_10C33F58
0x10C33F5A,0x0000000A,data,data_10C33F5A
0x10C33F64,0x00000005,data,data_10C33F64
0x10C33F69,0x00000007,data,data_10C33F69
0x10C33F70,0x00000002,data,data_10C33F70
0x10C33F72,0x0000003A,data,data_10C33F72
0x10C33FAC,0x00000004,data,data_10C33FAC
0x10C33FB0,0x00000004,data,data_10C33FB0
0x10C33FB4,0x00000004,data,data_10C33FB4
0x10C33FB8,0x00000002,data,data_10C33FB8
0x10C33FBA,0x0000000A,data,data_10C33FBA
0x10C33FC4,0x00000005,data,data_10C33FC4
0x10C33FC9,0x00000007,data,data_10C33FC9
0x10C33FD0,0x00000002,data,data_10C33FD0
0x10C33FD2,0x0000003A,data,data_10C33FD2
0x10C3400C,0x00000004,data,data_10C3400C
0x10C34010,0x00000004,data,data_10C34010
0x10C34014,0x00000004,data,data_10C34014
0x10C34018,0x00000002,data,data_10C34018
0x10C3401A,0x0000000A,data,data_10C3401A
0x10C34024,0x00000005,data,data_10C34024
0x10C34029,0x00000007,data,data_10C34029
0x10C34030,0x00000002,data,data_10C34030
0x10C34032,0x0000003A,data,data_10C34032
0x10C3406C,0x00000004,data,data_10C3406C
0x10C34070,0x00000004,data,data_10C34070
0x10C34074,0x00000004,data,data_10C34074
0x10C34078,0x00000002,data,data_10C34078
0x10C3407A,0x0000000A,data,data_10C3407A
0x10C34084,0x00000005,data,data_10C34084
0x10C34089,0x00000007,data,data_10C34089
0x10C34090,0x00000002,data,data_10C34090
0x10C34092,0x0000003A,data,data_10C34092
0x10C340CC,0x00000004,data,data_10C340CC
0x10C340D0,0x00000004,data,data_10C340D0
0x10C340D4,0x00000004,data,data_10C340D4
0x10C340D8,0x00000002,data,data_10C340D8
0x10C340DA,0x0000000A,data,data_10C340DA
0x10C340E4,0x00000005,data,data_10C340E4
0x10C340E9,0x00000007,data,data_10C340E9
0x10C340F0,0x00000002,data,data_10C340F0
0x10C340F2,0x0000003A,data,data_10C340F2
0x10C3412C,0x00000004,data,data_10C3412C
0x10C34130,0x00000004,data,data_10C34130
0x10C34134,0x00000004,data,data_10C34134
0x10C34138,0x00000002,data,data_10C34138
0x10C3413A,0x0000000A,data,data_10C3413A
0x10C34144,0x00000005,data,data_10C34144
0x10C34149,0x00000007,data,data_10C34149
0x10C34150,0x00000002,data,data_10C34150
0x10C34152,0x0000003A,data,data_10C34152
0x10C3418C,0x00000004,data,data_10C3418C
0x10C34190,0x00000004,data,data_10C34190
0x10C34194,0x00000004,data,data_10C34194
0x10C34198,0x00000002,data,data_10C34198
0x10C3419A,0x0000000A,data,data_10C3419A
0x10C341A4,0x00000005,data,data_10C341A4
0x10C341A9,0x00000007,data,data_10C341A9
0x10C341B0,0x00000002,data,data_10C341B0
0x10C341B2,0x0000003A,data,data_10C341B2
0x10C341EC,0x00000004,data,data_10C341EC
0x10C341F0,0x00000004,data,data_10C341F0
0x10C341F4,0x00000004,data,data_10C341F4
0x10C341F8,0x00000002,data,data_10C341F8
0x10C341FA,0x0000000A,data,data_10C341FA
0x10C34204,0x00000005,data,data_10C34204
0x10C34209,0x00000007,data,data_10C34209
0x10C34210,0x00000002,data,data_10C34210
0x10C34212,0x0000003A,data,data_10C34212
0x10C3424C,0x00000004,data,data_10C3424C
0x10C34250,0x00000004,data,data_10C34250
0x10C34254,0x00000004,data,data_10C34254
0x10C34258,0x00000002,data,data_10C34258
0x10C3425A,0x0000000A,data,data_10C3425A
0x10C34264,0x00000005,data,data_10C34264
0x10C34269,0x00000007,data,data_10C34269
0x10C34270,0x00000002,data,data_10C34270
0x10C34272,0x0000003A,data,data_10C34272
0x10C342AC,0x00000004,data,data_10C342AC
0x10C342B0,0x00000004,data,data_10C342B0
0x10C342B4,0x00000004,data,data_10C342B4
0x10C342B8,0x00000002,data,data_10C342B8
0x10C342BA,0x0000000A,data,data_10C342BA
0x10C342C4,0x00000005,data,data_10C342C4
0x10C342C9,0x00000007,data,data_10C342C9
0x10C342D0,0x00000002,data,data_10C342D0
0x10C342D2,0x0000003A,data,data_10C342D2
0x10C3430C,0x00000004,data,data_10C3430C
0x10C34310,0x00000004,data,data_10C34310
0x10C34314,0x00000004,data,data_10C34314
0x10C34318,0x00000002,data,data_10C34318
0x10C3431A,0x0000000A,data,data_10C3431A
0x10C34324,0x00000005,data,data_10C34324
0x10C34329,0x00000007,data,data_10C34329
0x10C34330,0x00000002,data,data_10C34330
0x10C34332,0x0000003A,data,data_10C34332
0x10C3436C,0x00000004,data,data_10C3436C
0x10C34370,0x00000004,data,data_10C34370
0x10C34374,0x00000004,data,data_10C34374
0x10C34378,0x00000002,data,data_10C34378
0x10C3437A,0x0000000A,data,data_10C3437A
0x10C34384,0x00000005,data,data_10C34384
0x10C34389,0x00000007,data,data_10C34389
0x10C34390,0x00000002,data,data_10C34390
0x10C34392,0x0000003A,data,data_10C34392
0x10C343CC,0x00000004,data,data_10C343CC
0x10C343D0,0x00000004,data,data_10C343D0
0x10C343D4,0x00000004,data,data_10C343D4
0x10C343D8,0x00000002,data,data_10C343D8
0x10C343DA,0x0000000A,data,data_10C343DA
0x10C343E4,0x00000005,data,data_10C343E4
0x10C343E9,0x00000007,data,data_10C343E9
0x10C343F0,0x00000002,data,data_10C343F0
0x10C343F2,0x0000003A,data,data_10C343F2
0x10C3442C,0x00000004,data,data_10C3442C
0x10C34430,0x00000004,data,data_10C34430
0x10C34434,0x00000004,data,data_10C34434
0x10C34438,0x00000002,data,data_10C34438
0x10C3443A,0x0000000A,data,data_10C3443A
0x10C34444,0x00000005,data,data_10C34444
0x10C34449,0x00000007,data,data_10C34449
0x10C34450,0x00000002,data,data_10C34450
0x10C34452,0x0000003A,data,data_10C34452
0x10C3448C,0x00000004,data,data_10C3448C
0x10C34490,0x00000004,data,data_10C34490
0x10C34494,0x00000004,data,data_10C34494
0x10C34498,0x00000002,data,data_10C34498
0x10C3449A,0x0000000A,data,data_10C3449A
0x10C344A4,0x00000005,data,data_10C344A4
0x10C344A9,0x00000007,data,data_10C344A9
0x10C344B0,0x00000002,data,data_10C344B0
0x10C344B2,0x0000003A,data,data_10C344B2
0x10C344EC,0x00000004,data,data_10C344EC
0x10C344F0,0x00000004,data,data_10C344F0
0x10C344F4,0x00000004,data,data_10C344F4
0x10C344F8,0x00000002,data,data_10C344F8
0x10C344FA,0x0000000A,data,data_10C344FA
0x10C34504,0x00000005,data,data_10C34504
0x10C34509,0x00000007,data,data_10C34509
0x10C34510,0x00000002,data,data_10C34510
0x10C34512,0x0000003A,data,data_10C34512
0x10C3454C,0x00000004,data,data_10C3454C
0x10C34550,0x00000004,data,data_10C34550
0x10C34554,0x00000004,data,data_10C34554
0x10C34558,0x00000002,data,data_10C34558
0x10C3455A,0x0000000A,data,data_10C3455A
0x10C34564,0x00000005,data,data_10C34564
0x10C34569,0x00000007,data,data_10C34569
0x10C34570,0x00000002,data,data_10C34570
0x10C34572,0x0000003A,data,data_10C34572
0x10C345AC,0x00000004,data,data_10C345AC
0x10C345B0,0x00000004,data,data_10C345B0
0x10C345B4,0x00000004,data,data_10C345B4
0x10C345B8,0x00000002,data,data_10C345B8
0x10C345BA,0x0000000A,data,data_10C345BA
0x10C345C4,0x00000005,data,data_10C345C4
0x10C345C9,0x00000007,data,data_10C345C9
0x10C345D0,0x00000002,data,data_10C345D0
0x10C345D2,0x0000003A,data,data_10C345D2
0x10C3460C,0x00000004,data,data_10C3460C
0x10C34610,0x00000004,data,data_10C34610
0x10C34614,0x00000004,data,data_10C34614
0x10C34618,0x00000002,data,data_10C34618
0x10C3461A,0x0000000A,data,data_10C3461A
0x10C34624,0x00000005,data,data_10C34624
0x10C34629,0x00000007,data,data_10C34629
0x10C34630,0x00000002,data,data_10C34630
0x10C34632,0x0000003A,data,data_10C34632
0x10C3466C,0x00000004,data,data_10C3466C
0x10C34670,0x00000004,data,data_10C34670
0x10C34674,0x00000004,data,data_10C34674
0x10C34678,0x00000002,data,data_10C34678
0x10C3467A,0x0000000A,data,data_10C3467A
0x10C34684,0x00000005,data,data_10C34684
0x10C34689,0x00000043,data,data_10C34689
0x10C346CC,0x00000004,data,data_10C346CC
0x10C346D0,0x00000004,data,data_10C346D0
0x10C346D4,0x00000004,data,data_10C346D4
0x10C346D8,0x00000002,data,data_10C346D8
0x10C346DA,0x0000000A,data,data_10C346DA
0x10C346E4,0x00000005,data,data_10C346E4
0x10C346E9,0x00000007,data,data_10C346E9
0x10C346F0,0x00000001,data,data_10C346F0
0x10C346F1,0x0000003B,data,data_10C346F1
0x10C3472C,0x00000004,data,data_10C3472C
0x10C34730,0x00000004,data,data_10C34730
0x10C34734,0x00000004,data,data_10C34734
0x10C34738,0x00000002,data,data_10C34738
0x10C3473A,0x0000000A,data,data_10C3473A
0x10C34744,0x00000005,data,data_10C34744
0x10C34749,0x00000007,data,data_10C34749
0x10C34750,0x00000001,data,data_10C34750
0x10C34751,0x0000003B,data,data_10C34751
0x10C3478C,0x00000004,data,data_10C3478C
0x10C34790,0x00000004,data,data_10C34790
0x10C34794,0x00000004,data,data_10C34794
0x10C34798,0x00000002,data,data_10C34798
0x10C3479A,0x0000000A,data,data_10C3479A
0x10C347A4,0x00000005,data,data_10C347A4
0x10C347A9,0x00000007,data,data_10C347A9
0x10C347B0,0x00000001,data,data_10C347B0
0x10C347B1,0x0000003B,data,data_10C347B1
0x10C347EC,0x00000004,data,data_10C347EC
0x10C347F0,0x00000004,data,data_10C347F0
0x10C347F4,0x00000004,data,data_10C347F4
0x10C347F8,0x00000002,data,data_10C347F8
0x10C347FA,0x0000000A,data,data_10C347FA
0x10C34804,0x00000005,data,data_10C34804
0x10C34809,0x00000007,data,data_10C34809
0x10C34810,0x00000001,data,data_10C34810
0x10C34811,0x0000003B,data,data_10C34811
0x10C3484C,0x00000004,data,data_10C3484C
0x10C34850,0x00000004,data,data_10C34850
0x10C34854,0x00000004,data,data_10C34854
0x10C34858,0x00000002,data,data_10C34858
0x10C3485A,0x0000000A,data,data_10C3485A
0x10C34864,0x00000005,data,data_10C34864
0x10C34869,0x00000007,data,data_10C34869
0x10C34870,0x00000001,data,data_10C34870
0x10C34871,0x0000003B,data,data_10C34871
0x10C348AC,0x00000004,data,data_10C348AC
0x10C348B0,0x00000004,data,data_10C348B0
0x10C348B4,0x00000004,data,data_10C348B4
0x10C348B8,0x00000002,data,data_10C348B8
0x10C348BA,0x0000000A,data,data_10C348BA
0x10C348C4,0x00000005,data,data_10C348C4
0x10C348C9,0x00000007,data,data_10C348C9
0x10C348D0,0x00000001,data,data_10C348D0
0x10C348D1,0x0000003B,data,data_10C348D1
0x10C3490C,0x00000004,data,data_10C3490C
0x10C34910,0x00000004,data,data_10C34910
0x10C34914,0x00000004,data,data_10C34914
0x10C34918,0x00000002,data,data_10C34918
0x10C3491A,0x0000000A,data,data_10C3491A
0x10C34924,0x00000005,data,data_10C34924
0x10C34929,0x00000007,data,data_10C34929
0x10C34930,0x00000001,data,data_10C34930
0x10C34931,0x0000003B,data,data_10C34931
0x10C3496C,0x00000004,data,data_10C3496C
0x10C34970,0x00000004,data,data_10C34970
0x10C34974,0x00000004,data,data_10C34974
0x10C34978,0x00000002,data,data_10C34978
0x10C3497A,0x0000000A,data,data_10C3497A
0x10C34984,0x00000005,data,data_10C34984
0x10C34989,0x00000007,data,data_10C34989
0x10C34990,0x00000001,data,data_10C34990
0x10C34991,0x0000003B,data,data_10C34991
0x10C349CC,0x00000004,data,data_10C349CC
0x10C349D0,0x00000004,data,data_10C349D0
0x10C349D4,0x00000004,data,data_10C349D4
0x10C349D8,0x00000002,data,data_10C349D8
0x10C349DA,0x0000000A,data,data_10C349DA
0x10C349E4,0x00000005,data,data_10C349E4
0x10C349E9,0x00000007,data,data_10C349E9
0x10C349F0,0x00000001,data,data_10C349F0
0x10C349F1,0x0000003B,data,data_10C349F1
0x10C34A2C,0x00000004,data,data_10C34A2C
0x10C34A30,0x00000004,data,data_10C34A30
0x10C34A34,0x00000004,data,data_10C34A34
0x10C34A38,0x00000002,data,data_10C34A38
0x10C34A3A,0x0000000A,data,data_10C34A3A
0x10C34A44,0x00000005,data,data_10C34A44
0x10C34A49,0x00000007,data,data_10C34A49
0x10C34A50,0x00000001,data,data_10C34A50
0x10C34A51,0x0000003B,data,data_10C34A51
0x10C34A8C,0x00000004,data,data_10C34A8C
0x10C34A90,0x00000004,data,data_10C34A90
0x10C34A94,0x00000004,data,data_10C34A94
0x10C34A98,0x00000002,data,data_10C34A98
0x10C34A9A,0x0000000A,data,data_10C34A9A
0x10C34AA4,0x00000005,data,data_10C34AA4
0x10C34AA9,0x00000007,data,data_10C34AA9
0x10C34AB0,0x00000001,data,data_10C34AB0
0x10C34AB1,0x0000003B,data,data_10C34AB1
0x10C34AEC,0x00000004,data,data_10C34AEC
0x10C34AF0,0x00000004,data,data_10C34AF0
0x10C34AF4,0x00000004,data,data_10C34AF4
0x10C34AF8,0x00000002,data,data_10C34AF8
0x10C34AFA,0x0000000A,data,data_10C34AFA
0x10C34B04,0x00000005,data,data_10C34B04
0x10C34B09,0x00000007,data,data_10C34B09
0x10C34B10,0x00000001,data,data_10C34B10
0x10C34B11,0x0000003B,data,data_10C34B11
0x10C34B4C,0x00000004,data,data_10C34B4C
0x10C34B50,0x00000004,data,data_10C34B50
0x10C34B54,0x00000004,data,data_10C34B54
0x10C34B58,0x00000002,data,data_10C34B58
0x10C34B5A,0x0000000A,data,data_10C34B5A
0x10C34B64,0x00000005,data,data_10C34B64
0x10C34B69,0x00000007,data,data_10C34B69
0x10C34B70,0x00000001,data,data_10C34B70
0x10C34B71,0x0000003B,data,data_10C34B71
0x10C34BAC,0x00000004,data,data_10C34BAC
0x10C34BB0,0x00000004,data,data_10C34BB0
0x10C34BB4,0x00000004,data,data_10C34BB4
0x10C34BB8,0x00000002,data,data_10C34BB8
0x10C34BBA,0x0000000A,data,data_10C34BBA
0x10C34BC4,0x00000005,data,data_10C34BC4
0x10C34BC9,0x00000007,data,data_10C34BC9
0x10C34BD0,0x00000001,data,data_10C34BD0
0x10C34BD1,0x0000003B,data,data_10C34BD1
0x10C34C0C,0x00000004,data,data_10C34C0C
0x10C34C10,0x00000004,data,data_10C34C10
0x10C34C14,0x00000004,data,data_10C34C14
0x10C34C18,0x00000002,data,data_10C34C18
0x10C34C1A,0x0000000A,data,data_10C34C1A
0x10C34C24,0x00000005,data,data_10C34C24
0x10C34C29,0x00000007,data,data_10C34C29
0x10C34C30,0x00000001,data,data_10C34C30
0x10C34C31,0x0000003B,data,data_10C34C31
0x10C34C6C,0x00000004,data,data_10C34C6C
0x10C34C70,0x00000004,data,data_10C34C70
0x10C34C74,0x00000004,data,data_10C34C74
0x10C34C78,0x00000002,data,data_10C34C78
0x10C34C7A,0x0000000A,data,data_10C34C7A
0x10C34C84,0x00000005,data,data_10C34C84
0x10C34C89,0x00000007,data,data_10C34C89
0x10C34C90,0x00000001,data,data_10C34C90
0x10C34C91,0x0000003B,data,data_10C34C91
0x10C34CCC,0x00000004,data,data_10C34CCC
0x10C34CD0,0x00000004,data,data_10C34CD0
0x10C34CD4,0x00000004,data,data_10C34CD4
0x10C34CD8,0x00000002,data,data_10C34CD8
0x10C34CDA,0x0000000A,data,data_10C34CDA
0x10C34CE4,0x00000005,data,data_10C34CE4
0x10C34CE9,0x00000007,data,data_10C34CE9
0x10C34CF0,0x00000001,data,data_10C34CF0
0x10C34CF1,0x0000003B,data,data_10C34CF1
0x10C34D2C,0x00000004,data,data_10C34D2C
0x10C34D30,0x00000004,data,data_10C34D30
0x10C34D34,0x00000004,data,data_10C34D34
0x10C34D38,0x00000002,data,data_10C34D38
0x10C34D3A,0x0000000A,data,data_10C34D3A
0x10C34D44,0x00000005,data,data_10C34D44
0x10C34D49,0x00000007,data,data_10C34D49
0x10C34D50,0x00000001,data,data_10C34D50
0x10C34D51,0x0000003B,data,data_10C34D51
0x10C34D8C,0x00000004,data,data_10C34D8C
0x10C34D90,0x00000004,data,data_10C34D90
0x10C34D94,0x00000004,data,data_10C34D94
0x10C34D98,0x00000002,data,data_10C34D98
0x10C34D9A,0x0000000A,data,data_10C34D9A
0x10C34DA4,0x00000005,data,data_10C34DA4
0x10C34DA9,0x00000007,data,data_10C34DA9
0x10C34DB0,0x00000001,data,data_10C34DB0
0x10C34DB1,0x0000003B,data,data_10C34DB1
0x10C34DEC,0x00000004,data,data_10C34DEC
0x10C34DF0,0x00000004,data,data_10C34DF0
0x10C34DF4,0x00000004,data,data_10C34DF4
0x10C34DF8,0x00000002,data,data_10C34DF8
0x10C34DFA,0x0000000A,data,data_10C34DFA
0x10C34E04,0x00000005,data,data_10C34E04
0x10C34E09,0x00000007,data,data_10C34E09
0x10C34E10,0x00000001,data,data_10C34E10
0x10C34E11,0x0000003B,data,data_10C34E11
0x10C34E4C,0x00000004,data,data_10C34E4C
0x10C34E50,0x00000004,data,data_10C34E50
0x10C34E54,0x00000004,data,data_10C34E54
0x10C34E58,0x00000002,data,data_10C34E58
0x10C34E5A,0x0000000A,data,data_10C34E5A
0x10C34E64,0x00000005,data,data_10C34E64
0x10C34E69,0x00000007,data,data_10C34E69
0x10C34E70,0x00000001,data,data_10C34E70
0x10C34E71,0x0000003B,data,data_10C34E71
0x10C34EAC,0x00000004,data,data_10C34EAC
0x10C34EB0,0x00000004,data,data_10C34EB0
0x10C34EB4,0x00000004,data,data_10C34EB4
0x10C34EB8,0x00000002,data,data_10C34EB8
0x10C34EBA,0x0000000A,data,data_10C34EBA
0x10C34EC4,0x00000005,data,data_10C34EC4
0x10C34EC9,0x00000007,data,data_10C34EC9
0x10C34ED0,0x00000001,data,data_10C34ED0
0x10C34ED1,0x0000003B,data,data_10C34ED1
0x10C34F0C,0x00000004,data,data_10C34F0C
0x10C34F10,0x00000004,data,data_10C34F10
0x10C34F14,0x00000004,data,data_10C34F14
0x10C34F18,0x00000002,data,data_10C34F18
0x10C34F1A,0x0000000A,data,data_10C34F1A
0x10C34F24,0x00000005,data,data_10C34F24
0x10C34F29,0x00000007,data,data_10C34F29
0x10C34F30,0x00000001,data,data_10C34F30
0x10C34F31,0x0000003B,data,data_10C34F31
0x10C34F6C,0x00000004,data,data_10C34F6C
0x10C34F70,0x00000004,data,data_10C34F70
0x10C34F74,0x00000004,data,data_10C34F74
0x10C34F78,0x00000002,data,data_10C34F78
0x10C34F7A,0x0000000A,data,data_10C34F7A
0x10C34F84,0x00000005,data,data_10C34F84
0x10C34F89,0x00000007,data,data_10C34F89
0x10C34F90,0x00000001,data,data_10C34F90
0x10C34F91,0x0000003B,data,data_10C34F91
0x10C34FCC,0x00000004,data,data_10C34FCC
0x10C34FD0,0x00000004,data,data_10C34FD0
0x10C34FD4,0x00000004,data,data_10C34FD4
0x10C34FD8,0x00000002,data,data_10C34FD8
0x10C34FDA,0x0000000A,data,data_10C34FDA
0x10C34FE4,0x00000005,data,data_10C34FE4
0x10C34FE9,0x00000007,data,data_10C34FE9
0x10C34FF0,0x00000001,data,data_10C34FF0
0x10C34FF1,0x0000003B,data,data_10C34FF1
0x10C3502C,0x00000004,data,data_10C3502C
0x10C35030,0x00000004,data,data_10C35030
0x10C35034,0x00000004,data,data_10C35034
0x10C35038,0x00000002,data,data_10C35038
0x10C3503A,0x0000000A,data,data_10C3503A
0x10C35044,0x00000005,data,data_10C35044
0x10C35049,0x00000007,data,data_10C35049
0x10C35050,0x00000001,data,data_10C35050
0x10C35051,0x0000003B,data,data_10C35051
0x10C3508C,0x00000004,data,data_10C3508C
0x10C35090,0x00000004,data,data_10C35090
0x10C35094,0x00000004,data,data_10C35094
0x10C35098,0x00000002,data,data_10C35098
0x10C3509A,0x0000000B,data,data_10C3509A
0x10C350A5,0x00000004,data,data_10C350A5
0x10C350A9,0x00000007,data,data_10C350A9
0x10C350B0,0x00000001,data,data_10C350B0
0x10C350B1,0x0000003B,data,data_10C350B1
0x10C350EC,0x00000004,data,data_10C350EC
0x10C350F0,0x00000004,data,data_10C350F0
0x10C350F4,0x00000004,data,data_10C350F4
0x10C350F8,0x00000002,data,data_10C350F8
0x10C350FA,0x0000000A,data,data_10C350FA
0x10C35104,0x00000005,data,data_10C35104
0x10C35109,0x00000007,data,data_10C35109
0x10C35110,0x00000001,data,data_10C35110
0x10C35111,0x0000003B,data,data_10C35111
0x10C3514C,0x00000004,data,data_10C3514C
0x10C35150,0x00000004,data,data_10C35150
0x10C35154,0x00000004,data,data_10C35154
0x10C35158,0x00000002,data,data_10C35158
0x10C3515A,0x0000000A,data,data_10C3515A
0x10C35164,0x00000005,data,data_10C35164
0x10C35169,0x00000007,data,data_10C35169
0x10C35170,0x00000001,data,data_10C35170
0x10C35171,0x0000003B,data,data_10C35171
0x10C351AC,0x00000004,data,data_10C351AC
0x10C351B0,0x00000004,data,data_10C351B0
0x10C351B4,0x00000004,data,data_10C351B4
0x10C351B8,0x00000002,data,data_10C351B8
0x10C351BA,0x0000000A,data,data_10C351BA
0x10C351C4,0x00000005,data,data_10C351C4
0x10C351C9,0x00000007,data,data_10C351C9
0x10C351D0,0x00000001,data,data_10C351D0
0x10C351D1,0x0000003B,data,data_10C351D1
0x10C3520C,0x00000004,data,data_10C3520C
0x10C35210,0x00000004,data,data_10C35210
0x10C35214,0x00000004,data,data_10C35214
0x10C35218,0x00000002,data,data_10C35218
0x10C3521A,0x0000000A,data,data_10C3521A
0x10C35224,0x00000005,data,data_10C35224
0x10C35229,0x00000007,data,data_10C35229
0x10C35230,0x00000001,data,data_10C35230
0x10C35231,0x0000003B,data,data_10C35231
0x10C3526C,0x00000004,data,data_10C3526C
0x10C35270,0x00000004,data,data_10C35270
0x10C35274,0x00000004,data,data_10C35274
0x10C35278,0x00000002,data,data_10C35278
0x10C3527A,0x0000000A,data,data_10C3527A
0x10C35284,0x00000005,data,data_10C35284
0x10C35289,0x00000007,data,data_10C35289
0x10C35290,0x00000001,data,data_10C35290
0x10C35291,0x0000003B,data,data_10C35291
0x10C352CC,0x00000004,data,data_10C352CC
0x10C352D0,0x00000004,data,data_10C352D0
0x10C352D4,0x00000004,data,data_10C352D4
0x10C352D8,0x00000002,data,data_10C352D8
0x10C352DA,0x0000000A,data,data_10C352DA
0x10C352E4,0x00000005,data,data_10C352E4
0x10C352E9,0x00000007,data,data_10C352E9
0x10C352F0,0x00000001,data,data_10C352F0
0x10C352F1,0x0000003B,data,data_10C352F1
0x10C3532C,0x00000004,data,data_10C3532C
0x10C35330,0x00000004,data,data_10C35330
0x10C35334,0x00000004,data,data_10C35334
0x10C35338,0x00000002,data,data_10C35338
0x10C3533A,0x0000000A,data,data_10C3533A
0x10C35344,0x00000005,data,data_10C35344
0x10C35349,0x00000007,data,data_10C35349
0x10C35350,0x00000001,data,data_10C35350
0x10C35351,0x0000003B,data,data_10C35351
0x10C3538C,0x00000004,data,data_10C3538C
0x10C35390,0x00000004,data,data_10C35390
0x10C35394,0x00000004,data,data_10C35394
0x10C35398,0x00000002,data,data_10C35398
0x10C3539A,0x0000000A,data,data_10C3539A
0x10C353A4,0x00000005,data,data_10C353A4
0x10C353A9,0x00000007,data,data_10C353A9
0x10C353B0,0x00000001,data,data_10C353B0
0x10C353B1,0x0000003B,data,data_10C353B1
0x10C353EC,0x00000004,data,data_10C353EC
0x10C353F0,0x00000004,data,data_10C353F0
0x10C353F4,0x00000004,data,data_10C353F4
0x10C353F8,0x00000002,data,data_10C353F8
0x10C353FA,0x0000000A,data,data_10C353FA
0x10C35404,0x00000005,data,data_10C35404
0x10C35409,0x00000007,data,data_10C35409
0x10C35410,0x00000001,data,data_10C35410
0x10C35411,0x0000003B,data,data_10C35411
0x10C3544C,0x00000004,data,data_10C3544C
0x10C35450,0x00000004,data,data_10C35450
0x10C35454,0x00000004,data,data_10C35454
0x10C35458,0x00000002,data,data_10C35458
0x10C3545A,0x0000000A,data,data_10C3545A
0x10C35464,0x00000005,data,data_10C35464
0x10C35469,0x00000007,data,data_10C35469
0x10C35470,0x00000001,data,data_10C35470
0x10C35471,0x0000003B,data,data_10C35471
0x10C354AC,0x00000004,data,data_10C354AC
0x10C354B0,0x00000004,data,data_10C354B0
0x10C354B4,0x00000004,data,data_10C354B4
0x10C354B8,0x00000002,data,data_10C354B8
0x10C354BA,0x0000000A,data,data_10C354BA
0x10C354C4,0x00000005,data,data_10C354C4
0x10C354C9,0x00000007,data,data_10C354C9
0x10C354D0,0x00000001,data,data_10C354D0
0x10C354D1,0x0000003B,data,data_10C354D1
0x10C3550C,0x00000004,data,data_10C3550C
0x10C35510,0x00000004,data,data_10C35510
0x10C35514,0x00000004,data,data_10C35514
0x10C35518,0x00000002,data,data_10C35518
0x10C3551A,0x0000000A,data,data_10C3551A
0x10C35524,0x00000005,data,data_10C35524
0x10C35529,0x00000007,data,data_10C35529
0x10C35530,0x00000001,data,data_10C35530
0x10C35531,0x0000003B,data,data_10C35531
0x10C3556C,0x00000004,data,data_10C3556C
0x10C35570,0x00000004,data,data_10C35570
0x10C35574,0x00000004,data,data_10C35574
0x10C35578,0x00000002,data,data_10C35578
0x10C3557A,0x0000000A,data,data_10C3557A
0x10C35584,0x00000005,data,data_10C35584
0x10C35589,0x00000007,data,data_10C35589
0x10C35590,0x00000001,data,data_10C35590
0x10C35591,0x0000003B,data,data_10C35591
0x10C355CC,0x00000004,data,data_10C355CC
0x10C355D0,0x00000004,data,data_10C355D0
0x10C355D4,0x00000004,data,data_10C355D4
0x10C355D8,0x00000002,data,data_10C355D8
0x10C355DA,0x0000000A,data,data_10C355DA
0x10C355E4,0x00000005,data,data_10C355E4
0x10C355E9,0x00000007,data,data_10C355E9
0x10C355F0,0x00000001,data,data_10C355F0
0x10C355F1,0x0000003B,data,data_10C355F1
0x10C3562C,0x00000004,data,data_10C3562C
0x10C35630,0x00000004,data,data_10C35630
0x10C35634,0x00000004,data,data_10C35634
0x10C35638,0x00000002,data,data_10C35638
0x10C3563A,0x0000000A,data,data_10C3563A
0x10C35644,0x00000005,data,data_10C35644
0x10C35649,0x00000007,data,data_10C35649
0x10C35650,0x00000001,data,data_10C35650
0x10C35651,0x0000003B,data,data_10C35651
0x10C3568C,0x00000004,data,data_10C3568C
0x10C35690,0x00000004,data,data_10C35690
0x10C35694,0x00000004,data,data_10C35694
0x10C35698,0x00000002,data,data_10C35698
0x10C3569A,0x0000000A,data,data_10C3569A
0x10C356A4,0x00000005,data,data_10C356A4
0x10C356A9,0x00000007,data,data_10C356A9
0x10C356B0,0x00000001,data,data_10C356B0
0x10C356B1,0x0000003B,data,data_10C356B1
0x10C356EC,0x00000004,data,data_10C356EC
0x10C356F0,0x00000004,data,data_10C356F0
0x10C356F4,0x00000004,data,data_10C356F4
0x10C356F8,0x00000002,data,data_10C356F8
0x10C356FA,0x0000000A,data,data_10C356FA
0x10C35704,0x00000005,data,data_10C35704
0x10C35709,0x00000007,data,data_10C35709
0x10C35710,0x00000001,data,data_10C35710
0x10C35711,0x0000003B,data,data_10C35711
0x10C3574C,0x00000004,data,data_10C3574C
0x10C35750,0x00000004,data,data_10C35750
0x10C35754,0x00000004,data,data_10C35754
0x10C35758,0x00000002,data,data_10C35758
0x10C3575A,0x0000000A,data,data_10C3575A
0x10C35764,0x00000005,data,data_10C35764
0x10C35769,0x00000007,data,data_10C35769
0x10C35770,0x00000001,data,data_10C35770
0x10C35771,0x0000003B,data,data_10C35771
0x10C357AC,0x00000004,data,data_10C357AC
0x10C357B0,0x00000004,data,data_10C357B0
0x10C357B4,0x00000004,data,data_10C357B4
0x10C357B8,0x00000002,data,data_10C357B8
0x10C357BA,0x0000000A,data,data_10C357BA
0x10C357C4,0x00000005,data,data_10C357C4
0x10C357C9,0x00000007,data,data_10C357C9
0x10C357D0,0x00000001,data,data_10C357D0
0x10C357D1,0x0000003B,data,data_10C357D1
0x10C3580C,0x00000004,data,data_10C3580C
0x10C35810,0x00000004,data,data_10C35810
0x10C35814,0x00000004,data,data_10C35814
0x10C35818,0x00000002,data,data_10C35818
0x10C3581A,0x0000000A,data,data_10C3581A
0x10C35824,0x00000005,data,data_10C35824
0x10C35829,0x00000007,data,data_10C35829
0x10C35830,0x00000001,data,data_10C35830
0x10C35831,0x0000003B,data,data_10C35831
0x10C3586C,0x00000004,data,data_10C3586C
0x10C35870,0x00000004,data,data_10C35870
0x10C35874,0x00000004,data,data_10C35874
0x10C35878,0x00000002,data,data_10C35878
0x10C3587A,0x0000000A,data,data_10C3587A
0x10C35884,0x00000005,data,data_10C35884
0x10C35889,0x00000007,data,data_10C35889
0x10C35890,0x00000001,data,data_10C35890
0x10C35891,0x0000003B,data,data_10C35891
0x10C358CC,0x00000004,data,data_10C358CC
0x10C358D0,0x00000004,data,data_10C358D0
0x10C358D4,0x00000004,data,data_10C358D4
0x10C358D8,0x00000002,data,data_10C358D8
0x10C358DA,0x0000000A,data,data_10C358DA
0x10C358E4,0x00000005,data,data_10C358E4
0x10C358E9,0x00000007,data,data_10C358E9
0x10C358F0,0x00000001,data,data_10C358F0
0x10C358F1,0x0000003B,data,data_10C358F1
0x10C3592C,0x00000004,data,data_10C3592C
0x10C35930,0x00000004,data,data_10C35930
0x10C35934,0x00000004,data,data_10C35934
0x10C35938,0x00000002,data,data_10C35938
0x10C3593A,0x0000000A,data,data_10C3593A
0x10C35944,0x00000005,data,data_10C35944
0x10C35949,0x00000007,data,data_10C35949
0x10C35950,0x00000001,data,data_10C35950
0x10C35951,0x0000003B,data,data_10C35951
0x10C3598C,0x00000004,data,data_10C3598C
0x10C35990,0x00000004,data,data_10C35990
0x10C35994,0x00000004,data,data_10C35994
0x10C35998,0x00000002,data,data_10C35998
0x10C3599A,0x0000000A,data,data_10C3599A
0x10C359A4,0x00000005,data,data_10C359A4
0x10C359A9,0x00000007,data,data_10C359A9
0x10C359B0,0x00000001,data,data_10C359B0
0x10C359B1,0x0000003B,data,data_10C359B1
0x10C359EC,0x00000004,data,data_10C359EC
0x10C359F0,0x00000004,data,data_10C359F0
0x10C359F4,0x00000004,data,data_10C359F4
0x10C359F8,0x00000002,data,data_10C359F8
0x10C359FA,0x0000000A,data,data_10C359FA
0x10C35A04,0x00000005,data,data_10C35A04
0x10C35A09,0x00000007,data,data_10C35A09
0x10C35A10,0x00000001,data,data_10C35A10
0x10C35A11,0x0000003B,data,data_10C35A11
0x10C35A4C,0x00000004,data,data_10C35A4C
0x10C35A50,0x00000004,data,data_10C35A50
0x10C35A54,0x00000004,data,data_10C35A54
0x10C35A58,0x00000002,data,data_10C35A58
0x10C35A5A,0x0000000A,data,data_10C35A5A
0x10C35A64,0x00000005,data,data_10C35A64
0x10C35A69,0x00000007,data,data_10C35A69
0x10C35A70,0x00000001,data,data_10C35A70
0x10C35A71,0x0000003B,data,data_10C35A71
0x10C35AAC,0x00000004,data,data_10C35AAC
0x10C35AB0,0x00000004,data,data_10C35AB0
0x10C35AB4,0x00000004,data,data_10C35AB4
0x10C35AB8,0x00000002,data,data_10C35AB8
0x10C35ABA,0x0000000A,data,data_10C35ABA
0x10C35AC4,0x00000005,data,data_10C35AC4
0x10C35AC9,0x00000007,data,data_10C35AC9
0x10C35AD0,0x00000001,data,data_10C35AD0
0x10C35AD1,0x0000003B,data,data_10C35AD1
0x10C35B0C,0x00000004,data,data_10C35B0C
0x10C35B10,0x00000004,data,data_10C35B10
0x10C35B14,0x00000004,data,data_10C35B14
0x10C35B18,0x00000002,data,data_10C35B18
0x10C35B1A,0x0000000A,data,data_10C35B1A
0x10C35B24,0x00000005,data,data_10C35B24
0x10C35B29,0x00000007,data,data_10C35B29
0x10C35B30,0x00000001,data,data_10C35B30
0x10C35B31,0x0000003B,data,data_10C35B31
0x10C35B6C,0x00000004,data,data_10C35B6C
0x10C35B70,0x00000004,data,data_10C35B70
0x10C35B74,0x00000004,data,data_10C35B74
0x10C35B78,0x00000002,data,data_10C35B78
0x10C35B7A,0x0000000A,data,data_10C35B7A
0x10C35B84,0x00000005,data,data_10C35B84
0x10C35B89,0x00000007,data,data_10C35B89
0x10C35B90,0x00000001,data,data_10C35B90
0x10C35B91,0x0000003B,data,data_10C35B91
0x10C35BCC,0x00000004,data,data_10C35BCC
0x10C35BD0,0x00000004,data,data_10C35BD0
0x10C35BD4,0x00000004,data,data_10C35BD4
0x10C35BD8,0x00000002,data,data_10C35BD8
0x10C35BDA,0x0000000A,data,data_10C35BDA
0x10C35BE4,0x00000005,data,data_10C35BE4
0x10C35BE9,0x00000007,data,data_10C35BE9
0x10C35BF0,0x00000001,data,data_10C35BF0
0x10C35BF1,0x0000003B,data,data_10C35BF1
0x10C35C2C,0x00000004,data,data_10C35C2C
0x10C35C30,0x00000004,data,data_10C35C30
0x10C35C34,0x00000004,data,data_10C35C34
0x10C35C38,0x00000002,data,data_10C35C38
0x10C35C3A,0x0000000A,data,data_10C35C3A
0x10C35C44,0x00000005,data,data_10C35C44
0x10C35C49,0x00000007,data,data_10C35C49
0x10C35C50,0x00000001,data,data_10C35C50
0x10C35C51,0x0000003B,data,data_10C35C51
0x10C35C8C,0x00000004,data,data_10C35C8C
0x10C35C90,0x00000004,data,data_10C35C90
0x10C35C94,0x00000004,data,data_10C35C94
0x10C35C98,0x00000002,data,data_10C35C98
0x10C35C9A,0x0000000A,data,data_10C35C9A
0x10C35CA4,0x00000005,data,data_10C35CA4
0x10C35CA9,0x00000007,data,data_10C35CA9
0x10C35CB0,0x00000001,data,data_10C35CB0
0x10C35CB1,0x0000003B,data,data_10C35CB1
0x10C35CEC,0x00000004,data,data_10C35CEC
0x10C35CF0,0x00000004,data,data_10C35CF0
0x10C35CF4,0x00000004,data,data_10C35CF4
0x10C35CF8,0x00000002,data,data_10C35CF8
0x10C35CFA,0x0000000A,data,data_10C35CFA
0x10C35D04,0x00000005,data,data_10C35D04
0x10C35D09,0x00000007,data,data_10C35D09
0x10C35D10,0x00000001,data,data_10C35D10
0x10C35D11,0x0000003B,data,data_10C35D11
0x10C35D4C,0x00000004,data,data_10C35D4C
0x10C35D50,0x00000004,data,data_10C35D50
0x10C35D54,0x00000004,data,data_10C35D54
0x10C35D58,0x00000002,data,data_10C35D58
0x10C35D5A,0x0000000A,data,data_10C35D5A
0x10C35D64,0x00000005,data,data_10C35D64
0x10C35D69,0x00000007,data,data_10C35D69
0x10C35D70,0x00000001,data,data_10C35D70
0x10C35D71,0x0000003B,data,data_10C35D71
0x10C35DAC,0x00000004,data,data_10C35DAC
0x10C35DB0,0x00000004,data,data_10C35DB0
0x10C35DB4,0x00000004,data,data_10C35DB4
0x10C35DB8,0x00000002,data,data_10C35DB8
0x10C35DBA,0x0000000A,data,data_10C35DBA
0x10C35DC4,0x00000005,data,data_10C35DC4
0x10C35DC9,0x00000007,data,data_10C35DC9
0x10C35DD0,0x00000001,data,data_10C35DD0
0x10C35DD1,0x0000003B,data,data_10C35DD1
0x10C35E0C,0x00000004,data,data_10C35E0C
0x10C35E10,0x00000004,data,data_10C35E10
0x10C35E14,0x00000004,data,data_10C35E14
0x10C35E18,0x00000002,data,data_10C35E18
0x10C35E1A,0x0000000A,data,data_10C35E1A
0x10C35E24,0x00000005,data,data_10C35E24
0x10C35E29,0x00000007,data,data_10C35E29
0x10C35E30,0x00000001,data,data_10C35E30
0x10C35E31,0x0000003B,data,data_10C35E31
0x10C35E6C,0x00000004,data,data_10C35E6C
0x10C35E70,0x00000004,data,data_10C35E70
0x10C35E74,0x00000004,data,data_10C35E74
0x10C35E78,0x00000002,data,data_10C35E78
0x10C35E7A,0x0000000A,data,data_10C35E7A
0x10C35E84,0x00000005,data,data_10C35E84
0x10C35E89,0x00000007,data,data_10C35E89
0x10C35E90,0x00000001,data,data_10C35E90
0x10C35E91,0x0000003B,data,data_10C35E91
0x10C35ECC,0x00000004,data,data_10C35ECC
0x10C35ED0,0x00000004,data,data_10C35ED0
0x10C35ED4,0x00000004,data,data_10C35ED4
0x10C35ED8,0x00000002,data,data_10C35ED8
0x10C35EDA,0x0000000A,data,data_10C35EDA
0x10C35EE4,0x00000005,data,data_10C35EE4
0x10C35EE9,0x00000007,data,data_10C35EE9
0x10C35EF0,0x00000001,data,data_10C35EF0
0x10C35EF1,0x0000003B,data,data_10C35EF1
0x10C35F2C,0x00000004,data,data_10C35F2C
0x10C35F30,0x00000004,data,data_10C35F30
0x10C35F34,0x00000004,data,data_10C35F34
0x10C35F38,0x00000002,data,data_10C35F38
0x10C35F3A,0x0000000A,data,data_10C35F3A
0x10C35F44,0x00000005,data,data_10C35F44
0x10C35F49,0x00000007,data,data_10C35F49
0x10C35F50,0x00000001,data,data_10C35F50
0x10C35F51,0x0000003B,data,data_10C35F51
0x10C35F8C,0x00000004,data,data_10C35F8C
0x10C35F90,0x00000004,data,data_10C35F90
0x10C35F94,0x00000004,data,data_10C35F94
0x10C35F98,0x00000002,data,data_10C35F98
0x10C35F9A,0x0000000A,data,data_10C35F9A
0x10C35FA4,0x00000005,data,data_10C35FA4
0x10C35FA9,0x00000007,data,data_10C35FA9
0x10C35FB0,0x00000001,data,data_10C35FB0
0x10C35FB1,0x0000003B,data,data_10C35FB1
0x10C35FEC,0x00000004,data,data_10C35FEC
0x10C35FF0,0x00000004,data,data_10C35FF0
0x10C35FF4,0x00000004,data,data_10C35FF4
0x10C35FF8,0x00000002,data,data_10C35FF8
0x10C35FFA,0x0000000A,data,data_10C35FFA
0x10C36004,0x00000005,data,data_10C36004
0x10C36009,0x00000007,data,data_10C36009
0x10C36010,0x00000001,data,data_10C36010
0x10C36011,0x0000003B,data,data_10C36011
0x10C3604C,0x00000004,data,data_10C3604C
0x10C36050,0x00000004,data,data_10C36050
0x10C36054,0x00000004,data,data_10C36054
0x10C36058,0x00000002,data,data_10C36058
0x10C3605A,0x0000000A,data,data_10C3605A
0x10C36064,0x00000005,data,data_10C36064
0x10C36069,0x00000007,data,data_10C36069
0x10C36070,0x00000001,data,data_10C36070
0x10C36071,0x0000003B,data,data_10C36071
0x10C360AC,0x00000004,data,data_10C360AC
0x10C360B0,0x00000004,data,data_10C360B0
0x10C360B4,0x00000004,data,data_10C360B4
0x10C360B8,0x00000002,data,data_10C360B8
0x10C360BA,0x0000000A,data,data_10C360BA
0x10C360C4,0x00000005,data,data_10C360C4
0x10C360C9,0x00000007,data,data_10C360C9
0x10C360D0,0x00000001,data,data_10C360D0
0x10C360D1,0x0000003B,data,data_10C360D1
0x10C3610C,0x00000004,data,data_10C3610C
0x10C36110,0x00000004,data,data_10C36110
0x10C36114,0x00000004,data,data_10C36114
0x10C36118,0x00000002,data,data_10C36118
0x10C3611A,0x0000000A,data,data_10C3611A
0x10C36124,0x00000005,data,data_10C36124
0x10C36129,0x00000007,data,data_10C36129
0x10C36130,0x00000001,data,data_10C36130
0x10C36131,0x0000003B,data,data_10C36131
0x10C3616C,0x00000004,data,data_10C3616C
0x10C36170,0x00000004,data,data_10C36170
0x10C36174,0x00000004,data,data_10C36174
0x10C36178,0x00000002,data,data_10C36178
0x10C3617A,0x0000000A,data,data_10C3617A
0x10C36184,0x00000005,data,data_10C36184
0x10C36189,0x00000007,data,data_10C36189
0x10C36190,0x00000001,data,data_10C36190
0x10C36191,0x0000003B,data,data_10C36191
0x10C361CC,0x00000004,data,data_10C361CC
0x10C361D0,0x00000004,data,data_10C361D0
0x10C361D4,0x00000004,data,data_10C361D4
0x10C361D8,0x00000002,data,data_10C361D8
0x10C361DA,0x0000000A,data,data_10C361DA
0x10C361E4,0x00000005,data,data_10C361E4
0x10C361E9,0x00000007,data,data_10C361E9
0x10C361F0,0x00000001,data,data_10C361F0
0x10C361F1,0x0000003B,data,data_10C361F1
0x10C3622C,0x00000004,data,data_10C3622C
0x10C36230,0x00000004,data,data_10C36230
0x10C36234,0x00000004,data,data_10C36234
0x10C36238,0x00000002,data,data_10C36238
0x10C3623A,0x0000000A,data,data_10C3623A
0x10C36244,0x00000005,data,data_10C36244
0x10C36249,0x00000007,data,data_10C36249
0x10C36250,0x00000001,data,data_10C36250
0x10C36251,0x0000003B,data,data_10C36251
0x10C3628C,0x00000004,data,data_10C3628C
0x10C36290,0x00000004,data,data_10C36290
0x10C36294,0x00000004,data,data_10C36294
0x10C36298,0x00000002,data,data_10C36298
0x10C3629A,0x0000000A,data,data_10C3629A
0x10C362A4,0x00000005,data,data_10C362A4
0x10C362A9,0x00000007,data,data_10C362A9
0x10C362B0,0x00000001,data,data_10C362B0
0x10C362B1,0x0000003B,data,data_10C362B1
0x10C362EC,0x00000004,data,data_10C362EC
0x10C362F0,0x00000004,data,data_10C362F0
0x10C362F4,0x00000004,data,data_10C362F4
0x10C362F8,0x00000002,data,data_10C362F8
0x10C362FA,0x0000000A,data,data_10C362FA
0x10C36304,0x00000005,data,data_10C36304
0x10C36309,0x00000007,data,data_10C36309
0x10C36310,0x00000001,data,data_10C36310
0x10C36311,0x0000003B,data,data_10C36311
0x10C3634C,0x00000004,data,data_10C3634C
0x10C36350,0x00000004,data,data_10C36350
0x10C36354,0x00000004,data,data_10C36354
0x10C36358,0x00000002,data,data_10C36358
0x10C3635A,0x0000000A,data,data_10C3635A
0x10C36364,0x00000005,data,data_10C36364
0x10C36369,0x00000007,data,data_10C36369
0x10C36370,0x00000001,data,data_10C36370
0x10C36371,0x0000003B,data,data_10C36371
0x10C363AC,0x00000004,data,data_10C363AC
0x10C363B0,0x00000004,data,data_10C363B0
0x10C363B4,0x00000004,data,data_10C363B4
0x10C363B8,0x00000002,data,data_10C363B8
0x10C363BA,0x0000000A,data,data_10C363BA
0x10C363C4,0x00000005,data,data_10C363C4
0x10C363C9,0x00000007,data,data_10C363C9
0x10C363D0,0x00000001,data,data_10C363D0
0x10C363D1,0x0000003B,data,data_10C363D1
0x10C3640C,0x00000004,data,data_10C3640C
0x10C36410,0x00000004,data,data_10C36410
0x10C36414,0x00000004,data,data_10C36414
0x10C36418,0x00000002,data,data_10C36418
0x10C3641A,0x0000000A,data,data_10C3641A
0x10C36424,0x00000005,data,data_10C36424
0x10C36429,0x00000007,data,data_10C36429
0x10C36430,0x00000001,data,data_10C36430
0x10C36431,0x0000003B,data,data_10C36431
0x10C3646C,0x00000004,data,data_10C3646C
0x10C36470,0x00000004,data,data_10C36470
0x10C36474,0x00000004,data,data_10C36474
0x10C36478,0x00000002,data,data_10C36478
0x10C3647A,0x0000000A,data,data_10C3647A
0x10C36484,0x00000005,data,data_10C36484
0x10C36489,0x00000007,data,data_10C36489
0x10C36490,0x00000001,data,data_10C36490
0x10C36491,0x0000003B,data,data_10C36491
0x10C364CC,0x00000004,data,data_10C364CC
0x10C364D0,0x00000004,data,data_10C364D0
0x10C364D4,0x00000004,data,data_10C364D4
0x10C364D8,0x00000002,data,data_10C364D8
0x10C364DA,0x0000000A,data,data_10C364DA
0x10C364E4,0x00000005,data,data_10C364E4
0x10C364E9,0x00000007,data,data_10C364E9
0x10C364F0,0x00000001,data,data_10C364F0
0x10C364F1,0x0000003B,data,data_10C364F1
0x10C3652C,0x00000004,data,data_10C3652C
0x10C36530,0x00000004,data,data_10C36530
0x10C36534,0x00000004,data,data_10C36534
0x10C36538,0x00000002,data,data_10C36538
0x10C3653A,0x0000000A,data,data_10C3653A
0x10C36544,0x00000005,data,data_10C36544
0x10C36549,0x00000007,data,data_10C36549
0x10C36550,0x00000001,data,data_10C36550
0x10C36551,0x0000003B,data,data_10C36551
0x10C3658C,0x00000004,data,data_10C3658C
0x10C36590,0x00000004,data,data_10C36590
0x10C36594,0x00000004,data,data_10C36594
0x10C36598,0x00000002,data,data_10C36598
0x10C3659A,0x0000000A,data,data_10C3659A
0x10C365A4,0x00000005,data,data_10C365A4
0x10C365A9,0x00000007,data,data_10C365A9
0x10C365B0,0x00000001,data,data_10C365B0
0x10C365B1,0x0000003B,data,data_10C365B1
0x10C365EC,0x00000004,data,data_10C365EC
0x10C365F0,0x00000004,data,data_10C365F0
0x10C365F4,0x00000004,data,data_10C365F4
0x10C365F8,0x00000002,data,data_10C365F8
0x10C365FA,0x0000000A,data,data_10C365FA
0x10C36604,0x00000005,data,data_10C36604
0x10C36609,0x00000007,data,data_10C36609
0x10C36610,0x00000001,data,data_10C36610
0x10C36611,0x0000003B,data,data_10C36611
0x10C3664C,0x00000004,data,data_10C3664C
0x10C36650,0x00000004,data,data_10C36650
0x10C36654,0x00000004,data,data_10C36654
0x10C36658,0x00000002,data,data_10C36658
0x10C3665A,0x0000000A,data,data_10C3665A
0x10C36664,0x00000005,data,data_10C36664
0x10C36669,0x00000007,data,data_10C36669
0x10C36670,0x00000001,data,data_10C36670
0x10C36671,0x0000003B,data,data_10C36671
0x10C366AC,0x00000004,data,data_10C366AC
0x10C366B0,0x00000004,data,data_10C366B0
0x10C366B4,0x00000004,data,data_10C366B4
0x10C366B8,0x00000002,data,data_10C366B8
0x10C366BA,0x0000000A,data,data_10C366BA
0x10C366C4,0x00000005,data,data_10C366C4
0x10C366C9,0x00000007,data,data_10C366C9
0x10C366D0,0x00000001,data,data_10C366D0
0x10C366D1,0x0000003B,data,data_10C366D1
0x10C3670C,0x00000004,data,data_10C3670C
0x10C36710,0x00000004,data,data_10C36710
0x10C36714,0x00000004,data,data_10C36714
0x10C36718,0x00000002,data,data_10C36718
0x10C3671A,0x0000000A,data,data_10C3671A
0x10C36724,0x00000005,data,data_10C36724
0x10C36729,0x00000007,data,data_10C36729
0x10C36730,0x00000001,data,data_10C36730
0x10C36731,0x0000003B,data,data_10C36731
0x10C3676C,0x00000004,data,data_10C3676C
0x10C36770,0x00000004,data,data_10C36770
0x10C36774,0x00000004,data,data_10C36774
0x10C36778,0x00000002,data,data_10C36778
0x10C3677A,0x0000000A,data,data_10C3677A
0x10C36784,0x00000005,data,data_10C36784
0x10C36789,0x00000007,data,data_10C36789
0x10C36790,0x00000001,data,data_10C36790
0x10C36791,0x0000003B,data,data_10C36791
0x10C367CC,0x00000004,data,data_10C367CC
0x10C367D0,0x00000004,data,data_10C367D0
0x10C367D4,0x00000004,data,data_10C367D4
0x10C367D8,0x00000002,data,data_10C367D8
0x10C367DA,0x0000000A,data,data_10C367DA
0x10C367E4,0x00000005,data,data_10C367E4
0x10C367E9,0x00000007,data,data_10C367E9
0x10C367F0,0x00000001,data,data_10C367F0
0x10C367F1,0x0000003B,data,data_10C367F1
0x10C3682C,0x00000004,data,data_10C3682C
0x10C36830,0x00000004,data,data_10C36830
0x10C36834,0x00000004,data,data_10C36834
0x10C36838,0x00000002,data,data_10C36838
0x10C3683A,0x0000000A,data,data_10C3683A
0x10C36844,0x00000005,data,data_10C36844
0x10C36849,0x00000007,data,data_10C36849
0x10C36850,0x00000001,data,data_10C36850
0x10C36851,0x0000003B,data,data_10C36851
0x10C3688C,0x00000004,data,data_10C3688C
0x10C36890,0x00000004,data,data_10C36890
0x10C36894,0x00000004,data,data_10C36894
0x10C36898,0x00000002,data,data_10C36898
0x10C3689A,0x0000000A,data,data_10C3689A
0x10C368A4,0x00000005,data,data_10C368A4
0x10C368A9,0x00000007,data,data_10C368A9
0x10C368B0,0x00000001,data,data_10C368B0
0x10C368B1,0x0000003B,data,data_10C368B1
0x10C368EC,0x00000004,data,data_10C368EC
0x10C368F0,0x00000004,data,data_10C368F0
0x10C368F4,0x00000004,data,data_10C368F4
0x10C368F8,0x00000002,data,data_10C368F8
0x10C368FA,0x0000000A,data,data_10C368FA
0x10C36904,0x00000005,data,data_10C36904
0x10C36909,0x00000007,data,data_10C36909
0x10C36910,0x00000001,data,data_10C36910
0x10C36911,0x0000003B,data,data_10C36911
0x10C3694C,0x00000004,data,data_10C3694C
0x10C36950,0x00000004,data,data_10C36950
0x10C36954,0x00000004,data,data_10C36954
0x10C36958,0x00000002,data,data_10C36958
0x10C3695A,0x0000000A,data,data_10C3695A
0x10C36964,0x00000005,data,data_10C36964
0x10C36969,0x00000007,data,data_10C36969
0x10C36970,0x00000001,data,data_10C36970
0x10C36971,0x0000003B,data,data_10C36971
0x10C369AC,0x00000004,data,data_10C369AC
0x10C369B0,0x00000004,data,data_10C369B0
0x10C369B4,0x00000004,data,data_10C369B4
0x10C369B8,0x00000002,data,data_10C369B8
0x10C369BA,0x0000000A,data,data_10C369BA
0x10C369C4,0x00000005,data,data_10C369C4
0x10C369C9,0x00000007,data,data_10C369C9
0x10C369D0,0x00000001,data,data_10C369D0
0x10C369D1,0x0000003B,data,data_10C369D1
0x10C36A0C,0x00000004,data,data_10C36A0C
0x10C36A10,0x00000004,data,data_10C36A10
0x10C36A14,0x00000004,data,data_10C36A14
0x10C36A18,0x00000002,data,data_10C36A18
0x10C36A1A,0x0000000A,data,data_10C36A1A
0x10C36A24,0x00000005,data,data_10C36A24
0x10C36A29,0x00000007,data,data_10C36A29
0x10C36A30,0x00000001,data,data_10C36A30
0x10C36A31,0x0000003B,data,data_10C36A31
0x10C36A6C,0x00000004,data,data_10C36A6C
0x10C36A70,0x00000004,data,data_10C36A70
0x10C36A74,0x00000004,data,data_10C36A74
0x10C36A78,0x00000002,data,data_10C36A78
0x10C36A7A,0x0000000A,data,data_10C36A7A
0x10C36A84,0x00000005,data,data_10C36A84
0x10C36A89,0x00000007,data,data_10C36A89
0x10C36A90,0x00000001,data,data_10C36A90
0x10C36A91,0x0000003B,data,data_10C36A91
0x10C36ACC,0x00000004,data,data_10C36ACC
0x10C36AD0,0x00000004,data,data_10C36AD0
0x10C36AD4,0x00000004,data,data_10C36AD4
0x10C36AD8,0x00000002,data,data_10C36AD8
0x10C36ADA,0x0000000A,data,data_10C36ADA
0x10C36AE4,0x00000005,data,data_10C36AE4
0x10C36AE9,0x00000007,data,data_10C36AE9
0x10C36AF0,0x00000001,data,data_10C36AF0
0x10C36AF1,0x0000003B,data,data_10C36AF1
0x10C36B2C,0x00000004,data,data_10C36B2C
0x10C36B30,0x00000004,data,data_10C36B30
0x10C36B34,0x00000004,data,data_10C36B34
0x10C36B38,0x00000002,data,data_10C36B38
0x10C36B3A,0x0000000A,data,data_10C36B3A
0x10C36B44,0x00000005,data,data_10C36B44
0x10C36B49,0x00000007,data,data_10C36B49
0x10C36B50,0x00000001,data,data_10C36B50
0x10C36B51,0x0000003B,data,data_10C36B51
0x10C36B8C,0x00000004,data,data_10C36B8C
0x10C36B90,0x00000004,data,data_10C36B90
0x10C36B94,0x00000004,data,data_10C36B94
0x10C36B98,0x00000002,data,data_10C36B98
0x10C36B9A,0x0000000A,data,data_10C36B9A
0x10C36BA4,0x00000005,data,data_10C36BA4
0x10C36BA9,0x00000007,data,data_10C36BA9
0x10C36BB0,0x00000001,data,data_10C36BB0
0x10C36BB1,0x0000003B,data,data_10C36BB1
0x10C36BEC,0x00000004,data,data_10C36BEC
0x10C36BF0,0x00000004,data,data_10C36BF0
0x10C36BF4,0x00000004,data,data_10C36BF4
0x10C36BF8,0x00000002,data,data_10C36BF8
0x10C36BFA,0x0000000A,data,data_10C36BFA
0x10C36C04,0x00000005,data,data_10C36C04
0x10C36C09,0x00000007,data,data_10C36C09
0x10C36C10,0x00000001,data,data_10C36C10
0x10C36C11,0x0000003B,data,data_10C36C11
0x10C36C4C,0x00000004,data,data_10C36C4C
0x10C36C50,0x00000004,data,data_10C36C50
0x10C36C54,0x00000004,data,data_10C36C54
0x10C36C58,0x00000002,data,data_10C36C58
0x10C36C5A,0x0000000A,data,data_10C36C5A
0x10C36C64,0x00000005,data,data_10C36C64
0x10C36C69,0x00000007,data,data_10C36C69
0x10C36C70,0x00000001,data,data_10C36C70
0x10C36C71,0x0000003B,data,data_10C36C71
0x10C36CAC,0x00000004,data,data_10C36CAC
0x10C36CB0,0x00000004,data,data_10C36CB0
0x10C36CB4,0x00000004,data,data_10C36CB4
0x10C36CB8,0x00000002,data,data_10C36CB8
0x10C36CBA,0x0000000A,data,data_10C36CBA
0x10C36CC4,0x00000005,data,data_10C36CC4
0x10C36CC9,0x00000007,data,data_10C36CC9
0x10C36CD0,0x00000001,data,data_10C36CD0
0x10C36CD1,0x0000003B,data,data_10C36CD1
0x10C36D0C,0x00000004,data,data_10C36D0C
0x10C36D10,0x00000004,data,data_10C36D10
0x10C36D14,0x00000004,data,data_10C36D14
0x10C36D18,0x00000002,data,data_10C36D18
0x10C36D1A,0x0000000A,data,data_10C36D1A
0x10C36D24,0x00000005,data,data_10C36D24
0x10C36D29,0x00000007,data,data_10C36D29
0x10C36D30,0x00000001,data,data_10C36D30
0x10C36D31,0x0000003B,data,data_10C36D31
0x10C36D6C,0x00000004,data,data_10C36D6C
0x10C36D70,0x00000004,data,data_10C36D70
0x10C36D74,0x00000004,data,data_10C36D74
0x10C36D78,0x00000002,data,data_10C36D78
0x10C36D7A,0x0000000A,data,data_10C36D7A
0x10C36D84,0x00000005,data,data_10C36D84
0x10C36D89,0x00000007,data,data_10C36D89
0x10C36D90,0x00000001,data,data_10C36D90
0x10C36D91,0x0000003B,data,data_10C36D91
0x10C36DCC,0x00000004,data,data_10C36DCC
0x10C36DD0,0x00000004,data,data_10C36DD0
0x10C36DD4,0x00000004,data,data_10C36DD4
0x10C36DD8,0x00000002,data,data_10C36DD8
0x10C36DDA,0x0000000A,data,data_10C36DDA
0x10C36DE4,0x00000005,data,data_10C36DE4
0x10C36DE9,0x00000007,data,data_10C36DE9
0x10C36DF0,0x00000001,data,data_10C36DF0
0x10C36DF1,0x0000003B,data,data_10C36DF1
0x10C36E2C,0x00000004,data,data_10C36E2C
0x10C36E30,0x00000004,data,data_10C36E30
0x10C36E34,0x00000004,data,data_10C36E34
0x10C36E38,0x00000002,data,data_10C36E38
0x10C36E3A,0x0000000A,data,data_10C36E3A
0x10C36E44,0x00000005,data,data_10C36E44
0x10C36E49,0x00000007,data,data_10C36E49
0x10C36E50,0x00000001,data,data_10C36E50
0x10C36E51,0x0000003B,data,data_10C36E51
0x10C36E8C,0x00000004,data,data_10C36E8C
0x10C36E90,0x00000004,data,data_10C36E90
0x10C36E94,0x00000004,data,data_10C36E94
0x10C36E98,0x00000002,data,data_10C36E98
0x10C36E9A,0x0000000A,data,data_10C36E9A
0x10C36EA4,0x00000005,data,data_10C36EA4
0x10C36EA9,0x00000007,data,data_10C36EA9
0x10C36EB0,0x00000001,data,data_10C36EB0
0x10C36EB1,0x0000003B,data,data_10C36EB1
0x10C36EEC,0x00000004,data,data_10C36EEC
0x10C36EF0,0x00000004,data,data_10C36EF0
0x10C36EF4,0x00000004,data,data_10C36EF4
0x10C36EF8,0x00000002,data,data_10C36EF8
0x10C36EFA,0x0000000A,data,data_10C36EFA
0x10C36F04,0x00000005,data,data_10C36F04
0x10C36F09,0x00000007,data,data_10C36F09
0x10C36F10,0x00000001,data,data_10C36F10
0x10C36F11,0x0000003B,data,data_10C36F11
0x10C36F4C,0x00000004,data,data_10C36F4C
0x10C36F50,0x00000004,data,data_10C36F50
0x10C36F54,0x00000004,data,data_10C36F54
0x10C36F58,0x00000002,data,data_10C36F58
0x10C36F5A,0x0000000A,data,data_10C36F5A
0x10C36F64,0x00000005,data,data_10C36F64
0x10C36F69,0x00000007,data,data_10C36F69
0x10C36F70,0x00000001,data,data_10C36F70
0x10C36F71,0x0000003B,data,data_10C36F71
0x10C36FAC,0x00000004,data,data_10C36FAC
0x10C36FB0,0x00000004,data,data_10C36FB0
0x10C36FB4,0x00000004,data,data_10C36FB4
0x10C36FB8,0x00000002,data,data_10C36FB8
0x10C36FBA,0x0000000A,data,data_10C36FBA
0x10C36FC4,0x00000005,data,data_10C36FC4
0x10C36FC9,0x00000007,data,data_10C36FC9
0x10C36FD0,0x00000001,data,data_10C36FD0
0x10C36FD1,0x0000003B,data,data_10C36FD1
0x10C3700C,0x00000004,data,data_10C3700C
0x10C37010,0x00000004,data,data_10C37010
0x10C37014,0x00000004,data,data_10C37014
0x10C37018,0x00000002,data,data_10C37018
0x10C3701A,0x0000000A,data,data_10C3701A
0x10C37024,0x00000005,data,data_10C37024
0x10C37029,0x00000007,data,data_10C37029
0x10C37030,0x00000001,data,data_10C37030
0x10C37031,0x0000003B,data,data_10C37031
0x10C3706C,0x00000004,data,data_10C3706C
0x10C37070,0x00000004,data,data_10C37070
0x10C37074,0x00000004,data,data_10C37074
0x10C37078,0x00000002,data,data_10C37078
0x10C3707A,0x0000000A,data,data_10C3707A
0x10C37084,0x00000005,data,data_10C37084
0x10C37089,0x00000007,data,data_10C37089
0x10C37090,0x00000001,data,data_10C37090
0x10C37091,0x0000003B,data,data_10C37091
0x10C370CC,0x00000004,data,data_10C370CC
0x10C370D0,0x00000004,data,data_10C370D0
0x10C370D4,0x00000004,data,data_10C370D4
0x10C370D8,0x00000002,data,data_10C370D8
0x10C370DA,0x0000000A,data,data_10C370DA
0x10C370E4,0x00000005,data,data_10C370E4
0x10C370E9,0x00000007,data,data_10C370E9
0x10C370F0,0x00000001,data,data_10C370F0
0x10C370F1,0x0000003B,data,data_10C370F1
0x10C3712C,0x00000004,data,data_10C3712C
0x10C37130,0x00000004,data,data_10C37130
0x10C37134,0x00000004,data,data_10C37134
0x10C37138,0x00000002,data,data_10C37138
0x10C3713A,0x0000000A,data,data_10C3713A
0x10C37144,0x00000005,data,data_10C37144
0x10C37149,0x00000007,data,data_10C37149
0x10C37150,0x00000001,data,data_10C37150
0x10C37151,0x0000003B,data,data_10C37151
0x10C3718C,0x00000004,data,data_10C3718C
0x10C37190,0x00000004,data,data_10C37190
0x10C37194,0x00000004,data,data_10C37194
0x10C37198,0x00000002,data,data_10C37198
0x10C3719A,0x0000000A,data,data_10C3719A
0x10C371A4,0x00000005,data,data_10C371A4
0x10C371A9,0x00000007,data,data_10C371A9
0x10C371B0,0x00000001,data,data_10C371B0
0x10C371B1,0x0000003B,data,data_10C371B1
0x10C371EC,0x00000004,data,data_10C371EC
0x10C371F0,0x00000004,data,data_10C371F0
0x10C371F4,0x00000004,data,data_10C371F4
0x10C371F8,0x00000002,data,data_10C371F8
0x10C371FA,0x0000000A,data,data_10C371FA
0x10C37204,0x00000005,data,data_10C37204
0x10C37209,0x00000007,data,data_10C37209
0x10C37210,0x00000001,data,data_10C37210
0x10C37211,0x0000003B,data,data_10C37211
0x10C3724C,0x00000004,data,data_10C3724C
0x10C37250,0x00000004,data,data_10C37250
0x10C37254,0x00000004,data,data_10C37254
0x10C37258,0x00000002,data,data_10C37258
0x10C3725A,0x0000000A,data,data_10C3725A
0x10C37264,0x00000005,data,data_10C37264
0x10C37269,0x00000007,data,data_10C37269
0x10C37270,0x00000001,data,data_10C37270
0x10C37271,0x0000003B,data,data_10C37271
0x10C372AC,0x00000004,data,data_10C372AC
0x10C372B0,0x00000004,data,data_10C372B0
0x10C372B4,0x00000004,data,data_10C372B4
0x10C372B8,0x00000002,data,data_10C372B8
0x10C372BA,0x0000000A,data,data_10C372BA
0x10C372C4,0x00000005,data,data_10C372C4
0x10C372C9,0x00000007,data,data_10C372C9
0x10C372D0,0x00000001,data,data_10C372D0
0x10C372D1,0x0000003B,data,data_10C372D1
0x10C3730C,0x00000004,data,data_10C3730C
0x10C37310,0x00000004,data,data_10C37310
0x10C37314,0x00000004,data,data_10C37314
0x10C37318,0x00000002,data,data_10C37318
0x10C3731A,0x0000000A,data,data_10C3731A
0x10C37324,0x00000005,data,data_10C37324
0x10C37329,0x00000007,data,data_10C37329
0x10C37330,0x00000001,data,data_10C37330
0x10C37331,0x0000003B,data,data_10C37331
0x10C3736C,0x00000004,data,data_10C3736C
0x10C37370,0x00000004,data,data_10C37370
0x10C37374,0x00000004,data,data_10C37374
0x10C37378,0x00000002,data,data_10C37378
0x10C3737A,0x0000000A,data,data_10C3737A
0x10C37384,0x00000005,data,data_10C37384
0x10C37389,0x00000007,data,data_10C37389
0x10C37390,0x00000001,data,data_10C37390
0x10C37391,0x0000003B,data,data_10C37391
0x10C373CC,0x00000004,data,data_10C373CC
0x10C373D0,0x00000004,data,data_10C373D0
0x10C373D4,0x00000004,data,data_10C373D4
0x10C373D8,0x00000002,data,data_10C373D8
0x10C373DA,0x0000000A,data,data_10C373DA
0x10C373E4,0x00000005,data,data_10C373E4
0x10C373E9,0x00000007,data,data_10C373E9
0x10C373F0,0x00000001,data,data_10C373F0
0x10C373F1,0x0000003B,data,data_10C373F1
0x10C3742C,0x00000004,data,data_10C3742C
0x10C37430,0x00000004,data,data_10C37430
0x10C37434,0x00000004,data,data_10C37434
0x10C37438,0x00000002,data,data_10C37438
0x10C3743A,0x0000000A,data,data_10C3743A
0x10C37444,0x00000005,data,data_10C37444
0x10C37449,0x00000007,data,data_10C37449
0x10C37450,0x00000001,data,data_10C37450
0x10C37451,0x0000003B,data,data_10C37451
0x10C3748C,0x00000004,data,data_10C3748C
0x10C37490,0x00000004,data,data_10C37490
0x10C37494,0x00000004,data,data_10C37494
0x10C37498,0x00000002,data,data_10C37498
0x10C3749A,0x0000000A,data,data_10C3749A
0x10C374A4,0x00000005,data,data_10C374A4
0x10C374A9,0x00000007,data,data_10C374A9
0x10C374B0,0x00000001,data,data_10C374B0
0x10C374B1,0x0000003B,data,data_10C374B1
0x10C374EC,0x00000004,data,data_10C374EC
0x10C374F0,0x00000004,data,data_10C374F0
0x10C374F4,0x00000004,data,data_10C374F4
0x10C374F8,0x00000002,data,data_10C374F8
0x10C374FA,0x0000000A,data,data_10C374FA
0x10C37504,0x00000005,data,data_10C37504
0x10C37509,0x00000007,data,data_10C37509
0x10C37510,0x00000001,data,data_10C37510
0x10C37511,0x0000003B,data,data_10C37511
0x10C3754C,0x00000004,data,data_10C3754C
0x10C37550,0x00000004,data,data_10C37550
0x10C37554,0x00000004,data,data_10C37554
0x10C37558,0x00000002,data,data_10C37558
0x10C3755A,0x0000000A,data,data_10C3755A
0x10C37564,0x00000005,data,data_10C37564
0x10C37569,0x00000007,data,data_10C37569
0x10C37570,0x00000001,data,data_10C37570
0x10C37571,0x0000003B,data,data_10C37571
0x10C375AC,0x00000004,data,data_10C375AC
0x10C375B0,0x00000004,data,data_10C375B0
0x10C375B4,0x00000004,data,data_10C375B4
0x10C375B8,0x00000002,data,data_10C375B8
0x10C375BA,0x0000000A,data,data_10C375BA
0x10C375C4,0x00000005,data,data_10C375C4
0x10C375C9,0x00000007,data,data_10C375C9
0x10C375D0,0x00000001,data,data_10C375D0
0x10C375D1,0x0000003B,data,data_10C375D1
0x10C3760C,0x00000004,data,data_10C3760C
0x10C37610,0x00000004,data,data_10C37610
0x10C37614,0x00000004,data,data_10C37614
0x10C37618,0x00000002,data,data_10C37618
0x10C3761A,0x0000000A,data,data_10C3761A
0x10C37624,0x00000005,data,data_10C37624
0x10C37629,0x00000007,data,data_10C37629
0x10C37630,0x00000001,data,data_10C37630
0x10C37631,0x0000003B,data,data_10C37631
0x10C3766C,0x00000009,data,data_10C3766C
0x10C37675,0x0000002B,data,data_10C37675
0x10C376A0,0x0000004D,data,data_10C376A0
0x10C376ED,0x0000003B,data,data_10C376ED
0x10C37728,0x00000100,data,data_10C37728
0x10C37828,0x00000100,data,data_10C37828
0x10C37928,0x000000D1,data,data_10C37928
0x10C379F9,0x0000003B,data,data_10C379F9
0x10C37A34,0x00000100,data,data_10C37A34
0x10C37B34,0x000000C5,data,data_10C37B34
0x10C37BF9,0x0000000F,data,data_10C37BF9
0x10C37C08,0x00000031,data,data_10C37C08
0x10C37C39,0x00000007,data,data_10C37C39
0x10C37C40,0x00000004,data,data_10C37C40
0x10C37C44,0x00000004,data,data_10C37C44
0x10C37C48,0x00000004,data,data_10C37C48
0x10C37C4C,0x00000004,data,data_10C37C4C
0x10C37C50,0x00000004,data,data_10C37C50
0x10C37C54,0x00000004,data,data_10C37C54
0x10C37C58,0x00000004,data,data_10C37C58
0x10C37C5C,0x00000004,data,data_10C37C5C
0x10C37C60,0x00000004,data,data_10C37C60
0x10C37C64,0x00000004,data,data_10C37C64
0x10C37C68,0x00000031,data,data_10C37C68
0x10C37C99,0x0000000B,data,data_10C37C99
0x10C37CA4,0x00000031,data,data_10C37CA4
0x10C37CD5,0x0000000B,data,data_10C37CD5
0x10C37CE0,0x00000031,data,data_10C37CE0
0x10C37D11,0x0000002B,data,data_10C37D11
0x10C37D3C,0x00000031,data,data_10C37D3C
0x10C37D6D,0x0000000B,data,data_10C37D6D
0x10C37D78,0x00000031,data,data_10C37D78
0x10C37DA9,0x00000008,data,data_10C37DA9
0x10C37DB1,0x0000002B,data,data_10C37DB1
0x10C37DDC,0x00000004,data,data_10C37DDC
0x10C37DE0,0x00000069,data,data_10C37DE0
0x10C37E49,0x00000007,data,data_10C37E49
0x10C37E50,0x0000005D,data,data_10C37E50
0x10C37EAD,0x0000000B,data,data_10C37EAD
0x10C37EB8,0x00000061,data,data_10C37EB8
0x10C37F19,0x00000007,data,data_10C37F19
0x10C37F20,0x0000007D,data,data_10C37F20
0x10C37F9D,0x0000000B,data,data_10C37F9D
0x10C37FA8,0x0000007D,data,data_10C37FA8
0x10C38025,0x0000000B,data,data_10C38025
0x10C38030,0x00000100,data,data_10C38030
0x10C38130,0x000000FE,data,data_10C38130
0x10C3822E,0x0000000A,data,data_10C3822E
0x10C38238,0x00000100,data,data_10C38238
0x10C38338,0x000000FE,data,data_10C38338
0x10C38436,0x0000000A,data,data_10C38436
0x10C38440,0x00000100,data,data_10C38440
0x10C38540,0x0000007E,data,data_10C38540
0x10C385BE,0x00000006,data,data_10C385BE
0x10C385C4,0x00000004,data,data_10C385C4
0x10C385C8,0x00000004,data,data_10C385C8
0x10C385CC,0x00000024,data,data_10C385CC
0x10C385F0,0x00000004,data,data_10C385F0
0x10C385F4,0x00000004,data,data_10C385F4
0x10C385F8,0x00000004,data,data_10C385F8
0x10C385FC,0x00000004,data,data_10C385FC
0x10C38600,0x00000004,data,data_10C38600
0x10C38604,0x00000004,data,data_10C38604
0x10C38608,0x00000004,data,data_10C38608
0x10C3860C,0x00000004,data,data_10C3860C
0x10C38610,0x00000004,data,data_10C38610
0x10C38614,0x00000004,data,data_10C38614
0x10C38618,0x00000004,data,data_10C38618
0x10C3861C,0x00000004,data,data_10C3861C
0x10C38620,0x00000001,data,data_10C38620
0x10C38621,0x0000000B,data,data_10C38621
0x10C3862C,0x00000004,data,data_10C3862C
0x10C38630,0x00000004,data,data_10C38630
0x10C38634,0x00000004,data,data_10C38634
0x10C38638,0x00000004,data,data_10C38638
0x10C3863C,0x00000004,data,data_10C3863C
0x10C38640,0x00000004,data,data_10C38640
0x10C38644,0x00000004,data,data_10C38644
0x10C38648,0x00000004,data,data_10C38648
0x10C3864C,0x00000004,data,data_10C3864C
0x10C38650,0x00000004,data,data_10C38650
0x10C38654,0x00000004,data,data_10C38654
0x10C38658,0x00000001,data,data_10C38658
0x10C38659,0x00000003,data,data_10C38659
0x10C3865C,0x00000004,data,data_10C3865C
0x10C38660,0x00000004,data,data_10C38660
0x10C38664,0x00000004,data,data_10C38664
0x10C38668,0x00000004,data,data_10C38668
0x10C3866C,0x00000004,data,data_10C3866C
0x10C38670,0x0000001C,data,data_10C38670
0x10C3868C,0x00000004,data,data_10C3868C
0x10C38690,0x00000004,data,data_10C38690
0x10C38694,0x00000004,data,data_10C38694
0x10C38698,0x00000004,data,data_10C38698
0x10C3869C,0x00000004,data,data_10C3869C
0x10C386A0,0x00000004,data,data_10C386A0
0x10C386A4,0x00000004,data,data_10C386A4
0x10C386A8,0x00000004,data,data_10C386A8
0x10C386AC,0x00000004,data,data_10C386AC
0x10C386B0,0x00000004,data,data_10C386B0
0x10C386B4,0x00000004,data,data_10C386B4
0x10C386B8,0x00000004,data,data_10C386B8
0x10C386BC,0x00000004,data,data_10C386BC
0x10C386C0,0x00000004,data,data_10C386C0
0x10C386C4,0x00000004,data,data_10C386C4
0x10C386C8,0x00000004,data,data_10C386C8
0x10C386CC,0x00000004,data,data_10C386CC
0x10C386D0,0x00000004,data,data_10C386D0
0x10C386D4,0x00000004,data,data_10C386D4
0x10C386D8,0x00000004,data,data_10C386D8
0x10C386DC,0x00000008,data,data_10C386DC
0x10C386E4,0x00000001,data,data_10C386E4
0x10C386E5,0x00000010,data,data_10C386E5
0x10C386F5,0x00000005,data,data_10C386F5
0x10C386FA,0x0000000A,data,data_10C386FA
0x10C38704,0x00000004,data,data_10C38704
0x10C3871C,0x00000004,data,data_10C3871C
0x10C38720,0x00000001,data,data_10C38720
0x10C38721,0x00000100,data,data_10C38721
0x10C38821,0x00000100,data,data_10C38821
0x10C38921,0x00000100,data,data_10C38921
0x10C38A21,0x00000100,data,data_10C38A21
0x10C38B21,0x00000100,data,data_10C38B21
0x10C38C21,0x00000100,data,data_10C38C21
0x10C38D21,0x00000100,data,data_10C38D21
0x10C38E21,0x00000100,data,data_10C38E21
0x10C38F21,0x0000000B,data,data_10C38F21
0x10C38F2C,0x00000001,data,data_10C38F2C
0x10C38F2D,0x00000007,data,data_10C38F2D
0x10C38F34,0x00000006,data,data_10C38F34
0x10C38F3A,0x00000006,data,data_10C38F3A
0x10C38F40,0x00000002,data,data_10C38F40
0x10C38F42,0x00000006,data,data_10C38F42
0x10C38F48,0x0000000A,data,data_10C38F48
0x10C38F52,0x00000006,data,data_10C38F52
0x10C38F58,0x00000002,data,data_10C38F58
0x10C38F5A,0x00000006,data,data_10C38F5A
0x10C38F60,0x00000009,data,data_10C38F60
0x10C38F69,0x00000007,data,data_10C38F69
0x10C38F70,0x00000006,data,data_10C38F70
0x10C38F76,0x0000000A,data,data_10C38F76
0x10C38F80,0x0000000E,data,data_10C38F80
0x10C38F8E,0x00000006,data,data_10C38F8E
0x10C38F94,0x00000002,data,data_10C38F94
0x10C38F96,0x00000006,data,data_10C38F96
0x10C38F9C,0x00000005,data,data_10C38F9C
0x10C38FA1,0x00000007,data,data_10C38FA1
0x10C38FA8,0x00000001,data,data_10C38FA8
0x10C38FA9,0x00000007,data,data_10C38FA9
0x10C38FB0,0x00000009,data,data_10C38FB0
0x10C38FB9,0x00000007,data,data_10C38FB9
0x10C38FC0,0x00000001,data,data_10C38FC0
0x10C38FC1,0x00000007,data,data_10C38FC1
0x10C38FC8,0x00000009,data,data_10C38FC8
0x10C38FD1,0x00000007,data,data_10C38FD1
0x10C38FD8,0x00000005,data,data_10C38FD8
0x10C38FDD,0x0000000B,data,data_10C38FDD
0x10C38FE8,0x0000000D,data,data_10C38FE8
0x10C38FF5,0x00000007,data,data_10C38FF5
0x10C38FFC,0x00000001,data,data_10C38FFC
0x10C38FFD,0x00000007,data,data_10C38FFD
0x10C39004,0x00000005,data,data_10C39004
0x10C39009,0x00000007,data,data_10C39009
0x10C39010,0x00000001,data,data_10C39010
0x10C39011,0x00000007,data,data_10C39011
0x10C39018,0x00000009,data,data_10C39018
0x10C39021,0x00000007,data,data_10C39021
0x10C39028,0x00000001,data,data_10C39028
0x10C39029,0x00000007,data,data_10C39029
0x10C39030,0x00000009,data,data_10C39030
0x10C39039,0x00000007,data,data_10C39039
0x10C39040,0x00000005,data,data_10C39040
0x10C39045,0x0000000B,data,data_10C39045
0x10C39050,0x0000000D,data,data_10C39050
0x10C3905D,0x00000007,data,data_10C3905D
0x10C39064,0x00000001,data,data_10C39064
0x10C39065,0x00000007,data,data_10C39065
0x10C3906C,0x00000005,data,data_10C3906C
0x10C39071,0x00000007,data,data_10C39071
0x10C39078,0x00000001,data,data_10C39078
0x10C39079,0x00000007,data,data_10C39079
0x10C39080,0x00000009,data,data_10C39080
0x10C39089,0x00000007,data,data_10C39089
0x10C39090,0x00000001,data,data_10C39090
0x10C39091,0x00000007,data,data_10C39091
0x10C39098,0x00000009,data,data_10C39098
0x10C390A1,0x00000007,data,data_10C390A1
0x10C390A8,0x00000005,data,data_10C390A8
0x10C390AD,0x0000000B,data,data_10C390AD
0x10C390B8,0x0000000D,data,data_10C390B8
0x10C390C5,0x00000007,data,data_10C390C5
0x10C390CC,0x00000001,data,data_10C390CC
0x10C390CD,0x00000007,data,data_10C390CD
0x10C390D4,0x00000005,data,data_10C390D4
0x10C390D9,0x00000007,data,data_10C390D9
0x10C390E0,0x00000001,data,data_10C390E0
0x10C390E1,0x00000007,data,data_10C390E1
0x10C390E8,0x00000009,data,data_10C390E8
0x10C390F1,0x00000007,data,data_10C390F1
0x10C390F8,0x00000001,data,data_10C390F8
0x10C390F9,0x00000007,data,data_10C390F9
0x10C39100,0x00000009,data,data_10C39100
0x10C39109,0x00000007,data,data_10C39109
0x10C39110,0x00000005,data,data_10C39110
0x10C39115,0x0000000B,data,data_10C39115
0x10C39120,0x0000000D,data,data_10C39120
0x10C3912D,0x00000007,data,data_10C3912D
0x10C39134,0x00000001,data,data_10C39134
0x10C39135,0x00000007,data,data_10C39135
0x10C3913C,0x00000006,data,data_10C3913C
0x10C39142,0x00000006,data,data_10C39142
0x10C39148,0x00000002,data,data_10C39148
0x10C3914A,0x00000006,data,data_10C3914A
0x10C39150,0x0000000A,data,data_10C39150
0x10C3915A,0x00000006,data,data_10C3915A
0x10C39160,0x00000002,data,data_10C39160
0x10C39162,0x00000006,data,data_10C39162
0x10C39168,0x0000000A,data,data_10C39168
0x10C39172,0x00000006,data,data_10C39172
0x10C39178,0x00000006,data,data_10C39178
0x10C3917E,0x0000000A,data,data_10C3917E
0x10C39188,0x0000000E,data,data_10C39188
0x10C39196,0x00000006,data,data_10C39196
0x10C3919C,0x00000002,data,data_10C3919C
0x10C3919E,0x00000006,data,data_10C3919E
0x10C391A4,0x00000006,data,data_10C391A4
0x10C391AA,0x00000006,data,data_10C391AA
0x10C391B0,0x00000002,data,data_10C391B0
0x10C391B2,0x00000006,data,data_10C391B2
0x10C391B8,0x0000000A,data,data_10C391B8
0x10C391C2,0x00000006,data,data_10C391C2
0x10C391C8,0x00000002,data,data_10C391C8
0x10C391CA,0x00000006,data,data_10C391CA
0x10C391D0,0x0000000A,data,data_10C391D0
0x10C391DA,0x00000006,data,data_10C391DA
0x10C391E0,0x00000006,data,data_10C391E0
0x10C391E6,0x0000000A,data,data_10C391E6
0x10C391F0,0x0000000E,data,data_10C391F0
0x10C391FE,0x00000006,data,data_10C391FE
0x10C39204,0x00000002,data,data_10C39204
0x10C39206,0x00000006,data,data_10C39206
0x10C3920C,0x00000006,data,data_10C3920C
0x10C39212,0x00000006,data,data_10C39212
0x10C39218,0x00000002,data,data_10C39218
0x10C3921A,0x00000006,data,data_10C3921A
0x10C39220,0x0000000A,data,data_10C39220
0x10C3922A,0x00000006,data,data_10C3922A
0x10C39230,0x00000002,data,data_10C39230
0x10C39232,0x00000006,data,data_10C39232
0x10C39238,0x0000000A,data,data_10C39238
0x10C39242,0x00000006,data,data_10C39242
0x10C39248,0x00000006,data,data_10C39248
0x10C3924E,0x0000000A,data,data_10C3924E
0x10C39258,0x0000000E,data,data_10C39258
0x10C39266,0x00000006,data,data_10C39266
0x10C3926C,0x00000002,data,data_10C3926C
0x10C3926E,0x00000006,data,data_10C3926E
0x10C39274,0x00000006,data,data_10C39274
0x10C3927A,0x00000006,data,data_10C3927A
0x10C39280,0x00000002,data,data_10C39280
0x10C39282,0x00000006,data,data_10C39282
0x10C39288,0x0000000A,data,data_10C39288
0x10C39292,0x00000006,data,data_10C39292
0x10C39298,0x00000002,data,data_10C39298
0x10C3929A,0x00000006,data,data_10C3929A
0x10C392A0,0x0000000A,data,data_10C392A0
0x10C392AA,0x00000006,data,data_10C392AA
0x10C392B0,0x00000006,data,data_10C392B0
0x10C392B6,0x0000000A,data,data_10C392B6
0x10C392C0,0x0000000E,data,data_10C392C0
0x10C392CE,0x00000006,data,data_10C392CE
0x10C392D4,0x00000002,data,data_10C392D4
0x10C392D6,0x00000006,data,data_10C392D6
0x10C392DC,0x00000006,data,data_10C392DC
0x10C392E2,0x00000006,data,data_10C392E2
0x10C392E8,0x00000002,data,data_10C392E8
0x10C392EA,0x00000006,data,data_10C392EA
0x10C392F0,0x0000000A,data,data_10C392F0
0x10C392FA,0x00000006,data,data_10C392FA
0x10C39300,0x00000002,data,data_10C39300
0x10C39302,0x00000006,data,data_10C39302
0x10C39308,0x00000009,data,data_10C39308
0x10C39311,0x00000007,data,data_10C39311
0x10C39318,0x00000006,data,data_10C39318
0x10C3931E,0x0000000A,data,data_10C3931E
0x10C39328,0x0000000E,data,data_10C39328
0x10C39336,0x00000006,data,data_10C39336
0x10C3933C,0x00000002,data,data_10C3933C
0x10C3933E,0x00000006,data,data_10C3933E
0x10C39344,0x00000005,data,data_10C39344
0x10C39349,0x00000007,data,data_10C39349
0x10C39350,0x00000001,data,data_10C39350
0x10C39351,0x00000007,data,data_10C39351
0x10C39358,0x00000009,data,data_10C39358
0x10C39361,0x00000007,data,data_10C39361
0x10C39368,0x00000001,data,data_10C39368
0x10C39369,0x00000007,data,data_10C39369
0x10C39370,0x00000009,data,data_10C39370
0x10C39379,0x00000007,data,data_10C39379
0x10C39380,0x00000005,data,data_10C39380
0x10C39385,0x0000000B,data,data_10C39385
0x10C39390,0x0000000D,data,data_10C39390
0x10C3939D,0x00000007,data,data_10C3939D
0x10C393A4,0x00000002,data,data_10C393A4
0x10C393A6,0x00000006,data,data_10C393A6
0x10C393AC,0x00000006,data,data_10C393AC
0x10C393B2,0x00000006,data,data_10C393B2
0x10C393B8,0x00000002,data,data_10C393B8
0x10C393BA,0x00000006,data,data_10C393BA
0x10C393C0,0x0000000A,data,data_10C393C0
0x10C393CA,0x00000006,data,data_10C393CA
0x10C393D0,0x00000002,data,data_10C393D0
0x10C393D2,0x00000006,data,data_10C393D2
0x10C393D8,0x00000009,data,data_10C393D8
0x10C393E1,0x00000007,data,data_10C393E1
0x10C393E8,0x00000006,data,data_10C393E8
0x10C393EE,0x0000000A,data,data_10C393EE
0x10C393F8,0x0000000E,data,data_10C393F8
0x10C39406,0x00000006,data,data_10C39406
0x10C3940C,0x00000002,data,data_10C3940C
0x10C3940E,0x00000006,data,data_10C3940E
0x10C39414,0x00000006,data,data_10C39414
0x10C3941A,0x00000006,data,data_10C3941A
0x10C39420,0x00000002,data,data_10C39420
0x10C39422,0x00000006,data,data_10C39422
0x10C39428,0x0000000A,data,data_10C39428
0x10C39432,0x00000006,data,data_10C39432
0x10C39438,0x00000002,data,data_10C39438
0x10C3943A,0x00000006,data,data_10C3943A
0x10C39440,0x00000009,data,data_10C39440
0x10C39449,0x00000007,data,data_10C39449
0x10C39450,0x00000006,data,data_10C39450
0x10C39456,0x0000000A,data,data_10C39456
0x10C39460,0x0000000E,data,data_10C39460
0x10C3946E,0x00000006,data,data_10C3946E
0x10C39474,0x00000002,data,data_10C39474
0x10C39476,0x00000006,data,data_10C39476
0x10C3947C,0x00000005,data,data_10C3947C
0x10C39481,0x00000007,data,data_10C39481
0x10C39488,0x00000001,data,data_10C39488
0x10C39489,0x00000007,data,data_10C39489
0x10C39490,0x00000009,data,data_10C39490
0x10C39499,0x00000007,data,data_10C39499
0x10C394A0,0x00000001,data,data_10C394A0
0x10C394A1,0x00000007,data,data_10C394A1
0x10C394A8,0x00000009,data,data_10C394A8
0x10C394B1,0x00000007,data,data_10C394B1
0x10C394B8,0x00000005,data,data_10C394B8
0x10C394BD,0x0000000B,data,data_10C394BD
0x10C394C8,0x0000000D,data,data_10C394C8
0x10C394D5,0x00000007,data,data_10C394D5
0x10C394DC,0x00000002,data,data_10C394DC
0x10C394DE,0x00000006,data,data_10C394DE
0x10C394E4,0x00000005,data,data_10C394E4
0x10C394E9,0x00000007,data,data_10C394E9
0x10C394F0,0x00000001,data,data_10C394F0
0x10C394F1,0x00000007,data,data_10C394F1
0x10C394F8,0x00000009,data,data_10C394F8
0x10C39501,0x00000007,data,data_10C39501
0x10C39508,0x00000001,data,data_10C39508
0x10C39509,0x00000007,data,data_10C39509
0x10C39510,0x00000009,data,data_10C39510
0x10C39519,0x00000007,data,data_10C39519
0x10C39520,0x00000005,data,data_10C39520
0x10C39525,0x0000000B,data,data_10C39525
0x10C39530,0x0000000D,data,data_10C39530
0x10C3953D,0x00000007,data,data_10C3953D
0x10C39544,0x00000002,data,data_10C39544
0x10C39546,0x00000006,data,data_10C39546
0x10C3954C,0x00000005,data,data_10C3954C
0x10C39551,0x00000007,data,data_10C39551
0x10C39558,0x00000001,data,data_10C39558
0x10C39559,0x00000007,data,data_10C39559
0x10C39560,0x00000009,data,data_10C39560
0x10C39569,0x00000007,data,data_10C39569
0x10C39570,0x00000001,data,data_10C39570
0x10C39571,0x00000007,data,data_10C39571
0x10C39578,0x00000009,data,data_10C39578
0x10C39581,0x00000007,data,data_10C39581
0x10C39588,0x00000005,data,data_10C39588
0x10C3958D,0x0000000B,data,data_10C3958D
0x10C39598,0x0000000D,data,data_10C39598
0x10C395A5,0x00000007,data,data_10C395A5
0x10C395AC,0x00000002,data,data_10C395AC
0x10C395AE,0x00000006,data,data_10C395AE
0x10C395B4,0x00000004,data,data_10C395B4
0x10C395B8,0x00000004,data,data_10C395B8
0x10C395BC,0x00000004,data,data_10C395BC
0x10C395C0,0x00000004,data,data_10C395C0
0x10C395C4,0x00000004,data,data_10C395C4
0x10C395C8,0x00000004,data,data_10C395C8
0x10C395CC,0x00000004,data,data_10C395CC
0x10C395D0,0x00000004,data,data_10C395D0
0x10C395D4,0x00000004,data,data_10C395D4
0x10C395D8,0x00000004,data,data_10C395D8
0x10C395DC,0x00000004,data,data_10C395DC
0x10C395E0,0x00000001,data,data_10C395E0
0x10C395E1,0x00000003,data,data_10C395E1
0x10C395E4,0x00000004,data,data_10C395E4
0x10C395E8,0x00000004,data,data_10C395E8
0x10C395EC,0x00000004,data,data_10C395EC
0x10C395F0,0x00000004,data,data_10C395F0
0x10C395F4,0x00000004,data,data_10C395F4
0x10C395F8,0x0000001C,data,data_10C395F8
0x10C39614,0x00000004,data,data_10C39614
0x10C39618,0x00000004,data,data_10C39618
0x10C3961C,0x00000004,data,data_10C3961C
0x10C39620,0x00000004,data,data_10C39620
0x10C39624,0x00000004,data,data_10C39624
0x10C39628,0x00000004,data,data_10C39628
0x10C3962C,0x00000004,data,data_10C3962C
0x10C39630,0x00000004,data,data_10C39630
0x10C39634,0x00000004,data,data_10C39634
0x10C39638,0x00000004,data,data_10C39638
0x10C3963C,0x00000004,data,data_10C3963C
0x10C39640,0x00000004,data,data_10C39640
0x10C39644,0x00000004,data,data_10C39644
0x10C39648,0x00000004,data,data_10C39648
0x10C3964C,0x00000004,data,data_10C3964C
0x10C39650,0x00000004,data,data_10C39650
0x10C39654,0x00000004,data,data_10C39654
0x10C39658,0x00000004,data,data_10C39658
0x10C3965C,0x00000004,data,data_10C3965C
0x10C39660,0x00000004,data,data_10C39660
0x10C39664,0x00000004,data,data_10C39664
0x10C39668,0x00000004,data,data_10C39668
0x10C3966C,0x00000004,data,data_10C3966C
0x10C39670,0x00000004,data,data_10C39670
0x10C39674,0x00000004,data,data_10C39674
0x10C39678,0x00000004,data,data_10C39678
0x10C3967C,0x00000004,data,data_10C3967C
0x10C39680,0x00000004,data,data_10C39680
0x10C39684,0x00000004,data,data_10C39684
0x10C39688,0x00000004,data,data_10C39688
0x10C3968C,0x00000004,data,data_10C3968C
0x10C39690,0x00000004,data,data_10C39690
0x10C39694,0x00000004,data,data_10C39694
0x10C39698,0x00000004,data,data_10C39698
0x10C3969C,0x00000004,data,data_10C3969C
0x10C396A0,0x00000004,data,data_10C396A0
0x10C396A4,0x00000004,data,data_10C396A4
0x10C396A8,0x00000004,data,data_10C396A8
0x10C396AC,0x00000004,data,data_10C396AC
0x10C396B0,0x00000004,data,data_10C396B0
0x10C396B4,0x00000004,data,data_10C396B4
0x10C396B8,0x00000004,data,data_10C396B8
0x10C396BC,0x00000004,data,data_10C396BC
0x10C396C0,0x00000004,data,data_10C396C0
0x10C396C4,0x00000004,data,data_10C396C4
0x10C396C8,0x00000004,data,data_10C396C8
0x10C396CC,0x00000004,data,data_10C396CC
0x10C396D0,0x00000004,data,data_10C396D0
0x10C396D4,0x00000004,data,data_10C396D4
0x10C396D8,0x00000004,data,data_10C396D8
0x10C396DC,0x00000004,data,data_10C396DC
0x10C396E0,0x00000004,data,data_10C396E0
0x10C396E4,0x00000004,data,data_10C396E4
0x10C396E8,0x00000004,data,data_10C396E8
0x10C396EC,0x00000004,data,data_10C396EC
0x10C396F0,0x00000004,data,data_10C396F0
0x10C396F4,0x00000004,data,data_10C396F4
0x10C396F8,0x00000004,data,data_10C396F8
0x10C396FC,0x00000004,data,data_10C396FC
0x10C39700,0x00000004,data,data_10C39700
0x10C39704,0x00000004,data,data_10C39704
0x10C39708,0x00000004,data,data_10C39708
0x10C3970C,0x00000004,data,data_10C3970C
0x10C39710,0x00000004,data,data_10C39710
0x10C39714,0x00000004,data,data_10C39714
0x10C39718,0x00000004,data,data_10C39718
0x10C3971C,0x00000004,data,data_10C3971C
0x10C39720,0x00000004,data,data_10C39720
0x10C39724,0x00000004,data,data_10C39724
0x10C39728,0x00000004,data,data_10C39728
0x10C3972C,0x00000004,data,data_10C3972C
0x10C39730,0x00000004,data,data_10C39730
0x10C39734,0x00000004,data,data_10C39734
0x10C39738,0x00000004,data,data_10C39738
0x10C3973C,0x00000004,data,data_10C3973C
0x10C39740,0x00000004,data,data_10C39740
0x10C39744,0x00000004,data,data_10C39744
0x10C39748,0x00000004,data,data_10C39748
0x10C3974C,0x00000004,data,data_10C3974C
0x10C39750,0x00000004,data,data_10C39750
0x10C39754,0x00000004,data,data_10C39754
0x10C39758,0x00000004,data,data_10C39758
0x10C3975C,0x00000004,data,data_10C3975C
0x10C39760,0x00000004,data,data_10C39760
0x10C39764,0x00000004,data,data_10C39764
0x10C39768,0x00000004,data,data_10C39768
0x10C3976C,0x00000004,data,data_10C3976C
0x10C39770,0x00000004,data,data_10C39770
0x10C39774,0x00000004,data,data_10C39774
0x10C39778,0x00000004,data,data_10C39778
0x10C3977C,0x00000004,data,data_10C3977C
0x10C39780,0x00000004,data,data_10C39780
0x10C39784,0x00000004,data,data_10C39784
0x10C39788,0x00000004,data,data_10C39788
0x10C3978C,0x00000004,data,data_10C3978C
0x10C39790,0x00000004,data,data_10C39790
0x10C39794,0x00000004,data,data_10C39794
0x10C39798,0x00000004,data,data_10C39798
0x10C3979C,0x00000004,data,data_10C3979C
0x10C397A0,0x00000004,data,data_10C397A0
0x10C397A4,0x00000004,data,data_10C397A4
0x10C397A8,0x00000004,data,data_10C397A8
0x10C397AC,0x00000004,data,data_10C397AC
0x10C397B0,0x00000004,data,data_10C397B0
0x10C397B4,0x00000004,data,data_10C397B4
0x10C397B8,0x00000004,data,data_10C397B8
0x10C397BC,0x00000004,data,data_10C397BC
0x10C397C0,0x00000004,data,data_10C397C0
0x10C397C4,0x00000004,data,data_10C397C4
0x10C397C8,0x00000004,data,data_10C397C8
0x10C397CC,0x00000004,data,data_10C397CC
0x10C397D0,0x00000004,data,data_10C397D0
0x10C397D4,0x00000004,data,data_10C397D4
0x10C397D8,0x00000004,data,data_10C397D8
0x10C397DC,0x00000004,data,data_10C397DC
0x10C397E0,0x00000004,data,data_10C397E0
0x10C397E4,0x00000004,data,data_10C397E4
0x10C397E8,0x00000004,data,data_10C397E8
0x10C397EC,0x00000004,data,data_10C397EC
0x10C397F0,0x00000004,data,data_10C397F0
0x10C397F4,0x00000004,data,data_10C397F4
0x10C397F8,0x00000004,data,data_10C397F8
0x10C397FC,0x00000004,data,data_10C397FC
0x10C39800,0x00000004,data,data_10C39800
0x10C39804,0x00000004,data,data_10C39804
0x10C39808,0x00000004,data,data_10C39808
0x10C3980C,0x00000004,data,data_10C3980C
0x10C39810,0x00000004,data,data_10C39810
0x10C39814,0x00000004,data,data_10C39814
0x10C39818,0x00000004,data,data_10C39818
0x10C3981C,0x00000004,data,data_10C3981C
0x10C39820,0x00000004,data,data_10C39820
0x10C39824,0x00000004,data,data_10C39824
0x10C39828,0x00000004,data,data_10C39828
0x10C3982C,0x00000004,data,data_10C3982C
0x10C39830,0x00000004,data,data_10C39830
0x10C39834,0x00000004,data,data_10C39834
0x10C39838,0x00000004,data,data_10C39838
0x10C3983C,0x00000004,data,data_10C3983C
0x10C39840,0x00000004,data,data_10C39840
0x10C39844,0x00000004,data,data_10C39844
0x10C39848,0x00000004,data,data_10C39848
0x10C3984C,0x00000004,data,data_10C3984C
0x10C39850,0x00000004,data,data_10C39850
0x10C39854,0x00000004,data,data_10C39854
0x10C39858,0x00000004,data,data_10C39858
0x10C3985C,0x00000004,data,data_10C3985C
0x10C39860,0x00000004,data,data_10C39860
0x10C39864,0x00000004,data,data_10C39864
0x10C39868,0x00000004,data,data_10C39868
0x10C3986C,0x00000004,data,data_10C3986C
0x10C39870,0x00000004,data,data_10C39870
0x10C39874,0x00000004,data,data_10C39874
0x10C39878,0x00000004,data,data_10C39878
0x10C3987C,0x00000004,data,data_10C3987C
0x10C39880,0x00000004,data,data_10C39880
0x10C39884,0x00000004,data,data_10C39884
0x10C39888,0x00000004,data,data_10C39888
0x10C3988C,0x00000004,data,data_10C3988C
0x10C39890,0x00000004,data,data_10C39890
0x10C39894,0x00000004,data,data_10C39894
0x10C39898,0x00000004,data,data_10C39898
0x10C3989C,0x00000004,data,data_10C3989C
0x10C398A0,0x00000004,data,data_10C398A0
0x10C398A4,0x00000004,data,data_10C398A4
0x10C398A8,0x00000004,data,data_10C398A8
0x10C398AC,0x00000004,data,data_10C398AC
0x10C398B0,0x00000004,data,data_10C398B0
0x10C398B4,0x00000004,data,data_10C398B4
0x10C398B8,0x00000004,data,data_10C398B8
0x10C398BC,0x00000004,data,data_10C398BC
0x10C398C0,0x00000004,data,data_10C398C0
0x10C398C4,0x00000004,data,data_10C398C4
0x10C398C8,0x00000004,data,data_10C398C8
0x10C398CC,0x00000004,data,data_10C398CC
0x10C398D0,0x00000004,data,data_10C398D0
0x10C398D4,0x00000004,data,data_10C398D4
0x10C398D8,0x00000004,data,data_10C398D8
0x10C398DC,0x00000004,data,data_10C398DC
0x10C398E0,0x00000004,data,data_10C398E0
0x10C398E4,0x00000004,data,data_10C398E4
0x10C398E8,0x00000004,data,data_10C398E8
0x10C398EC,0x00000004,data,data_10C398EC
0x10C398F0,0x00000004,data,data_10C398F0
0x10C398F4,0x00000004,data,data_10C398F4
0x10C398F8,0x00000004,data,data_10C398F8
0x10C398FC,0x00000004,data,data_10C398FC
0x10C39900,0x00000004,data,data_10C39900
0x10C39904,0x00000004,data,data_10C39904
0x10C39908,0x00000004,data,data_10C39908
0x10C3990C,0x00000004,data,data_10C3990C
0x10C39910,0x00000004,data,data_10C39910
0x10C39914,0x00000004,data,data_10C39914
0x10C39918,0x00000004,data,data_10C39918
0x10C3991C,0x00000004,data,data_10C3991C
0x10C39920,0x00000004,data,data_10C39920
0x10C39924,0x00000004,data,data_10C39924
0x10C39928,0x00000004,data,data_10C39928
0x10C3992C,0x00000004,data,data_10C3992C
0x10C39930,0x00000004,data,data_10C39930
0x10C39934,0x00000004,data,data_10C39934
0x10C39938,0x00000004,data,data_10C39938
0x10C3993C,0x00000004,data,data_10C3993C
0x10C39940,0x00000004,data,data_10C39940
0x10C39944,0x00000004,data,data_10C39944
0x10C39948,0x00000004,data,data_10C39948
0x10C3994C,0x00000004,data,data_10C3994C
0x10C39950,0x00000004,data,data_10C39950
0x10C39954,0x00000004,data,data_10C39954
0x10C39958,0x00000004,data,data_10C39958
0x10C3995C,0x00000004,data,data_10C3995C
0x10C39960,0x00000004,data,data_10C39960
0x10C39964,0x00000004,data,data_10C39964
0x10C39968,0x00000004,data,data_10C39968
0x10C3996C,0x00000004,data,data_10C3996C
0x10C39970,0x00000004,data,data_10C39970
0x10C39974,0x00000004,data,data_10C39974
0x10C39978,0x00000004,data,data_10C39978
0x10C3997C,0x00000004,data,data_10C3997C
0x10C39980,0x00000004,data,data_10C39980
0x10C39984,0x00000004,data,data_10C39984
0x10C39988,0x00000004,data,data_10C39988
0x10C3998C,0x00000004,data,data_10C3998C
0x10C39990,0x00000004,data,data_10C39990
0x10C39994,0x00000004,data,data_10C39994
0x10C39998,0x00000004,data,data_10C39998
0x10C3999C,0x00000004,data,data_10C3999C
0x10C399A0,0x00000004,data,data_10C399A0
0x10C399A4,0x00000004,data,data_10C399A4
0x10C399A8,0x00000004,data,data_10C399A8
0x10C399AC,0x00000004,data,data_10C399AC
0x10C399B0,0x00000004,data,data_10C399B0
0x10C399B4,0x00000004,data,data_10C399B4
0x10C399B8,0x00000004,data,data_10C399B8
0x10C399BC,0x00000004,data,data_10C399BC
0x10C399C0,0x00000004,data,data_10C399C0
0x10C399C4,0x00000004,data,data_10C399C4
0x10C399C8,0x00000004,data,data_10C399C8
0x10C399CC,0x00000004,data,data_10C399CC
0x10C399D0,0x00000004,data,data_10C399D0
0x10C399D4,0x00000004,data,data_10C399D4
0x10C399D8,0x00000004,data,data_10C399D8
0x10C399DC,0x00000004,data,data_10C399DC
0x10C399E0,0x00000004,data,data_10C399E0
0x10C399E4,0x00000004,data,data_10C399E4
0x10C399E8,0x00000004,data,data_10C399E8
0x10C399EC,0x00000004,data,data_10C399EC
0x10C399F0,0x00000004,data,data_10C399F0
0x10C399F4,0x00000004,data,data_10C399F4
0x10C399F8,0x00000004,data,data_10C399F8
0x10C399FC,0x00000004,data,data_10C399FC
0x10C39A00,0x00000004,data,data_10C39A00
0x10C39A04,0x00000004,data,data_10C39A04
0x10C39A08,0x00000004,data,data_10C39A08
0x10C39A0C,0x00000004,data,data_10C39A0C
0x10C39A10,0x00000004,data,data_10C39A10
0x10C39A14,0x00000004,data,data_10C39A14
0x10C39A18,0x00000004,data,data_10C39A18
0x10C39A1C,0x00000004,data,data_10C39A1C
0x10C39A20,0x00000004,data,data_10C39A20
0x10C39A24,0x00000004,data,data_10C39A24
0x10C39A28,0x00000004,data,data_10C39A28
0x10C39A2C,0x00000004,data,data_10C39A2C
0x10C39A30,0x00000004,data,data_10C39A30
0x10C39A34,0x00000004,data,data_10C39A34
0x10C39A38,0x00000004,data,data_10C39A38
0x10C39A3C,0x00000004,data,data_10C39A3C
0x10C39A40,0x00000004,data,data_10C39A40
0x10C39A44,0x00000004,data,data_10C39A44
0x10C39A48,0x00000004,data,data_10C39A48
0x10C39A4C,0x00000004,data,data_10C39A4C
0x10C39A50,0x00000004,data,data_10C39A50
0x10C39A54,0x00000004,data,data_10C39A54
0x10C39A58,0x00000004,data,data_10C39A58
0x10C39A5C,0x00000004,data,data_10C39A5C
0x10C39A60,0x00000004,data,data_10C39A60
0x10C39A64,0x00000004,data,data_10C39A64
0x10C39A68,0x00000004,data,data_10C39A68
0x10C39A6C,0x00000004,data,data_10C39A6C
0x10C39A70,0x00000004,data,data_10C39A70
0x10C39A74,0x00000004,data,data_10C39A74
0x10C39A78,0x00000004,data,data_10C39A78
0x10C39A7C,0x00000004,data,data_10C39A7C
0x10C39A80,0x00000004,data,data_10C39A80
0x10C39A84,0x00000004,data,data_10C39A84
0x10C39A88,0x00000004,data,data_10C39A88
0x10C39A8C,0x00000004,data,data_10C39A8C
0x10C39A90,0x00000004,data,data_10C39A90
0x10C39A94,0x00000004,data,data_10C39A94
0x10C39A98,0x00000004,data,data_10C39A98
0x10C39A9C,0x00000004,data,data_10C39A9C
0x10C39AA0,0x00000004,data,data_10C39AA0
0x10C39AA4,0x00000004,data,data_10C39AA4
0x10C39AA8,0x00000004,data,data_10C39AA8
0x10C39AAC,0x00000004,data,data_10C39AAC
0x10C39AB0,0x00000004,data,data_10C39AB0
0x10C39AB4,0x00000004,data,data_10C39AB4
0x10C39AB8,0x00000004,data,data_10C39AB8
0x10C39ABC,0x00000004,data,data_10C39ABC
0x10C39AC0,0x00000004,data,data_10C39AC0
0x10C39AC4,0x00000004,data,data_10C39AC4
0x10C39AC8,0x00000004,data,data_10C39AC8
0x10C39ACC,0x00000004,data,data_10C39ACC
0x10C39AD0,0x00000004,data,data_10C39AD0
0x10C39AD4,0x00000004,data,data_10C39AD4
0x10C39AD8,0x00000004,data,data_10C39AD8
0x10C39ADC,0x00000004,data,data_10C39ADC
0x10C39AE0,0x00000004,data,data_10C39AE0
0x10C39AE4,0x00000004,data,data_10C39AE4
0x10C39AE8,0x00000004,data,data_10C39AE8
0x10C39AEC,0x00000004,data,data_10C39AEC
0x10C39AF0,0x00000004,data,data_10C39AF0
0x10C39AF4,0x00000004,data,data_10C39AF4
0x10C39AF8,0x00000004,data,data_10C39AF8
0x10C39AFC,0x00000004,data,data_10C39AFC
0x10C39B00,0x00000004,data,data_10C39B00
0x10C39B04,0x00000004,data,data_10C39B04
0x10C39B08,0x00000002,data,data_10C39B08
0x10C39B0A,0x00000006,data,data_10C39B0A
0x10C39B10,0x00000008,data,data_10C39B10
0x10C39B18,0x00000004,data,data_10C39B18
0x10C39B1C,0x00000100,data,data_10C39B1C
0x10C39C1C,0x00000059,data,data_10C39C1C
0x10C39C75,0x00000007,data,data_10C39C75
0x10C39C7C,0x00000100,data,data_10C39C7C
0x10C39D7C,0x00000021,data,data_10C39D7C
0x10C39D9D,0x00000007,data,data_10C39D9D
0x10C39DA4,0x00000100,data,data_10C39DA4
0x10C39EA4,0x000000FD,data,data_10C39EA4
0x10C39FA1,0x0000000B,data,data_10C39FA1
0x10C39FAC,0x00000049,data,data_10C39FAC
0x10C39FF5,0x00000007,data,data_10C39FF5
0x10C39FFC,0x00000100,data,data_10C39FFC
0x10C3A0FC,0x0000007D,data,data_10C3A0FC
0x10C3A179,0x00000007,data,data_10C3A179
0x10C3A180,0x00000001,data,data_10C3A180
0x10C3A181,0x00000007,data,data_10C3A181
0x10C3A188,0x00000100,data,data_10C3A188
0x10C3A288,0x00000100,data,data_10C3A288
0x10C3A388,0x00000100,data,data_10C3A388
0x10C3A488,0x00000045,data,data_10C3A488
0x10C3A4CD,0x0000000B,data,data_10C3A4CD
0x10C3A4D8,0x00000081,data,data_10C3A4D8
0x10C3A559,0x00000007,data,data_10C3A559
0x10C3A560,0x00000009,data,data_10C3A560
0x10C3A569,0x00000013,data,data_10C3A569
0x10C3A57C,0x00000100,data,data_10C3A57C
0x10C3A67C,0x00000100,data,data_10C3A67C
0x10C3A77C,0x00000100,data,data_10C3A77C
0x10C3A87C,0x00000100,data,data_10C3A87C
0x10C3A97C,0x00000100,data,data_10C3A97C
0x10C3AA7C,0x00000100,data,data_10C3AA7C
0x10C3AB7C,0x00000100,data,data_10C3AB7C
0x10C3AC7C,0x00000100,data,data_10C3AC7C
0x10C3AD7C,0x00000100,data,data_10C3AD7C
0x10C3AE7C,0x000000B4,data,data_10C3AE7C
0x10C3AF30,0x0000000B,data,data_10C3AF30
0x10C3AF3B,0x0000007D,data,data_10C3AF3B
0x10C3AFB8,0x0000000C,data,data_10C3AFB8
0x10C3AFC4,0x00000008,data,data_10C3AFC4
0x10C3AFCC,0x0000000D,data,data_10C3AFCC
0x10C3AFD9,0x00000002,data,data_10C3AFD9
0x10C3AFE4,0x00000013,data,data_10C3AFE4
0x10C3AFF7,0x00000013,data,data_10C3AFF7
0x10C3B00A,0x00000002,data,data_10C3B00A
0x10C3B00C,0x0000000F,data,data_10C3B00C
0x10C3B01B,0x00000010,data,data_10C3B01B
0x10C3B02B,0x00000006,data,data_10C3B02B
0x10C3B031,0x00000081,data,data_10C3B031
0x10C3B0B2,0x00000004,data,data_10C3B0B2
0x10C3B0B6,0x00000043,data,data_10C3B0B6
0x10C3B0F9,0x00000004,data,data_10C3B0F9
0x10C3B0FD,0x00000012,data,data_10C3B0FD
0x10C3B10F,0x00000005,data,data_10C3B10F
0x10C3B114,0x00000056,data,data_10C3B114
0x10C3B16F,0x00000023,data,data_10C3B16F
0x10C3B192,0x00000024,data,data_10C3B192
0x10C3B1B6,0x0000008C,data,data_10C3B1B6
0x10C3B242,0x0000000C,data,data_10C3B242
0x10C3B24E,0x00000016,data,data_10C3B24E
0x10C3B264,0x00000002,data,data_10C3B264
0x10C3B266,0x00000005,data,data_10C3B266
0x10C3B26B,0x0000002F,data,data_10C3B26B
0x10C3B29E,0x00000003,data,data_10C3B29E
0x10C3B2A1,0x00000100,data,data_10C3B2A1
0x10C3B3A1,0x00000100,data,data_10C3B3A1
0x10C3B4A1,0x000000C1,data,data_10C3B4A1
0x10C3B562,0x00000006,data,data_10C3B562
0x10C3B568,0x00000004,data,data_10C3B568
0x10C3B56C,0x00000004,data,data_10C3B56C
0x10C3B570,0x00000004,data,data_10C3B570
0x10C3B574,0x00000004,data,data_10C3B574
0x10C3B578,0x00000004,data,data_10C3B578
0x10C3B57C,0x00000004,data,data_10C3B57C
0x10C3B580,0x00000004,data,data_10C3B580
0x10C3B584,0x00000004,data,data_10C3B584
0x10C3B588,0x00000004,data,data_10C3B588
0x10C3B58C,0x00000004,data,data_10C3B58C
0x10C3B590,0x00000004,data,data_10C3B590
0x10C3B594,0x00000004,data,data_10C3B594
0x10C3B598,0x00000004,data,data_10C3B598
0x10C3B59C,0x00000004,data,data_10C3B59C
0x10C3B5A0,0x00000004,data,data_10C3B5A0
0x10C3B5A4,0x00000004,data,data_10C3B5A4
0x10C3B5A8,0x00000004,data,data_10C3B5A8
0x10C3B5AC,0x00000004,data,data_10C3B5AC
0x10C3B5B0,0x00000004,data,data_10C3B5B0
0x10C3B5B4,0x00000004,data,data_10C3B5B4
0x10C3B5B8,0x00000004,data,data_10C3B5B8
0x10C3B5BC,0x00000004,data,data_10C3B5BC
0x10C3B5C0,0x00000069,data,data_10C3B5C0
0x10C3B629,0x00000007,data,data_10C3B629
0x10C3B630,0x00000065,data,data_10C3B630
0x10C3B695,0x0000000B,data,data_10C3B695
0x10C3B6A0,0x0000005D,data,data_10C3B6A0
0x10C3B6FD,0x0000000B,data,data_10C3B6FD
0x10C3B708,0x00000059,data,data_10C3B708
0x10C3B761,0x00000007,data,data_10C3B761
0x10C3B768,0x00000061,data,data_10C3B768
0x10C3B7C9,0x00000007,data,data_10C3B7C9
0x10C3B7D0,0x0000005D,data,data_10C3B7D0
0x10C3B82D,0x0000000B,data,data_10C3B82D
0x10C3B838,0x0000007D,data,data_10C3B838
0x10C3B8B5,0x0000000B,data,data_10C3B8B5
0x10C3B8C0,0x00000100,data,data_10C3B8C0
0x10C3B9C0,0x000000FE,data,data_10C3B9C0
0x10C3BABE,0x0000000A,data,data_10C3BABE
0x10C3BAC8,0x0000007D,data,data_10C3BAC8
0x10C3BB45,0x0000000B,data,data_10C3BB45
0x10C3BB50,0x00000100,data,data_10C3BB50
0x10C3BC50,0x000000FE,data,data_10C3BC50
0x10C3BD4E,0x0000000A,data,data_10C3BD4E
0x10C3BD58,0x00000100,data,data_10C3BD58
0x10C3BE58,0x0000007E,data,data_10C3BE58
0x10C3BED6,0x0000000A,data,data_10C3BED6
0x10C3BEE0,0x0000007D,data,data_10C3BEE0
0x10C3BF5D,0x00000007,data,data_10C3BF5D
0x10C3BF64,0x00000009,data,data_10C3BF64
0x10C3BF6D,0x00000007,data,data_10C3BF6D
0x10C3BF74,0x00000033,data,data_10C3BF74
0x10C3BFA7,0x00000009,data,data_10C3BFA7
0x10C3BFB0,0x00000100,data,data_10C3BFB0
0x10C3C0B0,0x00000025,data,data_10C3C0B0
0x10C3C0D5,0x0000000B,data,data_10C3C0D5
0x10C3C0E0,0x0000006A,data,data_10C3C0E0
0x10C3C14A,0x00000006,data,data_10C3C14A
0x10C3C150,0x00000015,data,data_10C3C150
0x10C3C165,0x00000004,data,data_10C3C165
0x10C3C169,0x00000038,data,data_10C3C169
0x10C3C1A1,0x00000007,data,data_10C3C1A1
0x10C3C1A8,0x0000007C,data,data_10C3C1A8
0x10C3C224,0x00000008,data,data_10C3C224
0x10C3C22C,0x00000004,data,data_10C3C22C
0x10C3C230,0x00000028,data,data_10C3C230
0x10C3C258,0x0000000C,data,data_10C3C258
0x10C3C264,0x00000004,data,data_10C3C264
0x10C3C268,0x00000041,data,data_10C3C268
0x10C3C2A9,0x00000007,data,data_10C3C2A9
0x10C3C2B0,0x00000025,data,data_10C3C2B0
0x10C3C2D5,0x00000007,data,data_10C3C2D5
0x10C3C2DC,0x0000000C,data,data_10C3C2DC
0x10C3C2E8,0x00000004,data,data_10C3C2E8
0x10C3C2EC,0x00000015,data,data_10C3C2EC
0x10C3C301,0x00000007,data,data_10C3C301
0x10C3C308,0x0000000C,data,data_10C3C308
0x10C3C314,0x00000004,data,data_10C3C314
0x10C3C318,0x00000025,data,data_10C3C318
0x10C3C33D,0x00000007,data,data_10C3C33D
0x10C3C344,0x00000014,data,data_10C3C344
0x10C3C358,0x00000004,data,data_10C3C358
0x10C3C35C,0x00000008,data,data_10C3C35C
0x10C3C364,0x0000002C,data,data_10C3C364
0x10C3C390,0x00000031,data,data_10C3C390
0x10C3C3C1,0x0000000B,data,data_10C3C3C1
0x10C3C3CC,0x00000024,data,data_10C3C3CC
0x10C3C3F0,0x00000004,data,data_10C3C3F0
0x10C3C3F4,0x00000031,data,data_10C3C3F4
0x10C3C425,0x00000100,data,data_10C3C425
0x10C3C525,0x00000100,data,data_10C3C525
0x10C3C625,0x00000100,data,data_10C3C625
0x10C3C725,0x00000100,data,data_10C3C725
0x10C3C825,0x0000008B,data,data_10C3C825
0x10C3C8B0,0x00000004,data,data_10C3C8B0
0x10C3C8B4,0x00000004,data,data_10C3C8B4
0x10C3C8B8,0x00000004,data,data_10C3C8B8
0x10C3C8BC,0x00000004,data,data_10C3C8BC
0x10C3C8C0,0x00000004,data,data_10C3C8C0
0x10C3C8C4,0x00000004,data,data_10C3C8C4
0x10C3C8C8,0x00000004,data,data_10C3C8C8
0x10C3C8CC,0x00000004,data,data_10C3C8CC
0x10C3C8D0,0x00000004,data,data_10C3C8D0
0x10C3C8D4,0x00000004,data,data_10C3C8D4
0x10C3C8D8,0x00000004,data,data_10C3C8D8
0x10C3C8DC,0x00000004,data,data_10C3C8DC
0x10C3C8E0,0x00000004,data,data_10C3C8E0
0x10C3C8E4,0x00000004,data,data_10C3C8E4
0x10C3C8E8,0x00000004,data,data_10C3C8E8
0x10C3C8EC,0x00000004,data,data_10C3C8EC
0x10C3C8F0,0x00000004,data,data_10C3C8F0
0x10C3C8F4,0x00000004,data,data_10C3C8F4
0x10C3C8F8,0x00000004,data,data_10C3C8F8
0x10C3C8FC,0x00000004,data,data_10C3C8FC
0x10C3C900,0x00000004,data,data_10C3C900
0x10C3C904,0x00000004,data,data_10C3C904
0x10C3C908,0x00000004,data,data_10C3C908
0x10C3C90C,0x00000004,data,data_10C3C90C
0x10C3C910,0x00000004,data,data_10C3C910
0x10C3C914,0x00000004,data,data_10C3C914
0x10C3C918,0x00000004,data,data_10C3C918
0x10C3C91C,0x00000004,data,data_10C3C91C
0x10C3C920,0x00000004,data,data_10C3C920
0x10C3C924,0x00000004,data,data_10C3C924
0x10C3C928,0x00000004,data,data_10C3C928
0x10C3C92C,0x00000004,data,data_10C3C92C
0x10C3C930,0x00000004,data,data_10C3C930
0x10C3C934,0x00000004,data,data_10C3C934
0x10C3C938,0x00000004,data,data_10C3C938
0x10C3C93C,0x00000004,data,data_10C3C93C
0x10C3C940,0x00000004,data,data_10C3C940
0x10C3C944,0x00000004,data,data_10C3C944
0x10C3C948,0x00000004,data,data_10C3C948
0x10C3C94C,0x00000004,data,data_10C3C94C
0x10C3C950,0x00000004,data,data_10C3C950
0x10C3C954,0x00000004,data,data_10C3C954
0x10C3C958,0x00000004,data,data_10C3C958
0x10C3C95C,0x00000004,data,data_10C3C95C
0x10C3C960,0x00000004,data,data_10C3C960
0x10C3C964,0x00000004,data,data_10C3C964
0x10C3C968,0x00000004,data,data_10C3C968
0x10C3C96C,0x00000004,data,data_10C3C96C
0x10C3C970,0x00000004,data,data_10C3C970
0x10C3C974,0x00000004,data,data_10C3C974
0x10C3C978,0x00000004,data,data_10C3C978
0x10C3C97C,0x00000004,data,data_10C3C97C
0x10C3C980,0x00000004,data,data_10C3C980
0x10C3C984,0x00000004,data,data_10C3C984
0x10C3C988,0x00000004,data,data_10C3C988
0x10C3C98C,0x00000004,data,data_10C3C98C
0x10C3C990,0x00000004,data,data_10C3C990
0x10C3C994,0x00000004,data,data_10C3C994
0x10C3C998,0x00000004,data,data_10C3C998
0x10C3C99C,0x00000004,data,data_10C3C99C
0x10C3C9A0,0x00000004,data,data_10C3C9A0
0x10C3C9A4,0x00000004,data,data_10C3C9A4
0x10C3C9A8,0x00000004,data,data_10C3C9A8
0x10C3C9AC,0x00000004,data,data_10C3C9AC
0x10C3C9B0,0x00000004,data,data_10C3C9B0
0x10C3C9B4,0x00000004,data,data_10C3C9B4
0x10C3C9B8,0x00000004,data,data_10C3C9B8
0x10C3C9BC,0x00000004,data,data_10C3C9BC
0x10C3C9C0,0x00000004,data,data_10C3C9C0
0x10C3C9C4,0x00000004,data,data_10C3C9C4
0x10C3C9C8,0x00000004,data,data_10C3C9C8
0x10C3C9CC,0x00000004,data,data_10C3C9CC
0x10C3C9D0,0x00000004,data,data_10C3C9D0
0x10C3C9D4,0x00000004,data,data_10C3C9D4
0x10C3C9D8,0x00000004,data,data_10C3C9D8
0x10C3C9DC,0x00000004,data,data_10C3C9DC
0x10C3C9E0,0x00000004,data,data_10C3C9E0
0x10C3C9E4,0x00000004,data,data_10C3C9E4
0x10C3C9E8,0x00000004,data,data_10C3C9E8
0x10C3C9EC,0x00000004,data,data_10C3C9EC
0x10C3C9F0,0x00000004,data,data_10C3C9F0
0x10C3C9F4,0x00000004,data,data_10C3C9F4
0x10C3C9F8,0x0000000C,data,data_10C3C9F8
0x10C3CA04,0x00000031,data,data_10C3CA04
0x10C3CA35,0x0000000F,data,data_10C3CA35
0x10C3CA44,0x00000031,data,data_10C3CA44
0x10C3CA75,0x0000000B,data,data_10C3CA75
0x10C3CA80,0x00000031,data,data_10C3CA80
0x10C3CAB1,0x0000000B,data,data_10C3CAB1
0x10C3CABC,0x00000031,data,data_10C3CABC
0x10C3CAED,0x00000017,data,data_10C3CAED
0x10C3CB04,0x00000031,data,data_10C3CB04
0x10C3CB35,0x00000007,data,data_10C3CB35
0x10C3CB3C,0x00000002,data,data_10C3CB3C
0x10C3CB3E,0x00000006,data,data_10C3CB3E
0x10C3CB44,0x00000031,data,data_10C3CB44
0x10C3CB75,0x0000000B,data,data_10C3CB75
0x10C3CB80,0x00000031,data,data_10C3CB80
0x10C3CBB1,0x0000000F,data,data_10C3CBB1
0x10C3CBC0,0x00000004,data,data_10C3CBC0
0x10C3CBC4,0x00000100,data,data_10C3CBC4
0x10C3CCC4,0x00000100,data,data_10C3CCC4
0x10C3CDC4,0x00000100,data,data_10C3CDC4
0x10C3CEC4,0x00000100,data,data_10C3CEC4
0x10C3CFC4,0x00000100,data,data_10C3CFC4
0x10C3D0C4,0x00000100,data,data_10C3D0C4
0x10C3D1C4,0x00000100,data,data_10C3D1C4
0x10C3D2C4,0x00000100,data,data_10C3D2C4
0x10C3D3C4,0x00000100,data,data_10C3D3C4
0x10C3D4C4,0x00000100,data,data_10C3D4C4
0x10C3D5C4,0x00000100,data,data_10C3D5C4
0x10C3D6C4,0x00000100,data,data_10C3D6C4
0x10C3D7C4,0x00000100,data,data_10C3D7C4
0x10C3D8C4,0x00000100,data,data_10C3D8C4
0x10C3D9C4,0x00000100,data,data_10C3D9C4
0x10C3DAC4,0x00000100,data,data_10C3DAC4
0x10C3DBC4,0x00000100,data,data_10C3DBC4
0x10C3DCC4,0x00000100,data,data_10C3DCC4
0x10C3DDC4,0x00000100,data,data_10C3DDC4
0x10C3DEC4,0x00000100,data,data_10C3DEC4
0x10C3DFC4,0x00000100,data,data_10C3DFC4
0x10C3E0C4,0x00000100,data,data_10C3E0C4
0x10C3E1C4,0x00000100,data,data_10C3E1C4
0x10C3E2C4,0x00000100,data,data_10C3E2C4
0x10C3E3C4,0x00000100,data,data_10C3E3C4
0x10C3E4C4,0x00000100,data,data_10C3E4C4
0x10C3E5C4,0x00000100,data,data_10C3E5C4
0x10C3E6C4,0x00000100,data,data_10C3E6C4
0x10C3E7C4,0x00000100,data,data_10C3E7C4
0x10C3E8C4,0x00000100,data,data_10C3E8C4
0x10C3E9C4,0x00000100,data,data_10C3E9C4
0x10C3EAC4,0x00000100,data,data_10C3EAC4
0x10C3EBC4,0x00000100,data,data_10C3EBC4
0x10C3ECC4,0x00000100,data,data_10C3ECC4
0x10C3EDC4,0x00000100,data,data_10C3EDC4
0x10C3EEC4,0x00000100,data,data_10C3EEC4
0x10C3EFC4,0x00000100,data,data_10C3EFC4
0x10C3F0C4,0x00000100,data,data_10C3F0C4
0x10C3F1C4,0x00000100,data,data_10C3F1C4
0x10C3F2C4,0x00000100,data,data_10C3F2C4
0x10C3F3C4,0x00000100,data,data_10C3F3C4
0x10C3F4C4,0x00000100,data,data_10C3F4C4
0x10C3F5C4,0x00000100,data,data_10C3F5C4
0x10C3F6C4,0x00000100,data,data_10C3F6C4
0x10C3F7C4,0x00000100,data,data_10C3F7C4
0x10C3F8C4,0x00000100,data,data_10C3F8C4
0x10C3F9C4,0x00000100,data,data_10C3F9C4
0x10C3FAC4,0x00000100,data,data_10C3FAC4
0x10C3FBC4,0x00000100,data,data_10C3FBC4
0x10C3FCC4,0x00000100,data,data_10C3FCC4
0x10C3FDC4,0x00000100,data,data_10C3FDC4
0x10C3FEC4,0x00000100,data,data_10C3FEC4
0x10C3FFC4,0x00000100,data,data_10C3FFC4
0x10C400C4,0x00000100,data,data_10C400C4
0x10C401C4,0x00000100,data,data_10C401C4
0x10C402C4,0x00000100,data,data_10C402C4
0x10C403C4,0x00000100,data,data_10C403C4
0x10C404C4,0x00000100,data,data_10C404C4
0x10C405C4,0x00000100,data,data_10C405C4
0x10C406C4,0x00000100,data,data_10C406C4
0x10C407C4,0x00000100,data,data_10C407C4
0x10C408C4,0x00000100,data,data_10C408C4
0x10C409C4,0x00000100,data,data_10C409C4
0x10C40AC4,0x00000100,data,data_10C40AC4
0x10C40BC4,0x00000100,data,data_10C40BC4
0x10C40CC4,0x00000100,data,data_10C40CC4
0x10C40DC4,0x00000100,data,data_10C40DC4
0x10C40EC4,0x00000100,data,data_10C40EC4
0x10C40FC4,0x00000100,data,data_10C40FC4
0x10C410C4,0x00000100,data,data_10C410C4
0x10C411C4,0x00000100,data,data_10C411C4
0x10C412C4,0x00000100,data,data_10C412C4
0x10C413C4,0x00000100,data,data_10C413C4
0x10C414C4,0x00000100,data,data_10C414C4
0x10C415C4,0x00000100,data,data_10C415C4
0x10C416C4,0x00000100,data,data_10C416C4
0x10C417C4,0x00000100,data,data_10C417C4
0x10C418C4,0x00000100,data,data_10C418C4
0x10C419C4,0x00000100,data,data_10C419C4
0x10C41AC4,0x00000100,data,data_10C41AC4
0x10C41BC4,0x00000100,data,data_10C41BC4
0x10C41CC4,0x00000100,data,data_10C41CC4
0x10C41DC4,0x00000100,data,data_10C41DC4
0x10C41EC4,0x00000100,data,data_10C41EC4
0x10C41FC4,0x00000100,data,data_10C41FC4
0x10C420C4,0x00000100,data,data_10C420C4
0x10C421C4,0x00000100,data,data_10C421C4
0x10C422C4,0x00000100,data,data_10C422C4
0x10C423C4,0x00000100,data,data_10C423C4
0x10C424C4,0x00000100,data,data_10C424C4
0x10C425C4,0x00000100,data,data_10C425C4
0x10C426C4,0x00000100,data,data_10C426C4
0x10C427C4,0x00000100,data,data_10C427C4
0x10C428C4,0x00000100,data,data_10C428C4
0x10C429C4,0x00000100,data,data_10C429C4
0x10C42AC4,0x00000100,data,data_10C42AC4
0x10C42BC4,0x00000100,data,data_10C42BC4
0x10C42CC4,0x00000100,data,data_10C42CC4
0x10C42DC4,0x00000100,data,data_10C42DC4
0x10C42EC4,0x00000100,data,data_10C42EC4
0x10C42FC4,0x00000100,data,data_10C42FC4
0x10C430C4,0x00000100,data,data_10C430C4
0x10C431C4,0x00000100,data,data_10C431C4
0x10C432C4,0x00000100,data,data_10C432C4
0x10C433C4,0x00000100,data,data_10C433C4
0x10C434C4,0x00000100,data,data_10C434C4
0x10C435C4,0x00000100,data,data_10C435C4
0x10C436C4,0x00000100,data,data_10C436C4
0x10C437C4,0x00000100,data,data_10C437C4
0x10C438C4,0x00000100,data,data_10C438C4
0x10C439C4,0x00000100,data,data_10C439C4
0x10C43AC4,0x00000100,data,data_10C43AC4
0x10C43BC4,0x00000100,data,data_10C43BC4
0x10C43CC4,0x00000100,data,data_10C43CC4
0x10C43DC4,0x00000100,data,data_10C43DC4
0x10C43EC4,0x00000100,data,data_10C43EC4
0x10C43FC4,0x00000100,data,data_10C43FC4
0x10C440C4,0x00000100,data,data_10C440C4
0x10C441C4,0x00000100,data,data_10C441C4
0x10C442C4,0x00000100,data,data_10C442C4
0x10C443C4,0x00000100,data,data_10C443C4
0x10C444C4,0x00000100,data,data_10C444C4
0x10C445C4,0x00000100,data,data_10C445C4
0x10C446C4,0x00000100,data,data_10C446C4
0x10C447C4,0x00000100,data,data_10C447C4
0x10C448C4,0x00000100,data,data_10C448C4
0x10C449C4,0x00000100,data,data_10C449C4
0x10C44AC4,0x00000100,data,data_10C44AC4
0x10C44BC4,0x00000100,data,data_10C44BC4
0x10C44CC4,0x00000100,data,data_10C44CC4
0x10C44DC4,0x00000100,data,data_10C44DC4
0x10C44EC4,0x00000100,data,data_10C44EC4
0x10C44FC4,0x00000100,data,data_10C44FC4
0x10C450C4,0x00000100,data,data_10C450C4
0x10C451C4,0x00000100,data,data_10C451C4
0x10C452C4,0x00000100,data,data_10C452C4
0x10C453C4,0x00000100,data,data_10C453C4
0x10C454C4,0x00000100,data,data_10C454C4
0x10C455C4,0x00000100,data,data_10C455C4
0x10C456C4,0x00000100,data,data_10C456C4
0x10C457C4,0x00000100,data,data_10C457C4
0x10C458C4,0x00000100,data,data_10C458C4
0x10C459C4,0x00000100,data,data_10C459C4
0x10C45AC4,0x00000100,data,data_10C45AC4
0x10C45BC4,0x00000100,data,data_10C45BC4
0x10C45CC4,0x00000100,data,data_10C45CC4
0x10C45DC4,0x00000100,data,data_10C45DC4
0x10C45EC4,0x00000100,data,data_10C45EC4
0x10C45FC4,0x00000100,data,data_10C45FC4
0x10C460C4,0x00000100,data,data_10C460C4
0x10C461C4,0x00000100,data,data_10C461C4
0x10C462C4,0x00000100,data,data_10C462C4
0x10C463C4,0x00000100,data,data_10C463C4
0x10C464C4,0x00000100,data,data_10C464C4
0x10C465C4,0x00000100,data,data_10C465C4
0x10C466C4,0x00000100,data,data_10C466C4
0x10C467C4,0x00000100,data,data_10C467C4
0x10C468C4,0x00000100,data,data_10C468C4
0x10C469C4,0x00000100,data,data_10C469C4
0x10C46AC4,0x00000100,data,data_10C46AC4
0x10C46BC4,0x00000100,data,data_10C46BC4
0x10C46CC4,0x00000100,data,data_10C46CC4
0x10C46DC4,0x00000100,data,data_10C46DC4
0x10C46EC4,0x00000100,data,data_10C46EC4
0x10C46FC4,0x00000100,data,data_10C46FC4
0x10C470C4,0x00000100,data,data_10C470C4
0x10C471C4,0x00000100,data,data_10C471C4
0x10C472C4,0x00000100,data,data_10C472C4
0x10C473C4,0x00000100,data,data_10C473C4
0x10C474C4,0x00000100,data,data_10C474C4
0x10C475C4,0x00000100,data,data_10C475C4
0x10C476C4,0x00000100,data,data_10C476C4
0x10C477C4,0x00000100,data,data_10C477C4
0x10C478C4,0x00000100,data,data_10C478C4
0x10C479C4,0x00000100,data,data_10C479C4
0x10C47AC4,0x00000100,data,data_10C47AC4
0x10C47BC4,0x00000100,data,data_10C47BC4
0x10C47CC4,0x00000100,data,data_10C47CC4
0x10C47DC4,0x00000100,data,data_10C47DC4
0x10C47EC4,0x00000100,data,data_10C47EC4
0x10C47FC4,0x00000100,data,data_10C47FC4
0x10C480C4,0x00000100,data,data_10C480C4
0x10C481C4,0x00000100,data,data_10C481C4
0x10C482C4,0x00000100,data,data_10C482C4
0x10C483C4,0x00000100,data,data_10C483C4
0x10C484C4,0x00000100,data,data_10C484C4
0x10C485C4,0x00000100,data,data_10C485C4
0x10C486C4,0x00000100,data,data_10C486C4
0x10C487C4,0x00000100,data,data_10C487C4
0x10C488C4,0x00000100,data,data_10C488C4
0x10C489C4,0x00000100,data,data_10C489C4
0x10C48AC4,0x00000100,data,data_10C48AC4
0x10C48BC4,0x00000100,data,data_10C48BC4
0x10C48CC4,0x00000100,data,data_10C48CC4
0x10C48DC4,0x00000100,data,data_10C48DC4
0x10C48EC4,0x00000100,data,data_10C48EC4
0x10C48FC4,0x00000100,data,data_10C48FC4
0x10C490C4,0x00000100,data,data_10C490C4
0x10C491C4,0x00000100,data,data_10C491C4
0x10C492C4,0x00000100,data,data_10C492C4
0x10C493C4,0x00000100,data,data_10C493C4
0x10C494C4,0x00000100,data,data_10C494C4
0x10C495C4,0x00000100,data,data_10C495C4
0x10C496C4,0x00000100,data,data_10C496C4
0x10C497C4,0x00000100,data,data_10C497C4
0x10C498C4,0x00000100,data,data_10C498C4
0x10C499C4,0x00000100,data,data_10C499C4
0x10C49AC4,0x00000100,data,data_10C49AC4
0x10C49BC4,0x00000100,data,data_10C49BC4
0x10C49CC4,0x00000100,data,data_10C49CC4
0x10C49DC4,0x00000100,data,data_10C49DC4
0x10C49EC4,0x00000100,data,data_10C49EC4
0x10C49FC4,0x00000100,data,data_10C49FC4
0x10C4A0C4,0x00000100,data,data_10C4A0C4
0x10C4A1C4,0x00000100,data,data_10C4A1C4
0x10C4A2C4,0x00000100,data,data_10C4A2C4
0x10C4A3C4,0x00000100,data,data_10C4A3C4
0x10C4A4C4,0x00000100,data,data_10C4A4C4
0x10C4A5C4,0x00000100,data,data_10C4A5C4
0x10C4A6C4,0x00000100,data,data_10C4A6C4
0x10C4A7C4,0x00000100,data,data_10C4A7C4
0x10C4A8C4,0x00000100,data,data_10C4A8C4
0x10C4A9C4,0x00000100,data,data_10C4A9C4
0x10C4AAC4,0x00000100,data,data_10C4AAC4
0x10C4ABC4,0x00000100,data,data_10C4ABC4
0x10C4ACC4,0x00000100,data,data_10C4ACC4
0x10C4ADC4,0x00000100,data,data_10C4ADC4
0x10C4AEC4,0x00000100,data,data_10C4AEC4
0x10C4AFC4,0x00000100,data,data_10C4AFC4
0x10C4B0C4,0x00000100,data,data_10C4B0C4
0x10C4B1C4,0x00000100,data,data_10C4B1C4
0x10C4B2C4,0x00000100,data,data_10C4B2C4
0x10C4B3C4,0x00000100,data,data_10C4B3C4
0x10C4B4C4,0x00000100,data,data_10C4B4C4
0x10C4B5C4,0x00000100,data,data_10C4B5C4
0x10C4B6C4,0x00000100,data,data_10C4B6C4
0x10C4B7C4,0x00000100,data,data_10C4B7C4
0x10C4B8C4,0x00000100,data,data_10C4B8C4
0x10C4B9C4,0x00000100,data,data_10C4B9C4
0x10C4BAC4,0x00000100,data,data_10C4BAC4
0x10C4BBC4,0x00000100,data,data_10C4BBC4
0x10C4BCC4,0x00000100,data,data_10C4BCC4
0x10C4BDC4,0x00000100,data,data_10C4BDC4
0x10C4BEC4,0x00000100,data,data_10C4BEC4
0x10C4BFC4,0x00000100,data,data_10C4BFC4
0x10C4C0C4,0x00000100,data,data_10C4C0C4
0x10C4C1C4,0x00000100,data,data_10C4C1C4
0x10C4C2C4,0x00000100,data,data_10C4C2C4
0x10C4C3C4,0x00000100,data,data_10C4C3C4
0x10C4C4C4,0x00000100,data,data_10C4C4C4
0x10C4C5C4,0x00000100,data,data_10C4C5C4
0x10C4C6C4,0x00000100,data,data_10C4C6C4
0x10C4C7C4,0x00000100,data,data_10C4C7C4
0x10C4C8C4,0x00000100,data,data_10C4C8C4
0x10C4C9C4,0x00000100,data,data_10C4C9C4
0x10C4CAC4,0x00000100,data,data_10C4CAC4
0x10C4CBC4,0x00000100,data,data_10C4CBC4
0x10C4CCC4,0x00000100,data,data_10C4CCC4
0x10C4CDC4,0x00000100,data,data_10C4CDC4
0x10C4CEC4,0x00000100,data,data_10C4CEC4
0x10C4CFC4,0x00000100,data,data_10C4CFC4
0x10C4D0C4,0x00000100,data,data_10C4D0C4
0x10C4D1C4,0x00000100,data,data_10C4D1C4
0x10C4D2C4,0x00000100,data,data_10C4D2C4
0x10C4D3C4,0x00000100,data,data_10C4D3C4
0x10C4D4C4,0x00000100,data,data_10C4D4C4
0x10C4D5C4,0x00000100,data,data_10C4D5C4
0x10C4D6C4,0x00000100,data,data_10C4D6C4
0x10C4D7C4,0x00000100,data,data_10C4D7C4
0x10C4D8C4,0x00000100,data,data_10C4D8C4
0x10C4D9C4,0x00000100,data,data_10C4D9C4
0x10C4DAC4,0x00000100,data,data_10C4DAC4
0x10C4DBC4,0x00000100,data,data_10C4DBC4
0x10C4DCC4,0x00000100,data,data_10C4DCC4
0x10C4DDC4,0x00000100,data,data_10C4DDC4
0x10C4DEC4,0x00000100,data,data_10C4DEC4
0x10C4DFC4,0x00000100,data,data_10C4DFC4
0x10C4E0C4,0x00000100,data,data_10C4E0C4
0x10C4E1C4,0x00000100,data,data_10C4E1C4
0x10C4E2C4,0x00000100,data,data_10C4E2C4
0x10C4E3C4,0x00000100,data,data_10C4E3C4
0x10C4E4C4,0x00000100,data,data_10C4E4C4
0x10C4E5C4,0x00000100,data,data_10C4E5C4
0x10C4E6C4,0x00000100,data,data_10C4E6C4
0x10C4E7C4,0x00000100,data,data_10C4E7C4
0x10C4E8C4,0x00000100,data,data_10C4E8C4
0x10C4E9C4,0x00000100,data,data_10C4E9C4
0x10C4EAC4,0x00000100,data,data_10C4EAC4
0x10C4EBC4,0x00000100,data,data_10C4EBC4
0x10C4ECC4,0x00000100,data,data_10C4ECC4
0x10C4EDC4,0x00000100,data,data_10C4EDC4
0x10C4EEC4,0x00000100,data,data_10C4EEC4
0x10C4EFC4,0x00000100,data,data_10C4EFC4
0x10C4F0C4,0x00000100,data,data_10C4F0C4
0x10C4F1C4,0x00000100,data,data_10C4F1C4
0x10C4F2C4,0x00000100,data,data_10C4F2C4
0x10C4F3C4,0x00000100,data,data_10C4F3C4
0x10C4F4C4,0x00000100,data,data_10C4F4C4
0x10C4F5C4,0x00000100,data,data_10C4F5C4
0x10C4F6C4,0x00000100,data,data_10C4F6C4
0x10C4F7C4,0x00000100,data,data_10C4F7C4
0x10C4F8C4,0x00000100,data,data_10C4F8C4
0x10C4F9C4,0x00000100,data,data_10C4F9C4
0x10C4FAC4,0x00000100,data,data_10C4FAC4
0x10C4FBC4,0x00000100,data,data_10C4FBC4
0x10C4FCC4,0x00000100,data,data_10C4FCC4
0x10C4FDC4,0x00000100,data,data_10C4FDC4
0x10C4FEC4,0x00000100,data,data_10C4FEC4
0x10C4FFC4,0x00000100,data,data_10C4FFC4
0x10C500C4,0x00000100,data,data_10C500C4
0x10C501C4,0x00000100,data,data_10C501C4
0x10C502C4,0x00000100,data,data_10C502C4
0x10C503C4,0x00000100,data,data_10C503C4
0x10C504C4,0x00000100,data,data_10C504C4
0x10C505C4,0x00000100,data,data_10C505C4
0x10C506C4,0x00000100,data,data_10C506C4
0x10C507C4,0x00000100,data,data_10C507C4
0x10C508C4,0x00000100,data,data_10C508C4
0x10C509C4,0x00000100,data,data_10C509C4
0x10C50AC4,0x00000100,data,data_10C50AC4
0x10C50BC4,0x00000100,data,data_10C50BC4
0x10C50CC4,0x00000100,data,data_10C50CC4
0x10C50DC4,0x00000100,data,data_10C50DC4
0x10C50EC4,0x00000100,data,data_10C50EC4
0x10C50FC4,0x00000100,data,data_10C50FC4
0x10C510C4,0x00000100,data,data_10C510C4
0x10C511C4,0x00000100,data,data_10C511C4
0x10C512C4,0x00000100,data,data_10C512C4
0x10C513C4,0x00000100,data,data_10C513C4
0x10C514C4,0x00000100,data,data_10C514C4
0x10C515C4,0x00000100,data,data_10C515C4
0x10C516C4,0x00000100,data,data_10C516C4
0x10C517C4,0x00000100,data,data_10C517C4
0x10C518C4,0x00000100,data,data_10C518C4
0x10C519C4,0x00000100,data,data_10C519C4
0x10C51AC4,0x00000100,data,data_10C51AC4
0x10C51BC4,0x00000100,data,data_10C51BC4
0x10C51CC4,0x00000100,data,data_10C51CC4
0x10C51DC4,0x00000100,data,data_10C51DC4
0x10C51EC4,0x00000100,data,data_10C51EC4
0x10C51FC4,0x00000100,data,data_10C51FC4
0x10C520C4,0x00000100,data,data_10C520C4
0x10C521C4,0x00000100,data,data_10C521C4
0x10C522C4,0x00000100,data,data_10C522C4
0x10C523C4,0x00000100,data,data_10C523C4
0x10C524C4,0x00000100,data,data_10C524C4
0x10C525C4,0x00000100,data,data_10C525C4
0x10C526C4,0x00000100,data,data_10C526C4
0x10C527C4,0x00000100,data,data_10C527C4
0x10C528C4,0x00000100,data,data_10C528C4
0x10C529C4,0x00000100,data,data_10C529C4
0x10C52AC4,0x00000100,data,data_10C52AC4
0x10C52BC4,0x00000100,data,data_10C52BC4
0x10C52CC4,0x00000100,data,data_10C52CC4
0x10C52DC4,0x00000100,data,data_10C52DC4
0x10C52EC4,0x00000100,data,data_10C52EC4
0x10C52FC4,0x00000100,data,data_10C52FC4
0x10C530C4,0x00000100,data,data_10C530C4
0x10C531C4,0x00000100,data,data_10C531C4
0x10C532C4,0x00000100,data,data_10C532C4
0x10C533C4,0x00000100,data,data_10C533C4
0x10C534C4,0x00000100,data,data_10C534C4
0x10C535C4,0x00000100,data,data_10C535C4
0x10C536C4,0x00000100,data,data_10C536C4
0x10C537C4,0x00000100,data,data_10C537C4
0x10C538C4,0x00000100,data,data_10C538C4
0x10C539C4,0x00000100,data,data_10C539C4
0x10C53AC4,0x00000100,data,data_10C53AC4
0x10C53BC4,0x00000100,data,data_10C53BC4
0x10C53CC4,0x00000100,data,data_10C53CC4
0x10C53DC4,0x00000100,data,data_10C53DC4
0x10C53EC4,0x00000100,data,data_10C53EC4
0x10C53FC4,0x00000100,data,data_10C53FC4
0x10C540C4,0x00000100,data,data_10C540C4
0x10C541C4,0x00000100,data,data_10C541C4
0x10C542C4,0x00000100,data,data_10C542C4
0x10C543C4,0x00000100,data,data_10C543C4
0x10C544C4,0x00000100,data,data_10C544C4
0x10C545C4,0x00000100,data,data_10C545C4
0x10C546C4,0x00000100,data,data_10C546C4
0x10C547C4,0x00000100,data,data_10C547C4
0x10C548C4,0x00000100,data,data_10C548C4
0x10C549C4,0x00000100,data,data_10C549C4
0x10C54AC4,0x00000100,data,data_10C54AC4
0x10C54BC4,0x00000100,data,data_10C54BC4
0x10C54CC4,0x00000100,data,data_10C54CC4
0x10C54DC4,0x00000100,data,data_10C54DC4
0x10C54EC4,0x00000100,data,data_10C54EC4
0x10C54FC4,0x00000100,data,data_10C54FC4
0x10C550C4,0x00000100,data,data_10C550C4
0x10C551C4,0x00000100,data,data_10C551C4
0x10C552C4,0x00000100,data,data_10C552C4
0x10C553C4,0x00000100,data,data_10C553C4
0x10C554C4,0x00000100,data,data_10C554C4
0x10C555C4,0x00000100,data,data_10C555C4
0x10C556C4,0x00000100,data,data_10C556C4
0x10C557C4,0x00000100,data,data_10C557C4
0x10C558C4,0x00000100,data,data_10C558C4
0x10C559C4,0x00000100,data,data_10C559C4
0x10C55AC4,0x00000100,data,data_10C55AC4
0x10C55BC4,0x00000100,data,data_10C55BC4
0x10C55CC4,0x00000100,data,data_10C55CC4
0x10C55DC4,0x00000100,data,data_10C55DC4
0x10C55EC4,0x00000100,data,data_10C55EC4
0x10C55FC4,0x00000100,data,data_10C55FC4
0x10C560C4,0x00000100,data,data_10C560C4
0x10C561C4,0x00000100,data,data_10C561C4
0x10C562C4,0x00000100,data,data_10C562C4
0x10C563C4,0x00000100,data,data_10C563C4
0x10C564C4,0x00000100,data,data_10C564C4
0x10C565C4,0x00000100,data,data_10C565C4
0x10C566C4,0x00000100,data,data_10C566C4
0x10C567C4,0x00000100,data,data_10C567C4
0x10C568C4,0x00000100,data,data_10C568C4
0x10C569C4,0x00000100,data,data_10C569C4
0x10C56AC4,0x00000100,data,data_10C56AC4
0x10C56BC4,0x00000100,data,data_10C56BC4
0x10C56CC4,0x00000100,data,data_10C56CC4
0x10C56DC4,0x00000100,data,data_10C56DC4
0x10C56EC4,0x00000100,data,data_10C56EC4
0x10C56FC4,0x00000100,data,data_10C56FC4
0x10C570C4,0x00000100,data,data_10C570C4
0x10C571C4,0x00000100,data,data_10C571C4
0x10C572C4,0x00000100,data,data_10C572C4
0x10C573C4,0x00000100,data,data_10C573C4
0x10C574C4,0x00000100,data,data_10C574C4
0x10C575C4,0x00000100,data,data_10C575C4
0x10C576C4,0x00000100,data,data_10C576C4
0x10C577C4,0x00000100,data,data_10C577C4
0x10C578C4,0x00000100,data,data_10C578C4
0x10C579C4,0x00000100,data,data_10C579C4
0x10C57AC4,0x00000100,data,data_10C57AC4
0x10C57BC4,0x00000100,data,data_10C57BC4
0x10C57CC4,0x00000100,data,data_10C57CC4
0x10C57DC4,0x00000100,data,data_10C57DC4
0x10C57EC4,0x00000100,data,data_10C57EC4
0x10C57FC4,0x00000100,data,data_10C57FC4
0x10C580C4,0x00000100,data,data_10C580C4
0x10C581C4,0x00000100,data,data_10C581C4
0x10C582C4,0x00000100,data,data_10C582C4
0x10C583C4,0x00000100,data,data_10C583C4
0x10C584C4,0x00000100,data,data_10C584C4
0x10C585C4,0x00000100,data,data_10C585C4
0x10C586C4,0x00000100,data,data_10C586C4
0x10C587C4,0x00000100,data,data_10C587C4
0x10C588C4,0x00000100,data,data_10C588C4
0x10C589C4,0x00000100,data,data_10C589C4
0x10C58AC4,0x00000100,data,data_10C58AC4
0x10C58BC4,0x00000100,data,data_10C58BC4
0x10C58CC4,0x00000100,data,data_10C58CC4
0x10C58DC4,0x00000100,data,data_10C58DC4
0x10C58EC4,0x00000100,data,data_10C58EC4
0x10C58FC4,0x00000100,data,data_10C58FC4
0x10C590C4,0x00000100,data,data_10C590C4
0x10C591C4,0x00000100,data,data_10C591C4
0x10C592C4,0x00000100,data,data_10C592C4
0x10C593C4,0x00000100,data,data_10C593C4
0x10C594C4,0x00000100,data,data_10C594C4
0x10C595C4,0x00000100,data,data_10C595C4
0x10C596C4,0x00000100,data,data_10C596C4
0x10C597C4,0x00000100,data,data_10C597C4
0x10C598C4,0x00000100,data,data_10C598C4
0x10C599C4,0x00000100,data,data_10C599C4
0x10C59AC4,0x00000100,data,data_10C59AC4
0x10C59BC4,0x00000100,data,data_10C59BC4
0x10C59CC4,0x00000100,data,data_10C59CC4
0x10C59DC4,0x00000100,data,data_10C59DC4
0x10C59EC4,0x00000100,data,data_10C59EC4
0x10C59FC4,0x00000100,data,data_10C59FC4
0x10C5A0C4,0x00000100,data,data_10C5A0C4
0x10C5A1C4,0x00000100,data,data_10C5A1C4
0x10C5A2C4,0x00000100,data,data_10C5A2C4
0x10C5A3C4,0x00000100,data,data_10C5A3C4
0x10C5A4C4,0x00000100,data,data_10C5A4C4
0x10C5A5C4,0x00000100,data,data_10C5A5C4
0x10C5A6C4,0x00000100,data,data_10C5A6C4
0x10C5A7C4,0x00000100,data,data_10C5A7C4
0x10C5A8C4,0x00000100,data,data_10C5A8C4
0x10C5A9C4,0x00000100,data,data_10C5A9C4
0x10C5AAC4,0x00000100,data,data_10C5AAC4
0x10C5ABC4,0x00000100,data,data_10C5ABC4
0x10C5ACC4,0x00000100,data,data_10C5ACC4
0x10C5ADC4,0x00000100,data,data_10C5ADC4
0x10C5AEC4,0x00000100,data,data_10C5AEC4
0x10C5AFC4,0x00000100,data,data_10C5AFC4
0x10C5B0C4,0x00000100,data,data_10C5B0C4
0x10C5B1C4,0x00000100,data,data_10C5B1C4
0x10C5B2C4,0x00000100,data,data_10C5B2C4
0x10C5B3C4,0x00000100,data,data_10C5B3C4
0x10C5B4C4,0x00000100,data,data_10C5B4C4
0x10C5B5C4,0x00000100,data,data_10C5B5C4
0x10C5B6C4,0x00000100,data,data_10C5B6C4
0x10C5B7C4,0x00000100,data,data_10C5B7C4
0x10C5B8C4,0x00000100,data,data_10C5B8C4
0x10C5B9C4,0x00000100,data,data_10C5B9C4
0x10C5BAC4,0x00000100,data,data_10C5BAC4
0x10C5BBC4,0x00000100,data,data_10C5BBC4
0x10C5BCC4,0x00000100,data,data_10C5BCC4
0x10C5BDC4,0x00000100,data,data_10C5BDC4
0x10C5BEC4,0x00000100,data,data_10C5BEC4
0x10C5BFC4,0x00000100,data,data_10C5BFC4
0x10C5C0C4,0x00000100,data,data_10C5C0C4
0x10C5C1C4,0x00000100,data,data_10C5C1C4
0x10C5C2C4,0x00000100,data,data_10C5C2C4
0x10C5C3C4,0x00000100,data,data_10C5C3C4
0x10C5C4C4,0x00000100,data,data_10C5C4C4
0x10C5C5C4,0x00000100,data,data_10C5C5C4
0x10C5C6C4,0x00000100,data,data_10C5C6C4
0x10C5C7C4,0x00000100,data,data_10C5C7C4
0x10C5C8C4,0x00000100,data,data_10C5C8C4
0x10C5C9C4,0x00000100,data,data_10C5C9C4
0x10C5CAC4,0x00000100,data,data_10C5CAC4
0x10C5CBC4,0x00000100,data,data_10C5CBC4
0x10C5CCC4,0x00000100,data,data_10C5CCC4
0x10C5CDC4,0x00000100,data,data_10C5CDC4
0x10C5CEC4,0x00000100,data,data_10C5CEC4
0x10C5CFC4,0x00000100,data,data_10C5CFC4
0x10C5D0C4,0x00000100,data,data_10C5D0C4
0x10C5D1C4,0x00000100,data,data_10C5D1C4
0x10C5D2C4,0x00000100,data,data_10C5D2C4
0x10C5D3C4,0x00000100,data,data_10C5D3C4
0x10C5D4C4,0x00000100,data,data_10C5D4C4
0x10C5D5C4,0x00000100,data,data_10C5D5C4
0x10C5D6C4,0x00000100,data,data_10C5D6C4
0x10C5D7C4,0x00000100,data,data_10C5D7C4
0x10C5D8C4,0x00000100,data,data_10C5D8C4
0x10C5D9C4,0x00000100,data,data_10C5D9C4
0x10C5DAC4,0x00000100,data,data_10C5DAC4
0x10C5DBC4,0x00000100,data,data_10C5DBC4
0x10C5DCC4,0x00000100,data,data_10C5DCC4
0x10C5DDC4,0x00000100,data,data_10C5DDC4
0x10C5DEC4,0x00000100,data,data_10C5DEC4
0x10C5DFC4,0x00000100,data,data_10C5DFC4
0x10C5E0C4,0x00000100,data,data_10C5E0C4
0x10C5E1C4,0x00000100,data,data_10C5E1C4
0x10C5E2C4,0x00000100,data,data_10C5E2C4
0x10C5E3C4,0x00000100,data,data_10C5E3C4
0x10C5E4C4,0x00000100,data,data_10C5E4C4
0x10C5E5C4,0x00000100,data,data_10C5E5C4
0x10C5E6C4,0x00000100,data,data_10C5E6C4
0x10C5E7C4,0x00000100,data,data_10C5E7C4
0x10C5E8C4,0x00000100,data,data_10C5E8C4
0x10C5E9C4,0x00000100,data,data_10C5E9C4
0x10C5EAC4,0x00000100,data,data_10C5EAC4
0x10C5EBC4,0x00000100,data,data_10C5EBC4
0x10C5ECC4,0x00000100,data,data_10C5ECC4
0x10C5EDC4,0x00000100,data,data_10C5EDC4
0x10C5EEC4,0x00000100,data,data_10C5EEC4
0x10C5EFC4,0x00000100,data,data_10C5EFC4
0x10C5F0C4,0x00000100,data,data_10C5F0C4
0x10C5F1C4,0x00000100,data,data_10C5F1C4
0x10C5F2C4,0x00000100,data,data_10C5F2C4
0x10C5F3C4,0x00000100,data,data_10C5F3C4
0x10C5F4C4,0x00000100,data,data_10C5F4C4
0x10C5F5C4,0x00000100,data,data_10C5F5C4
0x10C5F6C4,0x00000100,data,data_10C5F6C4
0x10C5F7C4,0x00000100,data,data_10C5F7C4
0x10C5F8C4,0x00000100,data,data_10C5F8C4
0x10C5F9C4,0x00000100,data,data_10C5F9C4
0x10C5FAC4,0x00000100,data,data_10C5FAC4
0x10C5FBC4,0x00000100,data,data_10C5FBC4
0x10C5FCC4,0x00000100,data,data_10C5FCC4
0x10C5FDC4,0x00000100,data,data_10C5FDC4
0x10C5FEC4,0x00000100,data,data_10C5FEC4
0x10C5FFC4,0x00000100,data,data_10C5FFC4
0x10C600C4,0x00000100,data,data_10C600C4
0x10C601C4,0x00000100,data,data_10C601C4
0x10C602C4,0x00000100,data,data_10C602C4
0x10C603C4,0x00000100,data,data_10C603C4
0x10C604C4,0x00000100,data,data_10C604C4
0x10C605C4,0x00000100,data,data_10C605C4
0x10C606C4,0x00000100,data,data_10C606C4
0x10C607C4,0x00000100,data,data_10C607C4
0x10C608C4,0x00000100,data,data_10C608C4
0x10C609C4,0x00000100,data,data_10C609C4
0x10C60AC4,0x00000100,data,data_10C60AC4
0x10C60BC4,0x00000100,data,data_10C60BC4
0x10C60CC4,0x00000100,data,data_10C60CC4
0x10C60DC4,0x00000100,data,data_10C60DC4
0x10C60EC4,0x00000100,data,data_10C60EC4
0x10C60FC4,0x00000100,data,data_10C60FC4
0x10C610C4,0x00000100,data,data_10C610C4
0x10C611C4,0x00000100,data,data_10C611C4
0x10C612C4,0x00000100,data,data_10C612C4
0x10C613C4,0x00000100,data,data_10C613C4
0x10C614C4,0x00000100,data,data_10C614C4
0x10C615C4,0x00000100,data,data_10C615C4
0x10C616C4,0x00000100,data,data_10C616C4
0x10C617C4,0x00000100,data,data_10C617C4
0x10C618C4,0x00000100,data,data_10C618C4
0x10C619C4,0x00000100,data,data_10C619C4
0x10C61AC4,0x00000100,data,data_10C61AC4
0x10C61BC4,0x00000100,data,data_10C61BC4
0x10C61CC4,0x00000100,data,data_10C61CC4
0x10C61DC4,0x00000100,data,data_10C61DC4
0x10C61EC4,0x00000100,data,data_10C61EC4
0x10C61FC4,0x00000100,data,data_10C61FC4
0x10C620C4,0x00000100,data,data_10C620C4
0x10C621C4,0x00000100,data,data_10C621C4
0x10C622C4,0x00000100,data,data_10C622C4
0x10C623C4,0x00000100,data,data_10C623C4
0x10C624C4,0x00000100,data,data_10C624C4
0x10C625C4,0x00000100,data,data_10C625C4
0x10C626C4,0x00000100,data,data_10C626C4
0x10C627C4,0x00000100,data,data_10C627C4
0x10C628C4,0x00000100,data,data_10C628C4
0x10C629C4,0x00000100,data,data_10C629C4
0x10C62AC4,0x00000100,data,data_10C62AC4
0x10C62BC4,0x00000100,data,data_10C62BC4
0x10C62CC4,0x00000100,data,data_10C62CC4
0x10C62DC4,0x00000100,data,data_10C62DC4
0x10C62EC4,0x00000100,data,data_10C62EC4
0x10C62FC4,0x00000100,data,data_10C62FC4
0x10C630C4,0x00000100,data,data_10C630C4
0x10C631C4,0x00000100,data,data_10C631C4
0x10C632C4,0x00000100,data,data_10C632C4
0x10C633C4,0x00000100,data,data_10C633C4
0x10C634C4,0x00000100,data,data_10C634C4
0x10C635C4,0x00000100,data,data_10C635C4
0x10C636C4,0x00000100,data,data_10C636C4
0x10C637C4,0x00000100,data,data_10C637C4
0x10C638C4,0x00000100,data,data_10C638C4
0x10C639C4,0x00000100,data,data_10C639C4
0x10C63AC4,0x00000100,data,data_10C63AC4
0x10C63BC4,0x00000100,data,data_10C63BC4
0x10C63CC4,0x00000100,data,data_10C63CC4
0x10C63DC4,0x00000100,data,data_10C63DC4
0x10C63EC4,0x00000100,data,data_10C63EC4
0x10C63FC4,0x00000100,data,data_10C63FC4
0x10C640C4,0x00000100,data,data_10C640C4
0x10C641C4,0x00000100,data,data_10C641C4
0x10C642C4,0x00000100,data,data_10C642C4
0x10C643C4,0x00000100,data,data_10C643C4
0x10C644C4,0x00000100,data,data_10C644C4
0x10C645C4,0x00000100,data,data_10C645C4
0x10C646C4,0x00000100,data,data_10C646C4
0x10C647C4,0x00000100,data,data_10C647C4
0x10C648C4,0x00000100,data,data_10C648C4
0x10C649C4,0x00000100,data,data_10C649C4
0x10C64AC4,0x00000100,data,data_10C64AC4
0x10C64BC4,0x00000100,data,data_10C64BC4
0x10C64CC4,0x00000100,data,data_10C64CC4
0x10C64DC4,0x00000100,data,data_10C64DC4
0x10C64EC4,0x00000100,data,data_10C64EC4
0x10C64FC4,0x00000100,data,data_10C64FC4
0x10C650C4,0x00000100,data,data_10C650C4
0x10C651C4,0x00000100,data,data_10C651C4
0x10C652C4,0x00000100,data,data_10C652C4
0x10C653C4,0x00000100,data,data_10C653C4
0x10C654C4,0x00000100,data,data_10C654C4
0x10C655C4,0x00000100,data,data_10C655C4
0x10C656C4,0x00000100,data,data_10C656C4
0x10C657C4,0x00000100,data,data_10C657C4
0x10C658C4,0x00000100,data,data_10C658C4
0x10C659C4,0x00000100,data,data_10C659C4
0x10C65AC4,0x00000100,data,data_10C65AC4
0x10C65BC4,0x00000100,data,data_10C65BC4
0x10C65CC4,0x00000100,data,data_10C65CC4
0x10C65DC4,0x00000100,data,data_10C65DC4
0x10C65EC4,0x00000100,data,data_10C65EC4
0x10C65FC4,0x00000100,data,data_10C65FC4
0x10C660C4,0x00000100,data,data_10C660C4
0x10C661C4,0x00000100,data,data_10C661C4
0x10C662C4,0x00000100,data,data_10C662C4
0x10C663C4,0x00000100,data,data_10C663C4
0x10C664C4,0x00000100,data,data_10C664C4
0x10C665C4,0x00000100,data,data_10C665C4
0x10C666C4,0x00000100,data,data_10C666C4
0x10C667C4,0x00000100,data,data_10C667C4
0x10C668C4,0x00000100,data,data_10C668C4
0x10C669C4,0x00000100,data,data_10C669C4
0x10C66AC4,0x00000100,data,data_10C66AC4
0x10C66BC4,0x00000100,data,data_10C66BC4
0x10C66CC4,0x00000100,data,data_10C66CC4
0x10C66DC4,0x00000100,data,data_10C66DC4
0x10C66EC4,0x00000100,data,data_10C66EC4
0x10C66FC4,0x00000100,data,data_10C66FC4
0x10C670C4,0x00000100,data,data_10C670C4
0x10C671C4,0x00000100,data,data_10C671C4
0x10C672C4,0x00000100,data,data_10C672C4
0x10C673C4,0x00000100,data,data_10C673C4
0x10C674C4,0x00000100,data,data_10C674C4
0x10C675C4,0x00000100,data,data_10C675C4
0x10C676C4,0x00000100,data,data_10C676C4
0x10C677C4,0x00000100,data,data_10C677C4
0x10C678C4,0x00000100,data,data_10C678C4
0x10C679C4,0x00000100,data,data_10C679C4
0x10C67AC4,0x00000100,data,data_10C67AC4
0x10C67BC4,0x00000100,data,data_10C67BC4
0x10C67CC4,0x00000100,data,data_10C67CC4
0x10C67DC4,0x00000100,data,data_10C67DC4
0x10C67EC4,0x00000100,data,data_10C67EC4
0x10C67FC4,0x00000100,data,data_10C67FC4
0x10C680C4,0x00000100,data,data_10C680C4
0x10C681C4,0x00000100,data,data_10C681C4
0x10C682C4,0x00000100,data,data_10C682C4
0x10C683C4,0x00000100,data,data_10C683C4
0x10C684C4,0x00000100,data,data_10C684C4
0x10C685C4,0x00000100,data,data_10C685C4
0x10C686C4,0x00000100,data,data_10C686C4
0x10C687C4,0x00000100,data,data_10C687C4
0x10C688C4,0x00000100,data,data_10C688C4
0x10C689C4,0x00000100,data,data_10C689C4
0x10C68AC4,0x00000100,data,data_10C68AC4
0x10C68BC4,0x00000100,data,data_10C68BC4
0x10C68CC4,0x00000100,data,data_10C68CC4
0x10C68DC4,0x00000100,data,data_10C68DC4
0x10C68EC4,0x00000100,data,data_10C68EC4
0x10C68FC4,0x00000100,data,data_10C68FC4
0x10C690C4,0x00000100,data,data_10C690C4
0x10C691C4,0x00000100,data,data_10C691C4
0x10C692C4,0x00000100,data,data_10C692C4
0x10C693C4,0x00000100,data,data_10C693C4
0x10C694C4,0x00000100,data,data_10C694C4
0x10C695C4,0x00000100,data,data_10C695C4
0x10C696C4,0x00000100,data,data_10C696C4
0x10C697C4,0x00000100,data,data_10C697C4
0x10C698C4,0x00000100,data,data_10C698C4
0x10C699C4,0x00000100,data,data_10C699C4
0x10C69AC4,0x00000100,data,data_10C69AC4
0x10C69BC4,0x00000100,data,data_10C69BC4
0x10C69CC4,0x00000100,data,data_10C69CC4
0x10C69DC4,0x00000100,data,data_10C69DC4
0x10C69EC4,0x00000100,data,data_10C69EC4
0x10C69FC4,0x00000100,data,data_10C69FC4
0x10C6A0C4,0x00000100,data,data_10C6A0C4
0x10C6A1C4,0x00000100,data,data_10C6A1C4
0x10C6A2C4,0x00000100,data,data_10C6A2C4
0x10C6A3C4,0x00000100,data,data_10C6A3C4
0x10C6A4C4,0x00000100,data,data_10C6A4C4
0x10C6A5C4,0x00000100,data,data_10C6A5C4
0x10C6A6C4,0x00000100,data,data_10C6A6C4
0x10C6A7C4,0x00000100,data,data_10C6A7C4
0x10C6A8C4,0x00000100,data,data_10C6A8C4
0x10C6A9C4,0x00000100,data,data_10C6A9C4
0x10C6AAC4,0x00000100,data,data_10C6AAC4
0x10C6ABC4,0x00000100,data,data_10C6ABC4
0x10C6ACC4,0x00000100,data,data_10C6ACC4
0x10C6ADC4,0x00000100,data,data_10C6ADC4
0x10C6AEC4,0x00000100,data,data_10C6AEC4
0x10C6AFC4,0x00000100,data,data_10C6AFC4
0x10C6B0C4,0x00000100,data,data_10C6B0C4
0x10C6B1C4,0x00000100,data,data_10C6B1C4
0x10C6B2C4,0x00000100,data,data_10C6B2C4
0x10C6B3C4,0x00000100,data,data_10C6B3C4
0x10C6B4C4,0x00000100,data,data_10C6B4C4
0x10C6B5C4,0x00000100,data,data_10C6B5C4
0x10C6B6C4,0x00000100,data,data_10C6B6C4
0x10C6B7C4,0x00000100,data,data_10C6B7C4
0x10C6B8C4,0x00000100,data,data_10C6B8C4
0x10C6B9C4,0x00000100,data,data_10C6B9C4
0x10C6BAC4,0x00000100,data,data_10C6BAC4
0x10C6BBC4,0x00000100,data,data_10C6BBC4
0x10C6BCC4,0x00000100,data,data_10C6BCC4
0x10C6BDC4,0x00000100,data,data_10C6BDC4
0x10C6BEC4,0x00000100,data,data_10C6BEC4
0x10C6BFC4,0x00000100,data,data_10C6BFC4
0x10C6C0C4,0x00000100,data,data_10C6C0C4
0x10C6C1C4,0x00000100,data,data_10C6C1C4
0x10C6C2C4,0x00000100,data,data_10C6C2C4
0x10C6C3C4,0x00000100,data,data_10C6C3C4
0x10C6C4C4,0x00000100,data,data_10C6C4C4
0x10C6C5C4,0x00000100,data,data_10C6C5C4
0x10C6C6C4,0x00000100,data,data_10C6C6C4
0x10C6C7C4,0x00000100,data,data_10C6C7C4
0x10C6C8C4,0x00000100,data,data_10C6C8C4
0x10C6C9C4,0x00000100,data,data_10C6C9C4
0x10C6CAC4,0x00000100,data,data_10C6CAC4
0x10C6CBC4,0x00000100,data,data_10C6CBC4
0x10C6CCC4,0x00000100,data,data_10C6CCC4
0x10C6CDC4,0x00000100,data,data_10C6CDC4
0x10C6CEC4,0x00000100,data,data_10C6CEC4
0x10C6CFC4,0x00000100,data,data_10C6CFC4
0x10C6D0C4,0x00000100,data,data_10C6D0C4
0x10C6D1C4,0x00000100,data,data_10C6D1C4
0x10C6D2C4,0x00000100,data,data_10C6D2C4
0x10C6D3C4,0x00000100,data,data_10C6D3C4
0x10C6D4C4,0x00000100,data,data_10C6D4C4
0x10C6D5C4,0x00000100,data,data_10C6D5C4
0x10C6D6C4,0x00000100,data,data_10C6D6C4
0x10C6D7C4,0x00000100,data,data_10C6D7C4
0x10C6D8C4,0x00000100,data,data_10C6D8C4
0x10C6D9C4,0x00000100,data,data_10C6D9C4
0x10C6DAC4,0x00000100,data,data_10C6DAC4
0x10C6DBC4,0x00000100,data,data_10C6DBC4
0x10C6DCC4,0x00000100,data,data_10C6DCC4
0x10C6DDC4,0x00000100,data,data_10C6DDC4
0x10C6DEC4,0x00000100,data,data_10C6DEC4
0x10C6DFC4,0x00000100,data,data_10C6DFC4
0x10C6E0C4,0x00000100,data,data_10C6E0C4
0x10C6E1C4,0x00000100,data,data_10C6E1C4
0x10C6E2C4,0x00000100,data,data_10C6E2C4
0x10C6E3C4,0x00000100,data,data_10C6E3C4
0x10C6E4C4,0x00000100,data,data_10C6E4C4
0x10C6E5C4,0x00000100,data,data_10C6E5C4
0x10C6E6C4,0x00000100,data,data_10C6E6C4
0x10C6E7C4,0x00000100,data,data_10C6E7C4
0x10C6E8C4,0x00000100,data,data_10C6E8C4
0x10C6E9C4,0x00000100,data,data_10C6E9C4
0x10C6EAC4,0x00000100,data,data_10C6EAC4
0x10C6EBC4,0x00000100,data,data_10C6EBC4
0x10C6ECC4,0x00000100,data,data_10C6ECC4
0x10C6EDC4,0x00000100,data,data_10C6EDC4
0x10C6EEC4,0x00000100,data,data_10C6EEC4
0x10C6EFC4,0x00000100,data,data_10C6EFC4
0x10C6F0C4,0x00000100,data,data_10C6F0C4
0x10C6F1C4,0x00000100,data,data_10C6F1C4
0x10C6F2C4,0x00000100,data,data_10C6F2C4
0x10C6F3C4,0x00000100,data,data_10C6F3C4
0x10C6F4C4,0x00000100,data,data_10C6F4C4
0x10C6F5C4,0x00000100,data,data_10C6F5C4
0x10C6F6C4,0x00000100,data,data_10C6F6C4
0x10C6F7C4,0x00000100,data,data_10C6F7C4
0x10C6F8C4,0x00000100,data,data_10C6F8C4
0x10C6F9C4,0x00000100,data,data_10C6F9C4
0x10C6FAC4,0x00000100,data,data_10C6FAC4
0x10C6FBC4,0x00000100,data,data_10C6FBC4
0x10C6FCC4,0x00000100,data,data_10C6FCC4
0x10C6FDC4,0x00000100,data,data_10C6FDC4
0x10C6FEC4,0x00000100,data,data_10C6FEC4
0x10C6FFC4,0x00000100,data,data_10C6FFC4
0x10C700C4,0x00000100,data,data_10C700C4
0x10C701C4,0x00000100,data,data_10C701C4
0x10C702C4,0x00000100,data,data_10C702C4
0x10C703C4,0x00000100,data,data_10C703C4
0x10C704C4,0x00000100,data,data_10C704C4
0x10C705C4,0x00000100,data,data_10C705C4
0x10C706C4,0x0000008C,data,data_10C706C4
