Address,Size,Type,Symbol
0x00408A11,0x0000007C,func,fn_00408A11
0x00409016,0x000000E7,func,fn_00409016
0x00409535,0x000000FE,func,fn_00409535
0x0040B570,0x0000007E,func,fn_0040B570
0x0040B5EE,0x000000DB,func,fn_0040B5EE
0x0040B6C9,0x0000005A,func,fn_0040B6C9
0x0040B723,0x0000005D,func,fn_0040B723
0x0040B780,0x0000005D,func,fn_0040B780
0x0040B7DD,0x000001A8,func,fn_0040B7DD
0x0040B985,0x0000004B,func,fn_0040B985
0x0040B9D0,0x00000092,func,fn_0040B9D0
0x0040BAE3,0x0000001E,func,fn_0040BAE3
0x0040BB01,0x0000000F,func,fn_0040BB01
0x0040BB10,0x0000001A,func,fn_0040BB10
0x0040BB2A,0x00000073,func,fn_0040BB2A
0x0040BB9D,0x0000001A,func,fn_0040BB9D
0x0040BBB7,0x00000018,func,fn_0040BBB7
0x0040BD6B,0x000000D1,func,fn_0040BD6B
0x0040BE76,0x00000013,func,fn_0040BE76
0x0040BE89,0x0000002D,func,fn_0040BE89
0x0040BEB6,0x00000078,func,fn_0040BEB6
0x0040BF2E,0x00000058,func,fn_0040BF2E
0x0040BF86,0x00000495,func,fn_0040BF86
0x0040C41B,0x0000004C,func,fn_0040C41B
0x0040C4BF,0x00000373,func,fn_0040C4BF
0x0040C864,0x0000067B,func,fn_0040C864
0x0040CF60,0x000003E7,func,fn_0040CF60
0x0040D81C,0x000000BB,func,fn_0040D81C
0x0040D8D7,0x0000001D,func,fn_0040D8D7
0x0040D8F4,0x0000002E,func,fn_0040D8F4
0x0040D922,0x00000034,func,fn_0040D922
0x0040D956,0x0000006C,func,fn_0040D956
0x0040D9C2,0x00000092,func,fn_0040D9C2
0x0040DA54,0x0000022B,func,fn_0040DA54
0x0040DC7F,0x00000369,func,fn_0040DC7F
0x0040DFE8,0x000000A4,func,fn_0040DFE8
0x0040E0DE,0x00000020,func,fn_0040E0DE
0x0040E0FE,0x000000D9,func,fn_0040E0FE
0x0040E225,0x0000001B,func,fn_0040E225
0x0040E32C,0x00000083,func,fn_0040E32C
0x0040E3AF,0x000001BC,func,fn_0040E3AF
0x0040E56B,0x0000003B,func,fn_0040E56B
0x0040E5A6,0x00000071,func,fn_0040E5A6
0x0040E617,0x00000059,func,fn_0040E617
0x0040E670,0x00000012,func,fn_0040E670
0x0040E682,0x00000042,func,fn_0040E682
0x0040E6C4,0x00000282,func,fn_0040E6C4
0x0040EBAB,0x0000019F,func,fn_0040EBAB
0x0040ED4A,0x00000046,func,fn_0040ED4A
0x0040ED90,0x00000059,func,fn_0040ED90
0x0040EE49,0x0000005D,func,fn_0040EE49
0x0040EEA6,0x00000066,func,fn_0040EEA6
0x0040EF0C,0x00000196,func,fn_0040EF0C
0x0040F0A2,0x000000A7,func,fn_0040F0A2
0x0040F149,0x0000022F,func,fn_0040F149
0x0040F3DD,0x0000011C,func,fn_0040F3DD
0x0040F4F9,0x0000005A,func,fn_0040F4F9
0x0040F582,0x00000066,func,fn_0040F582
0x0040F5E8,0x0000017D,func,fn_0040F5E8
0x0040F778,0x00000094,func,fn_0040F778
0x0040F80C,0x00000029,func,fn_0040F80C
0x0040F835,0x00000048,func,fn_0040F835
0x0040F87D,0x00000021,func,fn_0040F87D
0x0040F89E,0x0000001E,func,fn_0040F89E
0x0040F8BC,0x000000B6,func,fn_0040F8BC
0x0040F972,0x000001A9,func,fn_0040F972
0x0040FB1B,0x0000011A,func,fn_0040FB1B
0x0040FC35,0x000000CC,func,fn_0040FC35
0x0040FD01,0x00000082,func,fn_0040FD01
0x0040FD83,0x00000049,func,fn_0040FD83
0x0040FDCC,0x00000048,func,fn_0040FDCC
0x0040FE14,0x00000054,func,fn_0040FE14
0x0040FE68,0x0000004C,func,fn_0040FE68
0x0040FEB4,0x0000009B,func,fn_0040FEB4
0x0040FF4F,0x0000003C,func,fn_0040FF4F
0x0040FF8B,0x00000034,func,fn_0040FF8B
0x0040FFBF,0x00000002,func,fn_0040FFBF
0x0040FFE0,0x00000010,func,fn_0040FFE0
0x0040FFF0,0x00000069,func,fn_0040FFF0
0x00410059,0x00000032,func,fn_00410059
0x0041008B,0x000000B9,func,fn_0041008B
0x00410144,0x000000A4,func,fn_00410144
0x004101E8,0x00000086,func,fn_004101E8
0x0041026E,0x0000000F,func,fn_0041026E
0x0041027D,0x00000035,func,fn_0041027D
0x004102B2,0x00000049,func,fn_004102B2
0x004102FB,0x00000083,func,fn_004102FB
0x0041037E,0x00000005,func,fn_0041037E
0x00410383,0x00000044,func,fn_00410383
0x004103C7,0x00000079,func,fn_004103C7
0x00410440,0x000000A5,func,fn_00410440
0x004104E5,0x00000039,func,fn_004104E5
0x0041051E,0x000000C2,func,fn_0041051E
0x004105E0,0x00000134,func,fn_004105E0
0x00410714,0x00000098,func,fn_00410714
0x004107AC,0x0000001F,func,fn_004107AC
0x004107CB,0x00000064,func,fn_004107CB
0x0041082F,0x00000110,func,fn_0041082F
0x0041093F,0x0000026C,func,fn_0041093F
0x00410BAB,0x0000009B,func,fn_00410BAB
0x00410C46,0x000000EC,func,fn_00410C46
0x00410D32,0x00000038,func,fn_00410D32
0x00410F74,0x0000005A,func,fn_00410F74
0x00410FCE,0x00000038,func,fn_00410FCE
0x00411006,0x0000002E,func,fn_00411006
0x00411034,0x000000CF,func,fn_00411034
0x00411103,0x00000046,func,fn_00411103
0x00411149,0x000000DA,func,fn_00411149
0x00411223,0x00000515,func,fn_00411223
0x00411738,0x0000005E,func,fn_00411738
0x00411876,0x00000053,func,fn_00411876
0x004118C9,0x00000081,func,fn_004118C9
0x0041194A,0x00000130,func,fn_0041194A
0x00411DA5,0x00000092,func,fn_00411DA5
0x004121EA,0x00000146,func,fn_004121EA
0x00412330,0x00000052,func,fn_00412330
0x00412382,0x000001B2,func,fn_00412382
0x00412534,0x00000736,func,fn_00412534
0x00412C6A,0x00000234,func,fn_00412C6A
0x004138CB,0x000000D7,func,fn_004138CB
0x004139A2,0x000005C0,func,fn_004139A2
0x00414201,0x0000052A,func,fn_00414201
0x0041472B,0x00000118,func,fn_0041472B
0x00414CEE,0x00000017,func,fn_00414CEE
0x00414D05,0x0000002E,func,fn_00414D05
0x00414D33,0x0000002C,func,fn_00414D33
0x00414D5F,0x000000BD,func,fn_00414D5F
0x00414E1C,0x0000000D,func,fn_00414E1C
0x00414E29,0x00000010,func,fn_00414E29
0x00414E39,0x0000000D,func,fn_00414E39
0x00414E46,0x00000096,func,fn_00414E46
0x00414EDC,0x00000060,func,fn_00414EDC
0x00414F3C,0x00000002,func,fn_00414F3C
0x00414F5C,0x00000014,func,fn_00414F5C
0x00414F70,0x0000005B,func,fn_00414F70
0x00414FCB,0x00000022,func,fn_00414FCB
0x00414FED,0x00000015,func,fn_00414FED
0x00415002,0x00000022,func,fn_00415002
0x00415024,0x00000013,func,fn_00415024
0x00415037,0x0000001B,func,fn_00415037
0x00415052,0x00000063,func,fn_00415052
0x004150B5,0x00000117,func,fn_004150B5
0x004151CC,0x0000003C,func,fn_004151CC
0x00415208,0x000001E2,func,fn_00415208
0x004153EB,0x000000B1,func,fn_004153EB
0x0041549C,0x000000D0,func,fn_0041549C
0x0041556C,0x000000B8,func,fn_0041556C
0x00415624,0x00000058,func,fn_00415624
0x004157C5,0x00000062,func,fn_004157C5
0x004158DF,0x00000028,func,fn_004158DF
0x0041591E,0x0000001C,func,fn_0041591E
0x0041593A,0x00000029,func,fn_0041593A
0x00415964,0x00000029,func,fn_00415964
0x0041598D,0x00000032,func,fn_0041598D
0x004159BF,0x00000044,func,fn_004159BF
0x00415A35,0x0000006A,func,fn_00415A35
0x00415A9F,0x00000156,func,fn_00415A9F
0x00415BF5,0x00000049,func,fn_00415BF5
0x00415C3E,0x0000007D,func,fn_00415C3E
0x00415CD8,0x000001AE,func,fn_00415CD8
0x00415E86,0x000001DD,func,fn_00415E86
0x00416063,0x000003BD,func,fn_00416063
0x00416737,0x00000031,func,fn_00416737
0x00416769,0x000004AD,func,fn_00416769
0x00416C16,0x00000249,func,fn_00416C16
0x00416E60,0x000003E3,func,fn_00416E60
0x00417243,0x00000036,func,fn_00417243
0x00417279,0x0000000A,func,fn_00417279
0x00417283,0x00000196,func,fn_00417283
0x00417419,0x000000FE,func,fn_00417419
0x00417587,0x0000012C,func,fn_00417587
0x004176B3,0x000002F1,func,fn_004176B3
0x004179A4,0x00000049,func,fn_004179A4
0x004179ED,0x00000049,func,fn_004179ED
0x00417A36,0x00000039,func,fn_00417A36
0x00417A6F,0x0000003D,func,fn_00417A6F
0x00417AAC,0x00000043,func,fn_00417AAC
0x00417AEF,0x00000063,func,fn_00417AEF
0x00417B52,0x0000010C,func,fn_00417B52
0x00417C5E,0x0000015F,func,fn_00417C5E
0x00417DBD,0x00000164,func,fn_00417DBD
0x00417F21,0x0000007C,func,fn_00417F21
0x0041800F,0x0000002D,func,fn_0041800F
0x0041803C,0x0000008F,func,fn_0041803C
0x004180CB,0x00000090,func,fn_004180CB
0x0041815B,0x000000A3,func,fn_0041815B
0x004181FE,0x000001FD,func,fn_004181FE
0x004183FB,0x00000170,func,fn_004183FB
0x00418CE5,0x0000001D,func,fn_00418CE5
0x00418D02,0x00000087,func,fn_00418D02
0x00418D89,0x00000061,func,fn_00418D89
0x00418DEA,0x0000002A,func,fn_00418DEA
0x00418E14,0x00000041,func,fn_00418E14
0x00418E55,0x0000018B,func,fn_00418E55
0x00418FE0,0x000001E6,func,fn_00418FE0
0x004191C6,0x00000299,func,fn_004191C6
0x00419491,0x00000025,func,fn_00419491
0x004194B6,0x00000036,func,fn_004194B6
0x004194EC,0x00000087,func,fn_004194EC
0x00419573,0x0000002B,func,fn_00419573
0x0041959E,0x0000002E,func,fn_0041959E
0x004195CC,0x00000023,func,fn_004195CC
0x00419863,0x000000AE,func,fn_00419863
0x0041A8C9,0x00000057,func,fn_0041A8C9
0x0041AAC9,0x000000FA,func,fn_0041AAC9
0x0041ABC3,0x0000028F,func,fn_0041ABC3
0x0041B5CC,0x0000004F,func,fn_0041B5CC
0x0041B61B,0x00000066,func,fn_0041B61B
0x0041B681,0x0000001D,func,fn_0041B681
0x0041B69E,0x00000045,func,fn_0041B69E
0x0041B6E3,0x00000032,func,fn_0041B6E3
0x0041B715,0x000000A8,func,fn_0041B715
0x0041B7BD,0x0000001C,func,fn_0041B7BD
0x0041B7D9,0x00000041,func,fn_0041B7D9
0x0041B81A,0x00000014,func,fn_0041B81A
0x0041B82E,0x00000058,func,fn_0041B82E
0x0041B886,0x00000034,func,fn_0041B886
0x0041B8BA,0x0000004B,func,fn_0041B8BA
0x0041B905,0x00000038,func,fn_0041B905
0x0041B93D,0x00000033,func,fn_0041B93D
0x0041B970,0x0000008F,func,fn_0041B970
0x0041B9FF,0x00000063,func,fn_0041B9FF
0x0041BA62,0x00000013,func,fn_0041BA62
0x0041BA75,0x00000072,func,fn_0041BA75
0x0041BAE7,0x00000292,func,fn_0041BAE7
0x0041BD79,0x00000247,func,fn_0041BD79
0x0041BFC0,0x00000628,func,fn_0041BFC0
0x0041C5E8,0x000000EF,func,fn_0041C5E8
0x0041C6D7,0x0000002B,func,fn_0041C6D7
0x0041C75F,0x00000051,func,fn_0041C75F
0x0041C7B0,0x00000029,func,fn_0041C7B0
0x0041C9B2,0x00000083,func,fn_0041C9B2
0x0041CA35,0x00000003,func,fn_0041CA35
0x0041CAB1,0x00000057,func,fn_0041CAB1
0x0041CB08,0x00000067,func,fn_0041CB08
0x0041CCFB,0x00000031,func,fn_0041CCFB
0x0041D49C,0x00000040,func,fn_0041D49C
0x0041D4DC,0x00000353,func,fn_0041D4DC
0x0041D82F,0x0000004B,func,fn_0041D82F
0x0041D87A,0x00000060,func,fn_0041D87A
0x0041D8DA,0x00001DB0,func,fn_0041D8DA
0x0041F68A,0x000000FE,func,fn_0041F68A
0x0041F788,0x0000006E,func,fn_0041F788
0x0041F7F6,0x00000090,func,fn_0041F7F6
0x0041F886,0x000000A9,func,fn_0041F886
0x0041F92F,0x00000038,func,fn_0041F92F
0x0041F967,0x00000062,func,fn_0041F967
0x0041F9C9,0x00000036,func,fn_0041F9C9
0x0041F9FF,0x000001CF,func,fn_0041F9FF
0x0041FBCE,0x00000087,func,fn_0041FBCE
0x0041FC55,0x000000A6,func,fn_0041FC55
0x0041FCFB,0x00000062,func,fn_0041FCFB
0x0041FD9B,0x00000055,func,fn_0041FD9B
0x0041FDF0,0x00000052,func,fn_0041FDF0
0x0041FE42,0x00000084,func,fn_0041FE42
0x0041FEC6,0x00000359,func,fn_0041FEC6
0x004204B7,0x0000017F,func,fn_004204B7
0x00420636,0x00000040,func,fn_00420636
0x00420676,0x00000117,func,fn_00420676
0x0042078D,0x0000002A,func,fn_0042078D
0x004207B7,0x00000028,func,fn_004207B7
0x004207DF,0x0000015C,func,fn_004207DF
0x0042093B,0x00000032,func,fn_0042093B
0x0042096D,0x0000003C,func,fn_0042096D
0x004209A9,0x00000041,func,fn_004209A9
0x004209EA,0x0000001F,func,fn_004209EA
0x00420A09,0x00000037,func,fn_00420A09
0x00420A40,0x00000185,func,fn_00420A40
0x00420BC5,0x00000053,func,fn_00420BC5
0x00420C18,0x000000ED,func,fn_00420C18
0x00420D05,0x0000007B,func,fn_00420D05
0x00420D80,0x00000052,func,fn_00420D80
0x00420DD2,0x0000006D,func,fn_00420DD2
0x00420E3F,0x00000067,func,fn_00420E3F
0x00420EA6,0x0000003D,func,fn_00420EA6
0x00420EE3,0x000000FF,func,fn_00420EE3
0x00420FE2,0x00000099,func,fn_00420FE2
0x0042107B,0x00000138,func,fn_0042107B
0x004211B3,0x00000048,func,fn_004211B3
0x004211FB,0x00000088,func,fn_004211FB
0x00421283,0x00000178,func,fn_00421283
0x004213FB,0x0000003C,func,fn_004213FB
0x00421437,0x0000008A,func,fn_00421437
0x004214C1,0x00000053,func,fn_004214C1
0x00421514,0x00000028,func,fn_00421514
0x0042153C,0x00000105,func,fn_0042153C
0x00421641,0x000001D7,func,fn_00421641
0x00421818,0x00000055,func,fn_00421818
0x0042186D,0x00000050,func,fn_0042186D
0x004218BD,0x0000003A,func,fn_004218BD
0x004218F7,0x00000117,func,fn_004218F7
0x00421A0E,0x00000058,func,fn_00421A0E
0x00421A66,0x0000000F,func,fn_00421A66
0x00421A75,0x00000070,func,fn_00421A75
0x00421AE5,0x00000077,func,fn_00421AE5
0x0042211F,0x000000F0,func,fn_0042211F
0x0042220F,0x000000CE,func,fn_0042220F
0x004222DD,0x00000085,func,fn_004222DD
0x0042257C,0x0000006C,func,fn_0042257C
0x004225E8,0x0000010C,func,fn_004225E8
0x004226F4,0x0000021D,func,fn_004226F4
0x00422DD2,0x00000152,func,fn_00422DD2
0x00422F24,0x000000CD,func,fn_00422F24
0x00422FF1,0x0000011D,func,fn_00422FF1
0x00423CEB,0x0000003D,func,fn_00423CEB
0x004241EB,0x00000040,func,fn_004241EB
0x0042422B,0x00000053,func,fn_0042422B
0x0042427E,0x00000028,func,fn_0042427E
0x004242A6,0x00000037,func,fn_004242A6
0x0042453D,0x0000004E,func,fn_0042453D
0x0042458B,0x00000022,func,fn_0042458B
0x004245AD,0x00000060,func,fn_004245AD
0x0042460D,0x0000007E,func,fn_0042460D
0x004246E2,0x0000003B,func,fn_004246E2
0x0042471D,0x00000083,func,fn_0042471D
0x004247A0,0x00000105,func,fn_004247A0
0x004248A5,0x000002E8,func,fn_004248A5
0x00424B8D,0x0000001D,func,fn_00424B8D
0x00424BAA,0x00000048,func,fn_00424BAA
0x00424BF2,0x000000A5,func,fn_00424BF2
0x00424C97,0x0000015F,func,fn_00424C97
0x00424DF6,0x000000C0,func,fn_00424DF6
0x00424EB6,0x00000243,func,fn_00424EB6
0x004250F9,0x000002D2,func,fn_004250F9
0x0042543D,0x00000023,func,fn_0042543D
0x00425460,0x00000070,func,fn_00425460
0x004254D0,0x000004A6,func,fn_004254D0
0x00425976,0x0000000F,func,fn_00425976
0x00425985,0x000000AC,func,fn_00425985
0x00425BAE,0x00000096,func,fn_00425BAE
0x00425C44,0x00000015,func,fn_00425C44
0x00425E3C,0x000003C3,func,fn_00425E3C
0x004261FF,0x0000004F,func,fn_004261FF
0x00426740,0x0000010C,func,fn_00426740
0x0042684C,0x00000073,func,fn_0042684C
0x00426AE9,0x00000154,func,fn_00426AE9
0x00426C3D,0x00000081,func,fn_00426C3D
0x00426D51,0x000000FD,func,fn_00426D51
0x00426EB9,0x0000006B,func,fn_00426EB9
0x00426F5B,0x000000B8,func,fn_00426F5B
0x0042703F,0x0000007E,func,fn_0042703F
0x0042728C,0x00000090,func,fn_0042728C
0x0042731C,0x000000CA,func,fn_0042731C
0x004273E6,0x000002C7,func,fn_004273E6
0x004276AD,0x0000006B,func,fn_004276AD
0x00427718,0x00000058,func,fn_00427718
0x00427770,0x00000077,func,fn_00427770
0x0042783D,0x00000053,func,fn_0042783D
0x00427890,0x000000D6,func,fn_00427890
0x00427ACB,0x00000045,func,fn_00427ACB
0x00427B10,0x00000043,func,fn_00427B10
0x00427B53,0x0000001F,func,fn_00427B53
0x00427B72,0x000000B9,func,fn_00427B72
0x00427C2B,0x000002FA,func,fn_00427C2B
0x00427F25,0x00000022,func,fn_00427F25
0x00427F47,0x0000010C,func,fn_00427F47
0x00428053,0x0000008F,func,fn_00428053
0x004280E2,0x00000085,func,fn_004280E2
0x00428167,0x00000087,func,fn_00428167
0x004281EE,0x00000035,func,fn_004281EE
0x00428223,0x0000002A,func,fn_00428223
0x0042826D,0x0000010D,func,fn_0042826D
0x0042837A,0x0000005C,func,fn_0042837A
0x004283D6,0x00000047,func,fn_004283D6
0x0042841D,0x0000008E,func,fn_0042841D
0x004284AB,0x0000047F,func,fn_004284AB
0x0042892A,0x000002EA,func,fn_0042892A
0x00428C14,0x00000024,func,fn_00428C14
0x00428C8C,0x00000085,func,fn_00428C8C
0x00428D11,0x000000C8,func,fn_00428D11
0x00428DD9,0x00000060,func,fn_00428DD9
0x00428E39,0x00000039,func,fn_00428E39
0x004298BC,0x0000007D,func,fn_004298BC
0x00429939,0x00000030,func,fn_00429939
0x00429969,0x0000002D,func,fn_00429969
0x00429996,0x00000053,func,fn_00429996
0x004299E9,0x00000065,func,fn_004299E9
0x00429A4E,0x000000BD,func,fn_00429A4E
0x00429B0B,0x0000004D,func,fn_00429B0B
0x00429B58,0x000000BE,func,fn_00429B58
0x00429C16,0x0000007D,func,fn_00429C16
0x00429C93,0x0000008B,func,fn_00429C93
0x00429D1E,0x0000008B,func,fn_00429D1E
0x00429DA9,0x0000002A,func,fn_00429DA9
0x00429DD3,0x0000001C,func,fn_00429DD3
0x00429DEF,0x00000049,func,fn_00429DEF
0x00429E38,0x000000B3,func,fn_00429E38
0x00429EEB,0x00000015,func,fn_00429EEB
0x00429F6F,0x0000016E,func,fn_00429F6F
0x0042A0DD,0x00000085,func,fn_0042A0DD
0x0042A162,0x00000104,func,fn_0042A162
0x0042A266,0x00000070,func,fn_0042A266
0x0042A2D6,0x000000B7,func,fn_0042A2D6
0x0042A38D,0x000000D5,func,fn_0042A38D
0x0042A462,0x00000186,func,fn_0042A462
0x0042A5E8,0x000001EA,func,fn_0042A5E8
0x0042A7D2,0x00000085,func,fn_0042A7D2
0x0042A857,0x000000DA,func,fn_0042A857
0x0042A931,0x000000C2,func,fn_0042A931
0x0042A9F3,0x000000F1,func,fn_0042A9F3
0x0042AAE4,0x0000014C,func,fn_0042AAE4
0x0042AD66,0x00000003,func,fn_0042AD66
0x0042AD69,0x0000009E,func,fn_0042AD69
0x0042AE07,0x0000001F,func,fn_0042AE07
0x0042AE26,0x00000011,func,fn_0042AE26
0x0042AE37,0x00000023,func,fn_0042AE37
0x0042AE5A,0x00000062,func,fn_0042AE5A
0x0042AEBC,0x0000002E,func,fn_0042AEBC
0x0042AEEA,0x00000038,func,fn_0042AEEA
0x0042AF22,0x00000065,func,fn_0042AF22
0x0042AF87,0x00000033,func,fn_0042AF87
0x0042AFBA,0x00000025,func,fn_0042AFBA
0x0042AFDF,0x0000002A,func,fn_0042AFDF
0x0042B009,0x0000000B,func,fn_0042B009
0x0042B057,0x00000020,func,fn_0042B057
0x0042B077,0x00000032,func,fn_0042B077
0x0042B0A9,0x00000082,func,fn_0042B0A9
0x0042B12B,0x0000014E,func,fn_0042B12B
0x0042B279,0x0000010E,func,fn_0042B279
0x0042B387,0x00000033,func,fn_0042B387
0x0042B4EF,0x0000062D,func,fn_0042B4EF
0x0042BB1C,0x00000060,func,fn_0042BB1C
0x0042BB7C,0x000000A6,func,fn_0042BB7C
0x0042BC22,0x00000226,func,fn_0042BC22
0x0042C095,0x00000190,func,fn_0042C095
0x0042C225,0x00000085,func,fn_0042C225
0x0042C2AA,0x0000004A,func,fn_0042C2AA
0x0042C3EE,0x0000017B,func,fn_0042C3EE
0x0042C585,0x0000047C,func,fn_0042C585
0x0042CA01,0x000001C7,func,fn_0042CA01
0x0042CD67,0x0000004A,func,fn_0042CD67
0x0042CDB1,0x0000002B,func,fn_0042CDB1
0x0042CDDC,0x00000049,func,fn_0042CDDC
0x0042D214,0x00000064,func,fn_0042D214
0x0042D278,0x0000001C,func,fn_0042D278
0x0042D294,0x0000003D,func,fn_0042D294
0x0042D2D1,0x00000020,func,fn_0042D2D1
0x0042D2F1,0x0000003E,func,fn_0042D2F1
0x0042D32F,0x00000144,func,fn_0042D32F
0x0042D473,0x00000060,func,fn_0042D473
0x0042D4D3,0x000000B9,func,fn_0042D4D3
0x0042D58C,0x0000005D,func,fn_0042D58C
0x0042D5E9,0x000000D4,func,fn_0042D5E9
0x0042D6BD,0x00000042,func,fn_0042D6BD
0x0042D6FF,0x00000018,func,fn_0042D6FF
0x0042D764,0x00000674,func,fn_0042D764
0x0042DDD8,0x000002EC,func,fn_0042DDD8
0x0042E0C4,0x0000002B,func,fn_0042E0C4
0x0042E0EF,0x0000005E,func,fn_0042E0EF
0x0042E14D,0x00000016,func,fn_0042E14D
0x0042E163,0x00000021,func,fn_0042E163
0x0042E184,0x0000031D,func,fn_0042E184
0x0042E4A1,0x00000034,func,fn_0042E4A1
0x0042E7A8,0x0000021B,func,fn_0042E7A8
0x0042E9C3,0x0000007A,func,fn_0042E9C3
0x0042EA3D,0x0000020F,func,fn_0042EA3D
0x0042EC4C,0x00000048,func,fn_0042EC4C
0x0042EFF8,0x00000176,func,fn_0042EFF8
0x0042F16E,0x00000108,func,fn_0042F16E
0x0042F276,0x000000FB,func,fn_0042F276
0x0042F371,0x0000004C,func,fn_0042F371
0x0042F3BD,0x0000005A,func,fn_0042F3BD
0x0042F417,0x000000ED,func,fn_0042F417
0x0042F682,0x00000007,func,fn_0042F682
0x0042F69E,0x00000007,func,fn_0042F69E
0x0042F6A5,0x000000B5,func,fn_0042F6A5
0x0042F895,0x00000037,func,fn_0042F895
0x0042F8CC,0x00000078,func,fn_0042F8CC
0x0042FD00,0x00000034,func,fn_0042FD00
0x0042FD34,0x00000063,func,fn_0042FD34
0x0042FD97,0x00000030,func,fn_0042FD97
0x0042FDC7,0x00000052,func,fn_0042FDC7
0x0042FE19,0x00000053,func,fn_0042FE19
0x0042FE6C,0x00000059,func,fn_0042FE6C
0x0042FEC5,0x00000026,func,fn_0042FEC5
0x0042FEEB,0x000001D0,func,fn_0042FEEB
0x004300BB,0x00000179,func,fn_004300BB
0x00430234,0x00000016,func,fn_00430234
0x0043024A,0x00000021,func,fn_0043024A
0x0043026B,0x00000073,func,fn_0043026B
0x0043043A,0x00000023,func,fn_0043043A
0x0043045D,0x0000005E,func,fn_0043045D
0x004304BB,0x00000084,func,fn_004304BB
0x0043053F,0x00000287,func,fn_0043053F
0x004307C6,0x000001CA,func,fn_004307C6
0x0043129E,0x00000001,func,fn_0043129E
0x0043129F,0x00000062,func,fn_0043129F
0x00431301,0x00000030,func,fn_00431301
0x00431331,0x0000001D,func,fn_00431331
0x0043134E,0x00000049,func,fn_0043134E
0x00431397,0x00000208,func,fn_00431397
0x0043159F,0x0000002C,func,fn_0043159F
0x004315CB,0x00000018,func,fn_004315CB
0x004315E3,0x0000000F,func,fn_004315E3
0x004315F2,0x0000002C,func,fn_004315F2
0x0043161E,0x00000024,func,fn_0043161E
0x00431642,0x0000005E,func,fn_00431642
0x004316A0,0x000000A8,func,fn_004316A0
0x0043178B,0x00000035,func,fn_0043178B
0x004317C0,0x0000005A,func,fn_004317C0
0x0043181A,0x0000005F,func,fn_0043181A
0x00431879,0x00000030,func,fn_00431879
0x004318A9,0x00000025,func,fn_004318A9
0x004318CE,0x00000026,func,fn_004318CE
0x004318F4,0x000000E4,func,fn_004318F4
0x004319D8,0x0000002C,func,fn_004319D8
0x00431A04,0x00000050,func,fn_00431A04
0x00431A54,0x000001AF,func,fn_00431A54
0x00431C03,0x00000050,func,fn_00431C03
0x00431C53,0x00000029,func,fn_00431C53
0x00431C7C,0x00000161,func,fn_00431C7C
0x00431DDD,0x0000000A,func,fn_00431DDD
0x00431DF0,0x0000021A,func,fn_00431DF0
0x00432160,0x0000007A,func,fn_00432160
0x004321DA,0x0000003A,func,fn_004321DA
0x00432214,0x00000087,func,fn_00432214
0x0043229B,0x00000039,func,fn_0043229B
0x004322D4,0x000000C0,func,fn_004322D4
0x00432394,0x00000047,func,fn_00432394
0x004323DB,0x00000551,func,fn_004323DB
0x0043292C,0x00000551,func,fn_0043292C
0x00432E7D,0x000000DD,func,fn_00432E7D
0x00432F5A,0x00000042,func,fn_00432F5A
0x00432F9C,0x0000000F,func,fn_00432F9C
0x00432FAB,0x00000051,func,fn_00432FAB
0x00432FFC,0x0000002B,func,fn_00432FFC
0x00433027,0x00000017,func,fn_00433027
0x0043303F,0x00000009,func,fn_0043303F
0x00433048,0x00000009,func,fn_00433048
0x00433051,0x00000033,func,fn_00433051
0x00433084,0x00000024,func,fn_00433084
0x004330A8,0x00000097,func,fn_004330A8
0x0043313F,0x00000140,func,fn_0043313F
0x0043327F,0x00000016,func,fn_0043327F
0x00433295,0x00000016,func,fn_00433295
0x004332AB,0x0000000F,func,fn_004332AB
0x004332BA,0x0000000F,func,fn_004332BA
0x004332C9,0x0000001D,func,fn_004332C9
0x004332E7,0x00000094,func,fn_004332E7
0x0043337B,0x00000013,func,fn_0043337B
0x0043338E,0x00000016,func,fn_0043338E
0x004333A4,0x00000084,func,fn_004333A4
0x00433428,0x00000052,func,fn_00433428
0x0043347A,0x00000060,func,fn_0043347A
0x004334F3,0x000006FD,func,fn_004334F3
0x00433BF0,0x000000C9,func,fn_00433BF0
0x00433CBC,0x00000008,func,fn_00433CBC
0x00433CC4,0x00000075,func,fn_00433CC4
0x00433D39,0x000000C9,func,fn_00433D39
0x00433E05,0x00000008,func,fn_00433E05
0x00433E10,0x00000124,func,fn_00433E10
0x00433F34,0x00000043,func,fn_00433F34
0x00433F77,0x00000027,func,fn_00433F77
0x00433F9E,0x0000001A,func,fn_00433F9E
0x00433FB8,0x00000016,func,fn_00433FB8
0x00433FD0,0x00000214,func,fn_00433FD0
0x00434331,0x00000042,func,fn_00434331
0x00434373,0x00000013,func,fn_00434373
0x00434386,0x00000013,func,fn_00434386
0x00434399,0x00000023,func,fn_00434399
0x004343BC,0x000005B7,func,fn_004343BC
0x00434973,0x000000EB,func,fn_00434973
0x00434A61,0x00000008,func,fn_00434A61
0x00434A69,0x00000733,func,fn_00434A69
0x0043519D,0x00000091,func,fn_0043519D
0x00435233,0x0000002E,func,fn_00435233
0x00435261,0x00000032,func,fn_00435261
0x00435293,0x0000009C,func,fn_00435293
0x0043532F,0x000000B9,func,fn_0043532F
0x004353EB,0x00000008,func,fn_004353EB
0x004353F3,0x0000005A,func,fn_004353F3
0x0043544D,0x00000124,func,fn_0043544D
0x00435571,0x00000040,func,fn_00435571
0x004355B1,0x00000009,func,fn_004355B1
0x004355BA,0x00000044,func,fn_004355BA
0x004355FE,0x000001FD,func,fn_004355FE
0x004357FB,0x0000003C,func,fn_004357FB
0x00435837,0x00000009,func,fn_00435837
0x00435840,0x000001F8,func,fn_00435840
0x00435A38,0x0000004C,func,fn_00435A38
0x00435AB4,0x0000000B,func,fn_00435AB4
0x00435ABF,0x000000AE,func,fn_00435ABF
0x00435B6D,0x0000001C,func,fn_00435B6D
0x00435B89,0x000000B8,func,fn_00435B89
0x00435C41,0x0000001C,func,fn_00435C41
0x00435C5D,0x00000087,func,fn_00435C5D
0x00435CE4,0x00000071,func,fn_00435CE4
0x00435D55,0x00000009,func,fn_00435D55
0x00435D5E,0x000000D7,func,fn_00435D5E
0x00435E35,0x000000F7,func,fn_00435E35
0x00435F2C,0x00000020,func,fn_00435F2C
0x00435F4C,0x00000174,func,fn_00435F4C
0x004360C0,0x00000035,func,fn_004360C0
0x004360F5,0x0000005D,func,fn_004360F5
0x00436152,0x00000116,func,fn_00436152
0x00436268,0x0000002C,func,fn_00436268
0x004362AA,0x0000000B,func,fn_004362AA
0x00436305,0x00000014,func,fn_00436305
0x00436320,0x0000018F,func,fn_00436320
0x004364AF,0x0000001E,func,fn_004364AF
0x00436549,0x00000008,func,fn_00436549
0x00436569,0x00000037,func,fn_00436569
0x004365A0,0x0000000D,func,fn_004365A0
0x004365AD,0x00000240,func,fn_004365AD
0x004367ED,0x000001A3,func,fn_004367ED
0x00436990,0x000000BB,func,fn_00436990
0x00436A4B,0x0000002D,func,fn_00436A4B
0x00436A78,0x00000014,func,fn_00436A78
0x00436B5B,0x00000008,func,fn_00436B5B
0x00436B63,0x00000020,func,fn_00436B63
0x00436B83,0x00000094,func,fn_00436B83
0x00436C17,0x000000AD,func,fn_00436C17
0x00436CC4,0x000000E2,func,fn_00436CC4
0x00436DA6,0x00000053,func,fn_00436DA6
0x00436DF9,0x000000C0,func,fn_00436DF9
0x00436F09,0x00000026,func,fn_00436F09
0x00436F2F,0x000001AF,func,fn_00436F2F
0x004370DE,0x00000039,func,fn_004370DE
0x00437117,0x0000014A,func,fn_00437117
0x00437261,0x000000DB,func,fn_00437261
0x0043733D,0x0000019A,func,fn_0043733D
0x004374D7,0x000000BB,func,fn_004374D7
0x00437592,0x00000097,func,fn_00437592
0x00437629,0x00000245,func,fn_00437629
0x0043786E,0x00000026,func,fn_0043786E
0x004378BA,0x00000009,func,fn_004378BA
0x004378CC,0x00000034,func,fn_004378CC
0x00437900,0x0000003D,func,fn_00437900
0x0043793D,0x0000009C,func,fn_0043793D
0x004379DF,0x00000009,func,fn_004379DF
0x004379E8,0x00000009,func,fn_004379E8
0x004379F1,0x00000079,func,fn_004379F1
0x00437A6A,0x0000001A,func,fn_00437A6A
0x00437B9E,0x00000009,func,fn_00437B9E
0x00437BAA,0x00000009,func,fn_00437BAA
0x00437BB3,0x0000017B,func,fn_00437BB3
0x00437D2E,0x0000001E,func,fn_00437D2E
0x00437D4C,0x0000009B,func,fn_00437D4C
0x00437DE7,0x00000103,func,fn_00437DE7
0x00437FB4,0x0000002F,func,fn_00437FB4
0x00437FE3,0x00000064,func,fn_00437FE3
0x00438047,0x00000190,func,fn_00438047
0x004381D7,0x00000098,func,fn_004381D7
0x00438272,0x00000009,func,fn_00438272
0x0043827B,0x0000007C,func,fn_0043827B
0x004382F7,0x000001E9,func,fn_004382F7
0x004384E0,0x0000019A,func,fn_004384E0
0x0043867A,0x0000001E,func,fn_0043867A
0x00438698,0x0000008F,func,fn_00438698
0x00438727,0x00000099,func,fn_00438727
0x004387C0,0x0000014B,func,fn_004387C0
0x0043890B,0x0000004D,func,fn_0043890B
0x00438958,0x0000006D,func,fn_00438958
0x004389C5,0x0000000C,func,fn_004389C5
0x004389D1,0x00000115,func,fn_004389D1
0x00438AE6,0x0000002C,func,fn_00438AE6
0x00438B12,0x0000000F,func,fn_00438B12
0x00438B21,0x00000129,func,fn_00438B21
0x00438C4A,0x00000025,func,fn_00438C4A
0x00438C6F,0x0000002C,func,fn_00438C6F
0x00438C9C,0x00000010,func,fn_00438C9C
0x00438CAC,0x000000B8,func,fn_00438CAC
0x00438D64,0x000006A9,func,fn_00438D64
0x00439440,0x00000106,func,fn_00439440
0x00439550,0x00000068,func,fn_00439550
0x004395B8,0x0000004A,func,fn_004395B8
0x00439602,0x00000057,func,fn_00439602
0x00439659,0x00000017,func,fn_00439659
0x00439670,0x000000B9,func,fn_00439670
0x00439729,0x00000009,func,fn_00439729
0x00439732,0x00000033,func,fn_00439732
0x00439765,0x00000039,func,fn_00439765
0x0043979E,0x00000011,func,fn_0043979E
0x004397AF,0x0000000F,func,fn_004397AF
0x004397BE,0x0000000F,func,fn_004397BE
0x004397CD,0x0000000F,func,fn_004397CD
0x004397DC,0x00000028,func,fn_004397DC
0x00439804,0x000000B6,func,fn_00439804
0x004398EB,0x00000036,func,fn_004398EB
0x00439921,0x00000006,func,fn_00439921
0x00439927,0x00000017,func,fn_00439927
0x0043993E,0x00000023,func,fn_0043993E
0x00439970,0x00000035,func,fn_00439970
0x004399B0,0x00000044,func,fn_004399B0
0x00439A00,0x0000000C,func,fn_00439A00
0x00439ABC,0x00000006,func,fn_00439ABC
0x00439B93,0x00000041,func,fn_00439B93
0x00439BD4,0x00000032,func,fn_00439BD4
0x00439C06,0x0000003C,func,fn_00439C06
0x00439C42,0x0000002F,func,fn_00439C42
0x00439C71,0x0000009C,func,fn_00439C71
0x00439D0D,0x00000034,func,fn_00439D0D
0x00439D41,0x00000033,func,fn_00439D41
0x00439D74,0x00000074,func,fn_00439D74
0x00439DE8,0x00000B89,func,fn_00439DE8
0x0043A994,0x00000164,func,fn_0043A994
0x0043AAF8,0x0000005F,func,fn_0043AAF8
0x0043AB60,0x0000008B,func,fn_0043AB60
0x0043ABEB,0x00000074,func,fn_0043ABEB
0x0043AC5F,0x00000082,func,fn_0043AC5F
0x0043ACFD,0x00000042,func,fn_0043ACFD
0x0043AD59,0x0000001F,func,fn_0043AD59
0x0043AD9E,0x00000160,func,fn_0043AD9E
0x0043AEFF,0x000000C7,func,fn_0043AEFF
0x0043AFC6,0x00000020,func,fn_0043AFC6
0x0043AFE6,0x00000376,func,fn_0043AFE6
0x0043B35C,0x00000103,func,fn_0043B35C
0x0043B45F,0x000000C1,func,fn_0043B45F
0x0043B520,0x000000ED,func,fn_0043B520
0x0043B60D,0x00000088,func,fn_0043B60D
0x0043B6B8,0x00000028,func,fn_0043B6B8
0x0043B6E0,0x00000042,func,fn_0043B6E0
0x0043B722,0x00000116,func,fn_0043B722
0x0043B838,0x0000001A,func,fn_0043B838
0x0043B852,0x00000038,func,fn_0043B852
0x0043B88A,0x00000013,func,fn_0043B88A
0x0043B89D,0x00000056,func,fn_0043B89D
0x0043B8F3,0x00000085,func,fn_0043B8F3
0x0043B978,0x000000E0,func,fn_0043B978
0x0043BA58,0x0000000A,func,fn_0043BA58
0x0043BA70,0x0000002B,func,fn_0043BA70
0x0043BA9B,0x00000081,func,fn_0043BA9B
0x0043BB1C,0x00000086,func,fn_0043BB1C
0x0043BBA2,0x00000069,func,fn_0043BBA2
0x0043BC0B,0x00000091,func,fn_0043BC0B
0x0043BCA1,0x00000009,func,fn_0043BCA1
0x0043BCAA,0x00000027,func,fn_0043BCAA
0x0043BCD1,0x00000190,func,fn_0043BCD1
0x0043BE61,0x00000009,func,fn_0043BE61
0x0043BE70,0x00000095,func,fn_0043BE70
0x0043BF05,0x00000045,func,fn_0043BF05
0x0043BF4A,0x0000004C,func,fn_0043BF4A
0x0043BF96,0x0000004E,func,fn_0043BF96
0x0043BFE4,0x00000052,func,fn_0043BFE4
0x0043C036,0x000001B6,func,fn_0043C036
0x0043C1EC,0x00000040,func,fn_0043C1EC
0x0043C22C,0x000000CE,func,fn_0043C22C
0x0043C2FA,0x0000001A,func,fn_0043C2FA
0x0043C314,0x00000055,func,fn_0043C314
0x0043C369,0x00000060,func,fn_0043C369
0x0043C3C9,0x00000280,func,fn_0043C3C9
0x0043C649,0x0000001B,func,fn_0043C649
0x0043C664,0x00000052,func,fn_0043C664
0x0043C6B6,0x00000060,func,fn_0043C6B6
0x0043C716,0x00000242,func,fn_0043C716
0x0043C958,0x0000001D,func,fn_0043C958
0x0043C975,0x000000B0,func,fn_0043C975
0x0043CA25,0x00000017,func,fn_0043CA25
0x0043CA3C,0x00000053,func,fn_0043CA3C
0x0043CA8F,0x00000019,func,fn_0043CA8F
0x0043CAA8,0x00000018,func,fn_0043CAA8
0x0043CAC0,0x0000001D,func,fn_0043CAC0
0x0043CADD,0x000000DE,func,fn_0043CADD
0x0043CBBB,0x0000001A,func,fn_0043CBBB
0x0043CBD5,0x00000097,func,fn_0043CBD5
0x0043CC6C,0x000001E7,func,fn_0043CC6C
0x0043CE53,0x00000046,func,fn_0043CE53
0x0043CEA0,0x00000016,func,fn_0043CEA0
0x0043CECC,0x0000022B,func,fn_0043CECC
0x0043D0F7,0x0000002B,func,fn_0043D0F7
0x0043D130,0x00000090,func,fn_0043D130
0x0043D222,0x00000017,func,fn_0043D222
0x0043D239,0x0000001C,func,fn_0043D239
0x0043D26B,0x00000017,func,fn_0043D26B
0x0043D282,0x00000102,func,fn_0043D282
0x0043D390,0x00000061,func,fn_0043D390
0x0043D3F1,0x0000016C,func,fn_0043D3F1
0x0043D55D,0x00000075,func,fn_0043D55D
0x0043D5D2,0x000000CD,func,fn_0043D5D2
0x0043D69F,0x00000063,func,fn_0043D69F
0x0043D702,0x0000003F,func,fn_0043D702
0x0043D741,0x000000E7,func,fn_0043D741
0x0043D828,0x00000040,func,fn_0043D828
0x0043D868,0x00000377,func,fn_0043D868
0x0043DBDF,0x00000069,func,fn_0043DBDF
0x0043DC48,0x000000FE,func,fn_0043DC48
0x0043DD46,0x00000008,func,fn_0043DD46
0x0043DD4E,0x0000006D,func,fn_0043DD4E
0x0043DDC0,0x00000046,func,fn_0043DDC0
0x0043DE06,0x000000B5,func,fn_0043DE06
0x0043DF50,0x00000040,func,fn_0043DF50
0x0043DF90,0x000001E4,func,fn_0043DF90
0x0043E174,0x00000032,func,fn_0043E174
0x0043E1A7,0x00000033,func,fn_0043E1A7
0x0043E1E3,0x00000093,func,fn_0043E1E3
0x0043E276,0x00000009,func,fn_0043E276
0x0043E27F,0x00000068,func,fn_0043E27F
0x0043E2E7,0x00000048,func,fn_0043E2E7
0x0043E32F,0x000000D1,func,fn_0043E32F
0x0043E400,0x00000009,func,fn_0043E400
0x0043E409,0x00000009,func,fn_0043E409
0x0043E412,0x00000026,func,fn_0043E412
0x0043E438,0x00000155,func,fn_0043E438
0x0043E58D,0x0000001D,func,fn_0043E58D
0x0043E5AA,0x00000049,func,fn_0043E5AA
0x0043E600,0x0000002D,func,fn_0043E600
0x0043E62D,0x00000051,func,fn_0043E62D
0x0043E67E,0x0000002E,func,fn_0043E67E
0x0043E6AC,0x000000A8,func,fn_0043E6AC
0x0043E754,0x000000A8,func,fn_0043E754
0x0043E7FC,0x000000B3,func,fn_0043E7FC
0x0043E8AF,0x000000B3,func,fn_0043E8AF
0x0043E962,0x0000008D,func,fn_0043E962
0x0043E9F0,0x000000DF,func,fn_0043E9F0
0x0043EAD0,0x0000001F,func,fn_0043EAD0
0x0043EAEF,0x0000005F,func,fn_0043EAEF
0x0043EB4E,0x0000001F,func,fn_0043EB4E
0x0043EB84,0x00000082,func,fn_0043EB84
0x0043EC06,0x0000006E,func,fn_0043EC06
0x0043ECD7,0x0000026C,func,fn_0043ECD7
0x0043EF43,0x00000120,func,fn_0043EF43
0x0043F063,0x000000BA,func,fn_0043F063
0x0043F11D,0x00000055,func,fn_0043F11D
0x0043F172,0x00000087,func,fn_0043F172
0x0043F1F9,0x000000DB,func,fn_0043F1F9
0x0043F2D5,0x00000058,func,fn_0043F2D5
0x0043F32D,0x00000027,func,fn_0043F32D
0x0043F370,0x000000BE,func,fn_0043F370
0x0043F42E,0x000001E8,func,fn_0043F42E
0x0043F616,0x0000026E,func,fn_0043F616
0x0043F884,0x00000042,func,fn_0043F884
0x0043F8C6,0x000000EA,func,fn_0043F8C6
0x0043F9F0,0x00000003,func,fn_0043F9F0
0x0043FA55,0x00000084,func,fn_0043FA55
0x0043FB05,0x0000001F,func,fn_0043FB05
0x0043FB24,0x00000003,func,fn_0043FB24
0x0043FB27,0x00000088,func,fn_0043FB27
0x0043FBAF,0x00000017,func,fn_0043FBAF
0x0043FBC6,0x0000006D,func,fn_0043FBC6
0x0043FC33,0x00000069,func,fn_0043FC33
0x0043FC9F,0x00000008,func,fn_0043FC9F
0x0043FCA7,0x000000CE,func,fn_0043FCA7
0x0043FD78,0x00000008,func,fn_0043FD78
0x0043FD80,0x000008F8,func,fn_0043FD80
0x00440678,0x0000008E,func,fn_00440678
0x00440706,0x000000A0,func,fn_00440706
0x004407A6,0x00000059,func,fn_004407A6
0x00440AB8,0x000000AA,func,fn_00440AB8
0x00440B62,0x00000017,func,fn_00440B62
0x00440B79,0x00000095,func,fn_00440B79
0x00440C0E,0x00000072,func,fn_00440C0E
0x00440C80,0x00000137,func,fn_00440C80
0x00440E69,0x00000063,func,fn_00440E69
0x00440ECC,0x00000031,func,fn_00440ECC
0x00440EFD,0x00000072,func,fn_00440EFD
0x00440F6F,0x00000204,func,fn_00440F6F
0x00441173,0x0000039C,func,fn_00441173
0x0044150F,0x0000007F,func,fn_0044150F
0x0044158E,0x00000020,func,fn_0044158E
0x004415AE,0x000001CB,func,fn_004415AE
0x00441779,0x0000001A,func,fn_00441779
0x00441794,0x0000000C,func,fn_00441794
0x004012F4,0x0000000D,data,str_004012F4
0x00401304,0x00000008,data,str_00401304
0x0040130C,0x00000009,data,str_0040130C
0x00401324,0x0000000D,data,str_00401324
0x00401334,0x0000001E,data,str_00401334
0x0040139C,0x00000004,data,str_0040139C
0x004013A0,0x00000004,data,str_004013A0
0x004013A4,0x00000004,data,str_004013A4
0x004013A8,0x00000004,data,str_004013A8
0x004013AC,0x00000004,data,str_004013AC
0x004013B0,0x00000004,data,str_004013B0
0x004013B4,0x00000004,data,str_004013B4
0x004013B8,0x00000004,data,str_004013B8
0x004013BC,0x00000004,data,str_004013BC
0x004013C0,0x00000004,data,str_004013C0
0x004013C4,0x00000004,data,str_004013C4
0x004013C8,0x00000004,data,str_004013C8
0x004013CC,0x00000004,data,str_004013CC
0x004013D0,0x00000004,data,str_004013D0
0x0040143C,0x00000004,data,str_0040143C
0x004014C4,0x00000004,data,str_004014C4
0x00401578,0x00000004,data,str_00401578
0x0040157C,0x00000004,data,str_0040157C
0x004015D0,0x00000004,data,str_004015D0
0x004016D0,0x00000004,data,str_004016D0
0x00401804,0x00000004,data,str_00401804
0x004018B8,0x00000004,data,str_004018B8
0x004018BC,0x00000004,data,str_004018BC
0x00401910,0x00000004,data,str_00401910
0x00401990,0x00000004,data,str_00401990
0x004019A4,0x00000004,data,str_004019A4
0x00401A58,0x00000004,data,str_00401A58
0x00401A68,0x00000004,data,str_00401A68
0x00401B4C,0x00000004,data,str_00401B4C
0x00401B58,0x00000004,data,str_00401B58
0x00402628,0x00000004,data,str_00402628
0x0040262C,0x00000004,data,str_0040262C
0x00402630,0x00000004,data,str_00402630
0x00402634,0x00000004,data,str_00402634
0x00402648,0x00000004,data,str_00402648
0x0040264C,0x00000004,data,str_0040264C
0x0040265C,0x00000004,data,str_0040265C
0x00402660,0x00000004,data,str_00402660
0x00402664,0x00000004,data,str_00402664
0x00402668,0x00000004,data,str_00402668
0x0040266C,0x00000004,data,str_0040266C
0x00402670,0x00000004,data,str_00402670
0x004027A4,0x00000004,data,str_004027A4
0x004027A8,0x00000004,data,str_004027A8
0x004027AC,0x00000004,data,str_004027AC
0x00402A84,0x00000004,data,str_00402A84
0x00402A88,0x00000004,data,str_00402A88
0x00402ACC,0x00000004,data,str_00402ACC
0x00402AD4,0x00000004,data,str_00402AD4
0x00402ADC,0x00000004,data,str_00402ADC
0x00402AF8,0x00000004,data,str_00402AF8
0x00402AFC,0x00000004,data,str_00402AFC
0x00402B04,0x00000004,data,str_00402B04
0x00402B08,0x00000004,data,str_00402B08
0x00402B14,0x00000004,data,str_00402B14
0x00402B5F,0x00000005,data,str_00402B5F
0x00402B64,0x00000004,data,str_00402B64
0x00402B98,0x00000004,data,str_00402B98
0x00402BAF,0x00000004,data,str_00402BAF
0x00402BC6,0x00000004,data,str_00402BC6
0x00402BDD,0x00000004,data,str_00402BDD
0x00402BF4,0x00000004,data,str_00402BF4
0x00402C0B,0x00000004,data,str_00402C0B
0x00402C22,0x00000004,data,str_00402C22
0x00402E05,0x00000004,data,str_00402E05
0x00402E1C,0x00000004,data,str_00402E1C
0x00402E33,0x00000004,data,str_00402E33
0x00402E4A,0x00000004,data,str_00402E4A
0x00402E61,0x00000004,data,str_00402E61
0x00402E78,0x00000004,data,str_00402E78
0x00402E8F,0x00000004,data,str_00402E8F
0x00402EA6,0x00000004,data,str_00402EA6
0x00402EBD,0x00000004,data,str_00402EBD
0x00402ED4,0x00000004,data,str_00402ED4
0x00402EEB,0x00000004,data,str_00402EEB
0x00402F02,0x00000004,data,str_00402F02
0x00402F19,0x00000004,data,str_00402F19
0x00402F30,0x00000004,data,str_00402F30
0x00402F47,0x00000004,data,str_00402F47
0x00402F5E,0x00000004,data,str_00402F5E
0x00403141,0x00000004,data,str_00403141
0x00403158,0x00000004,data,str_00403158
0x0040316F,0x00000004,data,str_0040316F
0x00403186,0x00000004,data,str_00403186
0x0040319D,0x00000004,data,str_0040319D
0x004031B4,0x00000004,data,str_004031B4
0x004031CB,0x00000004,data,str_004031CB
0x004031E2,0x00000004,data,str_004031E2
0x004031F9,0x00000004,data,str_004031F9
0x00403210,0x00000004,data,str_00403210
0x00403227,0x00000004,data,str_00403227
0x0040323E,0x00000004,data,str_0040323E
0x00403255,0x00000004,data,str_00403255
0x00403438,0x00000004,data,str_00403438
0x0040344F,0x00000004,data,str_0040344F
0x00403466,0x00000004,data,str_00403466
0x0040347D,0x00000004,data,str_0040347D
0x00403494,0x00000004,data,str_00403494
0x004034AB,0x00000004,data,str_004034AB
0x004034C2,0x00000004,data,str_004034C2
0x004034D9,0x00000004,data,str_004034D9
0x004034F0,0x00000004,data,str_004034F0
0x00403507,0x00000004,data,str_00403507
0x0040351E,0x00000004,data,str_0040351E
0x00403535,0x00000004,data,str_00403535
0x00403701,0x00000004,data,str_00403701
0x00403718,0x00000004,data,str_00403718
0x0040372F,0x00000004,data,str_0040372F
0x00403746,0x00000004,data,str_00403746
0x0040375D,0x00000004,data,str_0040375D
0x00403774,0x00000004,data,str_00403774
0x0040378B,0x00000004,data,str_0040378B
0x004037A2,0x00000004,data,str_004037A2
0x004037B9,0x00000004,data,str_004037B9
0x004037D0,0x00000004,data,str_004037D0
0x004037E7,0x00000004,data,str_004037E7
0x004037FE,0x00000004,data,str_004037FE
0x004039E1,0x00000004,data,str_004039E1
0x004039F8,0x00000004,data,str_004039F8
0x00403A0F,0x00000004,data,str_00403A0F
0x00403A26,0x00000004,data,str_00403A26
0x00403A3D,0x00000004,data,str_00403A3D
0x00403A54,0x00000004,data,str_00403A54
0x00403A70,0x00000004,data,str_00403A70
0x00403A87,0x00000004,data,str_00403A87
0x00403A9E,0x00000004,data,str_00403A9E
0x00403AB5,0x00000004,data,str_00403AB5
0x00403ACC,0x00000004,data,str_00403ACC
0x00403AE3,0x00000004,data,str_00403AE3
0x00403D0B,0x00000004,data,str_00403D0B
0x00403D22,0x00000004,data,str_00403D22
0x00403D39,0x00000004,data,str_00403D39
0x00403D50,0x00000004,data,str_00403D50
0x00403D67,0x00000004,data,str_00403D67
0x00403D7E,0x00000004,data,str_00403D7E
0x00403D95,0x00000004,data,str_00403D95
0x00403DAC,0x00000004,data,str_00403DAC
0x00403DC3,0x00000004,data,str_00403DC3
0x00403DDA,0x00000004,data,str_00403DDA
0x00403DF1,0x00000004,data,str_00403DF1
0x00403E08,0x00000004,data,str_00403E08
0x00403FEB,0x00000004,data,str_00403FEB
0x00404002,0x00000004,data,str_00404002
0x00404019,0x00000004,data,str_00404019
0x00404030,0x00000004,data,str_00404030
0x00404047,0x00000004,data,str_00404047
0x0040405E,0x00000004,data,str_0040405E
0x00404075,0x00000004,data,str_00404075
0x0040408C,0x00000004,data,str_0040408C
0x004040A3,0x00000004,data,str_004040A3
0x004040BA,0x00000004,data,str_004040BA
0x004040D1,0x00000004,data,str_004040D1
0x004040E8,0x00000004,data,str_004040E8
0x004040FF,0x00000004,data,str_004040FF
0x00404116,0x00000004,data,str_00404116
0x0040412D,0x00000004,data,str_0040412D
0x0040433E,0x00000004,data,str_0040433E
0x00404355,0x00000004,data,str_00404355
0x0040436C,0x00000004,data,str_0040436C
0x00404383,0x00000004,data,str_00404383
0x0040439A,0x00000004,data,str_0040439A
0x004043B1,0x00000004,data,str_004043B1
0x004043C8,0x00000004,data,str_004043C8
0x004043DF,0x00000004,data,str_004043DF
0x004043F6,0x00000004,data,str_004043F6
0x0040440D,0x00000004,data,str_0040440D
0x00404424,0x00000004,data,str_00404424
0x0040443B,0x00000004,data,str_0040443B
0x00404452,0x00000004,data,str_00404452
0x00404635,0x00000004,data,str_00404635
0x0040464C,0x00000004,data,str_0040464C
0x00404663,0x00000004,data,str_00404663
0x0040467A,0x00000004,data,str_0040467A
0x00404691,0x00000004,data,str_00404691
0x004046A8,0x00000004,data,str_004046A8
0x004046BF,0x00000004,data,str_004046BF
0x004046D6,0x00000004,data,str_004046D6
0x004046ED,0x00000004,data,str_004046ED
0x00404704,0x00000004,data,str_00404704
0x0040471B,0x00000004,data,str_0040471B
0x0040492C,0x00000004,data,str_0040492C
0x00404943,0x00000004,data,str_00404943
0x0040495A,0x00000004,data,str_0040495A
0x00404971,0x00000004,data,str_00404971
0x00404988,0x00000004,data,str_00404988
0x0040499F,0x00000004,data,str_0040499F
0x004049B6,0x00000004,data,str_004049B6
0x004049CD,0x00000004,data,str_004049CD
0x004049E4,0x00000004,data,str_004049E4
0x004049FB,0x00000004,data,str_004049FB
0x00404A12,0x00000004,data,str_00404A12
0x00404A29,0x00000004,data,str_00404A29
0x00404A40,0x00000004,data,str_00404A40
0x00404A57,0x00000004,data,str_00404A57
0x00404A6E,0x00000004,data,str_00404A6E
0x00404A85,0x00000004,data,str_00404A85
0x00404C68,0x00000004,data,str_00404C68
0x00404C7F,0x00000004,data,str_00404C7F
0x00404C96,0x00000004,data,str_00404C96
0x00404CAD,0x00000004,data,str_00404CAD
0x00404CC4,0x00000004,data,str_00404CC4
0x00404CDB,0x00000004,data,str_00404CDB
0x00404CF2,0x00000004,data,str_00404CF2
0x00404D09,0x00000004,data,str_00404D09
0x00404D20,0x00000004,data,str_00404D20
0x00404D37,0x00000004,data,str_00404D37
0x00404D4E,0x00000004,data,str_00404D4E
0x00404D68,0x00000004,data,str_00404D68
0x00404D7F,0x00000004,data,str_00404D7F
0x00404FBE,0x00000004,data,str_00404FBE
0x00404FD5,0x00000004,data,str_00404FD5
0x00404FEC,0x00000004,data,str_00404FEC
0x00405003,0x00000004,data,str_00405003
0x0040501A,0x00000004,data,str_0040501A
0x00405031,0x00000004,data,str_00405031
0x00405048,0x00000004,data,str_00405048
0x0040505F,0x00000004,data,str_0040505F
0x00405076,0x00000004,data,str_00405076
0x0040508D,0x00000004,data,str_0040508D
0x004050A4,0x00000004,data,str_004050A4
0x004050BB,0x00000004,data,str_004050BB
0x004052B5,0x00000004,data,str_004052B5
0x004052CC,0x00000004,data,str_004052CC
0x004052E3,0x00000004,data,str_004052E3
0x004052FA,0x00000004,data,str_004052FA
0x00405311,0x00000004,data,str_00405311
0x00405328,0x00000004,data,str_00405328
0x0040533F,0x00000004,data,str_0040533F
0x00405356,0x00000004,data,str_00405356
0x0040536D,0x00000004,data,str_0040536D
0x00405384,0x00000004,data,str_00405384
0x0040539B,0x00000004,data,str_0040539B
0x004053B2,0x00000004,data,str_004053B2
0x00405595,0x00000004,data,str_00405595
0x004055AC,0x00000004,data,str_004055AC
0x004055C3,0x00000004,data,str_004055C3
0x004055DA,0x00000004,data,str_004055DA
0x004055F1,0x00000004,data,str_004055F1
0x00405608,0x00000004,data,str_00405608
0x0040561F,0x00000004,data,str_0040561F
0x00405636,0x00000004,data,str_00405636
0x0040564D,0x00000004,data,str_0040564D
0x00405664,0x00000004,data,str_00405664
0x00405830,0x00000004,data,str_00405830
0x00405847,0x00000004,data,str_00405847
0x0040585E,0x00000004,data,str_0040585E
0x00405875,0x00000004,data,str_00405875
0x0040588C,0x00000004,data,str_0040588C
0x004058A3,0x00000004,data,str_004058A3
0x004058BA,0x00000004,data,str_004058BA
0x004058D1,0x00000004,data,str_004058D1
0x004058E8,0x00000004,data,str_004058E8
0x00405A86,0x00000004,data,str_00405A86
0x00405A9D,0x00000004,data,str_00405A9D
0x00405AB4,0x00000004,data,str_00405AB4
0x00405ACB,0x00000004,data,str_00405ACB
0x00405AE2,0x00000004,data,str_00405AE2
0x00405AF9,0x00000004,data,str_00405AF9
0x00405B10,0x00000004,data,str_00405B10
0x00405B27,0x00000004,data,str_00405B27
0x00405B3E,0x00000004,data,str_00405B3E
0x00405CC5,0x00000004,data,str_00405CC5
0x00405CDC,0x00000004,data,str_00405CDC
0x00405CF3,0x00000004,data,str_00405CF3
0x00405D0A,0x00000004,data,str_00405D0A
0x00405D21,0x00000004,data,str_00405D21
0x00405D38,0x00000004,data,str_00405D38
0x00405D4F,0x00000004,data,str_00405D4F
0x00405D66,0x00000004,data,str_00405D66
0x00405D7D,0x00000004,data,str_00405D7D
0x00405D94,0x00000004,data,str_00405D94
0x00405DAB,0x00000004,data,str_00405DAB
0x00405F60,0x00000004,data,str_00405F60
0x00405F77,0x00000004,data,str_00405F77
0x00405F8E,0x00000004,data,str_00405F8E
0x00405FA5,0x00000004,data,str_00405FA5
0x00405FBC,0x00000004,data,str_00405FBC
0x00405FD3,0x00000004,data,str_00405FD3
0x00405FEA,0x00000004,data,str_00405FEA
0x00406001,0x00000004,data,str_00406001
0x00406018,0x00000004,data,str_00406018
0x0040602F,0x00000004,data,str_0040602F
0x00406046,0x00000004,data,str_00406046
0x00406212,0x00000004,data,str_00406212
0x00406229,0x00000004,data,str_00406229
0x00406240,0x00000004,data,str_00406240
0x00406257,0x00000004,data,str_00406257
0x0040626E,0x00000004,data,str_0040626E
0x00406285,0x00000004,data,str_00406285
0x0040629C,0x00000004,data,str_0040629C
0x004062B3,0x00000004,data,str_004062B3
0x004062CA,0x00000004,data,str_004062CA
0x004062E1,0x00000004,data,str_004062E1
0x004062F8,0x00000004,data,str_004062F8
0x0040630F,0x00000004,data,str_0040630F
0x00406326,0x00000004,data,str_00406326
0x0040654E,0x00000004,data,str_0040654E
0x00406565,0x00000004,data,str_00406565
0x0040657C,0x00000004,data,str_0040657C
0x00406593,0x00000004,data,str_00406593
0x004065AA,0x00000004,data,str_004065AA
0x004065C1,0x00000004,data,str_004065C1
0x004065D8,0x00000004,data,str_004065D8
0x004065EF,0x00000004,data,str_004065EF
0x00406606,0x00000004,data,str_00406606
0x0040661D,0x00000004,data,str_0040661D
0x00406634,0x00000004,data,str_00406634
0x0040664B,0x00000004,data,str_0040664B
0x0040682E,0x00000004,data,str_0040682E
0x00406845,0x00000004,data,str_00406845
0x0040685C,0x00000004,data,str_0040685C
0x00406873,0x00000004,data,str_00406873
0x0040688A,0x00000004,data,str_0040688A
0x004068A1,0x00000004,data,str_004068A1
0x004068B8,0x00000004,data,str_004068B8
0x004068CF,0x00000004,data,str_004068CF
0x004068E6,0x00000004,data,str_004068E6
0x004068FD,0x00000004,data,str_004068FD
0x00406914,0x00000004,data,str_00406914
0x0040692B,0x00000004,data,str_0040692B
0x00406B0E,0x00000004,data,str_00406B0E
0x00406B25,0x00000004,data,str_00406B25
0x00406B3C,0x00000004,data,str_00406B3C
0x00406B53,0x00000004,data,str_00406B53
0x00406B6A,0x00000004,data,str_00406B6A
0x00406B81,0x00000004,data,str_00406B81
0x00406B98,0x00000004,data,str_00406B98
0x00406BAF,0x00000004,data,str_00406BAF
0x00406BC6,0x00000004,data,str_00406BC6
0x00406BDD,0x00000004,data,str_00406BDD
0x00406BF4,0x00000004,data,str_00406BF4
0x00406C0B,0x00000004,data,str_00406C0B
0x00406DEE,0x00000004,data,str_00406DEE
0x00406E05,0x00000004,data,str_00406E05
0x00406E1C,0x00000004,data,str_00406E1C
0x00406E33,0x00000004,data,str_00406E33
0x00406E4A,0x00000004,data,str_00406E4A
0x00406E61,0x00000004,data,str_00406E61
0x00406E78,0x00000004,data,str_00406E78
0x00406E8F,0x00000004,data,str_00406E8F
0x00406EA6,0x00000004,data,str_00406EA6
0x00406EBD,0x00000004,data,str_00406EBD
0x00406ED4,0x00000004,data,str_00406ED4
0x00406EEB,0x00000004,data,str_00406EEB
0x004070CE,0x00000004,data,str_004070CE
0x004070E5,0x00000004,data,str_004070E5
0x004070FC,0x00000004,data,str_004070FC
0x00407113,0x00000004,data,str_00407113
0x0040712A,0x00000004,data,str_0040712A
0x00407141,0x00000004,data,str_00407141
0x00407158,0x00000004,data,str_00407158
0x0040716F,0x00000004,data,str_0040716F
0x00407186,0x00000004,data,str_00407186
0x0040719D,0x00000004,data,str_0040719D
0x004071B4,0x00000004,data,str_004071B4
0x004071CB,0x00000004,data,str_004071CB
0x004073AE,0x00000004,data,str_004073AE
0x004073C5,0x00000004,data,str_004073C5
0x004073DC,0x00000004,data,str_004073DC
0x004073F3,0x00000004,data,str_004073F3
0x0040740A,0x00000004,data,str_0040740A
0x00407421,0x00000004,data,str_00407421
0x00407438,0x00000004,data,str_00407438
0x0040744F,0x00000004,data,str_0040744F
0x00407466,0x00000004,data,str_00407466
0x0040747D,0x00000004,data,str_0040747D
0x00407494,0x00000004,data,str_00407494
0x004074AB,0x00000004,data,str_004074AB
0x00407632,0x00000004,data,str_00407632
0x00407649,0x00000004,data,str_00407649
0x00407660,0x00000004,data,str_00407660
0x00407677,0x00000004,data,str_00407677
0x0040768E,0x00000004,data,str_0040768E
0x004076A5,0x00000004,data,str_004076A5
0x004076BC,0x00000004,data,str_004076BC
0x004076D3,0x00000004,data,str_004076D3
0x004076EA,0x00000004,data,str_004076EA
0x0040785A,0x00000004,data,str_0040785A
0x00407871,0x00000004,data,str_00407871
0x00407888,0x00000004,data,str_00407888
0x0040789F,0x00000004,data,str_0040789F
0x004078B6,0x00000004,data,str_004078B6
0x004078CD,0x00000004,data,str_004078CD
0x004078E4,0x00000004,data,str_004078E4
0x004078FB,0x00000004,data,str_004078FB
0x00407912,0x00000004,data,str_00407912
0x00407AF5,0x00000004,data,str_00407AF5
0x00407B0C,0x00000004,data,str_00407B0C
0x00407B23,0x00000004,data,str_00407B23
0x00407B3A,0x00000004,data,str_00407B3A
0x00407B51,0x00000004,data,str_00407B51
0x00407B68,0x00000004,data,str_00407B68
0x00407B7F,0x00000004,data,str_00407B7F
0x00407B96,0x00000004,data,str_00407B96
0x00407BAD,0x00000004,data,str_00407BAD
0x00407BC4,0x00000004,data,str_00407BC4
0x00407BDB,0x00000004,data,str_00407BDB
0x00407BF2,0x00000004,data,str_00407BF2
0x00407DEC,0x00000004,data,str_00407DEC
0x00407E03,0x00000004,data,str_00407E03
0x00407E1A,0x00000004,data,str_00407E1A
0x00407E31,0x00000004,data,str_00407E31
0x00407E48,0x00000004,data,str_00407E48
0x00407E5F,0x00000004,data,str_00407E5F
0x00407E76,0x00000004,data,str_00407E76
0x00407E8D,0x00000004,data,str_00407E8D
0x00407EA4,0x00000004,data,str_00407EA4
0x00407EBB,0x00000004,data,str_00407EBB
0x00408014,0x00000004,data,str_00408014
0x0040802B,0x00000004,data,str_0040802B
0x00408042,0x00000004,data,str_00408042
0x00408059,0x00000004,data,str_00408059
0x00408070,0x00000004,data,str_00408070
0x00408087,0x00000004,data,str_00408087
0x0040809E,0x00000004,data,str_0040809E
0x004080B5,0x00000004,data,str_004080B5
0x00408253,0x00000004,data,str_00408253
0x0040826A,0x00000004,data,str_0040826A
0x00408281,0x00000004,data,str_00408281
0x00408298,0x00000004,data,str_00408298
0x004082AF,0x00000004,data,str_004082AF
0x004082C6,0x00000004,data,str_004082C6
0x004082DD,0x00000004,data,str_004082DD
0x004082F4,0x00000004,data,str_004082F4
0x0040830B,0x00000004,data,str_0040830B
0x00408322,0x00000004,data,str_00408322
0x00408339,0x00000004,data,str_00408339
0x00408350,0x00000004,data,str_00408350
0x0040851C,0x00000004,data,str_0040851C
0x00408533,0x00000004,data,str_00408533
0x0040854A,0x00000004,data,str_0040854A
0x00408561,0x00000004,data,str_00408561
0x00408578,0x00000004,data,str_00408578
0x0040858F,0x00000004,data,str_0040858F
0x004085A6,0x00000004,data,str_004085A6
0x004085BD,0x00000004,data,str_004085BD
0x004085D4,0x00000004,data,str_004085D4
0x004085EB,0x00000004,data,str_004085EB
0x00408602,0x00000004,data,str_00408602
0x00408619,0x00000004,data,str_00408619
0x00408816,0x00000004,data,str_00408816
0x0040882D,0x00000004,data,str_0040882D
0x00408844,0x00000004,data,str_00408844
0x0040885B,0x00000004,data,str_0040885B
0x00408872,0x00000004,data,str_00408872
0x00408889,0x00000004,data,str_00408889
0x004088A0,0x00000004,data,str_004088A0
0x004088B7,0x00000004,data,str_004088B7
0x004088CE,0x00000004,data,str_004088CE
0x004088E5,0x00000004,data,str_004088E5
0x004088FC,0x00000004,data,str_004088FC
0x00408913,0x00000004,data,str_00408913
0x00408B24,0x00000004,data,str_00408B24
0x00408B3B,0x00000004,data,str_00408B3B
0x00408B52,0x00000004,data,str_00408B52
0x00408B69,0x00000004,data,str_00408B69
0x00408B80,0x00000004,data,str_00408B80
0x00408B97,0x00000004,data,str_00408B97
0x00408BAE,0x00000004,data,str_00408BAE
0x00408BC5,0x00000004,data,str_00408BC5
0x00408BDC,0x00000004,data,str_00408BDC
0x00408BF3,0x00000004,data,str_00408BF3
0x00408C0A,0x00000004,data,str_00408C0A
0x00408C21,0x00000004,data,str_00408C21
0x00408E1B,0x00000004,data,str_00408E1B
0x00408E32,0x00000004,data,str_00408E32
0x00408E49,0x00000004,data,str_00408E49
0x00408E60,0x00000004,data,str_00408E60
0x00408E77,0x00000004,data,str_00408E77
0x00408E8E,0x00000004,data,str_00408E8E
0x00408EA5,0x00000004,data,str_00408EA5
0x00408EBC,0x00000004,data,str_00408EBC
0x00408ED3,0x00000004,data,str_00408ED3
0x00408EEA,0x00000004,data,str_00408EEA
0x00408F01,0x00000004,data,str_00408F01
0x00408F18,0x00000004,data,str_00408F18
0x00408F2F,0x00000004,data,str_00408F2F
0x004090FB,0x00000004,data,str_004090FB
0x00409112,0x00000004,data,str_00409112
0x00409129,0x00000004,data,str_00409129
0x00409140,0x00000004,data,str_00409140
0x00409157,0x00000004,data,str_00409157
0x0040916E,0x00000004,data,str_0040916E
0x00409185,0x00000004,data,str_00409185
0x0040919C,0x00000004,data,str_0040919C
0x004091B3,0x00000004,data,str_004091B3
0x0040937F,0x00000004,data,str_0040937F
0x00409396,0x00000004,data,str_00409396
0x004093AD,0x00000004,data,str_004093AD
0x004093C4,0x00000004,data,str_004093C4
0x004093DB,0x00000004,data,str_004093DB
0x004093F2,0x00000004,data,str_004093F2
0x00409409,0x00000004,data,str_00409409
0x00409420,0x00000004,data,str_00409420
0x00409437,0x00000004,data,str_00409437
0x0040944E,0x00000004,data,str_0040944E
0x00409465,0x00000004,data,str_00409465
0x00409631,0x00000004,data,str_00409631
0x00409648,0x00000004,data,str_00409648
0x0040965F,0x00000004,data,str_0040965F
0x00409676,0x00000004,data,str_00409676
0x0040968D,0x00000004,data,str_0040968D
0x004096A4,0x00000004,data,str_004096A4
0x004096BB,0x00000004,data,str_004096BB
0x004096D2,0x00000004,data,str_004096D2
0x004096E9,0x00000004,data,str_004096E9
0x004098E0,0x00000004,data,str_004098E0
0x004098E4,0x00000004,data,str_004098E4
0x004098EC,0x00000004,data,str_004098EC
0x004098F4,0x00000004,data,str_004098F4
0x004098FC,0x00000004,data,str_004098FC
0x00409904,0x00000004,data,str_00409904
0x00409908,0x00000004,data,str_00409908
0x0040990C,0x00000004,data,str_0040990C
0x00409910,0x00000004,data,str_00409910
0x00409914,0x00000004,data,str_00409914
0x00409918,0x00000004,data,str_00409918
0x0040991C,0x00000004,data,str_0040991C
0x004099A4,0x00000004,data,str_004099A4
0x004099A8,0x00000004,data,str_004099A8
0x004099AC,0x00000004,data,str_004099AC
0x004099B0,0x00000004,data,str_004099B0
0x004099B4,0x00000004,data,str_004099B4
0x004099B8,0x00000004,data,str_004099B8
0x004099BC,0x00000004,data,str_004099BC
0x004099C0,0x00000004,data,str_004099C0
0x004099C4,0x00000004,data,str_004099C4
0x004099C8,0x00000004,data,str_004099C8
0x004099CC,0x00000004,data,str_004099CC
0x004099D0,0x00000004,data,str_004099D0
0x00409A54,0x00000004,data,str_00409A54
0x00409A58,0x00000004,data,str_00409A58
0x00409A5C,0x00000004,data,str_00409A5C
0x00409A60,0x00000004,data,str_00409A60
0x00409A64,0x00000004,data,str_00409A64
0x00409A68,0x00000004,data,str_00409A68
0x00409A6C,0x00000004,data,str_00409A6C
0x00409A70,0x00000004,data,str_00409A70
0x00409A74,0x00000004,data,str_00409A74
0x00409A78,0x00000004,data,str_00409A78
0x00409A7C,0x00000004,data,str_00409A7C
0x00409A80,0x00000004,data,str_00409A80
0x00409A84,0x00000004,data,str_00409A84
0x00409A88,0x00000004,data,str_00409A88
0x00409A8C,0x00000004,data,str_00409A8C
0x00409A90,0x00000004,data,str_00409A90
0x00409A94,0x00000004,data,str_00409A94
0x00409A98,0x00000004,data,str_00409A98
0x00409A9C,0x00000004,data,str_00409A9C
0x00409B18,0x00000004,data,str_00409B18
0x00409B1C,0x00000004,data,str_00409B1C
0x00409B20,0x00000004,data,str_00409B20
0x00409B24,0x00000004,data,str_00409B24
0x00409B28,0x00000004,data,str_00409B28
0x00409B2C,0x00000004,data,str_00409B2C
0x00409B30,0x00000004,data,str_00409B30
0x00409B34,0x00000004,data,str_00409B34
0x00409B38,0x00000004,data,str_00409B38
0x00409B66,0x00000004,data,str_00409B66
0x00409BAC,0x0000003C,data,str_00409BAC
0x00409C1C,0x0000000F,data,str_00409C1C
0x00409C2C,0x00000018,data,wstr_00409C2C
0x00409C46,0x00000020,data,wstr_00409C46
0x0040A576,0x0000004C,data,wstr_0040A576
0x0040A5CC,0x00000008,data,wstr_0040A5CC
0x0040A5D4,0x0000002E,data,wstr_0040A5D4
0x0040A624,0x00000014,data,wstr_0040A624
0x0040A6D8,0x0000001A,data,wstr_0040A6D8
0x0040A6F4,0x00000008,data,str_0040A6F4
0x0040A6FC,0x0000000C,data,str_0040A6FC
0x0040A708,0x0000000C,data,str_0040A708
0x0040A714,0x00000009,data,str_0040A714
0x0040A720,0x00000012,data,wstr_0040A720
0x0040A734,0x00000028,data,wstr_0040A734
0x0040A75C,0x00000012,data,wstr_0040A75C
0x0040A780,0x00000012,data,wstr_0040A780
0x0040A794,0x00000012,data,wstr_0040A794
0x0040A7A8,0x00000010,data,wstr_0040A7A8
0x0040A7B8,0x00000014,data,wstr_0040A7B8
0x0040A7CC,0x0000000E,data,wstr_0040A7CC
0x0040A7DC,0x0000000A,data,wstr_0040A7DC
0x0040A7E8,0x0000000A,data,wstr_0040A7E8
0x0040A7F4,0x0000000C,data,wstr_0040A7F4
0x0040A800,0x0000000C,data,wstr_0040A800
0x0040A80C,0x00000012,data,wstr_0040A80C
0x0040A820,0x00000010,data,wstr_0040A820
0x0040A830,0x00000008,data,wstr_0040A830
0x0040A838,0x00000008,data,wstr_0040A838
0x0040A840,0x00000008,data,wstr_0040A840
0x0040A848,0x00000008,data,wstr_0040A848
0x0040A850,0x00000008,data,wstr_0040A850
0x0040A858,0x00000008,data,wstr_0040A858
0x0040A860,0x00000008,data,wstr_0040A860
0x0040A868,0x00000008,data,wstr_0040A868
0x0040A870,0x00000008,data,wstr_0040A870
0x0040A878,0x00000008,data,wstr_0040A878
0x0040A880,0x00000008,data,wstr_0040A880
0x0040A888,0x00000008,data,wstr_0040A888
0x0040A890,0x00000012,data,wstr_0040A890
0x0040A8A4,0x0000000E,data,wstr_0040A8A4
0x0040A8B4,0x00000012,data,wstr_0040A8B4
0x0040A8C8,0x00000014,data,wstr_0040A8C8
0x0040A8DC,0x00000010,data,wstr_0040A8DC
0x0040A8EC,0x0000000E,data,wstr_0040A8EC
0x0040A8FC,0x0000000E,data,wstr_0040A8FC
0x0040A90C,0x00000008,data,wstr_0040A90C
0x0040A914,0x00000008,data,wstr_0040A914
0x0040A91C,0x00000008,data,wstr_0040A91C
0x0040A924,0x00000008,data,wstr_0040A924
0x0040A92C,0x00000008,data,wstr_0040A92C
0x0040A934,0x00000008,data,wstr_0040A934
0x0040A93C,0x00000008,data,wstr_0040A93C
0x0040A944,0x00000009,data,str_0040A944
0x0040A950,0x00000014,data,str_0040A950
0x0040A964,0x00000009,data,str_0040A964
0x0040A978,0x00000009,data,str_0040A978
0x0040A984,0x00000009,data,str_0040A984
0x0040A990,0x00000008,data,str_0040A990
0x0040A998,0x0000000A,data,str_0040A998
0x0040A9A4,0x00000007,data,str_0040A9A4
0x0040A9AC,0x00000005,data,str_0040A9AC
0x0040A9B4,0x00000005,data,str_0040A9B4
0x0040A9BC,0x00000006,data,str_0040A9BC
0x0040A9C4,0x00000006,data,str_0040A9C4
0x0040A9CC,0x00000009,data,str_0040A9CC
0x0040A9D8,0x00000008,data,str_0040A9D8
0x0040A9E0,0x00000004,data,str_0040A9E0
0x0040A9E4,0x00000004,data,str_0040A9E4
0x0040A9E8,0x00000004,data,str_0040A9E8
0x0040A9EC,0x00000004,data,str_0040A9EC
0x0040A9F0,0x00000004,data,str_0040A9F0
0x0040A9F4,0x00000004,data,str_0040A9F4
0x0040A9F8,0x00000004,data,str_0040A9F8
0x0040A9FC,0x00000004,data,str_0040A9FC
0x0040AA00,0x00000004,data,str_0040AA00
0x0040AA04,0x00000004,data,str_0040AA04
0x0040AA08,0x00000004,data,str_0040AA08
0x0040AA0C,0x00000004,data,str_0040AA0C
0x0040AA10,0x00000009,data,str_0040AA10
0x0040AA1C,0x00000007,data,str_0040AA1C
0x0040AA24,0x00000009,data,str_0040AA24
0x0040AA30,0x0000000A,data,str_0040AA30
0x0040AA3C,0x00000008,data,str_0040AA3C
0x0040AA44,0x00000007,data,str_0040AA44
0x0040AA4C,0x00000007,data,str_0040AA4C
0x0040AA54,0x00000004,data,str_0040AA54
0x0040AA58,0x00000004,data,str_0040AA58
0x0040AA5C,0x00000004,data,str_0040AA5C
0x0040AA60,0x00000004,data,str_0040AA60
0x0040AA64,0x00000004,data,str_0040AA64
0x0040AA68,0x00000004,data,str_0040AA68
0x0040AA6C,0x00000004,data,str_0040AA6C
0x0040AAFA,0x00000010,data,wstr_0040AAFA
0x0040AB0C,0x00000007,data,str_0040AB0C
0x0040AB51,0x00000007,data,str_0040AB51
0x0040AB74,0x00000006,data,str_0040AB74
0x0040AB7C,0x00000018,data,str_0040AB7C
0x0040AB94,0x0000001A,data,str_0040AB94
0x0040ABB0,0x00000013,data,str_0040ABB0
0x0040ABC4,0x00000010,data,str_0040ABC4
0x0040ABD4,0x0000000C,data,str_0040ABD4
0x0040ABDE,0x00000018,data,wstr_0040ABDE
0x0040B45C,0x00000010,data,wstr_0040B45C
0x0040B470,0x00000005,data,str_0040B470
0x0040B478,0x00000007,data,str_0040B478
0x0040B480,0x00000006,data,str_0040B480
0x0040B488,0x00000006,data,str_0040B488
0x0040B490,0x00000007,data,str_0040B490
0x0040B498,0x00000005,data,str_0040B498
0x0040B4A0,0x00000005,data,str_0040B4A0
0x0040B4A8,0x00000005,data,str_0040B4A8
0x0040B4B0,0x00000005,data,str_0040B4B0
0x0040B4BC,0x0000000B,data,str_0040B4BC
0x0040B528,0x00000007,data,str_0040B528
0x0040B52F,0x00000021,data,str_0040B52F
0x0040B59B,0x00000004,data,str_0040B59B
0x0040B5A7,0x00000004,data,str_0040B5A7
0x0040B5D7,0x00000004,data,str_0040B5D7
0x0040B5E3,0x00000004,data,str_0040B5E3
0x0040B5FA,0x00000004,data,str_0040B5FA
0x0040B669,0x00000004,data,str_0040B669
0x0040B689,0x00000004,data,str_0040B689
0x0040B911,0x00000004,data,str_0040B911
0x0040BBCF,0x00000004,data,str_0040BBCF
0x0040BFE4,0x00000005,data,str_0040BFE4
0x0040C200,0x00000004,data,str_0040C200
0x0040D51B,0x00000005,data,str_0040D51B
0x0040D55D,0x00000004,data,str_0040D55D
0x0040D615,0x00000004,data,str_0040D615
0x0040D634,0x00000004,data,str_0040D634
0x0040D651,0x00000004,data,str_0040D651
0x0040E09E,0x00000004,data,str_0040E09E
0x0040E365,0x00000005,data,str_0040E365
0x0040E50B,0x00000004,data,str_0040E50B
0x0040E530,0x00000004,data,str_0040E530
0x0040E53C,0x00000005,data,str_0040E53C
0x0040EA5D,0x00000004,data,str_0040EA5D
0x0040EA9C,0x00000004,data,str_0040EA9C
0x0040EABC,0x00000005,data,str_0040EABC
0x0040EAE6,0x00000004,data,str_0040EAE6
0x0040EB02,0x00000005,data,str_0040EB02
0x0040EB51,0x00000005,data,str_0040EB51
0x0040EB8C,0x00000004,data,str_0040EB8C
0x0040EBF1,0x00000004,data,str_0040EBF1
0x0040EC74,0x00000004,data,str_0040EC74
0x0040ED78,0x00000004,data,str_0040ED78
0x0040EDCF,0x00000004,data,str_0040EDCF
0x0040EE16,0x00000005,data,str_0040EE16
0x0040EEBC,0x00000004,data,str_0040EEBC
0x0040F100,0x00000004,data,str_0040F100
0x0040F15D,0x00000004,data,str_0040F15D
0x0040F53A,0x00000004,data,str_0040F53A
0x0040F5CD,0x00000005,data,str_0040F5CD
0x0040F6F9,0x00000004,data,str_0040F6F9
0x0040F730,0x00000004,data,str_0040F730
0x0040F77D,0x00000004,data,str_0040F77D
0x0040F797,0x00000004,data,str_0040F797
0x0040F7BD,0x00000004,data,str_0040F7BD
0x0040F7D8,0x00000004,data,str_0040F7D8
0x0040F7E5,0x00000004,data,str_0040F7E5
0x0040F880,0x00000004,data,str_0040F880
0x0040F885,0x00000004,data,str_0040F885
0x0040F88A,0x00000004,data,str_0040F88A
0x0040F88F,0x00000004,data,str_0040F88F
0x0040F894,0x00000004,data,str_0040F894
0x0040F899,0x00000004,data,str_0040F899
0x0040F89F,0x00000004,data,str_0040F89F
0x0040F8AB,0x00000004,data,str_0040F8AB
0x0040F8CE,0x00000005,data,str_0040F8CE
0x0040F979,0x00000005,data,str_0040F979
0x0040FB21,0x00000005,data,str_0040FB21
0x0040FCF1,0x00000004,data,str_0040FCF1
0x0040FCF7,0x00000004,data,str_0040FCF7
0x0040FD71,0x00000004,data,str_0040FD71
0x0040FD77,0x00000004,data,str_0040FD77
0x0040FEB6,0x00000005,data,str_0040FEB6
0x0040FEDB,0x00000004,data,str_0040FEDB
0x0040FEE4,0x00000004,data,str_0040FEE4
0x0040FEEB,0x00000004,data,str_0040FEEB
0x0040FF0C,0x00000004,data,str_0040FF0C
0x0040FF2A,0x00000004,data,str_0040FF2A
0x0040FF6F,0x00000005,data,str_0040FF6F
0x0040FF93,0x00000005,data,str_0040FF93
0x0040FFDC,0x00000004,data,str_0040FFDC
0x0040FFE1,0x00000005,data,str_0040FFE1
0x0040FFFB,0x00000005,data,str_0040FFFB
0x0041001D,0x00000004,data,str_0041001D
0x0041003D,0x00000004,data,str_0041003D
0x0041004E,0x00000004,data,str_0041004E
0x00410061,0x00000005,data,str_00410061
0x00410090,0x00000004,data,str_00410090
0x004100A9,0x00000004,data,str_004100A9
0x004100D0,0x00000004,data,str_004100D0
0x0041010D,0x00000004,data,str_0041010D
0x0041011A,0x00000004,data,str_0041011A
0x00410145,0x00000005,data,str_00410145
0x0041018B,0x00000005,data,str_0041018B
0x00410197,0x00000004,data,str_00410197
0x004101A6,0x00000005,data,str_004101A6
0x004101D5,0x00000005,data,str_004101D5
0x004101F1,0x00000004,data,str_004101F1
0x004101FF,0x00000005,data,str_004101FF
0x00410206,0x00000005,data,str_00410206
0x00410212,0x00000004,data,str_00410212
0x00410231,0x00000005,data,str_00410231
0x0041039B,0x00000005,data,str_0041039B
0x004103B9,0x00000005,data,str_004103B9
0x00410409,0x00000004,data,str_00410409
0x0041041C,0x00000004,data,str_0041041C
0x00410421,0x00000005,data,str_00410421
0x0041042B,0x00000004,data,str_0041042B
0x00410435,0x00000005,data,str_00410435
0x00410486,0x00000004,data,str_00410486
0x0041049B,0x00000004,data,str_0041049B
0x004104A1,0x00000004,data,str_004104A1
0x004104AE,0x00000004,data,str_004104AE
0x004104BB,0x00000004,data,str_004104BB
0x00410557,0x00000005,data,str_00410557
0x004105CC,0x00000004,data,str_004105CC
0x004105D4,0x00000004,data,str_004105D4
0x004105E8,0x00000005,data,str_004105E8
0x00410629,0x00000004,data,str_00410629
0x0041063E,0x00000005,data,str_0041063E
0x004106D6,0x00000005,data,str_004106D6
0x004106F3,0x00000004,data,str_004106F3
0x00410740,0x00000004,data,str_00410740
0x00410767,0x00000005,data,str_00410767
0x0041079B,0x00000005,data,str_0041079B
0x004107EB,0x00000005,data,str_004107EB
0x0041081D,0x00000005,data,str_0041081D
0x0041086E,0x00000004,data,str_0041086E
0x0041087B,0x00000005,data,str_0041087B
0x00410881,0x00000004,data,str_00410881
0x004109C4,0x00000005,data,str_004109C4
0x00410B69,0x00000005,data,str_00410B69
0x00410B94,0x00000005,data,str_00410B94
0x00410CA9,0x00000004,data,str_00410CA9
0x00410CB5,0x00000004,data,str_00410CB5
0x00410CC5,0x00000004,data,str_00410CC5
0x00410CED,0x00000005,data,str_00410CED
0x00410CF7,0x00000004,data,str_00410CF7
0x00410CFD,0x00000004,data,str_00410CFD
0x00410D03,0x00000004,data,str_00410D03
0x00410D09,0x00000004,data,str_00410D09
0x00410D27,0x00000004,data,str_00410D27
0x00410D6A,0x00000007,data,str_00410D6A
0x00410D7C,0x00000004,data,str_00410D7C
0x00410D99,0x00000005,data,str_00410D99
0x00410DD0,0x00000005,data,str_00410DD0
0x00410DEB,0x00000004,data,str_00410DEB
0x00410E0A,0x00000004,data,str_00410E0A
0x00410E2F,0x00000006,data,str_00410E2F
0x00410E60,0x00000005,data,str_00410E60
0x00410ED7,0x00000005,data,str_00410ED7
0x00410EF6,0x00000004,data,str_00410EF6
0x00410F35,0x00000005,data,str_00410F35
0x00410F3F,0x00000006,data,str_00410F3F
0x00410F5B,0x00000005,data,str_00410F5B
0x00411038,0x00000004,data,str_00411038
0x004110B5,0x00000004,data,str_004110B5
0x004110C6,0x00000004,data,str_004110C6
0x004110CF,0x00000005,data,str_004110CF
0x004110E6,0x00000004,data,str_004110E6
0x004110F8,0x00000004,data,str_004110F8
0x00411261,0x00000004,data,str_00411261
0x004112EB,0x00000005,data,str_004112EB
0x00411330,0x00000004,data,str_00411330
0x00411386,0x00000005,data,str_00411386
0x004113DF,0x00000004,data,str_004113DF
0x00411401,0x00000005,data,str_00411401
0x00411582,0x00000005,data,str_00411582
0x00411629,0x00000005,data,str_00411629
0x0041171F,0x00000004,data,str_0041171F
0x004118F6,0x00000005,data,str_004118F6
0x0041195E,0x00000004,data,str_0041195E
0x00411AE4,0x00000004,data,str_00411AE4
0x00411AFD,0x00000005,data,str_00411AFD
0x00411B2A,0x00000004,data,str_00411B2A
0x00411B79,0x00000005,data,str_00411B79
0x00411CA3,0x00000004,data,str_00411CA3
0x00411CC4,0x00000005,data,str_00411CC4
0x00411D11,0x00000005,data,str_00411D11
0x00411DD9,0x00000005,data,str_00411DD9
0x00412F21,0x00000004,data,str_00412F21
0x00412FD6,0x00000005,data,str_00412FD6
0x004130AE,0x00000004,data,str_004130AE
0x004131B0,0x00000005,data,str_004131B0
0x004131F2,0x00000004,data,str_004131F2
0x00413224,0x00000006,data,str_00413224
0x004132B1,0x00000006,data,str_004132B1
0x0041336F,0x00000006,data,str_0041336F
0x004133CF,0x00000004,data,str_004133CF
0x00413550,0x00000004,data,str_00413550
0x00413596,0x00000004,data,str_00413596
0x004135AA,0x00000004,data,str_004135AA
0x004136C0,0x00000004,data,str_004136C0
0x00413785,0x00000004,data,str_00413785
0x004137A9,0x00000004,data,str_004137A9
0x004137B6,0x00000004,data,str_004137B6
0x004137E7,0x00000004,data,str_004137E7
0x00413837,0x00000004,data,str_00413837
0x004141EE,0x00000004,data,str_004141EE
0x0041499C,0x00000005,data,str_0041499C
0x00414A4B,0x00000006,data,str_00414A4B
0x00414C7B,0x00000004,data,str_00414C7B
0x00414C96,0x00000004,data,str_00414C96
0x00414CBB,0x00000004,data,str_00414CBB
0x0041560B,0x00000005,data,str_0041560B
0x0041584C,0x00000004,data,str_0041584C
0x00415F14,0x00000004,data,str_00415F14
0x00415F44,0x00000004,data,str_00415F44
0x00415F84,0x00000005,data,str_00415F84
0x00415F9F,0x00000004,data,str_00415F9F
0x00415FAD,0x00000004,data,str_00415FAD
0x00415FB3,0x00000005,data,str_00415FB3
0x0041602A,0x00000004,data,str_0041602A
0x00416127,0x00000004,data,str_00416127
0x0041631F,0x00000004,data,str_0041631F
0x004168D0,0x00000004,data,str_004168D0
0x00416BA2,0x00000004,data,str_00416BA2
0x004171FB,0x00000005,data,str_004171FB
0x0041878C,0x00000004,data,str_0041878C
0x00418D2B,0x00000004,data,str_00418D2B
0x0041946A,0x00000005,data,str_0041946A
0x0041960F,0x00000004,data,str_0041960F
0x004196AF,0x00000004,data,str_004196AF
0x00419745,0x00000005,data,str_00419745
0x00419777,0x00000004,data,str_00419777
0x004197AF,0x00000004,data,str_004197AF
0x004197EE,0x00000005,data,str_004197EE
0x0041994F,0x00000004,data,str_0041994F
0x00419956,0x00000005,data,str_00419956
0x00419C78,0x00000004,data,str_00419C78
0x00419D5E,0x00000004,data,str_00419D5E
0x0041A547,0x00000004,data,str_0041A547
0x0041A86B,0x00000004,data,str_0041A86B
0x0041A8E8,0x00000004,data,str_0041A8E8
0x0041AB36,0x00000004,data,str_0041AB36
0x0041AC4F,0x00000004,data,str_0041AC4F
0x0041ACDE,0x00000004,data,str_0041ACDE
0x0041B53D,0x00000004,data,str_0041B53D
0x0041B565,0x00000004,data,str_0041B565
0x0041BCD3,0x00000004,data,str_0041BCD3
0x0041BD69,0x00000004,data,str_0041BD69
0x0041C3BB,0x00000004,data,str_0041C3BB
0x0041C44C,0x00000004,data,str_0041C44C
0x0041C591,0x00000004,data,str_0041C591
0x0041C5B5,0x00000004,data,str_0041C5B5
0x0041C62B,0x00000005,data,str_0041C62B
0x0041CA38,0x00000005,data,str_0041CA38
0x0041D37B,0x00000005,data,str_0041D37B
0x0041D423,0x00000007,data,str_0041D423
0x0041D438,0x00000007,data,str_0041D438
0x0041D459,0x00000005,data,str_0041D459
0x0041D564,0x00000004,data,str_0041D564
0x0041DB07,0x00000007,data,str_0041DB07
0x0041DB22,0x00000004,data,str_0041DB22
0x0041DB2C,0x00000004,data,str_0041DB2C
0x0041DB84,0x00000004,data,str_0041DB84
0x0041DB91,0x00000004,data,str_0041DB91
0x0041DBA9,0x00000004,data,str_0041DBA9
0x0041DBB6,0x00000004,data,str_0041DBB6
0x0041DBCC,0x00000004,data,str_0041DBCC
0x0041DBD6,0x00000004,data,str_0041DBD6
0x0041DBED,0x00000004,data,str_0041DBED
0x0041DC24,0x00000004,data,str_0041DC24
0x0041DC31,0x00000004,data,str_0041DC31
0x0041DC35,0x00000007,data,str_0041DC35
0x0041DC54,0x00000004,data,str_0041DC54
0x0041DC6C,0x00000004,data,str_0041DC6C
0x0041DC73,0x00000005,data,str_0041DC73
0x0041DC79,0x00000007,data,str_0041DC79
0x0041DC90,0x00000004,data,str_0041DC90
0x0041DC9D,0x00000004,data,str_0041DC9D
0x0041DCA1,0x00000007,data,str_0041DCA1
0x0041DCBD,0x00000004,data,str_0041DCBD
0x0041DCD5,0x00000004,data,str_0041DCD5
0x0041DCDC,0x00000005,data,str_0041DCDC
0x0041DCE2,0x00000007,data,str_0041DCE2
0x0041DCF4,0x00000004,data,str_0041DCF4
0x0041DCFE,0x00000004,data,str_0041DCFE
0x0041DD52,0x00000007,data,str_0041DD52
0x0041DD6A,0x00000007,data,str_0041DD6A
0x0041DD7C,0x00000004,data,str_0041DD7C
0x0041DD86,0x00000004,data,str_0041DD86
0x0041DEA5,0x00000007,data,str_0041DEA5
0x0041DEC0,0x00000004,data,str_0041DEC0
0x0041DECA,0x00000004,data,str_0041DECA
0x0041DF22,0x00000004,data,str_0041DF22
0x0041DF2F,0x00000004,data,str_0041DF2F
0x0041DF47,0x00000004,data,str_0041DF47
0x0041DF54,0x00000004,data,str_0041DF54
0x0041DF6A,0x00000004,data,str_0041DF6A
0x0041DF74,0x00000004,data,str_0041DF74
0x0041DF8B,0x00000004,data,str_0041DF8B
0x0041DFC2,0x00000004,data,str_0041DFC2
0x0041DFCF,0x00000004,data,str_0041DFCF
0x0041DFD3,0x00000007,data,str_0041DFD3
0x0041DFF2,0x00000004,data,str_0041DFF2
0x0041E00A,0x00000004,data,str_0041E00A
0x0041E011,0x00000005,data,str_0041E011
0x0041E017,0x00000007,data,str_0041E017
0x0041E02E,0x00000004,data,str_0041E02E
0x0041E03B,0x00000004,data,str_0041E03B
0x0041E03F,0x00000007,data,str_0041E03F
0x0041E05B,0x00000004,data,str_0041E05B
0x0041E073,0x00000004,data,str_0041E073
0x0041E07A,0x00000005,data,str_0041E07A
0x0041E080,0x00000007,data,str_0041E080
0x0041E092,0x00000004,data,str_0041E092
0x0041E09C,0x00000004,data,str_0041E09C
0x0041E0F0,0x00000007,data,str_0041E0F0
0x0041E108,0x00000007,data,str_0041E108
0x0041E11A,0x00000004,data,str_0041E11A
0x0041E124,0x00000004,data,str_0041E124
0x0041E2D0,0x00000007,data,str_0041E2D0
0x0041E2EB,0x00000004,data,str_0041E2EB
0x0041E2F5,0x00000004,data,str_0041E2F5
0x0041E34D,0x00000004,data,str_0041E34D
0x0041E35A,0x00000004,data,str_0041E35A
0x0041E372,0x00000004,data,str_0041E372
0x0041E37F,0x00000004,data,str_0041E37F
0x0041E395,0x00000004,data,str_0041E395
0x0041E39F,0x00000004,data,str_0041E39F
0x0041E3B6,0x00000004,data,str_0041E3B6
0x0041E3ED,0x00000004,data,str_0041E3ED
0x0041E3FA,0x00000004,data,str_0041E3FA
0x0041E3FE,0x00000007,data,str_0041E3FE
0x0041E41D,0x00000004,data,str_0041E41D
0x0041E435,0x00000004,data,str_0041E435
0x0041E43C,0x00000005,data,str_0041E43C
0x0041E442,0x00000007,data,str_0041E442
0x0041E459,0x00000004,data,str_0041E459
0x0041E466,0x00000004,data,str_0041E466
0x0041E46A,0x00000007,data,str_0041E46A
0x0041E486,0x00000004,data,str_0041E486
0x0041E49E,0x00000004,data,str_0041E49E
0x0041E4A5,0x00000005,data,str_0041E4A5
0x0041E4AB,0x00000007,data,str_0041E4AB
0x0041E4BD,0x00000004,data,str_0041E4BD
0x0041E4C7,0x00000004,data,str_0041E4C7
0x0041E51B,0x00000007,data,str_0041E51B
0x0041E533,0x00000007,data,str_0041E533
0x0041E545,0x00000004,data,str_0041E545
0x0041E54F,0x00000004,data,str_0041E54F
0x0041E613,0x00000007,data,str_0041E613
0x0041E62E,0x00000004,data,str_0041E62E
0x0041E638,0x00000004,data,str_0041E638
0x0041E63C,0x00000007,data,str_0041E63C
0x0041E69B,0x00000004,data,str_0041E69B
0x0041E6A8,0x00000004,data,str_0041E6A8
0x0041E6C0,0x00000004,data,str_0041E6C0
0x0041E6CD,0x00000004,data,str_0041E6CD
0x0041E6E3,0x00000004,data,str_0041E6E3
0x0041E6ED,0x00000004,data,str_0041E6ED
0x0041E6F1,0x00000007,data,str_0041E6F1
0x0041E704,0x00000004,data,str_0041E704
0x0041E743,0x00000004,data,str_0041E743
0x0041E750,0x00000004,data,str_0041E750
0x0041E754,0x00000007,data,str_0041E754
0x0041E769,0x00000004,data,str_0041E769
0x0041E78B,0x00000004,data,str_0041E78B
0x0041E792,0x00000005,data,str_0041E792
0x0041E798,0x00000007,data,str_0041E798
0x0041E7AF,0x00000004,data,str_0041E7AF
0x0041E7BC,0x00000004,data,str_0041E7BC
0x0041E7C0,0x00000007,data,str_0041E7C0
0x0041E7D2,0x00000004,data,str_0041E7D2
0x0041E7F4,0x00000004,data,str_0041E7F4
0x0041E7FB,0x00000005,data,str_0041E7FB
0x0041E801,0x00000007,data,str_0041E801
0x0041E813,0x00000004,data,str_0041E813
0x0041E81D,0x00000004,data,str_0041E81D
0x0041E821,0x00000007,data,str_0041E821
0x0041E8D9,0x00000007,data,str_0041E8D9
0x0041E8F4,0x00000004,data,str_0041E8F4
0x0041E8FE,0x00000004,data,str_0041E8FE
0x0041E902,0x00000007,data,str_0041E902
0x0041E963,0x00000004,data,str_0041E963
0x0041E970,0x00000004,data,str_0041E970
0x0041E988,0x00000004,data,str_0041E988
0x0041E995,0x00000004,data,str_0041E995
0x0041E9AB,0x00000004,data,str_0041E9AB
0x0041E9B5,0x00000004,data,str_0041E9B5
0x0041E9B9,0x00000007,data,str_0041E9B9
0x0041E9CC,0x00000004,data,str_0041E9CC
0x0041EA0D,0x00000004,data,str_0041EA0D
0x0041EA1A,0x00000004,data,str_0041EA1A
0x0041EA1E,0x00000007,data,str_0041EA1E
0x0041EA33,0x00000004,data,str_0041EA33
0x0041EA55,0x00000004,data,str_0041EA55
0x0041EA5C,0x00000005,data,str_0041EA5C
0x0041EA62,0x00000007,data,str_0041EA62
0x0041EA79,0x00000004,data,str_0041EA79
0x0041EA86,0x00000004,data,str_0041EA86
0x0041EA8A,0x00000007,data,str_0041EA8A
0x0041EA9C,0x00000004,data,str_0041EA9C
0x0041EABE,0x00000004,data,str_0041EABE
0x0041EAC5,0x00000005,data,str_0041EAC5
0x0041EACB,0x00000007,data,str_0041EACB
0x0041EADD,0x00000004,data,str_0041EADD
0x0041EAE7,0x00000004,data,str_0041EAE7
0x0041EAEB,0x00000007,data,str_0041EAEB
0x0041EBA9,0x00000004,data,str_0041EBA9
0x0041EBAF,0x00000004,data,str_0041EBAF
0x0041EBCD,0x00000004,data,str_0041EBCD
0x0041EBDF,0x00000004,data,str_0041EBDF
0x0041EBEC,0x00000004,data,str_0041EBEC
0x0041EBF2,0x00000004,data,str_0041EBF2
0x0041EC10,0x00000004,data,str_0041EC10
0x0041EC22,0x00000004,data,str_0041EC22
0x0041EC2D,0x00000004,data,str_0041EC2D
0x0041EC44,0x00000004,data,str_0041EC44
0x0041EC77,0x00000004,data,str_0041EC77
0x0041EC7F,0x00000004,data,str_0041EC7F
0x0041EC83,0x00000007,data,str_0041EC83
0x0041ECA2,0x00000004,data,str_0041ECA2
0x0041ECAA,0x00000004,data,str_0041ECAA
0x0041ECAE,0x00000007,data,str_0041ECAE
0x0041ECC2,0x00000004,data,str_0041ECC2
0x0041ECCA,0x00000004,data,str_0041ECCA
0x0041ECCE,0x00000007,data,str_0041ECCE
0x0041ECEA,0x00000004,data,str_0041ECEA
0x0041ECF2,0x00000004,data,str_0041ECF2
0x0041ECF6,0x00000007,data,str_0041ECF6
0x0041ED08,0x00000004,data,str_0041ED08
0x0041ED12,0x00000004,data,str_0041ED12
0x0041EE31,0x00000004,data,str_0041EE31
0x0041EE3E,0x00000004,data,str_0041EE3E
0x0041EE56,0x00000004,data,str_0041EE56
0x0041EE63,0x00000004,data,str_0041EE63
0x0041EE79,0x00000004,data,str_0041EE79
0x0041EE83,0x00000004,data,str_0041EE83
0x0041EE9A,0x00000004,data,str_0041EE9A
0x0041EECD,0x00000004,data,str_0041EECD
0x0041EEDA,0x00000004,data,str_0041EEDA
0x0041EEDE,0x00000007,data,str_0041EEDE
0x0041EEF2,0x00000004,data,str_0041EEF2
0x0041EEFF,0x00000004,data,str_0041EEFF
0x0041EF03,0x00000007,data,str_0041EF03
0x0041EF15,0x00000004,data,str_0041EF15
0x0041EF1F,0x00000004,data,str_0041EF1F
0x0041EF73,0x00000007,data,str_0041EF73
0x0041EF8B,0x00000007,data,str_0041EF8B
0x0041EF9D,0x00000004,data,str_0041EF9D
0x0041EFA7,0x00000004,data,str_0041EFA7
0x0041F016,0x00000007,data,str_0041F016
0x0041F031,0x00000004,data,str_0041F031
0x0041F03B,0x00000004,data,str_0041F03B
0x0041F149,0x00000007,data,str_0041F149
0x0041F164,0x00000004,data,str_0041F164
0x0041F16E,0x00000004,data,str_0041F16E
0x0041F1C6,0x00000004,data,str_0041F1C6
0x0041F1D3,0x00000004,data,str_0041F1D3
0x0041F1EB,0x00000004,data,str_0041F1EB
0x0041F1F8,0x00000004,data,str_0041F1F8
0x0041F20E,0x00000004,data,str_0041F20E
0x0041F218,0x00000004,data,str_0041F218
0x0041F22F,0x00000004,data,str_0041F22F
0x0041F262,0x00000004,data,str_0041F262
0x0041F26F,0x00000004,data,str_0041F26F
0x0041F273,0x00000007,data,str_0041F273
0x0041F287,0x00000004,data,str_0041F287
0x0041F294,0x00000004,data,str_0041F294
0x0041F298,0x00000007,data,str_0041F298
0x0041F2AA,0x00000004,data,str_0041F2AA
0x0041F2B4,0x00000004,data,str_0041F2B4
0x0041F308,0x00000007,data,str_0041F308
0x0041F320,0x00000007,data,str_0041F320
0x0041F332,0x00000004,data,str_0041F332
0x0041F33C,0x00000004,data,str_0041F33C
0x0041F394,0x00000004,data,str_0041F394
0x0041F3A1,0x00000004,data,str_0041F3A1
0x0041F3B9,0x00000004,data,str_0041F3B9
0x0041F3C6,0x00000004,data,str_0041F3C6
0x0041F3DC,0x00000004,data,str_0041F3DC
0x0041F3E6,0x00000004,data,str_0041F3E6
0x0041F3FD,0x00000004,data,str_0041F3FD
0x0041F430,0x00000004,data,str_0041F430
0x0041F43D,0x00000004,data,str_0041F43D
0x0041F441,0x00000007,data,str_0041F441
0x0041F455,0x00000004,data,str_0041F455
0x0041F462,0x00000004,data,str_0041F462
0x0041F466,0x00000007,data,str_0041F466
0x0041F478,0x00000004,data,str_0041F478
0x0041F482,0x00000004,data,str_0041F482
0x0041F4DA,0x00000004,data,str_0041F4DA
0x0041F4E7,0x00000004,data,str_0041F4E7
0x0041F4FF,0x00000004,data,str_0041F4FF
0x0041F50C,0x00000004,data,str_0041F50C
0x0041F522,0x00000004,data,str_0041F522
0x0041F52C,0x00000004,data,str_0041F52C
0x0041F543,0x00000004,data,str_0041F543
0x0041F57A,0x00000004,data,str_0041F57A
0x0041F587,0x00000004,data,str_0041F587
0x0041F58B,0x00000007,data,str_0041F58B
0x0041F5AA,0x00000004,data,str_0041F5AA
0x0041F5C2,0x00000004,data,str_0041F5C2
0x0041F5C9,0x00000005,data,str_0041F5C9
0x0041F5CF,0x00000007,data,str_0041F5CF
0x0041F5E6,0x00000004,data,str_0041F5E6
0x0041F5F3,0x00000004,data,str_0041F5F3
0x0041F5F7,0x00000007,data,str_0041F5F7
0x0041F613,0x00000004,data,str_0041F613
0x0041F62B,0x00000004,data,str_0041F62B
0x0041F632,0x00000005,data,str_0041F632
0x0041F638,0x00000007,data,str_0041F638
0x0041F64A,0x00000004,data,str_0041F64A
0x0041F654,0x00000004,data,str_0041F654
0x0041FA82,0x00000004,data,str_0041FA82
0x0041FBCF,0x00000005,data,str_0041FBCF
0x00420258,0x00000005,data,str_00420258
0x0042026C,0x00000004,data,str_0042026C
0x00420279,0x00000005,data,str_00420279
0x004202A6,0x00000005,data,str_004202A6
0x004202C3,0x00000005,data,str_004202C3
0x00420480,0x00000005,data,str_00420480
0x00420490,0x00000004,data,str_00420490
0x0042049D,0x00000005,data,str_0042049D
0x0042215C,0x00000005,data,str_0042215C
0x0042216C,0x00000005,data,str_0042216C
0x00423104,0x00000004,data,str_00423104
0x0042352C,0x00000004,data,str_0042352C
0x0042420E,0x00000007,data,str_0042420E
0x0042428A,0x00000004,data,str_0042428A
0x004242A7,0x00000005,data,str_004242A7
0x0042435D,0x00000004,data,str_0042435D
0x00424432,0x00000005,data,str_00424432
0x00424457,0x00000005,data,str_00424457
0x00424561,0x00000004,data,str_00424561
0x00424573,0x00000004,data,str_00424573
0x0042476F,0x00000004,data,str_0042476F
0x00424781,0x00000004,data,str_00424781
0x004247CE,0x00000005,data,str_004247CE
0x004248C3,0x00000004,data,str_004248C3
0x00424937,0x00000004,data,str_00424937
0x00424970,0x00000004,data,str_00424970
0x00424978,0x00000006,data,str_00424978
0x004249BC,0x00000005,data,str_004249BC
0x004249CA,0x00000004,data,str_004249CA
0x004249ED,0x00000004,data,str_004249ED
0x00424B60,0x00000004,data,str_00424B60
0x00424D46,0x00000004,data,str_00424D46
0x00424D7E,0x00000004,data,str_00424D7E
0x00424EF5,0x00000004,data,str_00424EF5
0x00424F1C,0x00000004,data,str_00424F1C
0x00425012,0x00000004,data,str_00425012
0x0042516B,0x00000004,data,str_0042516B
0x00425179,0x00000004,data,str_00425179
0x00425187,0x00000004,data,str_00425187
0x00425284,0x00000004,data,str_00425284
0x004252CF,0x00000006,data,str_004252CF
0x004252D7,0x00000006,data,str_004252D7
0x004252F9,0x00000006,data,str_004252F9
0x00425317,0x00000006,data,str_00425317
0x00425322,0x00000006,data,str_00425322
0x0042532A,0x00000005,data,str_0042532A
0x00425340,0x00000008,data,str_00425340
0x00425358,0x00000007,data,str_00425358
0x0042536F,0x00000006,data,str_0042536F
0x004253A1,0x00000005,data,str_004253A1
0x004253CB,0x00000005,data,str_004253CB
0x00425401,0x00000004,data,str_00425401
0x0042540D,0x00000004,data,str_0042540D
0x00425411,0x00000004,data,str_00425411
0x00425419,0x00000004,data,str_00425419
0x0042541D,0x00000004,data,str_0042541D
0x00425537,0x00000004,data,str_00425537
0x0042557F,0x00000005,data,str_0042557F
0x0042560C,0x00000005,data,str_0042560C
0x00425670,0x00000005,data,str_00425670
0x0042567C,0x00000004,data,str_0042567C
0x004256A9,0x00000004,data,str_004256A9
0x00425740,0x00000005,data,str_00425740
0x00425754,0x00000005,data,str_00425754
0x0042575E,0x00000004,data,str_0042575E
0x00425770,0x00000004,data,str_00425770
0x004257C0,0x00000005,data,str_004257C0
0x004257D4,0x00000005,data,str_004257D4
0x004257DE,0x00000004,data,str_004257DE
0x004257F0,0x00000004,data,str_004257F0
0x004258E3,0x00000005,data,str_004258E3
0x004258F6,0x00000005,data,str_004258F6
0x00425900,0x00000004,data,str_00425900
0x00425910,0x00000004,data,str_00425910
0x0042592C,0x00000006,data,str_0042592C
0x00425994,0x00000005,data,str_00425994
0x0042599A,0x00000005,data,str_0042599A
0x00425A26,0x00000005,data,str_00425A26
0x00425A31,0x00000005,data,str_00425A31
0x00425A38,0x00000005,data,str_00425A38
0x00425A4F,0x00000005,data,str_00425A4F
0x00425A99,0x00000005,data,str_00425A99
0x00425B03,0x00000005,data,str_00425B03
0x00425B1D,0x00000005,data,str_00425B1D
0x00425B5D,0x00000005,data,str_00425B5D
0x00425C0E,0x00000004,data,str_00425C0E
0x00425C15,0x00000004,data,str_00425C15
0x00425C28,0x00000004,data,str_00425C28
0x00425D5D,0x00000004,data,str_00425D5D
0x00425D7E,0x00000004,data,str_00425D7E
0x00425DA7,0x00000005,data,str_00425DA7
0x00425DBF,0x00000004,data,str_00425DBF
0x00425DC5,0x00000004,data,str_00425DC5
0x00425DEF,0x00000004,data,str_00425DEF
0x00425E14,0x00000004,data,str_00425E14
0x00425E29,0x00000005,data,str_00425E29
0x00425E35,0x00000004,data,str_00425E35
0x00425E3E,0x00000005,data,str_00425E3E
0x00425EAB,0x00000005,data,str_00425EAB
0x0042600D,0x00000005,data,str_0042600D
0x00426061,0x00000005,data,str_00426061
0x0042606B,0x00000004,data,str_0042606B
0x00426099,0x00000004,data,str_00426099
0x00426283,0x00000004,data,str_00426283
0x00426294,0x00000004,data,str_00426294
0x004263A2,0x00000004,data,str_004263A2
0x004263AE,0x00000004,data,str_004263AE
0x00426637,0x00000004,data,str_00426637
0x00426643,0x00000004,data,str_00426643
0x00426741,0x00000004,data,str_00426741
0x004268DC,0x00000004,data,str_004268DC
0x004268F1,0x00000004,data,str_004268F1
0x00426923,0x00000007,data,str_00426923
0x00426969,0x00000005,data,str_00426969
0x00426AAA,0x00000004,data,str_00426AAA
0x00426B00,0x00000004,data,str_00426B00
0x00426B2F,0x00000004,data,str_00426B2F
0x00426B7D,0x00000004,data,str_00426B7D
0x00426BAF,0x00000004,data,str_00426BAF
0x00426F15,0x00000004,data,str_00426F15
0x00426F38,0x00000004,data,str_00426F38
0x00427026,0x00000005,data,str_00427026
0x0042702D,0x00000005,data,str_0042702D
0x00427054,0x00000005,data,str_00427054
0x0042705E,0x00000005,data,str_0042705E
0x0042707C,0x00000005,data,str_0042707C
0x0042708B,0x00000005,data,str_0042708B
0x004270AA,0x00000005,data,str_004270AA
0x00427252,0x00000005,data,str_00427252
0x0042730D,0x00000005,data,str_0042730D
0x00427336,0x00000005,data,str_00427336
0x0042733D,0x00000005,data,str_0042733D
0x0042734C,0x00000005,data,str_0042734C
0x00427352,0x00000006,data,str_00427352
0x00427360,0x00000005,data,str_00427360
0x004278A2,0x00000004,data,str_004278A2
0x00427966,0x00000005,data,str_00427966
0x00427A40,0x00000005,data,str_00427A40
0x004280AE,0x00000005,data,str_004280AE
0x00428154,0x00000004,data,str_00428154
0x00428193,0x00000004,data,str_00428193
0x004282C7,0x00000005,data,str_004282C7
0x00428469,0x00000005,data,str_00428469
0x004284BF,0x00000004,data,str_004284BF
0x004284D2,0x00000004,data,str_004284D2
0x004284EB,0x00000006,data,str_004284EB
0x004284FC,0x00000005,data,str_004284FC
0x00428511,0x00000005,data,str_00428511
0x00428529,0x00000004,data,str_00428529
0x00428551,0x00000004,data,str_00428551
0x00428563,0x00000004,data,str_00428563
0x004285AD,0x00000004,data,str_004285AD
0x00428630,0x00000004,data,str_00428630
0x00428638,0x00000004,data,str_00428638
0x00428648,0x00000004,data,str_00428648
0x00428698,0x00000004,data,str_00428698
0x004286E2,0x00000004,data,str_004286E2
0x00428732,0x00000004,data,str_00428732
0x0042875E,0x00000005,data,str_0042875E
0x0042877E,0x00000004,data,str_0042877E
0x004287AE,0x00000004,data,str_004287AE
0x00428829,0x00000005,data,str_00428829
0x00428840,0x00000005,data,str_00428840
0x004288CA,0x00000004,data,str_004288CA
0x00428904,0x00000005,data,str_00428904
0x00428B14,0x00000005,data,str_00428B14
0x00428C38,0x00000005,data,str_00428C38
0x00428C6E,0x00000005,data,str_00428C6E
0x00428C96,0x00000004,data,str_00428C96
0x00428E08,0x00000005,data,str_00428E08
0x00428E1F,0x00000005,data,str_00428E1F
0x00428E2B,0x00000004,data,str_00428E2B
0x00428E52,0x00000004,data,str_00428E52
0x00428E67,0x00000005,data,str_00428E67
0x00428FE0,0x00000007,data,str_00428FE0
0x004291AF,0x00000005,data,str_004291AF
0x00429309,0x00000006,data,str_00429309
0x004294A0,0x00000004,data,str_004294A0
0x0042956E,0x00000004,data,str_0042956E
0x00429602,0x00000004,data,str_00429602
0x00429670,0x00000004,data,str_00429670
0x00429744,0x00000005,data,str_00429744
0x00429768,0x00000004,data,str_00429768
0x0042979C,0x00000004,data,str_0042979C
0x004297A2,0x00000004,data,str_004297A2
0x004297BC,0x00000004,data,str_004297BC
0x0042988E,0x00000004,data,str_0042988E
0x004298AB,0x00000005,data,str_004298AB
0x004298BD,0x00000005,data,str_004298BD
0x004298C6,0x00000005,data,str_004298C6
0x00429ABA,0x00000005,data,str_00429ABA
0x00429E46,0x00000004,data,str_00429E46
0x00429E4B,0x00000005,data,str_00429E4B
0x00429E5D,0x00000004,data,str_00429E5D
0x00429E63,0x00000004,data,str_00429E63
0x00429E77,0x00000005,data,str_00429E77
0x00429E88,0x00000004,data,str_00429E88
0x00429E8F,0x00000004,data,str_00429E8F
0x00429EAD,0x00000004,data,str_00429EAD
0x00429EB8,0x00000004,data,str_00429EB8
0x00429EC1,0x00000004,data,str_00429EC1
0x00429ED7,0x00000004,data,str_00429ED7
0x00429EE1,0x00000004,data,str_00429EE1
0x00429F00,0x00000005,data,str_00429F00
0x00429F07,0x00000004,data,str_00429F07
0x00429F46,0x00000005,data,str_00429F46
0x00429F81,0x00000004,data,str_00429F81
0x00429F89,0x00000004,data,str_00429F89
0x00429FFB,0x00000004,data,str_00429FFB
0x0042A003,0x00000004,data,str_0042A003
0x0042A097,0x00000004,data,str_0042A097
0x0042A09F,0x00000004,data,str_0042A09F
0x0042AB15,0x00000004,data,str_0042AB15
0x0042AB76,0x00000004,data,str_0042AB76
0x0042ABC3,0x00000004,data,str_0042ABC3
0x0042AC26,0x00000004,data,str_0042AC26
0x0042AF23,0x00000005,data,str_0042AF23
0x0042B014,0x00000004,data,str_0042B014
0x0042B0CA,0x00000004,data,str_0042B0CA
0x0042B0ED,0x00000004,data,str_0042B0ED
0x0042B100,0x00000004,data,str_0042B100
0x0042B4F6,0x00000004,data,str_0042B4F6
0x0042B5FD,0x00000005,data,str_0042B5FD
0x0042B82C,0x00000004,data,str_0042B82C
0x0042BC2F,0x00000004,data,str_0042BC2F
0x0042BC46,0x00000004,data,str_0042BC46
0x0042BE4F,0x00000004,data,str_0042BE4F
0x0042BEC9,0x00000004,data,str_0042BEC9
0x0042BEEE,0x00000004,data,str_0042BEEE
0x0042BFA0,0x00000004,data,str_0042BFA0
0x0042C09C,0x00000004,data,str_0042C09C
0x0042C72E,0x00000004,data,str_0042C72E
0x0042C738,0x00000004,data,str_0042C738
0x0042C746,0x00000004,data,str_0042C746
0x0042C762,0x00000004,data,str_0042C762
0x0042C783,0x00000005,data,str_0042C783
0x0042C792,0x00000004,data,str_0042C792
0x0042C7DC,0x00000004,data,str_0042C7DC
0x0042C7F9,0x00000004,data,str_0042C7F9
0x0042C83E,0x00000004,data,str_0042C83E
0x0042C849,0x00000004,data,str_0042C849
0x0042C84F,0x00000004,data,str_0042C84F
0x0042C85A,0x00000005,data,str_0042C85A
0x0042C87F,0x00000007,data,str_0042C87F
0x0042C89C,0x00000009,data,str_0042C89C
0x0042C923,0x00000004,data,str_0042C923
0x0042C962,0x00000004,data,str_0042C962
0x0042CAAD,0x00000004,data,str_0042CAAD
0x0042CADA,0x00000004,data,str_0042CADA
0x0042CAFE,0x00000004,data,str_0042CAFE
0x0042CC14,0x00000004,data,str_0042CC14
0x0042CC38,0x00000004,data,str_0042CC38
0x0042CCE6,0x00000004,data,str_0042CCE6
0x0042CCF0,0x00000004,data,str_0042CCF0
0x0042CD11,0x00000004,data,str_0042CD11
0x0042D038,0x00000004,data,str_0042D038
0x0042D0C9,0x00000004,data,str_0042D0C9
0x0042D2AE,0x00000004,data,str_0042D2AE
0x0042D3C7,0x00000004,data,str_0042D3C7
0x0042D3F1,0x00000004,data,str_0042D3F1
0x0042D717,0x00000006,data,str_0042D717
0x0042D875,0x00000004,data,str_0042D875
0x0042D87D,0x00000004,data,str_0042D87D
0x0042D948,0x00000004,data,str_0042D948
0x0042D976,0x00000004,data,str_0042D976
0x0042DB8E,0x00000004,data,str_0042DB8E
0x0042DBA3,0x00000004,data,str_0042DBA3
0x0042DBB8,0x00000004,data,str_0042DBB8
0x0042DCD2,0x00000005,data,str_0042DCD2
0x0042DD36,0x00000005,data,str_0042DD36
0x0042DFB0,0x00000005,data,str_0042DFB0
0x0042DFDB,0x00000004,data,str_0042DFDB
0x0042E36B,0x00000005,data,str_0042E36B
0x0042E3AA,0x00000005,data,str_0042E3AA
0x0042E4D2,0x0000000A,data,str_0042E4D2
0x0042E4F0,0x00000006,data,str_0042E4F0
0x0042E522,0x00000004,data,str_0042E522
0x0042E5BC,0x00000005,data,str_0042E5BC
0x0042E5F7,0x00000005,data,str_0042E5F7
0x0042E636,0x00000004,data,str_0042E636
0x0042E70F,0x00000004,data,str_0042E70F
0x0042E72F,0x00000006,data,str_0042E72F
0x0042E776,0x00000007,data,str_0042E776
0x0042E875,0x00000005,data,str_0042E875
0x0042E8AC,0x00000005,data,str_0042E8AC
0x0042EA60,0x00000005,data,str_0042EA60
0x0042EBB4,0x00000005,data,str_0042EBB4
0x0042EE67,0x00000004,data,str_0042EE67
0x0042F1EF,0x00000006,data,str_0042F1EF
0x0042F46C,0x00000004,data,str_0042F46C
0x0042F4B3,0x00000006,data,str_0042F4B3
0x0042F4FC,0x00000006,data,str_0042F4FC
0x0042F55C,0x00000004,data,str_0042F55C
0x0042F595,0x00000004,data,str_0042F595
0x0042FAA5,0x00000005,data,str_0042FAA5
0x0042FAC3,0x00000005,data,str_0042FAC3
0x0042FAE1,0x00000005,data,str_0042FAE1
0x0042FAFF,0x00000005,data,str_0042FAFF
0x0042FB1D,0x00000005,data,str_0042FB1D
0x0042FBC0,0x00000005,data,str_0042FBC0
0x004307F7,0x00000004,data,str_004307F7
0x0043118F,0x00000004,data,str_0043118F
0x00432008,0x00000004,data,str_00432008
0x0043200C,0x00000004,data,str_0043200C
0x00432104,0x00000004,data,str_00432104
0x00432108,0x00000004,data,str_00432108
0x0043223E,0x00000004,data,str_0043223E
0x00433480,0x00000004,data,str_00433480
0x00433486,0x00000004,data,str_00433486
0x00433490,0x00000004,data,str_00433490
0x0043349A,0x00000004,data,str_0043349A
0x004334A4,0x00000004,data,str_004334A4
0x004334AD,0x00000004,data,str_004334AD
0x004334B3,0x00000004,data,str_004334B3
0x004334BD,0x00000004,data,str_004334BD
0x0043402C,0x00000004,data,str_0043402C
0x00434044,0x00000004,data,str_00434044
0x0043404B,0x00000004,data,str_0043404B
0x00434058,0x00000004,data,str_00434058
0x00434089,0x00000004,data,str_00434089
0x004340AF,0x00000004,data,str_004340AF
0x004340CD,0x00000004,data,str_004340CD
0x004340D4,0x00000004,data,str_004340D4
0x004340D8,0x00000004,data,str_004340D8
0x0043413A,0x00000004,data,str_0043413A
0x00434140,0x00000004,data,str_00434140
0x00434144,0x00000004,data,str_00434144
0x00434148,0x00000004,data,str_00434148
0x0043414C,0x00000004,data,str_0043414C
0x004341EC,0x00000004,data,str_004341EC
0x0043437D,0x00000004,data,str_0043437D
0x00434390,0x00000004,data,str_00434390
0x00434B97,0x00000004,data,str_00434B97
0x00434BC0,0x00000004,data,str_00434BC0
0x00434E88,0x00000004,data,str_00434E88
0x00434E8F,0x00000004,data,str_00434E8F
0x00434E96,0x00000004,data,str_00434E96
0x00434E9D,0x00000004,data,str_00434E9D
0x00434EA4,0x00000004,data,str_00434EA4
0x004362C0,0x00000005,data,str_004362C0
0x00436A8C,0x00000004,data,str_00436A8C
0x00436A93,0x00000004,data,str_00436A93
0x00436A9A,0x00000004,data,str_00436A9A
0x00436BBE,0x00000004,data,str_00436BBE
0x004379B7,0x00000004,data,str_004379B7
0x00437B63,0x00000007,data,str_00437B63
0x00437B6E,0x00000004,data,str_00437B6E
0x00438941,0x00000004,data,str_00438941
0x004389A4,0x00000005,data,str_004389A4
0x004395C6,0x00000004,data,str_004395C6
0x004395D0,0x00000004,data,str_004395D0
0x004395F9,0x00000004,data,str_004395F9
0x0043960D,0x00000004,data,str_0043960D
0x00439630,0x00000004,data,str_00439630
0x00439637,0x00000004,data,str_00439637
0x00439650,0x00000004,data,str_00439650
0x00439664,0x00000004,data,str_00439664
0x004396AA,0x00000004,data,str_004396AA
0x0043973E,0x00000004,data,str_0043973E
0x00439946,0x00000004,data,str_00439946
0x00439952,0x00000004,data,str_00439952
0x0043998C,0x00000004,data,str_0043998C
0x00439A0C,0x00000005,data,str_00439A0C
0x0043A525,0x00000005,data,str_0043A525
0x0043B6E7,0x00000005,data,str_0043B6E7
0x0043B6F5,0x00000004,data,str_0043B6F5
0x0043D110,0x00000005,data,str_0043D110
0x0043D255,0x00000005,data,str_0043D255
0x0043D7DB,0x00000004,data,str_0043D7DB
0x0043DC14,0x00000004,data,str_0043DC14
0x0043DC26,0x00000004,data,str_0043DC26
0x0043DC34,0x00000008,data,str_0043DC34
0x0043DC5E,0x00000004,data,str_0043DC5E
0x0043DC70,0x00000004,data,str_0043DC70
0x0043DC82,0x00000004,data,str_0043DC82
0x0043DC94,0x00000004,data,str_0043DC94
0x0043DCA6,0x00000004,data,str_0043DCA6
0x0043DCB8,0x00000004,data,str_0043DCB8
0x0043DCCA,0x00000004,data,str_0043DCCA
0x0043DCDC,0x00000004,data,str_0043DCDC
0x0043DCEE,0x00000004,data,str_0043DCEE
0x0043DD00,0x00000004,data,str_0043DD00
0x0043DD12,0x00000004,data,str_0043DD12
0x0043DD24,0x00000004,data,str_0043DD24
0x0043DD32,0x00000008,data,str_0043DD32
0x0043E187,0x00000004,data,str_0043E187
0x0043E691,0x00000004,data,str_0043E691
0x0043EB68,0x00000004,data,str_0043EB68
0x0043EB6E,0x00000004,data,str_0043EB6E
0x0043EC80,0x00000005,data,str_0043EC80
0x0043F9F3,0x00000006,data,str_0043F9F3
0x0043FAFF,0x00000004,data,str_0043FAFF
0x0043FB08,0x00000004,data,str_0043FB08
0x004407FF,0x00000004,data,str_004407FF
0x004408BD,0x00000004,data,str_004408BD
0x00440A4C,0x00000004,data,str_00440A4C
0x00440D5F,0x00000004,data,str_00440D5F
0x00440DE9,0x00000004,data,str_00440DE9
0x00440E18,0x00000004,data,str_00440E18
0x004417F8,0x00000004,data,str_004417F8
0x00441818,0x00000004,data,str_00441818
0x00441878,0x00000004,data,str_00441878
0x00441898,0x00000004,data,str_00441898
0x004418F8,0x00000004,data,str_004418F8
0x00441918,0x00000004,data,str_00441918
0x00441938,0x00000004,data,str_00441938
0x00441958,0x00000004,data,str_00441958
0x00441998,0x00000004,data,str_00441998
0x004419B8,0x00000004,data,str_004419B8
0x00441D6A,0x00000016,data,str_00441D6A
0x00441D82,0x0000000F,data,str_00441D82
0x00441D94,0x0000000D,data,str_00441D94
0x00441DA4,0x00000010,data,str_00441DA4
0x00441DB6,0x00000013,data,str_00441DB6
0x00441DCC,0x0000000D,data,str_00441DCC
0x00441DDC,0x00000009,data,str_00441DDC
0x00441DE8,0x00000018,data,str_00441DE8
0x00441E02,0x00000011,data,str_00441E02
0x00441E16,0x0000000C,data,str_00441E16
0x00441E24,0x0000000E,data,str_00441E24
0x00441E34,0x0000000A,data,str_00441E34
0x00441E40,0x00000014,data,str_00441E40
0x00441E56,0x0000000D,data,str_00441E56
0x00441E66,0x0000000F,data,str_00441E66
0x00441E78,0x0000000F,data,str_00441E78
0x00441E8A,0x00000014,data,str_00441E8A
0x00441EA0,0x00000009,data,str_00441EA0
0x00441EAC,0x0000000C,data,str_00441EAC
0x00441EBA,0x0000000C,data,str_00441EBA
0x00441EC8,0x0000000C,data,str_00441EC8
0x00441ED6,0x0000000E,data,str_00441ED6
0x00441EE6,0x00000011,data,str_00441EE6
0x00441EFA,0x0000000C,data,str_00441EFA
0x00441F08,0x0000000D,data,str_00441F08
0x00441F18,0x0000000E,data,str_00441F18
0x00441F28,0x0000000A,data,str_00441F28
0x00441F34,0x0000000C,data,str_00441F34
0x00441F42,0x0000001C,data,str_00441F42
0x00441F60,0x0000000D,data,str_00441F60
0x00441F70,0x00000013,data,str_00441F70
0x00441F86,0x00000013,data,str_00441F86
0x00441F9C,0x00000018,data,str_00441F9C
0x00441FB6,0x00000017,data,str_00441FB6
0x00441FD0,0x0000000F,data,str_00441FD0
0x00441FE2,0x00000026,data,str_00441FE2
0x0044200A,0x00000010,data,str_0044200A
0x0044201C,0x00000016,data,str_0044201C
0x00442034,0x00000009,data,str_00442034
0x00442040,0x0000000C,data,str_00442040
0x0044204E,0x0000000C,data,str_0044204E
0x0044205C,0x00000008,data,str_0044205C
0x00442066,0x00000015,data,str_00442066
0x0044207E,0x0000000D,data,str_0044207E
0x0044208E,0x00000013,data,str_0044208E
0x004420A4,0x00000015,data,str_004420A4
0x004420BC,0x0000000B,data,str_004420BC
0x004420CA,0x00000018,data,str_004420CA
0x004420E4,0x0000000D,data,str_004420E4
0x004420F4,0x00000014,data,str_004420F4
0x0044210A,0x0000001A,data,str_0044210A
0x00442126,0x0000000A,data,str_00442126
0x00442132,0x00000007,data,str_00442132
0x0044213C,0x00000009,data,str_0044213C
0x00442148,0x00000010,data,str_00442148
0x0044215A,0x00000019,data,str_0044215A
0x00442176,0x00000012,data,str_00442176
0x0044218A,0x00000011,data,str_0044218A
0x0044219E,0x00000012,data,str_0044219E
0x004421B2,0x00000015,data,str_004421B2
0x004421CA,0x00000015,data,str_004421CA
0x004421E2,0x0000000E,data,str_004421E2
0x004421F2,0x0000000D,data,str_004421F2
0x00442202,0x00000006,data,str_00442202
0x0044220A,0x0000000D,data,str_0044220A
0x0044221A,0x0000000F,data,str_0044221A
0x0044222C,0x00000015,data,str_0044222C
0x00442244,0x00000018,data,str_00442244
0x0044225E,0x00000018,data,str_0044225E
0x00442278,0x0000000D,data,str_00442278
0x00442288,0x0000000A,data,str_00442288
0x00442294,0x0000000F,data,str_00442294
0x004422A6,0x00000009,data,str_004422A6
0x004422B2,0x0000000C,data,str_004422B2
0x004422C0,0x0000000F,data,str_004422C0
0x004422D2,0x00000011,data,str_004422D2
0x004422E6,0x00000013,data,str_004422E6
0x004422FC,0x00000014,data,str_004422FC
0x00442312,0x0000000F,data,str_00442312
0x00442324,0x00000013,data,str_00442324
0x00442338,0x0000000D,data,str_00442338
0x0044300A,0x00000004,data,str_0044300A
0x00443012,0x00000004,data,str_00443012
0x00443038,0x00000005,data,str_00443038
0x00443046,0x00000004,data,str_00443046
0x0044304A,0x00000004,data,str_0044304A
0x00443052,0x00000004,data,str_00443052
0x0044307A,0x00000004,data,str_0044307A
0x0044308A,0x00000004,data,str_0044308A
0x00443126,0x00000009,data,str_00443126
0x00443134,0x00000009,data,str_00443134
0x00443168,0x00000004,data,str_00443168
0x00443170,0x00000004,data,str_00443170
0x00443174,0x00000004,data,str_00443174
0x00443184,0x00000004,data,str_00443184
0x0044318C,0x00000004,data,str_0044318C
0x00443334,0x00000005,data,str_00443334
0x0044335C,0x00000004,data,str_0044335C
0x00443364,0x00000004,data,str_00443364
0x0044336C,0x00000004,data,str_0044336C
0x00443374,0x00000004,data,str_00443374
0x0044337C,0x00000004,data,str_0044337C
0x00443388,0x00000004,data,str_00443388
0x004433A8,0x00000004,data,str_004433A8
0x004433B8,0x00000004,data,str_004433B8
0x004433D0,0x00000004,data,str_004433D0
0x004433E4,0x00000004,data,str_004433E4
0x004433F4,0x00000005,data,str_004433F4
0x004433FE,0x00000004,data,str_004433FE
0x0044340C,0x00000005,data,str_0044340C
0x0044343E,0x00000004,data,str_0044343E
0x00443446,0x00000004,data,str_00443446
0x00443472,0x00000004,data,str_00443472
0x0044347A,0x00000004,data,str_0044347A
0x0044347E,0x00000004,data,str_0044347E
0x00443486,0x00000004,data,str_00443486
0x0044348E,0x00000005,data,str_0044348E
0x004434B8,0x00000005,data,str_004434B8
0x004434DE,0x00000005,data,str_004434DE
0x0044354C,0x00000005,data,str_0044354C
0x00443556,0x00000005,data,str_00443556
0x00443568,0x00000004,data,str_00443568
0x00443570,0x00000004,data,str_00443570
0x0044357C,0x00000004,data,str_0044357C
0x00443584,0x00000004,data,str_00443584
0x004435A8,0x00000004,data,str_004435A8
0x004435B4,0x00000004,data,str_004435B4
0x004435D0,0x00000004,data,str_004435D0
0x004435E4,0x00000004,data,str_004435E4
0x00443600,0x00000004,data,str_00443600
0x00443608,0x00000004,data,str_00443608
0x0044360C,0x00000004,data,str_0044360C
0x00443654,0x00000004,data,str_00443654
0x0044365E,0x00000006,data,str_0044365E
0x004436E4,0x00000004,data,str_004436E4
0x00443972,0x00000006,data,str_00443972
0x004439C8,0x00000004,data,str_004439C8
0x00443A24,0x00000004,data,str_00443A24
0x00443A2C,0x00000004,data,str_00443A2C
0x00443A40,0x00000004,data,str_00443A40
0x00443A58,0x00000004,data,str_00443A58
0x00443A60,0x00000004,data,str_00443A60
0x00443A78,0x00000004,data,str_00443A78
0x00443A8A,0x00000006,data,str_00443A8A
0x00443B2C,0x00000004,data,str_00443B2C
0x00443B80,0x00000004,data,str_00443B80
0x00443BA0,0x00000004,data,str_00443BA0
0x00443BA8,0x00000004,data,str_00443BA8
0x00443BC8,0x00000004,data,str_00443BC8
0x00443C78,0x00000004,data,str_00443C78
0x00443C80,0x00000004,data,str_00443C80
0x00443CB8,0x00000004,data,str_00443CB8
0x00443CD8,0x00000004,data,str_00443CD8
0x00443D72,0x00000004,data,str_00443D72
0x00443DAA,0x00000004,data,str_00443DAA
0x00443DB2,0x00000004,data,str_00443DB2
0x00443E76,0x00000004,data,str_00443E76
0x00443E82,0x00000004,data,str_00443E82
0x00443EC6,0x00000004,data,str_00443EC6
0x00443ED2,0x00000004,data,str_00443ED2
0x00443FA4,0x00000004,data,str_00443FA4
0x00443FE8,0x00000004,data,str_00443FE8
0x00444032,0x00000004,data,str_00444032
0x00444082,0x00000004,data,str_00444082
0x004440BA,0x00000004,data,str_004440BA
0x004441F0,0x00000004,data,str_004441F0
0x0044439C,0x00000004,data,str_0044439C
0x004443EC,0x00000004,data,str_004443EC
0x00444436,0x00000004,data,str_00444436
0x00444442,0x00000004,data,str_00444442
0x00444486,0x00000004,data,str_00444486
0x004444BE,0x00000004,data,str_004444BE
0x0044456C,0x00000004,data,str_0044456C
0x004445A4,0x00000004,data,str_004445A4
0x00444670,0x00000004,data,str_00444670
0x0044467C,0x00000004,data,str_0044467C
0x004446C0,0x00000004,data,str_004446C0
0x004446CC,0x00000004,data,str_004446CC
0x004446F8,0x00000004,data,str_004446F8
0x00444770,0x00000004,data,str_00444770
0x00444788,0x00000004,data,str_00444788
0x00444790,0x00000004,data,str_00444790
0x004447A4,0x00000004,data,str_004447A4
0x0044488A,0x00000004,data,str_0044488A
0x0044494E,0x00000004,data,str_0044494E
0x0044495A,0x00000004,data,str_0044495A
0x0044499E,0x00000004,data,str_0044499E
0x004449AA,0x00000004,data,str_004449AA
0x004449D6,0x00000004,data,str_004449D6
0x00444AC0,0x00000004,data,str_00444AC0
0x00444C6C,0x00000004,data,str_00444C6C
0x00444C78,0x00000004,data,str_00444C78
0x00444CBC,0x00000004,data,str_00444CBC
0x00444CC8,0x00000004,data,str_00444CC8
0x00444CF4,0x00000004,data,str_00444CF4
0x00444D68,0x00000004,data,str_00444D68
0x00444E68,0x00000004,data,str_00444E68
0x00444E74,0x00000004,data,str_00444E74
0x00444EB8,0x00000004,data,str_00444EB8
0x00444EC4,0x00000004,data,str_00444EC4
0x00444EF0,0x00000004,data,str_00444EF0
0x00445060,0x00000004,data,str_00445060
0x00445148,0x00000004,data,str_00445148
0x00445154,0x00000004,data,str_00445154
0x00445198,0x00000004,data,str_00445198
0x004451A4,0x00000004,data,str_004451A4
0x004451D0,0x00000004,data,str_004451D0
0x00445268,0x00000004,data,str_00445268
0x0044527C,0x00000004,data,str_0044527C
0x004455D8,0x00000004,data,str_004455D8
0x004456C0,0x00000004,data,str_004456C0
0x004456C8,0x00000004,data,str_004456C8
0x00445860,0x00000004,data,str_00445860
0x00445940,0x00000004,data,str_00445940
0x00445948,0x00000004,data,str_00445948
0x00445952,0x00000006,data,str_00445952
0x0044595C,0x00000004,data,str_0044595C
0x004459D8,0x00000004,data,str_004459D8
0x004459E0,0x00000004,data,str_004459E0
0x00445A38,0x00000004,data,str_00445A38
0x00445A40,0x00000004,data,str_00445A40
0x00445AD0,0x00000004,data,str_00445AD0
0x00445B78,0x00000004,data,str_00445B78
0x00445C58,0x00000004,data,str_00445C58
0x00445C60,0x00000004,data,str_00445C60
0x00445C6A,0x00000006,data,str_00445C6A
0x00445C74,0x00000004,data,str_00445C74
0x00445CF0,0x00000004,data,str_00445CF0
0x00445CF8,0x00000004,data,str_00445CF8
0x00445D50,0x00000004,data,str_00445D50
0x00445D58,0x00000004,data,str_00445D58
0x00445D62,0x00000006,data,str_00445D62
0x00445D6C,0x00000004,data,str_00445D6C
0x00445DE8,0x00000004,data,str_00445DE8
0x00445E4C,0x00000004,data,str_00445E4C
0x00445E90,0x00000004,data,str_00445E90
0x00445EF4,0x00000004,data,str_00445EF4
0x00445F8E,0x00000004,data,str_00445F8E
0x00446062,0x00000004,data,str_00446062
0x00446086,0x00000004,data,str_00446086
0x0044608E,0x00000004,data,str_0044608E
0x00446154,0x00000006,data,str_00446154
0x0044615E,0x00000004,data,str_0044615E
0x004461FC,0x00000006,data,str_004461FC
0x00446206,0x00000004,data,str_00446206
0x0044625E,0x00000004,data,str_0044625E
0x00446282,0x00000004,data,str_00446282
0x004465AC,0x00000004,data,str_004465AC
0x004465B8,0x00000004,data,str_004465B8
0x00446604,0x00000004,data,str_00446604
0x00446654,0x00000004,data,str_00446654
0x0044665C,0x00000004,data,str_0044665C
0x00446666,0x00000006,data,str_00446666
0x00446670,0x00000004,data,str_00446670
0x004466EC,0x00000004,data,str_004466EC
0x004466F4,0x00000004,data,str_004466F4
0x0044674C,0x00000004,data,str_0044674C
0x00446754,0x00000004,data,str_00446754
0x0044675E,0x00000006,data,str_0044675E
0x00446768,0x00000004,data,str_00446768
0x004467E4,0x00000004,data,str_004467E4
0x0044688C,0x00000004,data,str_0044688C
0x004468F0,0x00000004,data,str_004468F0
0x00446940,0x00000004,data,str_00446940
0x00446948,0x00000004,data,str_00446948
0x0044696C,0x00000004,data,str_0044696C
0x00446974,0x00000004,data,str_00446974
0x0044697E,0x00000006,data,str_0044697E
0x00446988,0x00000004,data,str_00446988
0x00446A04,0x00000004,data,str_00446A04
0x00446A0C,0x00000004,data,str_00446A0C
0x00446A38,0x00000004,data,str_00446A38
0x00446A40,0x00000004,data,str_00446A40
0x00446A64,0x00000004,data,str_00446A64
0x00446A6C,0x00000004,data,str_00446A6C
0x00446A76,0x00000006,data,str_00446A76
0x00446A80,0x00000004,data,str_00446A80
0x00446AFC,0x00000004,data,str_00446AFC
0x00446B60,0x00000004,data,str_00446B60
0x00446BA4,0x00000004,data,str_00446BA4
0x00446BAE,0x00000006,data,str_00446BAE
0x00446BB8,0x00000004,data,str_00446BB8
0x00446C08,0x00000004,data,str_00446C08
0x00446C58,0x00000004,data,str_00446C58
0x00446C60,0x00000004,data,str_00446C60
0x00446C84,0x00000004,data,str_00446C84
0x00446C8C,0x00000004,data,str_00446C8C
0x00446C96,0x00000006,data,str_00446C96
0x00446CA0,0x00000004,data,str_00446CA0
0x00446D2C,0x00000004,data,str_00446D2C
0x00446D50,0x00000004,data,str_00446D50
0x00446D58,0x00000004,data,str_00446D58
0x00446D7C,0x00000004,data,str_00446D7C
0x00446D84,0x00000004,data,str_00446D84
0x00446D8E,0x00000006,data,str_00446D8E
0x00446D98,0x00000004,data,str_00446D98
0x00446E14,0x00000004,data,str_00446E14
0x00446E1E,0x00000006,data,str_00446E1E
0x00446E28,0x00000004,data,str_00446E28
0x00446E78,0x00000004,data,str_00446E78
0x00446EC6,0x00000006,data,str_00446EC6
0x00446ED0,0x00000004,data,str_00446ED0
0x00446F20,0x00000004,data,str_00446F20
0x00446F28,0x00000004,data,str_00446F28
0x00446F70,0x00000004,data,str_00446F70
0x00446F78,0x00000004,data,str_00446F78
0x00446FAE,0x00000006,data,str_00446FAE
0x00447044,0x00000004,data,str_00447044
0x00447068,0x00000004,data,str_00447068
0x00447070,0x00000004,data,str_00447070
0x004470A6,0x00000006,data,str_004470A6
0x004470B0,0x00000004,data,str_004470B0
0x00447136,0x00000006,data,str_00447136
0x00447140,0x00000004,data,str_00447140
0x00447190,0x00000004,data,str_00447190
0x004471DE,0x00000006,data,str_004471DE
0x004471E8,0x00000004,data,str_004471E8
0x00447238,0x00000004,data,str_00447238
0x00447240,0x00000004,data,str_00447240
0x00447264,0x00000004,data,str_00447264
0x00447288,0x00000004,data,str_00447288
0x00447290,0x00000004,data,str_00447290
0x0044735C,0x00000004,data,str_0044735C
0x00447380,0x00000004,data,str_00447380
0x00447388,0x00000004,data,str_00447388
0x0044744E,0x00000006,data,str_0044744E
0x00447458,0x00000004,data,str_00447458
0x004474A8,0x00000004,data,str_004474A8
0x004474F6,0x00000006,data,str_004474F6
0x00447500,0x00000004,data,str_00447500
0x00447558,0x00000004,data,str_00447558
0x0044757C,0x00000004,data,str_0044757C
0x004476B4,0x00000004,data,str_004476B4
0x004478E4,0x00000004,data,str_004478E4
0x00447934,0x00000004,data,str_00447934
0x0044793C,0x00000004,data,str_0044793C
0x004479CC,0x00000004,data,str_004479CC
0x004479D4,0x00000004,data,str_004479D4
0x00447AC4,0x00000004,data,str_00447AC4
0x00447B6C,0x00000004,data,str_00447B6C
0x00447C4C,0x00000004,data,str_00447C4C
0x00447C54,0x00000004,data,str_00447C54
0x00447C5E,0x00000006,data,str_00447C5E
0x00447C68,0x00000004,data,str_00447C68
0x00447CE4,0x00000004,data,str_00447CE4
0x00447CEC,0x00000004,data,str_00447CEC
0x00447D44,0x00000004,data,str_00447D44
0x00447D4C,0x00000004,data,str_00447D4C
0x00447D56,0x00000006,data,str_00447D56
0x00447D60,0x00000004,data,str_00447D60
0x00447DDC,0x00000004,data,str_00447DDC
0x00447E84,0x00000004,data,str_00447E84
0x00447F44,0x00000004,data,str_00447F44
0x00447F48,0x00000004,data,str_00447F48
0x00447F7C,0x00000004,data,str_00447F7C
0x00447F94,0x00000004,data,str_00447F94
0x00447F9C,0x00000004,data,str_00447F9C
0x0044838C,0x00000004,data,str_0044838C
0x004489F6,0x00000004,data,str_004489F6
0x00449D98,0x00000004,data,str_00449D98
0x00449DEA,0x00000004,data,str_00449DEA
0x00449E0E,0x00000004,data,str_00449E0E
0x0044A000,0x00000004,data,str_0044A000
0x0044A076,0x00000004,data,str_0044A076
0x0044A370,0x00000004,data,str_0044A370
0x0044A600,0x00000004,data,str_0044A600
0x0044A7CA,0x00000004,data,str_0044A7CA
0x0044A900,0x00000004,data,str_0044A900
0x0044A9CA,0x00000004,data,str_0044A9CA
0x0044AB9E,0x00000004,data,str_0044AB9E
0x0044ABEE,0x00000004,data,str_0044ABEE
0x0044AE1A,0x00000005,data,str_0044AE1A
0x0044AF26,0x00000004,data,str_0044AF26
0x0044B068,0x00000004,data,str_0044B068
0x0044B1F8,0x00000004,data,str_0044B1F8
0x0044B3F0,0x00000004,data,str_0044B3F0
0x0044B3F8,0x00000004,data,str_0044B3F8
0x0044B5FE,0x00000005,data,str_0044B5FE
0x0044BBF2,0x00000005,data,str_0044BBF2
0x0044BBFC,0x00000004,data,str_0044BBFC
0x0044BC04,0x00000004,data,str_0044BC04
0x0044BD08,0x00000008,data,str_0044BD08
0x0044BD14,0x00000004,data,str_0044BD14
0x0044BD70,0x00000009,data,str_0044BD70
0x0044BDDE,0x00000005,data,str_0044BDDE
0x0044BE2A,0x00000004,data,str_0044BE2A
0x0044BE3A,0x00000009,data,str_0044BE3A
0x0044BEEC,0x00000005,data,str_0044BEEC
0x0044C040,0x00000004,data,str_0044C040
0x0044C4A0,0x00000004,data,str_0044C4A0
0x0044C4AE,0x00000005,data,str_0044C4AE
0x0044C4B8,0x00000006,data,str_0044C4B8
0x0044D340,0x00000004,data,str_0044D340
0x0044D42E,0x00000004,data,str_0044D42E
0x0044D4B4,0x00000006,data,str_0044D4B4
0x0044D4C6,0x00000004,data,str_0044D4C6
0x0044D4E8,0x00000004,data,str_0044D4E8
0x0044D83A,0x00000005,data,str_0044D83A
0x0044DA12,0x00000004,data,str_0044DA12
0x0044DF00,0x00000007,data,str_0044DF00
0x0044DF0C,0x00000006,data,str_0044DF0C
0x0044DF16,0x00000004,data,str_0044DF16
0x0044E09C,0x00000006,data,str_0044E09C
0x0044E0A6,0x00000007,data,str_0044E0A6
0x0044E22C,0x00000007,data,str_0044E22C
0x0044E55A,0x00000006,data,str_0044E55A
0x0044E8E2,0x00000007,data,str_0044E8E2
0x0044ED92,0x00000004,data,str_0044ED92
0x0044F00E,0x00000004,data,str_0044F00E
0x0044F016,0x00000004,data,str_0044F016
0x0044F04A,0x00000004,data,str_0044F04A
0x0044F11E,0x00000005,data,str_0044F11E
0x0044F19C,0x00000004,data,str_0044F19C
0x0044F81F,0x00000005,data,str_0044F81F
0x0044F839,0x00000005,data,str_0044F839
0x0044FAFC,0x00000008,data,str_0044FAFC
0x0044FB04,0x00000013,data,str_0044FB04
0x0044FB24,0x00000007,data,str_0044FB24
0x0044FB35,0x00000007,data,str_0044FB35
0x0044FB3C,0x00000008,data,str_0044FB3C
0x0044FB44,0x00000008,data,str_0044FB44
0x0044FB4C,0x00000004,data,str_0044FB4C
0x0044FB5D,0x00000006,data,str_0044FB5D
0x0044FB64,0x00000006,data,str_0044FB64
0x0044FB6D,0x00000006,data,str_0044FB6D
0x0044FB74,0x00000006,data,str_0044FB74
0x0044FB7D,0x00000006,data,str_0044FB7D
0x0044FB84,0x00000007,data,str_0044FB84
0x0044FB8D,0x00000006,data,str_0044FB8D
0x0044FB94,0x00000006,data,str_0044FB94
0x0044FB9D,0x00000005,data,str_0044FB9D
0x0044FBA4,0x00000005,data,str_0044FBA4
0x0044FBAD,0x00000007,data,str_0044FBAD
0x0044FBB4,0x00000007,data,str_0044FBB4
0x0044FBBD,0x0000000A,data,str_0044FBBD
0x0044FBC8,0x00000009,data,str_0044FBC8
0x0044FBD5,0x00000008,data,str_0044FBD5
0x0044FBE0,0x00000009,data,str_0044FBE0
0x0044FC14,0x00000005,data,str_0044FC14
0x0044FC1C,0x00000004,data,str_0044FC1C
0x0044FC20,0x00000009,data,str_0044FC20
0x0044FC2C,0x00000007,data,str_0044FC2C
0x0044FC50,0x00000007,data,str_0044FC50
0x0044FC60,0x00000023,data,str_0044FC60
0x0044FC84,0x00000009,data,str_0044FC84
0x0044FC90,0x00000023,data,str_0044FC90
0x0044FCB4,0x00000023,data,str_0044FCB4
0x0044FCD8,0x00000023,data,str_0044FCD8
0x0044FCFC,0x00000023,data,str_0044FCFC
0x0044FD20,0x00000023,data,str_0044FD20
0x0044FD44,0x00000023,data,str_0044FD44
0x0044FD68,0x00000023,data,str_0044FD68
0x0044FD8C,0x00000023,data,str_0044FD8C
0x0044FDB0,0x00000023,data,str_0044FDB0
0x0044FDD4,0x00000023,data,str_0044FDD4
0x0044FDF8,0x00000023,data,str_0044FDF8
0x0044FE1C,0x00000023,data,str_0044FE1C
0x0044FE40,0x00000023,data,str_0044FE40
0x0044FE64,0x00000023,data,str_0044FE64
0x0044FE88,0x00000023,data,str_0044FE88
0x0044FEAC,0x00000023,data,str_0044FEAC
0x0044FED0,0x00000023,data,str_0044FED0
0x0044FEF4,0x00000023,data,str_0044FEF4
0x0044FF18,0x00000023,data,str_0044FF18
0x0044FF3C,0x00000023,data,str_0044FF3C
0x0044FF60,0x00000023,data,str_0044FF60
0x0044FF84,0x00000004,data,str_0044FF84
0x0044FF88,0x00000023,data,str_0044FF88
0x0044FFAC,0x00000023,data,str_0044FFAC
0x0044FFD0,0x00000023,data,str_0044FFD0
0x0044FFF4,0x00000023,data,str_0044FFF4
0x00450018,0x00000004,data,str_00450018
0x0045001C,0x00000004,data,str_0045001C
0x00450020,0x00000023,data,str_00450020
0x00450044,0x00000023,data,str_00450044
0x00450068,0x00000023,data,str_00450068
0x0045008C,0x00000023,data,str_0045008C
0x004500B0,0x00000023,data,str_004500B0
0x004500D4,0x00000023,data,str_004500D4
0x004500F8,0x00000006,data,str_004500F8
0x00450104,0x00000023,data,str_00450104
0x00450128,0x00000023,data,str_00450128
0x0045014C,0x00000023,data,str_0045014C
0x00450170,0x00000023,data,str_00450170
0x00450194,0x00000023,data,str_00450194
0x004501B8,0x00000023,data,str_004501B8
0x004501DC,0x00000023,data,str_004501DC
0x00450200,0x00000023,data,str_00450200
0x00450224,0x00000023,data,str_00450224
0x00450248,0x00000023,data,str_00450248
0x0045026C,0x00000023,data,str_0045026C
0x00450290,0x00000023,data,str_00450290
0x004502B4,0x00000023,data,str_004502B4
0x004502D8,0x00000023,data,str_004502D8
0x004502FC,0x00000023,data,str_004502FC
0x00450320,0x00000023,data,str_00450320
0x00450344,0x00000023,data,str_00450344
0x00450368,0x00000023,data,str_00450368
0x0045038C,0x00000023,data,str_0045038C
0x004503B0,0x00000023,data,str_004503B0
0x004503D4,0x00000023,data,str_004503D4
0x004503F8,0x00000023,data,str_004503F8
0x0045041C,0x00000023,data,str_0045041C
0x00450440,0x00000023,data,str_00450440
0x00450464,0x0000000B,data,str_00450464
0x00450470,0x0000000D,data,str_00450470
0x00450480,0x00000006,data,str_00450480
0x00450488,0x0000000B,data,str_00450488
0x004504F8,0x00000008,data,str_004504F8
0x0045054C,0x00000004,data,str_0045054C
0x00451584,0x00000006,data,str_00451584
0x0045158C,0x00000006,data,str_0045158C
0x00451594,0x0000000A,data,str_00451594
0x004515A0,0x00000009,data,str_004515A0
0x004515AC,0x00000008,data,str_004515AC
0x004515B4,0x00000006,data,str_004515B4
0x004515BC,0x00000009,data,str_004515BC
0x004515C8,0x00000004,data,str_004515C8
0x004515D0,0x00000009,data,str_004515D0
0x004515DC,0x00000008,data,str_004515DC
0x004515E4,0x00000008,data,str_004515E4
0x004515EC,0x00000007,data,str_004515EC
0x004515F4,0x00000009,data,str_004515F4
0x004516D9,0x00000004,data,str_004516D9
0x004516E6,0x00000004,data,str_004516E6
0x004516F3,0x00000004,data,str_004516F3
0x00451700,0x00000004,data,str_00451700
0x0045170D,0x00000004,data,str_0045170D
0x0045171A,0x00000004,data,str_0045171A
0x00451739,0x00000004,data,str_00451739
0x00451746,0x00000004,data,str_00451746
0x0045174E,0x00000004,data,str_0045174E
0x00451753,0x00000004,data,str_00451753
0x0045175B,0x00000004,data,str_0045175B
0x00451760,0x00000004,data,str_00451760
0x0045176D,0x00000004,data,str_0045176D
0x0045177A,0x00000004,data,str_0045177A
0x00451790,0x00000004,data,str_00451790
0x004517AC,0x00000004,data,str_004517AC
0x004517B4,0x00000004,data,str_004517B4
0x004517BC,0x00000004,data,str_004517BC
0x004517C0,0x00000004,data,str_004517C0
0x004517C8,0x00000004,data,str_004517C8
0x004517D0,0x00000004,data,str_004517D0
0x004517DC,0x00000005,data,str_004517DC
0x004517E4,0x00000007,data,str_004517E4
0x00451800,0x00000004,data,str_00451800
0x00451804,0x00000004,data,str_00451804
0x00451808,0x00000004,data,str_00451808
0x0045180C,0x00000004,data,str_0045180C
0x00451814,0x00000004,data,str_00451814
0x0045182C,0x00000004,data,str_0045182C
0x00451841,0x00000004,data,str_00451841
0x00451868,0x00000004,data,str_00451868
0x00451875,0x00000004,data,str_00451875
0x00451882,0x00000004,data,str_00451882
0x00451897,0x00000004,data,str_00451897
0x0045189C,0x00000004,data,str_0045189C
0x004518A9,0x00000004,data,str_004518A9
0x004518BE,0x00000004,data,str_004518BE
0x004518C3,0x00000004,data,str_004518C3
0x004518D8,0x00000004,data,str_004518D8
0x004518DD,0x00000004,data,str_004518DD
0x00451904,0x00000004,data,str_00451904
0x0045191E,0x00000004,data,str_0045191E
0x00451938,0x00000004,data,str_00451938
0x0045195F,0x00000004,data,str_0045195F
0x0045196C,0x00000004,data,str_0045196C
0x00451986,0x00000004,data,str_00451986
0x00451993,0x00000004,data,str_00451993
0x004519C7,0x00000004,data,str_004519C7
0x004519D4,0x00000004,data,str_004519D4
0x004519E1,0x00000004,data,str_004519E1
0x004519FB,0x00000004,data,str_004519FB
0x00451A08,0x00000004,data,str_00451A08
0x00451A2F,0x00000004,data,str_00451A2F
0x00451A49,0x00000004,data,str_00451A49
0x00451A56,0x00000004,data,str_00451A56
0x00451A68,0x00000006,data,str_00451A68
0x00451A70,0x00000006,data,str_00451A70
0x00451A78,0x00000006,data,str_00451A78
0x00451A84,0x00000006,data,str_00451A84
0x00451AEC,0x00000009,data,str_00451AEC
0x00451AF8,0x00000009,data,str_00451AF8
0x00451B08,0x00000005,data,str_00451B08
0x00451B10,0x00000008,data,str_00451B10
0x00451B18,0x0000000D,data,str_00451B18
0x00451B28,0x00000018,data,str_00451B28
0x00451B44,0x00000004,data,str_00451B44
0x00451B48,0x00000004,data,str_00451B48
0x00451B4C,0x0000000E,data,str_00451B4C
0x00451B5C,0x00000008,data,str_00451B5C
0x00451B64,0x00000004,data,str_00451B64
0x00451B68,0x00000004,data,str_00451B68
0x00451B70,0x00000004,data,str_00451B70
0x00451B74,0x0000000E,data,str_00451B74
0x00451B84,0x00000004,data,str_00451B84
0x00451B88,0x00000004,data,str_00451B88
0x00451B8C,0x00000005,data,str_00451B8C
0x00451B94,0x00000005,data,str_00451B94
0x00451B9C,0x00000005,data,str_00451B9C
0x00451BA4,0x00000006,data,str_00451BA4
0x00451BAC,0x00000005,data,str_00451BAC
0x00451BD0,0x00000005,data,str_00451BD0
0x00451C80,0x0000001E,data,str_00451C80
0x00451CA4,0x00000005,data,str_00451CA4
0x00451CB0,0x00000008,data,str_00451CB0
0x00451CB8,0x0000000B,data,str_00451CB8
0x00451CC8,0x00000007,data,str_00451CC8
0x00451CD0,0x00000005,data,str_00451CD0
0x00451CDC,0x00000007,data,str_00451CDC
0x00451CE4,0x00000005,data,str_00451CE4
0x00451CF0,0x00000005,data,str_00451CF0
0x00451CF8,0x00000006,data,str_00451CF8
0x00451D00,0x00000007,data,str_00451D00
0x00451D0C,0x00000005,data,str_00451D0C
0x00451D14,0x0000000E,data,str_00451D14
0x00451D24,0x0000000E,data,str_00451D24
0x00451D34,0x00000016,data,wstr_00451D34
0x00451D4C,0x0000000C,data,str_00451D4C
0x00451D5C,0x0000000F,data,str_00451D5C
0x00451D6C,0x0000000D,data,str_00451D6C
0x00451D7C,0x00000009,data,str_00451D7C
0x00451D8C,0x00000012,data,str_00451D8C
0x00451DA0,0x00000009,data,str_00451DA0
0x00451DAC,0x0000000A,data,str_00451DAC
0x00451DB8,0x00000012,data,str_00451DB8
0x00451DCC,0x0000000A,data,str_00451DCC
0x00451DD8,0x00000011,data,str_00451DD8
0x00451DFC,0x00000007,data,str_00451DFC
0x00451E04,0x00000005,data,str_00451E04
0x00451E0C,0x00000008,data,str_00451E0C
0x00451E14,0x0000000C,data,str_00451E14
0x00451E20,0x00000006,data,str_00451E20
0x00451E28,0x0000000E,data,str_00451E28
0x00451E38,0x00000006,data,str_00451E38
0x00451E84,0x00000004,data,str_00451E84
0x00451E88,0x00000004,data,str_00451E88
0x00451E8C,0x00000004,data,str_00451E8C
0x00451E90,0x00000004,data,str_00451E90
0x00451E94,0x00000004,data,str_00451E94
0x00451E98,0x00000004,data,str_00451E98
0x00451E9C,0x00000004,data,str_00451E9C
0x00451EA0,0x00000004,data,str_00451EA0
0x00451EA4,0x00000004,data,str_00451EA4
0x00451EA8,0x00000004,data,str_00451EA8
0x00451EAC,0x00000004,data,str_00451EAC
0x00451EB0,0x00000004,data,str_00451EB0
0x00451EB4,0x00000004,data,str_00451EB4
0x00451EB8,0x00000004,data,str_00451EB8
0x00451EC0,0x00000004,data,str_00451EC0
0x00451ED0,0x00000004,data,str_00451ED0
0x00451F58,0x00000004,data,str_00451F58
0x00451F94,0x00000004,data,str_00451F94
0x00451FB4,0x00000004,data,str_00451FB4
0x00451FC0,0x00000004,data,str_00451FC0
0x004520BB,0x00000004,data,str_004520BB
0x004520BF,0x00000005,data,str_004520BF
0x004520C5,0x00000004,data,str_004520C5
0x004520C9,0x00000005,data,str_004520C9
0x004520CF,0x00000004,data,str_004520CF
0x004520D4,0x00000004,data,str_004520D4
0x004520D9,0x00000004,data,str_004520D9
0x004520DE,0x00000004,data,str_004520DE
0x004520E3,0x00000004,data,str_004520E3
0x004520E8,0x00000004,data,str_004520E8
0x004520ED,0x00000004,data,str_004520ED
0x004520F2,0x00000004,data,str_004520F2
0x004520F7,0x00000004,data,str_004520F7
0x004520FC,0x00000004,data,str_004520FC
0x00452101,0x00000004,data,str_00452101
0x00452105,0x00000005,data,str_00452105
0x0045210A,0x00000005,data,str_0045210A
0x0045210F,0x00000005,data,str_0045210F
0x00452114,0x00000005,data,str_00452114
0x00452119,0x00000005,data,str_00452119
0x0045211E,0x00000005,data,str_0045211E
0x00452123,0x00000005,data,str_00452123
0x00452128,0x00000005,data,str_00452128
0x0045212D,0x00000005,data,str_0045212D
0x00452132,0x00000005,data,str_00452132
0x0045214C,0x00000004,data,str_0045214C
0x00452151,0x00000004,data,str_00452151
0x00452156,0x00000004,data,str_00452156
0x0045215B,0x00000004,data,str_0045215B
0x00452160,0x00000004,data,str_00452160
0x00452165,0x00000004,data,str_00452165
0x0045216A,0x00000004,data,str_0045216A
0x0045216F,0x00000004,data,str_0045216F
0x00452174,0x00000004,data,str_00452174
0x00452179,0x00000004,data,str_00452179
0x0045217D,0x00000005,data,str_0045217D
0x00452182,0x00000005,data,str_00452182
0x00452187,0x00000005,data,str_00452187
0x0045218C,0x00000005,data,str_0045218C
0x00452191,0x00000005,data,str_00452191
0x00452196,0x00000005,data,str_00452196
0x0045219B,0x00000005,data,str_0045219B
0x004521A0,0x00000005,data,str_004521A0
0x004521A5,0x00000005,data,str_004521A5
0x004521AA,0x00000005,data,str_004521AA
0x004522D0,0x00000007,data,str_004522D0
0x0045237C,0x00000006,data,str_0045237C
0x00452384,0x00000005,data,str_00452384
0x0045238C,0x00000007,data,str_0045238C
0x00452395,0x00000006,data,str_00452395
0x00452410,0x00000004,data,str_00452410
0x0045241C,0x00000004,data,str_0045241C
0x00452424,0x00000004,data,str_00452424
0x0045242C,0x00000004,data,str_0045242C
0x0045252C,0x00000004,data,str_0045252C
0x00452534,0x00000004,data,str_00452534
0x00452554,0x00000004,data,str_00452554
0x00452558,0x00000004,data,str_00452558
0x0045256C,0x00000004,data,str_0045256C
0x004525F8,0x00000006,data,str_004525F8
0x00452600,0x00000006,data,str_00452600
0x00452608,0x00000007,data,str_00452608
0x00452610,0x00000007,data,str_00452610
0x00452618,0x00000007,data,str_00452618
0x00452620,0x00000007,data,str_00452620
0x00452628,0x00000006,data,str_00452628
0x00452630,0x00000005,data,str_00452630
0x00452638,0x0000001C,data,str_00452638
0x00452654,0x00000009,data,str_00452654
0x00452660,0x00000006,data,str_00452660
0x00452678,0x00000004,data,str_00452678
0x0045267C,0x00000004,data,str_0045267C
0x00452688,0x00000006,data,str_00452688
0x00452694,0x00000007,data,str_00452694
0x004526BC,0x00000006,data,str_004526BC
0x004526C4,0x00000008,data,str_004526C4
0x00452708,0x00000006,data,str_00452708
0x00452710,0x00000004,data,str_00452710
0x00452714,0x00000005,data,str_00452714
0x0045271C,0x00000005,data,str_0045271C
0x00452728,0x00000005,data,str_00452728
0x00452730,0x00000005,data,str_00452730
0x00452738,0x00000006,data,str_00452738
0x00452770,0x00000005,data,str_00452770
0x00452778,0x00000005,data,str_00452778
0x00452780,0x00000005,data,str_00452780
0x00452788,0x00000005,data,str_00452788
0x00452790,0x00000005,data,str_00452790
0x00452798,0x00000006,data,str_00452798
0x004527A0,0x00000004,data,str_004527A0
0x004527A4,0x00000008,data,str_004527A4
0x004527AC,0x00000007,data,str_004527AC
0x004527B4,0x00000007,data,str_004527B4
0x004527BC,0x00000007,data,str_004527BC
0x004527C4,0x00000006,data,str_004527C4
0x004527CC,0x00000008,data,str_004527CC
0x004527D4,0x00000008,data,str_004527D4
0x004527DC,0x00000005,data,str_004527DC
0x004527E4,0x00000005,data,str_004527E4
0x004527EC,0x00000007,data,str_004527EC
0x004527F4,0x00000006,data,str_004527F4
0x004527FC,0x00000006,data,str_004527FC
0x00452804,0x00000006,data,str_00452804
0x0045280C,0x00000006,data,str_0045280C
0x0045282C,0x00000005,data,str_0045282C
0x00452834,0x00000005,data,str_00452834
0x0045283C,0x00000004,data,str_0045283C
0x00452840,0x00000005,data,str_00452840
0x0045284C,0x00000006,data,str_0045284C
0x0045285C,0x00000009,data,str_0045285C
0x00452870,0x00000004,data,str_00452870
0x00452874,0x00000005,data,str_00452874
0x0045287C,0x00000006,data,str_0045287C
0x00452884,0x00000008,data,str_00452884
0x00452890,0x00000007,data,str_00452890
0x00452898,0x00000007,data,str_00452898
0x004528A0,0x00000007,data,str_004528A0
0x004528A8,0x00000007,data,str_004528A8
0x004528B0,0x00000007,data,str_004528B0
0x004528B8,0x00000007,data,str_004528B8
0x004528C0,0x00000007,data,str_004528C0
0x004528C8,0x00000007,data,str_004528C8
0x004528D8,0x00000008,data,str_004528D8
0x004528E0,0x00000005,data,str_004528E0
0x004528E8,0x00000005,data,str_004528E8
0x004528F0,0x00000009,data,str_004528F0
0x004528FC,0x00000007,data,str_004528FC
0x00452904,0x00000008,data,str_00452904
0x00452934,0x0000000E,data,str_00452934
0x00452944,0x00000006,data,str_00452944
0x00452950,0x0000000B,data,str_00452950
0x0045295C,0x00000007,data,str_0045295C
0x00452974,0x00000006,data,str_00452974
0x0045297C,0x0000000B,data,str_0045297C
0x00452988,0x00000004,data,str_00452988
0x004529A9,0x00000006,data,str_004529A9
0x004529B5,0x00000005,data,str_004529B5
0x004529C1,0x00000006,data,str_004529C1
0x004529CD,0x00000006,data,str_004529CD
0x004529D9,0x00000006,data,str_004529D9
0x004529E5,0x00000006,data,str_004529E5
0x004529F1,0x0000000A,data,str_004529F1
0x00452A01,0x00000008,data,str_00452A01
0x00452A0D,0x00000005,data,str_00452A0D
0x00452A15,0x00000004,data,str_00452A15
0x00452A1D,0x00000006,data,str_00452A1D
0x00452A25,0x00000005,data,str_00452A25
0x00452A2D,0x00000005,data,str_00452A2D
0x00452A35,0x00000007,data,str_00452A35
0x00452A3D,0x00000007,data,str_00452A3D
0x00452A49,0x00000006,data,str_00452A49
0x00452A73,0x00000004,data,str_00452A73
0x00452A7D,0x00000004,data,str_00452A7D
0x00452A87,0x00000004,data,str_00452A87
0x00452A91,0x00000004,data,str_00452A91
0x00452AA8,0x00000004,data,str_00452AA8
0x00452AB8,0x0000000B,data,str_00452AB8
0x00452AD4,0x0000000B,data,str_00452AD4
0x00452B11,0x0000000C,data,str_00452B11
0x00452B21,0x0000000C,data,str_00452B21
0x00452B30,0x00000013,data,str_00452B30
0x00452B44,0x00000015,data,str_00452B44
0x00452B5C,0x00000012,data,str_00452B5C
0x00452B70,0x00000014,data,str_00452B70
0x00452B84,0x00000007,data,str_00452B84
0x00452B8C,0x00000009,data,str_00452B8C
0x00452B98,0x00000009,data,str_00452B98
0x00452BA4,0x00000009,data,str_00452BA4
0x00452BB0,0x0000000F,data,str_00452BB0
0x00452BC0,0x00000011,data,str_00452BC0
0x00452BD4,0x0000000E,data,str_00452BD4
0x00452BE4,0x00000010,data,str_00452BE4
0x00452BF4,0x00000005,data,str_00452BF4
0x00452BFC,0x00000005,data,str_00452BFC
0x00452C04,0x00000005,data,str_00452C04
0x00452C0C,0x00000005,data,str_00452C0C
0x00452C14,0x0000000B,data,str_00452C14
0x00452C20,0x0000000D,data,str_00452C20
0x00452C30,0x0000000A,data,str_00452C30
0x00452C3C,0x0000000C,data,str_00452C3C
0x00452C48,0x00000007,data,str_00452C48
0x00452C50,0x00000009,data,str_00452C50
0x00452C5C,0x00000009,data,str_00452C5C
0x00452C68,0x00000009,data,str_00452C68
0x00452C74,0x0000000D,data,str_00452C74
0x00452C84,0x0000000D,data,str_00452C84
0x00452C94,0x0000000C,data,str_00452C94
0x00452CA0,0x0000000C,data,str_00452CA0
0x00452CAC,0x00000009,data,str_00452CAC
0x00452CB8,0x00000009,data,str_00452CB8
0x00452CC4,0x0000000A,data,str_00452CC4
0x00452CD0,0x0000000A,data,str_00452CD0
0x00452CDC,0x00000007,data,str_00452CDC
0x00452CE4,0x00000007,data,str_00452CE4
0x00452CEC,0x00000007,data,str_00452CEC
0x00452CF4,0x00000007,data,str_00452CF4
0x00452CFC,0x00000007,data,str_00452CFC
0x00452D04,0x00000008,data,str_00452D04
0x00452D0C,0x00000007,data,str_00452D0C
0x00452D14,0x00000007,data,str_00452D14
0x00452D1C,0x00000007,data,str_00452D1C
0x00452D24,0x00000007,data,str_00452D24
0x00452D2C,0x00000007,data,str_00452D2C
0x00452D34,0x00000007,data,str_00452D34
0x00452D3C,0x00000007,data,str_00452D3C
0x00452D44,0x00000007,data,str_00452D44
0x00452D4C,0x00000007,data,str_00452D4C
0x00452D54,0x00000007,data,str_00452D54
0x00452D5C,0x00000007,data,str_00452D5C
0x00452D64,0x00000007,data,str_00452D64
0x00452D6C,0x00000007,data,str_00452D6C
0x00452D74,0x00000007,data,str_00452D74
0x00452D7C,0x00000007,data,str_00452D7C
0x00452D84,0x00000007,data,str_00452D84
0x00452D8C,0x00000007,data,str_00452D8C
0x00452D94,0x00000007,data,str_00452D94
0x00452D9C,0x00000007,data,str_00452D9C
0x00452DA4,0x00000007,data,str_00452DA4
0x00452DAC,0x00000007,data,str_00452DAC
0x00452DB4,0x00000007,data,str_00452DB4
0x00452DBC,0x00000007,data,str_00452DBC
0x00452DC4,0x00000007,data,str_00452DC4
0x00452DCC,0x00000007,data,str_00452DCC
0x00452DD4,0x00000007,data,str_00452DD4
0x00452DDC,0x00000007,data,str_00452DDC
0x00452DE4,0x00000007,data,str_00452DE4
0x00452DEC,0x00000007,data,str_00452DEC
0x00452DF4,0x00000007,data,str_00452DF4
0x00452E00,0x00000004,data,str_00452E00
0x00452E0D,0x00000004,data,str_00452E0D
0x00452E1A,0x00000004,data,str_00452E1A
0x00452E27,0x00000004,data,str_00452E27
0x00452EDD,0x00000004,data,str_00452EDD
0x00452EEA,0x00000004,data,str_00452EEA
0x00452EF7,0x00000004,data,str_00452EF7
0x00452F04,0x00000004,data,str_00452F04
0x00452F11,0x00000004,data,str_00452F11
0x00452F1E,0x00000004,data,str_00452F1E
0x00452F2B,0x00000004,data,str_00452F2B
0x00452F38,0x00000004,data,str_00452F38
0x00453015,0x00000004,data,str_00453015
0x00453022,0x00000004,data,str_00453022
0x0045302F,0x00000004,data,str_0045302F
0x0045303C,0x00000004,data,str_0045303C
0x00453049,0x00000004,data,str_00453049
0x00453056,0x00000004,data,str_00453056
0x00453063,0x00000004,data,str_00453063
0x00453070,0x00000004,data,str_00453070
0x0045307D,0x00000004,data,str_0045307D
0x0045308A,0x00000004,data,str_0045308A
0x00453097,0x00000004,data,str_00453097
0x004530A4,0x00000004,data,str_004530A4
0x00453184,0x0000000C,data,str_00453184
0x00453190,0x0000000F,data,str_00453190
0x004531A0,0x0000000D,data,str_004531A0
0x004531B0,0x00000009,data,str_004531B0
0x004531BC,0x0000000D,data,str_004531BC
0x004531CC,0x00000008,data,str_004531CC
0x004531D4,0x0000000E,data,str_004531D4
0x00453201,0x00000009,data,str_00453201
0x00453244,0x0000000A,data,str_00453244
0x00453250,0x00000004,data,str_00453250
0x00453254,0x00000005,data,str_00453254
0x0045325C,0x00000005,data,str_0045325C
0x00453264,0x00000006,data,str_00453264
0x0045326C,0x00000005,data,str_0045326C
0x00453274,0x00000006,data,str_00453274
0x0045327C,0x00000006,data,str_0045327C
0x00453284,0x00000007,data,str_00453284
0x0045328C,0x00000005,data,str_0045328C
0x00453294,0x00000006,data,str_00453294
0x0045329C,0x00000006,data,str_0045329C
0x004532A4,0x00000007,data,str_004532A4
0x004532AC,0x00000005,data,str_004532AC
0x004532B4,0x00000006,data,str_004532B4
0x004532BC,0x00000007,data,str_004532BC
0x004532C4,0x00000006,data,str_004532C4
0x004532CC,0x00000006,data,str_004532CC
0x004532D4,0x00000007,data,str_004532D4
0x004532DC,0x00000007,data,str_004532DC
0x004532E4,0x00000008,data,str_004532E4
0x004532EC,0x00000006,data,str_004532EC
0x004532F4,0x00000007,data,str_004532F4
0x004532FC,0x00000007,data,str_004532FC
0x00453304,0x00000008,data,str_00453304
0x0045330C,0x00000004,data,str_0045330C
0x00453310,0x00000005,data,str_00453310
0x00453318,0x00000005,data,str_00453318
0x00453320,0x00000006,data,str_00453320
0x00453328,0x00000006,data,str_00453328
0x00453330,0x00000007,data,str_00453330
0x00453344,0x00000004,data,str_00453344
0x0045334C,0x00000004,data,str_0045334C
0x00453350,0x00000004,data,str_00453350
0x00453354,0x00000005,data,str_00453354
0x0045335C,0x00000006,data,str_0045335C
0x00453364,0x00000007,data,str_00453364
0x0045336C,0x00000005,data,str_0045336C
0x00453374,0x00000006,data,str_00453374
0x0045337C,0x00000004,data,str_0045337C
0x00453380,0x00000005,data,str_00453380
0x00453388,0x00000005,data,str_00453388
0x00453390,0x00000006,data,str_00453390
0x00453398,0x00000007,data,str_00453398
0x004533A0,0x00000008,data,str_004533A0
0x004533A8,0x00000006,data,str_004533A8
0x004533B0,0x00000007,data,str_004533B0
0x004533B8,0x00000006,data,str_004533B8
0x004533C0,0x00000007,data,str_004533C0
0x004533C8,0x00000006,data,str_004533C8
0x004533D0,0x00000005,data,str_004533D0
0x004533D8,0x00000006,data,str_004533D8
0x004533E0,0x00000006,data,str_004533E0
0x004533E8,0x00000005,data,str_004533E8
0x004533F0,0x00000006,data,str_004533F0
0x004533F8,0x00000005,data,str_004533F8
0x00453400,0x00000007,data,str_00453400
0x00453408,0x00000005,data,str_00453408
0x00453410,0x00000005,data,str_00453410
0x00453418,0x00000006,data,str_00453418
0x00453420,0x00000006,data,str_00453420
0x00453428,0x00000007,data,str_00453428
0x00453430,0x00000006,data,str_00453430
0x00453438,0x00000007,data,str_00453438
0x00453440,0x00000007,data,str_00453440
0x00453448,0x00000008,data,str_00453448
0x00453450,0x00000006,data,str_00453450
0x00453458,0x00000006,data,str_00453458
0x00453460,0x00000006,data,str_00453460
0x00453468,0x00000004,data,str_00453468
0x0045346C,0x00000005,data,str_0045346C
0x00453474,0x00000006,data,str_00453474
0x0045347C,0x00000007,data,str_0045347C
0x00453484,0x00000006,data,str_00453484
0x0045348C,0x00000007,data,str_0045348C
0x00453494,0x00000005,data,str_00453494
0x0045349C,0x00000006,data,str_0045349C
0x004534A4,0x00000005,data,str_004534A4
0x004534AC,0x00000006,data,str_004534AC
0x004534B4,0x00000006,data,str_004534B4
0x004534BC,0x00000007,data,str_004534BC
0x004534C4,0x00000006,data,str_004534C4
0x004534CC,0x00000006,data,str_004534CC
0x004534D4,0x00000006,data,str_004534D4
0x004534DC,0x00000007,data,str_004534DC
0x004534E4,0x00000007,data,str_004534E4
0x004534EC,0x00000008,data,str_004534EC
0x004534F4,0x00000005,data,str_004534F4
0x004534FC,0x00000006,data,str_004534FC
0x00453504,0x00000006,data,str_00453504
0x0045350C,0x00000007,data,str_0045350C
0x00453514,0x00000006,data,str_00453514
0x0045351C,0x00000007,data,str_0045351C
0x00453524,0x00000007,data,str_00453524
0x0045352C,0x00000008,data,str_0045352C
0x00453534,0x00000004,data,str_00453534
0x00453538,0x00000005,data,str_00453538
0x00453540,0x00000006,data,str_00453540
0x00453548,0x00000007,data,str_00453548
0x00453550,0x00000007,data,str_00453550
0x00453558,0x00000008,data,str_00453558
0x00453560,0x00000005,data,str_00453560
0x00453568,0x00000006,data,str_00453568
0x00453570,0x00000006,data,str_00453570
0x00453578,0x00000007,data,str_00453578
0x00453580,0x00000006,data,str_00453580
0x00453588,0x00000007,data,str_00453588
0x00453590,0x00000005,data,str_00453590
0x00453598,0x00000006,data,str_00453598
0x004535A0,0x00000007,data,str_004535A0
0x004535A8,0x00000008,data,str_004535A8
0x004535B0,0x00000008,data,str_004535B0
0x004535B8,0x00000009,data,str_004535B8
0x004535C4,0x00000007,data,str_004535C4
0x004535CC,0x00000008,data,str_004535CC
0x004535D4,0x00000008,data,str_004535D4
0x004535DC,0x00000009,data,str_004535DC
0x004535E8,0x00000005,data,str_004535E8
0x004535F0,0x00000006,data,str_004535F0
0x004535F8,0x00000005,data,str_004535F8
0x00453600,0x00000006,data,str_00453600
0x00453608,0x00000008,data,str_00453608
0x00453610,0x00000009,data,str_00453610
0x0045361C,0x00000005,data,str_0045361C
0x00453624,0x00000006,data,str_00453624
0x0045362C,0x00000006,data,str_0045362C
0x00453634,0x00000007,data,str_00453634
0x0045363C,0x00000007,data,str_0045363C
0x00453644,0x00000008,data,str_00453644
0x0045364C,0x00000005,data,str_0045364C
0x00453654,0x00000006,data,str_00453654
0x0045365C,0x00000006,data,str_0045365C
0x00453664,0x00000007,data,str_00453664
0x0045366C,0x00000005,data,str_0045366C
0x00453674,0x00000005,data,str_00453674
0x0045367C,0x00000005,data,str_0045367C
0x00453684,0x00000005,data,str_00453684
0x0045368C,0x00000005,data,str_0045368C
0x00453694,0x00000005,data,str_00453694
0x0045369C,0x00000005,data,str_0045369C
0x004536A4,0x00000005,data,str_004536A4
0x004536AC,0x00000005,data,str_004536AC
0x004536B4,0x00000006,data,str_004536B4
0x004536BC,0x00000006,data,str_004536BC
0x004536C4,0x00000006,data,str_004536C4
0x004536CC,0x00000006,data,str_004536CC
0x004536D4,0x00000006,data,str_004536D4
0x004536DC,0x00000006,data,str_004536DC
0x004536E4,0x00000006,data,str_004536E4
0x004536EC,0x00000006,data,str_004536EC
0x004536F4,0x00000006,data,str_004536F4
0x004536FC,0x00000006,data,str_004536FC
0x00453704,0x00000006,data,str_00453704
0x0045370C,0x00000006,data,str_0045370C
0x00453714,0x00000006,data,str_00453714
0x0045371C,0x00000006,data,str_0045371C
0x00453724,0x00000007,data,str_00453724
0x0045372C,0x00000007,data,str_0045372C
0x00453734,0x00000007,data,str_00453734
0x0045373C,0x00000007,data,str_0045373C
0x00453744,0x00000007,data,str_00453744
0x0045374C,0x00000007,data,str_0045374C
0x00453754,0x00000005,data,str_00453754
0x0045375C,0x00000006,data,str_0045375C
0x00453764,0x00000004,data,str_00453764
0x00453768,0x00000005,data,str_00453768
0x00453770,0x00000006,data,str_00453770
0x00453778,0x00000005,data,str_00453778
0x00453780,0x00000004,data,str_00453780
0x00453784,0x00000005,data,str_00453784
0x0045378C,0x00000006,data,str_0045378C
0x00453794,0x00000005,data,str_00453794
0x0045379C,0x00000004,data,str_0045379C
0x004537A0,0x00000005,data,str_004537A0
0x004537A8,0x00000006,data,str_004537A8
0x004537B0,0x00000005,data,str_004537B0
0x004537B8,0x00000004,data,str_004537B8
0x004537BC,0x00000005,data,str_004537BC
0x004537C4,0x00000006,data,str_004537C4
0x004537CC,0x00000005,data,str_004537CC
0x004537D4,0x00000006,data,str_004537D4
0x004537DC,0x00000004,data,str_004537DC
0x004537E0,0x00000005,data,str_004537E0
0x004537E8,0x00000006,data,str_004537E8
0x004537F0,0x00000005,data,str_004537F0
0x004537F8,0x00000004,data,str_004537F8
0x004537FC,0x00000005,data,str_004537FC
0x00453804,0x00000005,data,str_00453804
0x0045380C,0x00000006,data,str_0045380C
0x00453814,0x00000006,data,str_00453814
0x0045381C,0x00000004,data,str_0045381C
0x00453820,0x00000005,data,str_00453820
0x00453828,0x00000006,data,str_00453828
0x00453830,0x00000005,data,str_00453830
0x00453838,0x00000005,data,str_00453838
0x00453840,0x00000006,data,str_00453840
0x00453848,0x00000006,data,str_00453848
0x00453850,0x00000005,data,str_00453850
0x00453858,0x00000005,data,str_00453858
0x00453860,0x00000006,data,str_00453860
0x00453868,0x00000006,data,str_00453868
0x00453870,0x00000006,data,str_00453870
0x00453878,0x00000006,data,str_00453878
0x00453880,0x00000007,data,str_00453880
0x00453888,0x00000008,data,str_00453888
0x00453890,0x00000007,data,str_00453890
0x00453898,0x00000008,data,str_00453898
0x004538A0,0x00000006,data,str_004538A0
0x004538A8,0x00000007,data,str_004538A8
0x004538B0,0x00000007,data,str_004538B0
0x004538B8,0x00000008,data,str_004538B8
0x004538C0,0x00000006,data,str_004538C0
0x004538C8,0x00000006,data,str_004538C8
0x004538D0,0x00000006,data,str_004538D0
0x004538D8,0x00000007,data,str_004538D8
0x004538E0,0x00000007,data,str_004538E0
0x004538E8,0x00000008,data,str_004538E8
0x004538F0,0x00000006,data,str_004538F0
0x004538F8,0x00000007,data,str_004538F8
0x00453900,0x00000007,data,str_00453900
0x00453908,0x00000008,data,str_00453908
0x00453910,0x00000006,data,str_00453910
0x00453918,0x00000005,data,str_00453918
0x00453920,0x00000006,data,str_00453920
0x00453928,0x00000004,data,str_00453928
0x0045392C,0x00000005,data,str_0045392C
0x00453934,0x00000005,data,str_00453934
0x0045393C,0x00000006,data,str_0045393C
0x00453944,0x00000004,data,str_00453944
0x00453948,0x00000005,data,str_00453948
0x00453954,0x00000004,data,str_00453954
0x00453958,0x00000004,data,str_00453958
0x0045395C,0x00000005,data,str_0045395C
0x00453964,0x00000004,data,str_00453964
0x00453968,0x00000005,data,str_00453968
0x00453970,0x00000007,data,str_00453970
0x00453978,0x00000008,data,str_00453978
0x00453980,0x00000007,data,str_00453980
0x00453988,0x00000008,data,str_00453988
0x00453990,0x00000006,data,str_00453990
0x00453998,0x00000007,data,str_00453998
0x004539A4,0x00000004,data,str_004539A4
0x004539A8,0x00000005,data,str_004539A8
0x004539B0,0x00000005,data,str_004539B0
0x004539B8,0x00000006,data,str_004539B8
0x004539C0,0x00000006,data,str_004539C0
0x004539C8,0x00000007,data,str_004539C8
0x004539D0,0x00000004,data,str_004539D0
0x004539D4,0x00000005,data,str_004539D4
0x004539DC,0x00000004,data,str_004539DC
0x004539E0,0x00000005,data,str_004539E0
0x004539E8,0x00000006,data,str_004539E8
0x004539F0,0x00000005,data,str_004539F0
0x004539F8,0x00000005,data,str_004539F8
0x00453A00,0x00000006,data,str_00453A00
0x00453A08,0x00000007,data,str_00453A08
0x00453A10,0x00000006,data,str_00453A10
0x00453A18,0x00000007,data,str_00453A18
0x00453A20,0x00000005,data,str_00453A20
0x00453A28,0x00000006,data,str_00453A28
0x00453A30,0x00000007,data,str_00453A30
0x00453A38,0x00000006,data,str_00453A38
0x00453A40,0x00000004,data,str_00453A40
0x00453A44,0x00000007,data,str_00453A44
0x00453A4C,0x00000005,data,str_00453A4C
0x00453A54,0x00000006,data,str_00453A54
0x00453A5C,0x00000005,data,str_00453A5C
0x00453A64,0x00000005,data,str_00453A64
0x00453A6C,0x00000006,data,str_00453A6C
0x00453A74,0x00000006,data,str_00453A74
0x00453A7C,0x00000004,data,str_00453A7C
0x00453A80,0x00000007,data,str_00453A80
0x00453A88,0x00000007,data,str_00453A88
0x00453A90,0x00000007,data,str_00453A90
0x00453A98,0x00000005,data,str_00453A98
0x00453AA0,0x00000006,data,str_00453AA0
0x00453AA8,0x00000005,data,str_00453AA8
0x00453AB0,0x00000005,data,str_00453AB0
0x00453AB8,0x00000006,data,str_00453AB8
0x00453AC0,0x00000006,data,str_00453AC0
0x00453AC8,0x00000007,data,str_00453AC8
0x00453AD0,0x00000006,data,str_00453AD0
0x00453AD8,0x00000007,data,str_00453AD8
0x00453AE0,0x00000007,data,str_00453AE0
0x00453AE8,0x00000008,data,str_00453AE8
0x00453AF0,0x00000006,data,str_00453AF0
0x00453AF8,0x00000007,data,str_00453AF8
0x00453B00,0x00000007,data,str_00453B00
0x00453B08,0x00000008,data,str_00453B08
0x00453B10,0x00000007,data,str_00453B10
0x00453B18,0x00000007,data,str_00453B18
0x00453B20,0x00000008,data,str_00453B20
0x00453B28,0x00000008,data,str_00453B28
0x00453B30,0x00000009,data,str_00453B30
0x00453B3C,0x00000007,data,str_00453B3C
0x00453B44,0x00000008,data,str_00453B44
0x00453B4C,0x00000008,data,str_00453B4C
0x00453B54,0x00000009,data,str_00453B54
0x00453B60,0x00000005,data,str_00453B60
0x00453B68,0x00000006,data,str_00453B68
0x00453B70,0x00000006,data,str_00453B70
0x00453B78,0x00000007,data,str_00453B78
0x00453B80,0x00000008,data,str_00453B80
0x00453B88,0x00000008,data,str_00453B88
0x00453B90,0x00000006,data,str_00453B90
0x00453B98,0x00000007,data,str_00453B98
0x00453BA0,0x00000008,data,str_00453BA0
0x00453BAC,0x00000004,data,str_00453BAC
0x00453BB0,0x00000004,data,str_00453BB0
0x00453BB4,0x00000005,data,str_00453BB4
0x00453BBC,0x00000005,data,str_00453BBC
0x00453BC4,0x00000006,data,str_00453BC4
0x00453BCC,0x00000005,data,str_00453BCC
0x00453BD4,0x00000006,data,str_00453BD4
0x00453BDC,0x00000006,data,str_00453BDC
0x00453BE4,0x00000007,data,str_00453BE4
0x00453BEC,0x00000005,data,str_00453BEC
0x00453BF4,0x00000006,data,str_00453BF4
0x00453BFC,0x00000006,data,str_00453BFC
0x00453C04,0x00000007,data,str_00453C04
0x00453C0C,0x00000005,data,str_00453C0C
0x00453C14,0x00000006,data,str_00453C14
0x00453C24,0x00000004,data,str_00453C24
0x00453C2C,0x00000004,data,str_00453C2C
0x00453C30,0x00000004,data,str_00453C30
0x00453C34,0x00000004,data,str_00453C34
0x00453C38,0x00000004,data,str_00453C38
0x00453C3C,0x00000004,data,str_00453C3C
0x00453C40,0x00000005,data,str_00453C40
0x00453C48,0x00000005,data,str_00453C48
0x00453C50,0x00000006,data,str_00453C50
0x00453C58,0x00000005,data,str_00453C58
0x00453C60,0x00000006,data,str_00453C60
0x00453C68,0x00000006,data,str_00453C68
0x00453C70,0x00000007,data,str_00453C70
0x00453C78,0x00000005,data,str_00453C78
0x00453C80,0x00000006,data,str_00453C80
0x00453C88,0x00000007,data,str_00453C88
0x00453C90,0x00000006,data,str_00453C90
0x00453C98,0x00000005,data,str_00453C98
0x00453CA0,0x00000006,data,str_00453CA0
0x00453CA8,0x00000006,data,str_00453CA8
0x00453CB0,0x00000007,data,str_00453CB0
0x00453CB8,0x00000006,data,str_00453CB8
0x00453CC0,0x00000006,data,str_00453CC0
0x00453CC8,0x00000007,data,str_00453CC8
0x00453CD0,0x00000008,data,str_00453CD0
0x00453CD8,0x00000007,data,str_00453CD8
0x00453CE0,0x00000008,data,str_00453CE0
0x00453CE8,0x00000007,data,str_00453CE8
0x00453CF0,0x00000008,data,str_00453CF0
0x00453CF8,0x00000007,data,str_00453CF8
0x00453D00,0x00000008,data,str_00453D00
0x00453D08,0x00000007,data,str_00453D08
0x00453D10,0x00000008,data,str_00453D10
0x00453D18,0x00000007,data,str_00453D18
0x00453D20,0x00000008,data,str_00453D20
0x00453D28,0x00000007,data,str_00453D28
0x00453D30,0x00000008,data,str_00453D30
0x00453D38,0x00000007,data,str_00453D38
0x00453D40,0x00000008,data,str_00453D40
0x00453D48,0x00000005,data,str_00453D48
0x00453D50,0x00000006,data,str_00453D50
0x00453D58,0x00000005,data,str_00453D58
0x00453D60,0x00000006,data,str_00453D60
0x00453D68,0x00000006,data,str_00453D68
0x00453D70,0x00000007,data,str_00453D70
0x00453D7C,0x00000004,data,str_00453D7C
0x00453D80,0x00000004,data,str_00453D80
0x00453D88,0x00000004,data,str_00453D88
0x00453D8C,0x00000004,data,str_00453D8C
0x00453D90,0x00000005,data,str_00453D90
0x00453D98,0x00000006,data,str_00453D98
0x00453DA0,0x00000006,data,str_00453DA0
0x00453DA8,0x00000006,data,str_00453DA8
0x00453DB0,0x00000006,data,str_00453DB0
0x00453DB8,0x00000004,data,str_00453DB8
0x00453DBC,0x00000005,data,str_00453DBC
0x00453DC4,0x00000005,data,str_00453DC4
0x00453DCC,0x00000005,data,str_00453DCC
0x00453DD4,0x00000005,data,str_00453DD4
0x00453DDC,0x00000004,data,str_00453DDC
0x00453DE0,0x00000005,data,str_00453DE0
0x00453DE8,0x00000005,data,str_00453DE8
0x00453DF0,0x00000004,data,str_00453DF0
0x00453DF4,0x00000005,data,str_00453DF4
0x00453DFC,0x00000005,data,str_00453DFC
0x00453E04,0x00000006,data,str_00453E04
0x00453E0C,0x00000007,data,str_00453E0C
0x00453E14,0x00000007,data,str_00453E14
0x00453E1C,0x00000007,data,str_00453E1C
0x00453E24,0x00000007,data,str_00453E24
0x00453E2C,0x00000005,data,str_00453E2C
0x00453E34,0x00000006,data,str_00453E34
0x00453E3C,0x00000006,data,str_00453E3C
0x00453E44,0x00000006,data,str_00453E44
0x00453E4C,0x00000006,data,str_00453E4C
0x00453E54,0x00000005,data,str_00453E54
0x00453E5C,0x00000006,data,str_00453E5C
0x00453E64,0x00000006,data,str_00453E64
0x00453E6C,0x00000005,data,str_00453E6C
0x00453E74,0x00000006,data,str_00453E74
0x00453E7C,0x00000006,data,str_00453E7C
0x00453E84,0x00000007,data,str_00453E84
0x00453E8C,0x00000008,data,str_00453E8C
0x00453E94,0x00000008,data,str_00453E94
0x00453E9C,0x00000008,data,str_00453E9C
0x00453EA4,0x00000008,data,str_00453EA4
0x00453EAC,0x00000006,data,str_00453EAC
0x00453EB4,0x00000007,data,str_00453EB4
0x00453EBC,0x00000007,data,str_00453EBC
0x00453EC4,0x00000007,data,str_00453EC4
0x00453ECC,0x00000007,data,str_00453ECC
0x00453ED4,0x00000006,data,str_00453ED4
0x00453EDC,0x00000007,data,str_00453EDC
0x00453EE4,0x00000007,data,str_00453EE4
0x00453EEC,0x00000006,data,str_00453EEC
0x00453EF4,0x00000007,data,str_00453EF4
0x00453EFC,0x00000007,data,str_00453EFC
0x00453F04,0x00000004,data,str_00453F04
0x00453F08,0x00000005,data,str_00453F08
0x00453F10,0x00000005,data,str_00453F10
0x00453F18,0x00000004,data,str_00453F18
0x00453F1C,0x00000005,data,str_00453F1C
0x00453F24,0x00000005,data,str_00453F24
0x00453F2C,0x00000006,data,str_00453F2C
0x00453F34,0x00000007,data,str_00453F34
0x00453F3C,0x00000007,data,str_00453F3C
0x00453F44,0x00000007,data,str_00453F44
0x00453F4C,0x00000007,data,str_00453F4C
0x00453F54,0x00000005,data,str_00453F54
0x00453F5C,0x00000006,data,str_00453F5C
0x00453F64,0x00000006,data,str_00453F64
0x00453F6C,0x00000006,data,str_00453F6C
0x00453F74,0x00000006,data,str_00453F74
0x00453F7C,0x00000005,data,str_00453F7C
0x00453F84,0x00000006,data,str_00453F84
0x00453F8C,0x00000006,data,str_00453F8C
0x00453F94,0x00000005,data,str_00453F94
0x00453F9C,0x00000006,data,str_00453F9C
0x00453FA4,0x00000006,data,str_00453FA4
0x00453FAC,0x00000007,data,str_00453FAC
0x00453FB4,0x00000008,data,str_00453FB4
0x00453FBC,0x00000008,data,str_00453FBC
0x00453FC4,0x00000008,data,str_00453FC4
0x00453FCC,0x00000008,data,str_00453FCC
0x00453FD4,0x00000006,data,str_00453FD4
0x00453FDC,0x00000007,data,str_00453FDC
0x00453FE4,0x00000007,data,str_00453FE4
0x00453FEC,0x00000007,data,str_00453FEC
0x00453FF4,0x00000007,data,str_00453FF4
0x00453FFC,0x00000006,data,str_00453FFC
0x00454004,0x00000007,data,str_00454004
0x0045400C,0x00000007,data,str_0045400C
0x00454014,0x00000006,data,str_00454014
0x0045401C,0x00000007,data,str_0045401C
0x00454024,0x00000007,data,str_00454024
0x0045402C,0x00000008,data,str_0045402C
0x00454034,0x00000009,data,str_00454034
0x00454040,0x00000009,data,str_00454040
0x0045404C,0x00000009,data,str_0045404C
0x00454058,0x00000009,data,str_00454058
0x00454064,0x00000007,data,str_00454064
0x0045406C,0x00000008,data,str_0045406C
0x00454074,0x00000008,data,str_00454074
0x0045407C,0x00000008,data,str_0045407C
0x00454084,0x00000008,data,str_00454084
0x0045408C,0x00000007,data,str_0045408C
0x00454094,0x00000008,data,str_00454094
0x0045409C,0x00000008,data,str_0045409C
0x004540A4,0x00000007,data,str_004540A4
0x004540AC,0x00000008,data,str_004540AC
0x004540B4,0x00000008,data,str_004540B4
0x004540BC,0x00000004,data,str_004540BC
0x004540C0,0x00000005,data,str_004540C0
0x004540C8,0x00000005,data,str_004540C8
0x004540D0,0x00000006,data,str_004540D0
0x004540D8,0x00000007,data,str_004540D8
0x004540E0,0x00000008,data,str_004540E0
0x004540E8,0x00000008,data,str_004540E8
0x004540F0,0x00000009,data,str_004540F0
0x004540FC,0x00000009,data,str_004540FC
0x00454108,0x0000000A,data,str_00454108
0x00454114,0x00000007,data,str_00454114
0x0045411C,0x00000008,data,str_0045411C
0x00454124,0x00000008,data,str_00454124
0x0045412C,0x00000009,data,str_0045412C
0x00454138,0x00000009,data,str_00454138
0x00454144,0x0000000A,data,str_00454144
0x00454150,0x00000007,data,str_00454150
0x00454158,0x00000008,data,str_00454158
0x00454160,0x00000008,data,str_00454160
0x00454168,0x00000009,data,str_00454168
0x00454174,0x00000009,data,str_00454174
0x00454180,0x0000000A,data,str_00454180
0x0045418C,0x00000007,data,str_0045418C
0x00454194,0x00000008,data,str_00454194
0x0045419C,0x00000008,data,str_0045419C
0x004541A4,0x00000009,data,str_004541A4
0x004541B0,0x00000009,data,str_004541B0
0x004541BC,0x0000000A,data,str_004541BC
0x004541C8,0x00000007,data,str_004541C8
0x004541D0,0x00000008,data,str_004541D0
0x004541D8,0x00000008,data,str_004541D8
0x004541E0,0x00000009,data,str_004541E0
0x004541EC,0x00000009,data,str_004541EC
0x004541F8,0x0000000A,data,str_004541F8
0x00454204,0x00000007,data,str_00454204
0x0045420C,0x00000008,data,str_0045420C
0x00454214,0x00000008,data,str_00454214
0x0045421C,0x00000009,data,str_0045421C
0x00454228,0x00000009,data,str_00454228
0x00454234,0x0000000A,data,str_00454234
0x00454240,0x00000007,data,str_00454240
0x00454248,0x00000008,data,str_00454248
0x00454250,0x00000008,data,str_00454250
0x00454258,0x00000009,data,str_00454258
0x00454264,0x00000009,data,str_00454264
0x00454270,0x0000000A,data,str_00454270
0x0045427C,0x00000007,data,str_0045427C
0x00454284,0x00000008,data,str_00454284
0x0045428C,0x00000008,data,str_0045428C
0x00454294,0x00000009,data,str_00454294
0x004542A0,0x00000009,data,str_004542A0
0x004542AC,0x0000000A,data,str_004542AC
0x004542B8,0x00000007,data,str_004542B8
0x004542C0,0x00000008,data,str_004542C0
0x004542C8,0x00000008,data,str_004542C8
0x004542D0,0x00000009,data,str_004542D0
0x004542DC,0x00000009,data,str_004542DC
0x004542E8,0x0000000A,data,str_004542E8
0x004542F4,0x00000007,data,str_004542F4
0x004542FC,0x00000008,data,str_004542FC
0x00454304,0x00000008,data,str_00454304
0x0045430C,0x00000009,data,str_0045430C
0x00454318,0x00000009,data,str_00454318
0x00454324,0x0000000A,data,str_00454324
0x00454330,0x00000006,data,str_00454330
0x00454338,0x00000007,data,str_00454338
0x00454340,0x00000007,data,str_00454340
0x00454348,0x00000008,data,str_00454348
0x00454350,0x00000008,data,str_00454350
0x00454358,0x00000009,data,str_00454358
0x00454364,0x00000006,data,str_00454364
0x0045436C,0x00000007,data,str_0045436C
0x00454374,0x00000007,data,str_00454374
0x0045437C,0x00000008,data,str_0045437C
0x00454384,0x00000008,data,str_00454384
0x0045438C,0x00000009,data,str_0045438C
0x00454398,0x00000006,data,str_00454398
0x004543A0,0x00000007,data,str_004543A0
0x004543A8,0x00000007,data,str_004543A8
0x004543B0,0x00000008,data,str_004543B0
0x004543B8,0x00000008,data,str_004543B8
0x004543C0,0x00000009,data,str_004543C0
0x004543CC,0x00000006,data,str_004543CC
0x004543D4,0x00000007,data,str_004543D4
0x004543DC,0x00000007,data,str_004543DC
0x004543E4,0x00000008,data,str_004543E4
0x004543EC,0x00000008,data,str_004543EC
0x004543F4,0x00000009,data,str_004543F4
0x00454400,0x00000006,data,str_00454400
0x00454408,0x00000007,data,str_00454408
0x00454410,0x00000007,data,str_00454410
0x00454418,0x00000008,data,str_00454418
0x00454420,0x00000008,data,str_00454420
0x00454428,0x00000009,data,str_00454428
0x00454434,0x00000006,data,str_00454434
0x0045443C,0x00000007,data,str_0045443C
0x00454444,0x00000007,data,str_00454444
0x0045444C,0x00000008,data,str_0045444C
0x00454454,0x00000008,data,str_00454454
0x0045445C,0x00000009,data,str_0045445C
0x00454468,0x00000006,data,str_00454468
0x00454470,0x00000007,data,str_00454470
0x00454478,0x00000007,data,str_00454478
0x00454480,0x00000008,data,str_00454480
0x00454488,0x00000008,data,str_00454488
0x00454490,0x00000009,data,str_00454490
0x0045449C,0x00000006,data,str_0045449C
0x004544A4,0x00000007,data,str_004544A4
0x004544AC,0x00000007,data,str_004544AC
0x004544B4,0x00000008,data,str_004544B4
0x004544BC,0x00000008,data,str_004544BC
0x004544C4,0x00000009,data,str_004544C4
0x004544D0,0x00000006,data,str_004544D0
0x004544D8,0x00000007,data,str_004544D8
0x004544E0,0x00000007,data,str_004544E0
0x004544E8,0x00000008,data,str_004544E8
0x004544F0,0x00000008,data,str_004544F0
0x004544F8,0x00000009,data,str_004544F8
0x00454504,0x00000006,data,str_00454504
0x0045450C,0x00000007,data,str_0045450C
0x00454514,0x00000007,data,str_00454514
0x0045451C,0x00000008,data,str_0045451C
0x00454524,0x00000008,data,str_00454524
0x0045452C,0x00000009,data,str_0045452C
0x00454538,0x00000004,data,str_00454538
0x0045453C,0x00000005,data,str_0045453C
0x00454544,0x00000005,data,str_00454544
0x0045454C,0x00000004,data,str_0045454C
0x00454550,0x00000005,data,str_00454550
0x00454558,0x00000005,data,str_00454558
0x00454560,0x00000004,data,str_00454560
0x00454564,0x00000005,data,str_00454564
0x0045456C,0x00000005,data,str_0045456C
0x00454574,0x00000004,data,str_00454574
0x00454578,0x00000005,data,str_00454578
0x00454580,0x00000005,data,str_00454580
0x00454588,0x00000004,data,str_00454588
0x0045458C,0x00000005,data,str_0045458C
0x00454594,0x00000005,data,str_00454594
0x0045459C,0x00000004,data,str_0045459C
0x004545A0,0x00000005,data,str_004545A0
0x004545A8,0x00000005,data,str_004545A8
0x004545B0,0x00000004,data,str_004545B0
0x004545B4,0x00000005,data,str_004545B4
0x004545BC,0x00000005,data,str_004545BC
0x004545C4,0x00000004,data,str_004545C4
0x004545C8,0x00000005,data,str_004545C8
0x004545D0,0x00000005,data,str_004545D0
0x004545D8,0x00000004,data,str_004545D8
0x004545DC,0x00000005,data,str_004545DC
0x004545E4,0x00000005,data,str_004545E4
0x004545EC,0x00000004,data,str_004545EC
0x004545F0,0x00000005,data,str_004545F0
0x004545F8,0x00000005,data,str_004545F8
0x00454600,0x00000005,data,str_00454600
0x00454608,0x00000006,data,str_00454608
0x00454610,0x00000006,data,str_00454610
0x00454618,0x00000005,data,str_00454618
0x00454620,0x00000006,data,str_00454620
0x00454628,0x00000006,data,str_00454628
0x00454630,0x00000005,data,str_00454630
0x00454638,0x00000006,data,str_00454638
0x00454640,0x00000006,data,str_00454640
0x00454648,0x00000005,data,str_00454648
0x00454650,0x00000006,data,str_00454650
0x00454658,0x00000006,data,str_00454658
0x00454660,0x00000005,data,str_00454660
0x00454668,0x00000006,data,str_00454668
0x00454670,0x00000006,data,str_00454670
0x00454678,0x00000005,data,str_00454678
0x00454680,0x00000006,data,str_00454680
0x00454688,0x00000006,data,str_00454688
0x00454690,0x00000005,data,str_00454690
0x00454698,0x00000006,data,str_00454698
0x004546A0,0x00000006,data,str_004546A0
0x004546A8,0x00000005,data,str_004546A8
0x004546B0,0x00000006,data,str_004546B0
0x004546B8,0x00000006,data,str_004546B8
0x004546C0,0x00000005,data,str_004546C0
0x004546C8,0x00000006,data,str_004546C8
0x004546D0,0x00000006,data,str_004546D0
0x004546D8,0x00000005,data,str_004546D8
0x004546E0,0x00000006,data,str_004546E0
0x004546E8,0x00000006,data,str_004546E8
0x004546F0,0x00000006,data,str_004546F0
0x004546F8,0x00000007,data,str_004546F8
0x00454700,0x00000007,data,str_00454700
0x00454708,0x00000006,data,str_00454708
0x00454710,0x00000007,data,str_00454710
0x00454718,0x00000007,data,str_00454718
0x00454720,0x00000006,data,str_00454720
0x00454728,0x00000007,data,str_00454728
0x00454730,0x00000007,data,str_00454730
0x00454738,0x00000006,data,str_00454738
0x00454740,0x00000007,data,str_00454740
0x00454748,0x00000007,data,str_00454748
0x00454750,0x00000006,data,str_00454750
0x00454758,0x00000007,data,str_00454758
0x00454760,0x00000007,data,str_00454760
0x00454768,0x00000006,data,str_00454768
0x00454770,0x00000007,data,str_00454770
0x00454778,0x00000007,data,str_00454778
0x00454780,0x00000006,data,str_00454780
0x00454788,0x00000007,data,str_00454788
0x00454790,0x00000007,data,str_00454790
0x00454798,0x00000006,data,str_00454798
0x004547A0,0x00000007,data,str_004547A0
0x004547A8,0x00000007,data,str_004547A8
0x004547B0,0x00000006,data,str_004547B0
0x004547B8,0x00000007,data,str_004547B8
0x004547C0,0x00000007,data,str_004547C0
0x004547C8,0x00000006,data,str_004547C8
0x004547D0,0x00000007,data,str_004547D0
0x004547D8,0x00000007,data,str_004547D8
0x004547E0,0x00000007,data,str_004547E0
0x004547E8,0x00000008,data,str_004547E8
0x004547F0,0x00000008,data,str_004547F0
0x004547F8,0x00000007,data,str_004547F8
0x00454800,0x00000008,data,str_00454800
0x00454808,0x00000008,data,str_00454808
0x00454810,0x00000007,data,str_00454810
0x00454818,0x00000008,data,str_00454818
0x00454820,0x00000008,data,str_00454820
0x00454828,0x00000007,data,str_00454828
0x00454830,0x00000008,data,str_00454830
0x00454838,0x00000008,data,str_00454838
0x00454840,0x00000007,data,str_00454840
0x00454848,0x00000008,data,str_00454848
0x00454850,0x00000008,data,str_00454850
0x00454858,0x00000007,data,str_00454858
0x00454860,0x00000008,data,str_00454860
0x00454868,0x00000008,data,str_00454868
0x00454870,0x00000007,data,str_00454870
0x00454878,0x00000008,data,str_00454878
0x00454880,0x00000008,data,str_00454880
0x00454888,0x00000007,data,str_00454888
0x00454890,0x00000008,data,str_00454890
0x00454898,0x00000008,data,str_00454898
0x004548A0,0x00000007,data,str_004548A0
0x004548A8,0x00000008,data,str_004548A8
0x004548B0,0x00000008,data,str_004548B0
0x004548B8,0x00000007,data,str_004548B8
0x004548C0,0x00000008,data,str_004548C0
0x004548C8,0x00000008,data,str_004548C8
0x004548D0,0x00000005,data,str_004548D0
0x004548D8,0x00000006,data,str_004548D8
0x004548E0,0x00000006,data,str_004548E0
0x004548E8,0x00000005,data,str_004548E8
0x004548F0,0x00000006,data,str_004548F0
0x004548F8,0x00000006,data,str_004548F8
0x00454900,0x00000005,data,str_00454900
0x00454908,0x00000006,data,str_00454908
0x00454910,0x00000006,data,str_00454910
0x00454918,0x00000005,data,str_00454918
0x00454920,0x00000006,data,str_00454920
0x00454928,0x00000006,data,str_00454928
0x00454930,0x00000005,data,str_00454930
0x00454938,0x00000006,data,str_00454938
0x00454940,0x00000006,data,str_00454940
0x00454948,0x00000005,data,str_00454948
0x00454950,0x00000006,data,str_00454950
0x00454958,0x00000006,data,str_00454958
0x00454960,0x00000005,data,str_00454960
0x00454968,0x00000006,data,str_00454968
0x00454970,0x00000006,data,str_00454970
0x00454978,0x00000005,data,str_00454978
0x00454980,0x00000006,data,str_00454980
0x00454988,0x00000006,data,str_00454988
0x00454990,0x00000005,data,str_00454990
0x00454998,0x00000006,data,str_00454998
0x004549A0,0x00000006,data,str_004549A0
0x004549A8,0x00000005,data,str_004549A8
0x004549B0,0x00000006,data,str_004549B0
0x004549B8,0x00000006,data,str_004549B8
0x004549C0,0x00000006,data,str_004549C0
0x004549C8,0x00000007,data,str_004549C8
0x004549D0,0x00000007,data,str_004549D0
0x004549D8,0x00000006,data,str_004549D8
0x004549E0,0x00000007,data,str_004549E0
0x004549E8,0x00000007,data,str_004549E8
0x004549F0,0x00000006,data,str_004549F0
0x004549F8,0x00000007,data,str_004549F8
0x00454A00,0x00000007,data,str_00454A00
0x00454A08,0x00000006,data,str_00454A08
0x00454A10,0x00000007,data,str_00454A10
0x00454A18,0x00000007,data,str_00454A18
0x00454A20,0x00000006,data,str_00454A20
0x00454A28,0x00000007,data,str_00454A28
0x00454A30,0x00000007,data,str_00454A30
0x00454A38,0x00000006,data,str_00454A38
0x00454A40,0x00000007,data,str_00454A40
0x00454A48,0x00000007,data,str_00454A48
0x00454A50,0x00000006,data,str_00454A50
0x00454A58,0x00000007,data,str_00454A58
0x00454A60,0x00000007,data,str_00454A60
0x00454A68,0x00000006,data,str_00454A68
0x00454A70,0x00000007,data,str_00454A70
0x00454A78,0x00000007,data,str_00454A78
0x00454A80,0x00000006,data,str_00454A80
0x00454A88,0x00000007,data,str_00454A88
0x00454A90,0x00000007,data,str_00454A90
0x00454A98,0x00000006,data,str_00454A98
0x00454AA0,0x00000007,data,str_00454AA0
0x00454AA8,0x00000007,data,str_00454AA8
0x00454AB0,0x00000007,data,str_00454AB0
0x00454AB8,0x00000008,data,str_00454AB8
0x00454AC0,0x00000008,data,str_00454AC0
0x00454AC8,0x00000007,data,str_00454AC8
0x00454AD0,0x00000008,data,str_00454AD0
0x00454AD8,0x00000008,data,str_00454AD8
0x00454AE0,0x00000007,data,str_00454AE0
0x00454AE8,0x00000008,data,str_00454AE8
0x00454AF0,0x00000008,data,str_00454AF0
0x00454AF8,0x00000007,data,str_00454AF8
0x00454B00,0x00000008,data,str_00454B00
0x00454B08,0x00000008,data,str_00454B08
0x00454B10,0x00000007,data,str_00454B10
0x00454B18,0x00000008,data,str_00454B18
0x00454B20,0x00000008,data,str_00454B20
0x00454B28,0x00000007,data,str_00454B28
0x00454B30,0x00000008,data,str_00454B30
0x00454B38,0x00000008,data,str_00454B38
0x00454B40,0x00000007,data,str_00454B40
0x00454B48,0x00000008,data,str_00454B48
0x00454B50,0x00000008,data,str_00454B50
0x00454B58,0x00000007,data,str_00454B58
0x00454B60,0x00000008,data,str_00454B60
0x00454B68,0x00000008,data,str_00454B68
0x00454B70,0x00000007,data,str_00454B70
0x00454B78,0x00000008,data,str_00454B78
0x00454B80,0x00000008,data,str_00454B80
0x00454B88,0x00000007,data,str_00454B88
0x00454B90,0x00000008,data,str_00454B90
0x00454B98,0x00000008,data,str_00454B98
0x00454BA0,0x00000008,data,str_00454BA0
0x00454BA8,0x00000009,data,str_00454BA8
0x00454BB4,0x00000009,data,str_00454BB4
0x00454BC0,0x00000008,data,str_00454BC0
0x00454BC8,0x00000009,data,str_00454BC8
0x00454BD4,0x00000009,data,str_00454BD4
0x00454BE0,0x00000008,data,str_00454BE0
0x00454BE8,0x00000009,data,str_00454BE8
0x00454BF4,0x00000009,data,str_00454BF4
0x00454C00,0x00000008,data,str_00454C00
0x00454C08,0x00000009,data,str_00454C08
0x00454C14,0x00000009,data,str_00454C14
0x00454C20,0x00000008,data,str_00454C20
0x00454C28,0x00000009,data,str_00454C28
0x00454C34,0x00000009,data,str_00454C34
0x00454C40,0x00000008,data,str_00454C40
0x00454C48,0x00000009,data,str_00454C48
0x00454C54,0x00000009,data,str_00454C54
0x00454C60,0x00000008,data,str_00454C60
0x00454C68,0x00000009,data,str_00454C68
0x00454C74,0x00000009,data,str_00454C74
0x00454C80,0x00000008,data,str_00454C80
0x00454C88,0x00000009,data,str_00454C88
0x00454C94,0x00000009,data,str_00454C94
0x00454CA0,0x00000008,data,str_00454CA0
0x00454CA8,0x00000009,data,str_00454CA8
0x00454CB4,0x00000009,data,str_00454CB4
0x00454CC0,0x00000008,data,str_00454CC0
0x00454CC8,0x00000009,data,str_00454CC8
0x00454CD4,0x00000009,data,str_00454CD4
0x00454CE0,0x0000000A,data,str_00454CE0
0x00454CEC,0x0000000B,data,str_00454CEC
0x00454CF8,0x0000000A,data,str_00454CF8
0x00454D04,0x00000009,data,str_00454D04
0x00454D10,0x00000009,data,str_00454D10
0x00454D1C,0x00000009,data,str_00454D1C
0x00454D28,0x00000009,data,str_00454D28
0x00454D34,0x00000009,data,str_00454D34
0x00454D40,0x00000009,data,str_00454D40
0x00454D4C,0x00000005,data,str_00454D4C
0x00454D54,0x00000006,data,str_00454D54
0x00454D5C,0x00000007,data,str_00454D5C
0x00454D64,0x00000008,data,str_00454D64
0x00454D6C,0x00000009,data,str_00454D6C
0x00454D78,0x00000008,data,str_00454D78
0x00454D80,0x00000008,data,str_00454D80
0x00454D88,0x00000008,data,str_00454D88
0x00454D90,0x00000008,data,str_00454D90
0x00454D98,0x00000008,data,str_00454D98
0x00454DA0,0x00000008,data,str_00454DA0
0x00454DA8,0x00000008,data,str_00454DA8
0x00454DB0,0x00000008,data,str_00454DB0
0x00454DB8,0x00000008,data,str_00454DB8
0x00454DC0,0x00000008,data,str_00454DC0
0x00454DC8,0x00000008,data,str_00454DC8
0x00454DD0,0x00000008,data,str_00454DD0
0x00454DD8,0x00000008,data,str_00454DD8
0x00454DE0,0x00000008,data,str_00454DE0
0x00454DE8,0x00000008,data,str_00454DE8
0x00454DF0,0x00000008,data,str_00454DF0
0x00454DF8,0x00000008,data,str_00454DF8
0x00454E00,0x00000008,data,str_00454E00
0x00454E08,0x00000008,data,str_00454E08
0x00454E10,0x00000008,data,str_00454E10
0x00454E18,0x00000007,data,str_00454E18
0x00454E20,0x00000007,data,str_00454E20
0x00454E28,0x00000007,data,str_00454E28
0x00454E30,0x00000007,data,str_00454E30
0x00454E38,0x00000007,data,str_00454E38
0x00454E40,0x00000007,data,str_00454E40
0x00454E48,0x00000007,data,str_00454E48
0x00454E50,0x00000007,data,str_00454E50
0x00454E58,0x00000007,data,str_00454E58
0x00454E60,0x00000007,data,str_00454E60
0x00454E68,0x00000007,data,str_00454E68
0x00454E70,0x00000007,data,str_00454E70
0x00454E78,0x00000007,data,str_00454E78
0x00454E80,0x00000007,data,str_00454E80
0x00454E88,0x00000007,data,str_00454E88
0x00454E90,0x00000007,data,str_00454E90
0x00454E98,0x00000007,data,str_00454E98
0x00454EA0,0x00000007,data,str_00454EA0
0x00454EA8,0x00000005,data,str_00454EA8
0x00454EB0,0x00000005,data,str_00454EB0
0x00454EB8,0x00000005,data,str_00454EB8
0x00454EC0,0x00000005,data,str_00454EC0
0x00454EC8,0x00000005,data,str_00454EC8
0x00454ED0,0x00000005,data,str_00454ED0
0x00454ED8,0x00000004,data,str_00454ED8
0x00454EDC,0x00000005,data,str_00454EDC
0x00454EE4,0x00000005,data,str_00454EE4
0x00454EEC,0x00000005,data,str_00454EEC
0x00454EF4,0x00000004,data,str_00454EF4
0x00454EF8,0x00000006,data,str_00454EF8
0x00454F00,0x00000006,data,str_00454F00
0x00454F08,0x00000006,data,str_00454F08
0x00454F10,0x00000005,data,str_00454F10
0x00454F18,0x00000006,data,str_00454F18
0x00454F20,0x00000004,data,str_00454F20
0x00454F24,0x00000005,data,str_00454F24
0x00454F2C,0x00000005,data,str_00454F2C
0x00454F34,0x00000007,data,str_00454F34
0x00454F3C,0x00000007,data,str_00454F3C
0x00454F44,0x00000009,data,str_00454F44
0x00454F50,0x00000009,data,str_00454F50
0x00454F5C,0x00000009,data,str_00454F5C
0x00454F68,0x00000009,data,str_00454F68
0x00454F74,0x00000009,data,str_00454F74
0x00454F80,0x00000009,data,str_00454F80
0x00454F8C,0x00000009,data,str_00454F8C
0x00454F98,0x00000009,data,str_00454F98
0x00454FA4,0x00000009,data,str_00454FA4
0x00454FB0,0x00000009,data,str_00454FB0
0x00454FBC,0x00000009,data,str_00454FBC
0x00454FC8,0x00000009,data,str_00454FC8
0x00454FD4,0x00000008,data,str_00454FD4
0x00454FDC,0x0000000A,data,str_00454FDC
0x00454FE8,0x0000000A,data,str_00454FE8
0x00454FF4,0x0000000A,data,str_00454FF4
0x00455000,0x0000000A,data,str_00455000
0x0045500C,0x0000000A,data,str_0045500C
0x00455018,0x0000000A,data,str_00455018
0x00455024,0x0000000A,data,str_00455024
0x00455030,0x0000000A,data,str_00455030
0x0045503C,0x0000000A,data,str_0045503C
0x00455048,0x0000000A,data,str_00455048
0x00455054,0x0000000A,data,str_00455054
0x00455060,0x0000000A,data,str_00455060
0x0045506C,0x00000009,data,str_0045506C
0x00455078,0x00000008,data,str_00455078
0x00455080,0x00000008,data,str_00455080
0x00455088,0x00000008,data,str_00455088
0x00455090,0x00000008,data,str_00455090
0x00455098,0x00000008,data,str_00455098
0x004550A0,0x00000008,data,str_004550A0
0x004550A8,0x00000008,data,str_004550A8
0x004550B0,0x00000008,data,str_004550B0
0x004550B8,0x00000009,data,str_004550B8
0x004550C4,0x00000009,data,str_004550C4
0x004550D0,0x00000009,data,str_004550D0
0x004550DC,0x00000009,data,str_004550DC
0x004550E8,0x00000008,data,str_004550E8
0x004550F0,0x00000007,data,str_004550F0
0x004550F8,0x00000007,data,str_004550F8
0x00455100,0x00000006,data,str_00455100
0x00455108,0x0000000A,data,str_00455108
0x00455114,0x00000009,data,str_00455114
0x00455120,0x00000008,data,str_00455120
0x00455128,0x00000006,data,str_00455128
0x00455130,0x00000006,data,str_00455130
0x00455138,0x00000006,data,str_00455138
0x00455140,0x00000006,data,str_00455140
0x00455148,0x00000006,data,str_00455148
0x00455150,0x00000006,data,str_00455150
0x00455158,0x00000007,data,str_00455158
0x00455160,0x00000007,data,str_00455160
0x00455168,0x00000007,data,str_00455168
0x00455170,0x00000007,data,str_00455170
0x00455178,0x00000007,data,str_00455178
0x00455180,0x00000007,data,str_00455180
0x00455188,0x00000007,data,str_00455188
0x00455190,0x00000007,data,str_00455190
0x00455198,0x00000007,data,str_00455198
0x004551A0,0x00000007,data,str_004551A0
0x004551A8,0x00000007,data,str_004551A8
0x004551B0,0x00000007,data,str_004551B0
0x004551B8,0x00000007,data,str_004551B8
0x004551C0,0x00000009,data,str_004551C0
0x004551CC,0x00000009,data,str_004551CC
0x004551D8,0x00000009,data,str_004551D8
0x004551E4,0x00000005,data,str_004551E4
0x004551EC,0x00000005,data,str_004551EC
0x004551F4,0x00000008,data,str_004551F4
0x004551FC,0x00000008,data,str_004551FC
0x00455204,0x00000008,data,str_00455204
0x0045520C,0x00000008,data,str_0045520C
0x00455214,0x00000008,data,str_00455214
0x0045521C,0x00000008,data,str_0045521C
0x00455224,0x00000008,data,str_00455224
0x0045522C,0x00000008,data,str_0045522C
0x00455234,0x00000008,data,str_00455234
0x0045523C,0x00000008,data,str_0045523C
0x00455244,0x00000008,data,str_00455244
0x0045524C,0x00000008,data,str_0045524C
0x00455254,0x00000006,data,str_00455254
0x0045525C,0x00000008,data,str_0045525C
0x00455264,0x00000008,data,str_00455264
0x0045526C,0x00000005,data,str_0045526C
0x00455274,0x00000005,data,str_00455274
0x0045527C,0x00000004,data,str_0045527C
0x00455280,0x00000005,data,str_00455280
0x00455288,0x00000006,data,str_00455288
0x00455290,0x00000007,data,str_00455290
0x00455298,0x00000004,data,str_00455298
0x0045529C,0x00000007,data,str_0045529C
0x004552A4,0x00000006,data,str_004552A4
0x004552AC,0x00000006,data,str_004552AC
0x004552B4,0x00000006,data,str_004552B4
0x004552BC,0x00000004,data,str_004552BC
0x004552C0,0x00000005,data,str_004552C0
0x004552C8,0x00000007,data,str_004552C8
0x004552D0,0x00000007,data,str_004552D0
0x004552D8,0x00000007,data,str_004552D8
0x004552E0,0x00000005,data,str_004552E0
0x004552E8,0x00000006,data,str_004552E8
0x004552F0,0x00000007,data,str_004552F0
0x004552F8,0x00000008,data,str_004552F8
0x00455300,0x00000008,data,str_00455300
0x00455308,0x00000009,data,str_00455308
0x00455314,0x00000007,data,str_00455314
0x0045531C,0x00000008,data,str_0045531C
0x00455324,0x00000008,data,str_00455324
0x0045532C,0x00000005,data,str_0045532C
0x00455334,0x00000006,data,str_00455334
0x0045533C,0x00000006,data,str_0045533C
0x00455344,0x00000007,data,str_00455344
0x0045534C,0x00000006,data,str_0045534C
0x00455354,0x00000007,data,str_00455354
0x0045535C,0x00000007,data,str_0045535C
0x00455364,0x00000008,data,str_00455364
0x0045536C,0x00000006,data,str_0045536C
0x00455374,0x00000007,data,str_00455374
0x0045537C,0x00000006,data,str_0045537C
0x00455384,0x00000007,data,str_00455384
0x0045538C,0x00000006,data,str_0045538C
0x00455394,0x00000007,data,str_00455394
0x0045539C,0x00000007,data,str_0045539C
0x004553A4,0x00000008,data,str_004553A4
0x004553AC,0x00000006,data,str_004553AC
0x004553B8,0x00000006,data,str_004553B8
0x004553C0,0x00000006,data,str_004553C0
0x004553C8,0x00000004,data,str_004553C8
0x004553CC,0x00000005,data,str_004553CC
0x004553D4,0x00000004,data,str_004553D4
0x004553D8,0x00000004,data,str_004553D8
0x004553DC,0x00000006,data,str_004553DC
0x004553E4,0x00000005,data,str_004553E4
0x004553EC,0x00000007,data,str_004553EC
0x004553F4,0x00000007,data,str_004553F4
0x004553FC,0x00000005,data,str_004553FC
0x00455404,0x00000007,data,str_00455404
0x0045540C,0x00000008,data,str_0045540C
0x00455414,0x00000007,data,str_00455414
0x0045541C,0x00000006,data,str_0045541C
0x00455424,0x00000007,data,str_00455424
0x0045542C,0x00000007,data,str_0045542C
0x00455434,0x00000008,data,str_00455434
0x0045543C,0x00000006,data,str_0045543C
0x00455444,0x00000007,data,str_00455444
0x0045544C,0x00000007,data,str_0045544C
0x00455454,0x00000008,data,str_00455454
0x0045545C,0x00000008,data,str_0045545C
0x00455464,0x00000005,data,str_00455464
0x0045546C,0x00000006,data,str_0045546C
0x00455474,0x00000007,data,str_00455474
0x0045547C,0x00000006,data,str_0045547C
0x00455484,0x00000007,data,str_00455484
0x0045548C,0x00000006,data,str_0045548C
0x00455494,0x00000007,data,str_00455494
0x0045549C,0x00000007,data,str_0045549C
0x004554A4,0x00000008,data,str_004554A4
0x004554AC,0x00000007,data,str_004554AC
0x004554B4,0x00000008,data,str_004554B4
0x004554BC,0x00000007,data,str_004554BC
0x004554C4,0x00000008,data,str_004554C4
0x004554CC,0x00000004,data,str_004554CC
0x004554D0,0x00000005,data,str_004554D0
0x004554D8,0x00000005,data,str_004554D8
0x004554E0,0x00000006,data,str_004554E0
0x004554E8,0x00000006,data,str_004554E8
0x004554F0,0x00000007,data,str_004554F0
0x004554F8,0x00000004,data,str_004554F8
0x004554FC,0x00000005,data,str_004554FC
0x00455504,0x00000004,data,str_00455504
0x00455508,0x00000007,data,str_00455508
0x00455510,0x00000005,data,str_00455510
0x00455518,0x00000006,data,str_00455518
0x00455520,0x00000005,data,str_00455520
0x0045552C,0x00000004,data,str_0045552C
0x00455530,0x00000006,data,str_00455530
0x00455538,0x00000006,data,str_00455538
0x00455540,0x00000005,data,str_00455540
0x00455548,0x00000006,data,str_00455548
0x00455550,0x00000008,data,str_00455550
0x00455558,0x00000006,data,str_00455558
0x00455560,0x00000006,data,str_00455560
0x00455568,0x00000007,data,str_00455568
0x00455570,0x00000007,data,str_00455570
0x00455578,0x00000007,data,str_00455578
0x00455580,0x00000007,data,str_00455580
0x00455588,0x00000007,data,str_00455588
0x00455590,0x00000009,data,str_00455590
0x0045559C,0x00000008,data,str_0045559C
0x004555A4,0x00000008,data,str_004555A4
0x004555AC,0x00000008,data,str_004555AC
0x004555B4,0x00000008,data,str_004555B4
0x004555BC,0x00000006,data,str_004555BC
0x004555C4,0x00000006,data,str_004555C4
0x004555CC,0x00000009,data,str_004555CC
0x004555D8,0x00000009,data,str_004555D8
0x004555E4,0x00000007,data,str_004555E4
0x004555EC,0x00000007,data,str_004555EC
0x004555F4,0x00000008,data,str_004555F4
0x004555FC,0x00000008,data,str_004555FC
0x00455604,0x00000008,data,str_00455604
0x0045560C,0x00000007,data,str_0045560C
0x00455614,0x00000008,data,str_00455614
0x0045561C,0x00000007,data,str_0045561C
0x00455624,0x00000007,data,str_00455624
0x0045562C,0x00000007,data,str_0045562C
0x00455634,0x00000009,data,str_00455634
0x00455640,0x00000009,data,str_00455640
0x0045564C,0x00000009,data,str_0045564C
0x00455658,0x00000009,data,str_00455658
0x00455664,0x00000008,data,str_00455664
0x0045566C,0x00000008,data,str_0045566C
0x00455674,0x00000009,data,str_00455674
0x00455680,0x00000008,data,str_00455680
0x00455688,0x00000008,data,str_00455688
0x00455690,0x00000009,data,str_00455690
0x0045569C,0x00000008,data,str_0045569C
0x004556A4,0x00000008,data,str_004556A4
0x004556AC,0x00000009,data,str_004556AC
0x004556B8,0x00000008,data,str_004556B8
0x004556C0,0x00000008,data,str_004556C0
0x004556C8,0x00000009,data,str_004556C8
0x004556D4,0x00000007,data,str_004556D4
0x004556DC,0x00000007,data,str_004556DC
0x004556E4,0x00000007,data,str_004556E4
0x004556EC,0x00000007,data,str_004556EC
0x004556F4,0x00000007,data,str_004556F4
0x004556FC,0x00000007,data,str_004556FC
0x00455704,0x00000008,data,str_00455704
0x0045570C,0x00000007,data,str_0045570C
0x00455714,0x00000007,data,str_00455714
0x0045571C,0x00000006,data,str_0045571C
0x00455724,0x00000005,data,str_00455724
0x0045572C,0x00000006,data,str_0045572C
0x00455734,0x00000008,data,str_00455734
0x0045573C,0x00000006,data,str_0045573C
0x00455744,0x00000006,data,str_00455744
0x0045574C,0x00000007,data,str_0045574C
0x00455754,0x00000007,data,str_00455754
0x0045575C,0x00000007,data,str_0045575C
0x00455764,0x00000007,data,str_00455764
0x0045576C,0x00000007,data,str_0045576C
0x00455774,0x00000009,data,str_00455774
0x00455780,0x00000009,data,str_00455780
0x0045578C,0x00000008,data,str_0045578C
0x00455794,0x00000008,data,str_00455794
0x0045579C,0x00000008,data,str_0045579C
0x004557A4,0x00000008,data,str_004557A4
0x004557AC,0x00000006,data,str_004557AC
0x004557B4,0x00000009,data,str_004557B4
0x004557C0,0x00000009,data,str_004557C0
0x004557CC,0x00000007,data,str_004557CC
0x004557D4,0x00000007,data,str_004557D4
0x004557DC,0x00000008,data,str_004557DC
0x004557E4,0x00000008,data,str_004557E4
0x004557EC,0x00000008,data,str_004557EC
0x004557F4,0x00000007,data,str_004557F4
0x004557FC,0x00000008,data,str_004557FC
0x00455804,0x00000007,data,str_00455804
0x0045580C,0x00000007,data,str_0045580C
0x00455814,0x00000007,data,str_00455814
0x0045581C,0x00000007,data,str_0045581C
0x00455824,0x0000000A,data,str_00455824
0x00455830,0x00000009,data,str_00455830
0x0045583C,0x00000009,data,str_0045583C
0x00455848,0x00000009,data,str_00455848
0x00455854,0x00000009,data,str_00455854
0x00455860,0x00000008,data,str_00455860
0x00455868,0x00000008,data,str_00455868
0x00455870,0x00000009,data,str_00455870
0x0045587C,0x00000008,data,str_0045587C
0x00455884,0x00000008,data,str_00455884
0x0045588C,0x00000009,data,str_0045588C
0x00455898,0x00000008,data,str_00455898
0x004558A0,0x00000008,data,str_004558A0
0x004558A8,0x00000009,data,str_004558A8
0x004558B4,0x00000008,data,str_004558B4
0x004558BC,0x00000008,data,str_004558BC
0x004558C4,0x00000009,data,str_004558C4
0x004558D0,0x00000007,data,str_004558D0
0x004558D8,0x00000007,data,str_004558D8
0x004558E0,0x00000007,data,str_004558E0
0x004558E8,0x00000007,data,str_004558E8
0x004558F0,0x00000007,data,str_004558F0
0x004558F8,0x00000007,data,str_004558F8
0x00455900,0x00000008,data,str_00455900
0x00455908,0x00000007,data,str_00455908
0x00455910,0x00000007,data,str_00455910
0x00455918,0x00000006,data,str_00455918
0x00455954,0x00000006,data,str_00455954
0x0045595C,0x00000005,data,str_0045595C
0x00455964,0x00000005,data,str_00455964
0x0045596C,0x00000005,data,str_0045596C
0x00455974,0x00000005,data,str_00455974
0x0045597C,0x0000000A,data,str_0045597C
0x00455988,0x00000005,data,str_00455988
0x00455990,0x00000005,data,str_00455990
0x00455998,0x00000006,data,str_00455998
0x004559A0,0x00000008,data,str_004559A0
0x004559A8,0x00000007,data,str_004559A8
0x004559B0,0x00000007,data,str_004559B0
0x004559B8,0x00000008,data,str_004559B8
0x004559C0,0x00000008,data,str_004559C0
0x004559C8,0x00000005,data,str_004559C8
0x004559D0,0x0000000C,data,str_004559D0
0x004559E0,0x00000018,data,str_004559E0
0x004559F8,0x00000008,data,str_004559F8
0x00455A00,0x00000008,data,str_00455A00
0x00455A08,0x00000008,data,str_00455A08
0x00455A10,0x00000008,data,str_00455A10
0x00455A18,0x00000008,data,str_00455A18
0x00455A20,0x00000005,data,str_00455A20
0x00455A28,0x00000005,data,str_00455A28
0x00455A30,0x00000006,data,str_00455A30
0x00455A38,0x00000006,data,str_00455A38
0x00455A40,0x00000006,data,str_00455A40
0x00455A48,0x00000006,data,str_00455A48
0x00455A50,0x00000006,data,str_00455A50
0x00455A58,0x00000006,data,str_00455A58
0x00455A60,0x00000007,data,str_00455A60
0x00455A68,0x00000006,data,str_00455A68
0x00455A70,0x00000006,data,str_00455A70
0x00455A78,0x00000006,data,str_00455A78
0x00455A80,0x00000007,data,str_00455A80
0x00455AA0,0x00000005,data,str_00455AA0
0x00455AA8,0x00000007,data,str_00455AA8
0x00455AB0,0x00000007,data,str_00455AB0
0x00455AB8,0x00000004,data,str_00455AB8
0x00455ABC,0x00000006,data,str_00455ABC
0x00455AC4,0x00000006,data,str_00455AC4
0x00455ACC,0x00000005,data,str_00455ACC
0x00455AEC,0x00000004,data,str_00455AEC
0x00455AF8,0x00000004,data,str_00455AF8
0x00455AFC,0x00000004,data,str_00455AFC
0x00455B00,0x00000004,data,str_00455B00
0x00455B04,0x00000004,data,str_00455B04
0x00455B0C,0x00000004,data,str_00455B0C
0x00455B14,0x00000005,data,str_00455B14
0x00455B1C,0x00000009,data,str_00455B1C
0x00455B28,0x00000004,data,str_00455B28
0x00455B2C,0x00000008,data,str_00455B2C
0x00455B34,0x00000004,data,str_00455B34
0x00455B38,0x00000006,data,str_00455B38
0x00455B40,0x00000007,data,str_00455B40
0x00455B48,0x00000009,data,str_00455B48
0x00455B54,0x00000005,data,str_00455B54
0x00455B5C,0x00000007,data,str_00455B5C
0x00455B64,0x00000005,data,str_00455B64
0x00455B6C,0x00000005,data,str_00455B6C
0x00455B74,0x00000005,data,str_00455B74
0x00455B7C,0x00000006,data,str_00455B7C
0x00455B84,0x00000007,data,str_00455B84
0x00455B8C,0x00000007,data,str_00455B8C
0x00455B94,0x00000005,data,str_00455B94
0x00455B9C,0x00000006,data,str_00455B9C
0x00455BA4,0x00000004,data,str_00455BA4
0x00455BD8,0x00000005,data,str_00455BD8
0x00455BE4,0x00000004,data,str_00455BE4
0x00455BF8,0x00000006,data,str_00455BF8
0x00455C00,0x00000005,data,str_00455C00
0x00455C08,0x00000009,data,str_00455C08
0x00455C14,0x00000005,data,str_00455C14
0x00455C1C,0x00000007,data,str_00455C1C
0x00455C28,0x00000005,data,str_00455C28
0x00455C30,0x00000004,data,str_00455C30
0x00455C34,0x00000006,data,str_00455C34
0x00455C3C,0x00000004,data,str_00455C3C
0x00455C40,0x00000004,data,str_00455C40
0x00455C44,0x00000004,data,str_00455C44
0x00455C48,0x00000005,data,str_00455C48
0x00455C50,0x00000004,data,str_00455C50
0x00455C54,0x00000004,data,str_00455C54
0x00455C58,0x00000005,data,str_00455C58
0x00455C60,0x00000004,data,str_00455C60
0x00455C64,0x00000004,data,str_00455C64
0x00455C68,0x00000004,data,str_00455C68
0x00455C6C,0x00000004,data,str_00455C6C
0x00455C70,0x00000004,data,str_00455C70
0x00455C74,0x00000004,data,str_00455C74
0x00455C78,0x00000004,data,str_00455C78
0x00455C7C,0x00000004,data,str_00455C7C
0x00455C80,0x00000004,data,str_00455C80
0x00455C84,0x00000004,data,str_00455C84
0x00455C88,0x00000006,data,str_00455C88
0x00455C90,0x00000006,data,str_00455C90
0x00455C98,0x00000005,data,str_00455C98
0x00455CA0,0x00000004,data,str_00455CA0
0x00455CA4,0x00000004,data,str_00455CA4
0x00455CA8,0x00000004,data,str_00455CA8
0x00455CAC,0x00000004,data,str_00455CAC
0x00455CB0,0x00000004,data,str_00455CB0
0x00455CB4,0x00000005,data,str_00455CB4
0x00455CBC,0x00000004,data,str_00455CBC
0x00455CC0,0x00000006,data,str_00455CC0
0x00455CC8,0x00000004,data,str_00455CC8
0x00455CCC,0x00000004,data,str_00455CCC
0x00455CD0,0x00000004,data,str_00455CD0
0x00455CD4,0x00000004,data,str_00455CD4
0x00455CD8,0x00000004,data,str_00455CD8
0x00455CDC,0x00000004,data,str_00455CDC
0x00455CE0,0x00000004,data,str_00455CE0
0x00455CE4,0x00000004,data,str_00455CE4
0x00455CE8,0x00000004,data,str_00455CE8
0x00455CEC,0x00000004,data,str_00455CEC
0x00455CF0,0x00000004,data,str_00455CF0
0x00455CF4,0x00000004,data,str_00455CF4
0x00455CF8,0x00000005,data,str_00455CF8
0x00455D00,0x00000006,data,str_00455D00
0x00455D08,0x00000007,data,str_00455D08
0x00455D10,0x00000008,data,str_00455D10
0x00455D18,0x00000006,data,str_00455D18
0x00455D20,0x00000007,data,str_00455D20
0x00455D28,0x00000006,data,str_00455D28
0x00455D30,0x00000007,data,str_00455D30
0x00455D38,0x00000008,data,str_00455D38
0x00455D44,0x00000005,data,str_00455D44
0x00455D4C,0x00000005,data,str_00455D4C
0x00455D54,0x00000006,data,str_00455D54
0x00455D8D,0x00000004,data,str_00455D8D
0x00455E6C,0x00000004,data,str_00455E6C
0x00455EAE,0x00000004,data,str_00455EAE
0x00455ECF,0x00000004,data,str_00455ECF
0x00455ED7,0x00000004,data,str_00455ED7
0x00455EF8,0x00000004,data,str_00455EF8
0x00455F19,0x00000004,data,str_00455F19
0x00455F95,0x00000004,data,str_00455F95
0x00456015,0x00000004,data,str_00456015
0x00456036,0x00000004,data,str_00456036
0x004560DB,0x00000004,data,str_004560DB
0x004560FC,0x00000004,data,str_004560FC
0x0045611D,0x00000004,data,str_0045611D
0x004561C2,0x00000004,data,str_004561C2
0x004561E3,0x00000004,data,str_004561E3
0x00456288,0x00000004,data,str_00456288
0x004562A9,0x00000004,data,str_004562A9
0x004562CA,0x00000004,data,str_004562CA
0x00456746,0x0000001B,data,str_00456746
0x00456826,0x0000001B,data,str_00456826
0x00456846,0x0000001B,data,str_00456846
0x0045694A,0x0000001B,data,str_0045694A
0x00456A31,0x0000001B,data,str_00456A31
0x00456A51,0x0000001B,data,str_00456A51
0x00456E30,0x00000004,data,str_00456E30
0x00456E34,0x00000004,data,str_00456E34
0x00443000,0x0000000A,data,data_00443000
0x0044300E,0x00000004,data,data_0044300E
0x00443016,0x00000008,data,data_00443016
0x0044301E,0x00000004,data,data_0044301E
0x00443022,0x00000016,data,data_00443022
0x0044303D,0x00000003,data,data_0044303D
0x00443040,0x00000004,data,data_00443040
0x00443044,0x00000002,data,data_00443044
0x0044304E,0x00000004,data,data_0044304E
0x00443056,0x00000024,data,data_00443056
0x0044307E,0x00000006,data,data_0044307E
0x00443084,0x00000004,data,data_00443084
0x00443088,0x00000002,data,data_00443088
0x0044308E,0x00000008,data,data_0044308E
0x00443096,0x00000008,data,data_00443096
0x0044309E,0x00000004,data,data_0044309E
0x004430A2,0x00000026,data,data_004430A2
0x004430C8,0x00000004,data,data_004430C8
0x004430CC,0x00000024,data,data_004430CC
0x004430F0,0x00000004,data,data_004430F0
0x004430F4,0x00000032,data,data_004430F4
0x0044312F,0x00000005,data,data_0044312F
0x0044313D,0x00000003,data,data_0044313D
0x00443140,0x00000004,data,data_00443140
0x00443144,0x00000002,data,data_00443144
0x00443146,0x00000004,data,data_00443146
0x0044314A,0x00000005,data,data_0044314A
0x0044314F,0x00000019,data,data_0044314F
0x0044316C,0x00000004,data,data_0044316C
0x00443178,0x0000000C,data,data_00443178
0x00443188,0x00000004,data,data_00443188
0x00443190,0x00000004,data,data_00443190
0x00443194,0x00000004,data,data_00443194
0x00443198,0x00000002,data,data_00443198
0x0044319A,0x00000004,data,data_0044319A
0x0044319E,0x00000008,data,data_0044319E
0x004431A6,0x00000004,data,data_004431A6
0x004431AA,0x00000002,data,data_004431AA
0x004431AC,0x00000004,data,data_004431AC
0x004431B0,0x00000019,data,data_004431B0
0x004431C9,0x0000000D,data,data_004431C9
0x004431D6,0x00000008,data,data_004431D6
0x004431DE,0x00000004,data,data_004431DE
0x004431E2,0x00000002,data,data_004431E2
0x004431E4,0x00000004,data,data_004431E4
0x004431E8,0x00000026,data,data_004431E8
0x0044320E,0x00000004,data,data_0044320E
0x00443212,0x00000002,data,data_00443212
0x00443214,0x00000004,data,data_00443214
0x00443218,0x00000005,data,data_00443218
0x0044321D,0x00000005,data,data_0044321D
0x00443222,0x00000003,data,data_00443222
0x00443225,0x00000055,data,data_00443225
0x0044327A,0x00000013,data,data_0044327A
0x0044328D,0x0000003D,data,data_0044328D
0x004432CA,0x00000003,data,data_004432CA
0x004432CD,0x00000005,data,data_004432CD
0x004432D2,0x00000007,data,data_004432D2
0x004432D9,0x0000000D,data,data_004432D9
0x004432E6,0x00000003,data,data_004432E6
0x004432E9,0x00000011,data,data_004432E9
0x004432FA,0x00000013,data,data_004432FA
0x0044330D,0x00000005,data,data_0044330D
0x00443312,0x00000003,data,data_00443312
0x00443315,0x0000000E,data,data_00443315
0x00443323,0x00000011,data,data_00443323
0x00443339,0x00000019,data,data_00443339
0x00443352,0x00000004,data,data_00443352
0x00443356,0x00000006,data,data_00443356
0x00443360,0x00000004,data,data_00443360
0x00443368,0x00000004,data,data_00443368
0x00443370,0x00000004,data,data_00443370
0x00443378,0x00000004,data,data_00443378
0x00443380,0x00000008,data,data_00443380
0x0044338C,0x0000001C,data,data_0044338C
0x004433AC,0x0000000C,data,data_004433AC
0x004433BC,0x00000014,data,data_004433BC
0x004433D4,0x00000010,data,data_004433D4
0x004433E8,0x00000008,data,data_004433E8
0x004433F0,0x00000004,data,data_004433F0
0x004433F9,0x00000005,data,data_004433F9
0x00443402,0x0000000A,data,data_00443402
0x00443411,0x00000003,data,data_00443411
0x00443414,0x00000004,data,data_00443414
0x00443418,0x00000009,data,data_00443418
0x00443421,0x0000000D,data,data_00443421
0x0044342E,0x00000010,data,data_0044342E
0x00443442,0x00000004,data,data_00443442
0x0044344A,0x00000007,data,data_0044344A
0x00443451,0x00000021,data,data_00443451
0x00443476,0x00000004,data,data_00443476
0x00443482,0x00000004,data,data_00443482
0x0044348A,0x00000004,data,data_0044348A
0x00443493,0x00000003,data,data_00443493
0x00443496,0x00000004,data,data_00443496
0x0044349A,0x00000005,data,data_0044349A
0x0044349F,0x00000009,data,data_0044349F
0x004434A8,0x00000010,data,data_004434A8
0x004434BD,0x00000003,data,data_004434BD
0x004434C0,0x00000004,data,data_004434C0
0x004434C4,0x00000005,data,data_004434C4
0x004434C9,0x00000011,data,data_004434C9
0x004434DA,0x00000004,data,data_004434DA
0x004434E3,0x00000013,data,data_004434E3
0x004434F6,0x00000004,data,data_004434F6
0x004434FA,0x00000005,data,data_004434FA
0x004434FF,0x00000021,data,data_004434FF
0x00443520,0x00000003,data,data_00443520
0x00443523,0x00000025,data,data_00443523
0x00443548,0x00000004,data,data_00443548
0x00443551,0x00000005,data,data_00443551
0x0044355B,0x0000000D,data,data_0044355B
0x0044356C,0x00000004,data,data_0044356C
0x00443574,0x00000002,data,data_00443574
0x00443576,0x00000004,data,data_00443576
0x0044357A,0x00000002,data,data_0044357A
0x00443580,0x00000004,data,data_00443580
0x00443588,0x00000020,data,data_00443588
0x004435AC,0x00000008,data,data_004435AC
0x004435B8,0x0000000B,data,data_004435B8
0x004435C3,0x0000000D,data,data_004435C3
0x004435D4,0x00000008,data,data_004435D4
0x004435DC,0x00000008,data,data_004435DC
0x004435E8,0x0000000C,data,data_004435E8
0x004435F4,0x0000000C,data,data_004435F4
0x00443604,0x00000004,data,data_00443604
0x00443610,0x00000004,data,data_00443610
0x00443614,0x00000004,data,data_00443614
0x00443618,0x00000002,data,data_00443618
0x0044361A,0x00000004,data,data_0044361A
0x0044361E,0x00000002,data,data_0044361E
0x00443620,0x00000004,data,data_00443620
0x00443624,0x00000005,data,data_00443624
0x00443629,0x0000000D,data,data_00443629
0x00443636,0x00000008,data,data_00443636
0x0044363E,0x00000004,data,data_0044363E
0x00443642,0x00000002,data,data_00443642
0x00443644,0x00000004,data,data_00443644
0x00443648,0x00000002,data,data_00443648
0x0044364A,0x00000004,data,data_0044364A
0x0044364E,0x00000006,data,data_0044364E
0x00443658,0x00000006,data,data_00443658
0x00443664,0x00000080,data,data_00443664
0x004436E8,0x00000004,data,data_004436E8
0x004436EC,0x00000004,data,data_004436EC
0x004436F0,0x00000002,data,data_004436F0
0x004436F2,0x00000004,data,data_004436F2
0x004436F6,0x00000015,data,data_004436F6
0x0044370B,0x00000081,data,data_0044370B
0x0044378C,0x00000008,data,data_0044378C
0x00443794,0x00000004,data,data_00443794
0x00443798,0x0000000E,data,data_00443798
0x004437A6,0x00000004,data,data_004437A6
0x004437AA,0x00000009,data,data_004437AA
0x004437B3,0x0000003D,data,data_004437B3
0x004437F0,0x00000008,data,data_004437F0
0x004437F8,0x00000004,data,data_004437F8
0x004437FC,0x00000002,data,data_004437FC
0x004437FE,0x00000004,data,data_004437FE
0x00443802,0x00000015,data,data_00443802
0x00443817,0x00000081,data,data_00443817
0x00443898,0x00000010,data,data_00443898
0x004438A8,0x00000004,data,data_004438A8
0x004438AC,0x0000000E,data,data_004438AC
0x004438BA,0x00000004,data,data_004438BA
0x004438BE,0x00000002,data,data_004438BE
0x004438C0,0x00000004,data,data_004438C0
0x004438C4,0x00000002,data,data_004438C4
0x004438C6,0x00000004,data,data_004438C6
0x004438CA,0x00000015,data,data_004438CA
0x004438DF,0x00000081,data,data_004438DF
0x00443960,0x00000012,data,data_00443960
0x00443978,0x00000050,data,data_00443978
0x004439CC,0x00000004,data,data_004439CC
0x004439D0,0x00000003,data,data_004439D0
0x004439D3,0x0000000D,data,data_004439D3
0x004439E0,0x00000003,data,data_004439E0
0x004439E3,0x0000000D,data,data_004439E3
0x004439F0,0x00000003,data,data_004439F0
0x004439F3,0x00000005,data,data_004439F3
0x004439F8,0x00000003,data,data_004439F8
0x004439FB,0x00000009,data,data_004439FB
0x00443A04,0x00000003,data,data_00443A04
0x00443A07,0x0000001D,data,data_00443A07
0x00443A28,0x00000004,data,data_00443A28
0x00443A30,0x0000000A,data,data_00443A30
0x00443A3A,0x00000004,data,data_00443A3A
0x00443A3E,0x00000002,data,data_00443A3E
0x00443A44,0x00000014,data,data_00443A44
0x00443A5C,0x00000004,data,data_00443A5C
0x00443A64,0x00000004,data,data_00443A64
0x00443A68,0x00000004,data,data_00443A68
0x00443A6C,0x00000002,data,data_00443A6C
0x00443A6E,0x00000004,data,data_00443A6E
0x00443A72,0x00000006,data,data_00443A72
0x00443A7C,0x0000000A,data,data_00443A7C
0x00443A86,0x00000004,data,data_00443A86
0x00443A90,0x00000090,data,data_00443A90
0x00443B20,0x0000000C,data,data_00443B20
0x00443B30,0x00000050,data,data_00443B30
0x00443B84,0x00000014,data,data_00443B84
0x00443B98,0x00000008,data,data_00443B98
0x00443BA4,0x00000004,data,data_00443BA4
0x00443BAC,0x0000001C,data,data_00443BAC
0x00443BCC,0x00000004,data,data_00443BCC
0x00443BD0,0x00000008,data,data_00443BD0
0x00443BD8,0x00000004,data,data_00443BD8
0x00443BDC,0x00000002,data,data_00443BDC
0x00443BDE,0x00000004,data,data_00443BDE
0x00443BE2,0x00000002,data,data_00443BE2
0x00443BE4,0x00000004,data,data_00443BE4
0x00443BE8,0x0000001E,data,data_00443BE8
0x00443C06,0x00000004,data,data_00443C06
0x00443C0A,0x00000002,data,data_00443C0A
0x00443C0C,0x00000004,data,data_00443C0C
0x00443C10,0x00000015,data,data_00443C10
0x00443C25,0x00000041,data,data_00443C25
0x00443C66,0x00000008,data,data_00443C66
0x00443C6E,0x00000004,data,data_00443C6E
0x00443C72,0x00000006,data,data_00443C72
0x00443C7C,0x00000004,data,data_00443C7C
0x00443C84,0x0000000B,data,data_00443C84
0x00443C8F,0x00000005,data,data_00443C8F
0x00443C94,0x00000003,data,data_00443C94
0x00443C97,0x00000021,data,data_00443C97
0x00443CBC,0x0000001C,data,data_00443CBC
0x00443CDC,0x00000004,data,data_00443CDC
0x00443CE0,0x00000004,data,data_00443CE0
0x00443CE4,0x00000002,data,data_00443CE4
0x00443CE6,0x00000004,data,data_00443CE6
0x00443CEA,0x00000002,data,data_00443CEA
0x00443CEC,0x00000004,data,data_00443CEC
0x00443CF0,0x00000002,data,data_00443CF0
0x00443CF2,0x00000004,data,data_00443CF2
0x00443CF6,0x00000009,data,data_00443CF6
0x00443CFF,0x00000005,data,data_00443CFF
0x00443D04,0x00000008,data,data_00443D04
0x00443D0C,0x00000004,data,data_00443D0C
0x00443D10,0x00000002,data,data_00443D10
0x00443D12,0x00000004,data,data_00443D12
0x00443D16,0x00000002,data,data_00443D16
0x00443D18,0x00000004,data,data_00443D18
0x00443D1C,0x00000015,data,data_00443D1C
0x00443D31,0x00000041,data,data_00443D31
0x00443D76,0x0000000B,data,data_00443D76
0x00443D81,0x00000029,data,data_00443D81
0x00443DAE,0x00000004,data,data_00443DAE
0x00443DB6,0x00000004,data,data_00443DB6
0x00443DBA,0x00000004,data,data_00443DBA
0x00443DBE,0x00000002,data,data_00443DBE
0x00443DC0,0x00000004,data,data_00443DC0
0x00443DC4,0x00000002,data,data_00443DC4
0x00443DC6,0x00000004,data,data_00443DC6
0x00443DCA,0x00000015,data,data_00443DCA
0x00443DDF,0x00000041,data,data_00443DDF
0x00443E20,0x0000000F,data,data_00443E20
0x00443E2F,0x00000029,data,data_00443E2F
0x00443E58,0x00000008,data,data_00443E58
0x00443E60,0x00000004,data,data_00443E60
0x00443E64,0x00000002,data,data_00443E64
0x00443E66,0x00000004,data,data_00443E66
0x00443E6A,0x00000002,data,data_00443E6A
0x00443E6C,0x00000004,data,data_00443E6C
0x00443E70,0x00000006,data,data_00443E70
0x00443E7A,0x00000008,data,data_00443E7A
0x00443E86,0x00000040,data,data_00443E86
0x00443ECA,0x00000008,data,data_00443ECA
0x00443ED6,0x00000028,data,data_00443ED6
0x00443EFE,0x00000008,data,data_00443EFE
0x00443F06,0x00000004,data,data_00443F06
0x00443F0A,0x00000002,data,data_00443F0A
0x00443F0C,0x00000004,data,data_00443F0C
0x00443F10,0x00000002,data,data_00443F10
0x00443F12,0x00000004,data,data_00443F12
0x00443F16,0x00000015,data,data_00443F16
0x00443F2B,0x00000041,data,data_00443F2B
0x00443F6C,0x0000000F,data,data_00443F6C
0x00443F7B,0x00000029,data,data_00443F7B
0x00443FA8,0x00000007,data,data_00443FA8
0x00443FAF,0x00000039,data,data_00443FAF
0x00443FEC,0x00000004,data,data_00443FEC
0x00443FF0,0x00000004,data,data_00443FF0
0x00443FF4,0x00000002,data,data_00443FF4
0x00443FF6,0x00000004,data,data_00443FF6
0x00443FFA,0x00000002,data,data_00443FFA
0x00443FFC,0x00000004,data,data_00443FFC
0x00444000,0x00000002,data,data_00444000
0x00444002,0x00000004,data,data_00444002
0x00444006,0x00000009,data,data_00444006
0x0044400F,0x00000005,data,data_0044400F
0x00444014,0x00000008,data,data_00444014
0x0044401C,0x00000004,data,data_0044401C
0x00444020,0x00000002,data,data_00444020
0x00444022,0x00000004,data,data_00444022
0x00444026,0x00000002,data,data_00444026
0x00444028,0x00000004,data,data_00444028
0x0044402C,0x00000006,data,data_0044402C
0x00444036,0x0000000B,data,data_00444036
0x00444041,0x00000041,data,data_00444041
0x00444086,0x0000000B,data,data_00444086
0x00444091,0x00000029,data,data_00444091
0x004440BE,0x00000004,data,data_004440BE
0x004440C2,0x00000004,data,data_004440C2
0x004440C6,0x00000002,data,data_004440C6
0x004440C8,0x00000004,data,data_004440C8
0x004440CC,0x00000002,data,data_004440CC
0x004440CE,0x00000004,data,data_004440CE
0x004440D2,0x00000002,data,data_004440D2
0x004440D4,0x00000004,data,data_004440D4
0x004440D8,0x00000009,data,data_004440D8
0x004440E1,0x00000005,data,data_004440E1
0x004440E6,0x0000000F,data,data_004440E6
0x004440F5,0x00000005,data,data_004440F5
0x004440FA,0x00000003,data,data_004440FA
0x004440FD,0x00000079,data,data_004440FD
0x00444176,0x00000008,data,data_00444176
0x0044417E,0x00000004,data,data_0044417E
0x00444182,0x00000002,data,data_00444182
0x00444184,0x00000004,data,data_00444184
0x00444188,0x00000002,data,data_00444188
0x0044418A,0x00000004,data,data_0044418A
0x0044418E,0x00000015,data,data_0044418E
0x004441A3,0x00000041,data,data_004441A3
0x004441E4,0x0000000C,data,data_004441E4
0x004441F4,0x00000028,data,data_004441F4
0x0044421C,0x0000000F,data,data_0044421C
0x0044422B,0x00000005,data,data_0044422B
0x00444230,0x00000003,data,data_00444230
0x00444233,0x0000004D,data,data_00444233
0x00444280,0x00000003,data,data_00444280
0x00444283,0x0000000D,data,data_00444283
0x00444290,0x00000003,data,data_00444290
0x00444293,0x00000031,data,data_00444293
0x004442C4,0x00000003,data,data_004442C4
0x004442C7,0x00000005,data,data_004442C7
0x004442CC,0x00000008,data,data_004442CC
0x004442D4,0x00000004,data,data_004442D4
0x004442D8,0x00000002,data,data_004442D8
0x004442DA,0x00000004,data,data_004442DA
0x004442DE,0x00000002,data,data_004442DE
0x004442E0,0x00000004,data,data_004442E0
0x004442E4,0x00000015,data,data_004442E4
0x004442F9,0x00000041,data,data_004442F9
0x0044433A,0x0000000F,data,data_0044433A
0x00444349,0x00000029,data,data_00444349
0x00444372,0x00000008,data,data_00444372
0x0044437A,0x00000004,data,data_0044437A
0x0044437E,0x00000002,data,data_0044437E
0x00444380,0x00000004,data,data_00444380
0x00444384,0x00000002,data,data_00444384
0x00444386,0x00000004,data,data_00444386
0x0044438A,0x00000012,data,data_0044438A
0x004443A0,0x00000040,data,data_004443A0
0x004443E0,0x0000000C,data,data_004443E0
0x004443F0,0x00000028,data,data_004443F0
0x00444418,0x00000008,data,data_00444418
0x00444420,0x00000004,data,data_00444420
0x00444424,0x00000002,data,data_00444424
0x00444426,0x00000004,data,data_00444426
0x0044442A,0x00000002,data,data_0044442A
0x0044442C,0x00000004,data,data_0044442C
0x00444430,0x00000006,data,data_00444430
0x0044443A,0x00000008,data,data_0044443A
0x00444446,0x00000040,data,data_00444446
0x0044448A,0x0000000B,data,data_0044448A
0x00444495,0x00000029,data,data_00444495
0x004444C2,0x00000004,data,data_004444C2
0x004444C6,0x00000004,data,data_004444C6
0x004444CA,0x00000002,data,data_004444CA
0x004444CC,0x00000004,data,data_004444CC
0x004444D0,0x00000002,data,data_004444D0
0x004444D2,0x00000004,data,data_004444D2
0x004444D6,0x00000015,data,data_004444D6
0x004444EB,0x00000041,data,data_004444EB
0x0044452C,0x0000000F,data,data_0044452C
0x0044453B,0x00000029,data,data_0044453B
0x00444564,0x00000008,data,data_00444564
0x00444570,0x00000004,data,data_00444570
0x00444574,0x00000003,data,data_00444574
0x00444577,0x00000011,data,data_00444577
0x00444588,0x00000003,data,data_00444588
0x0044458B,0x00000019,data,data_0044458B
0x004445A8,0x00000004,data,data_004445A8
0x004445AC,0x00000004,data,data_004445AC
0x004445B0,0x00000002,data,data_004445B0
0x004445B2,0x00000004,data,data_004445B2
0x004445B6,0x00000002,data,data_004445B6
0x004445B8,0x00000004,data,data_004445B8
0x004445BC,0x00000015,data,data_004445BC
0x004445D1,0x00000041,data,data_004445D1
0x00444612,0x0000000F,data,data_00444612
0x00444621,0x00000029,data,data_00444621
0x0044464A,0x00000010,data,data_0044464A
0x0044465A,0x00000004,data,data_0044465A
0x0044465E,0x00000002,data,data_0044465E
0x00444660,0x00000004,data,data_00444660
0x00444664,0x00000002,data,data_00444664
0x00444666,0x00000004,data,data_00444666
0x0044466A,0x00000006,data,data_0044466A
0x00444674,0x00000008,data,data_00444674
0x00444680,0x00000040,data,data_00444680
0x004446C4,0x00000008,data,data_004446C4
0x004446D0,0x00000028,data,data_004446D0
0x004446FC,0x0000000B,data,data_004446FC
0x00444707,0x00000005,data,data_00444707
0x0044470C,0x00000003,data,data_0044470C
0x0044470F,0x0000004D,data,data_0044470F
0x0044475C,0x00000003,data,data_0044475C
0x0044475F,0x0000000D,data,data_0044475F
0x0044476C,0x00000004,data,data_0044476C
0x00444774,0x00000003,data,data_00444774
0x00444777,0x00000011,data,data_00444777
0x0044478C,0x00000004,data,data_0044478C
0x00444794,0x00000010,data,data_00444794
0x004447A8,0x00000010,data,data_004447A8
0x004447B8,0x00000004,data,data_004447B8
0x004447BC,0x00000002,data,data_004447BC
0x004447BE,0x00000004,data,data_004447BE
0x004447C2,0x00000002,data,data_004447C2
0x004447C4,0x00000004,data,data_004447C4
0x004447C8,0x00000002,data,data_004447C8
0x004447CA,0x00000004,data,data_004447CA
0x004447CE,0x00000009,data,data_004447CE
0x004447D7,0x00000005,data,data_004447D7
0x004447DC,0x00000008,data,data_004447DC
0x004447E4,0x00000004,data,data_004447E4
0x004447E8,0x00000002,data,data_004447E8
0x004447EA,0x00000004,data,data_004447EA
0x004447EE,0x00000002,data,data_004447EE
0x004447F0,0x00000004,data,data_004447F0
0x004447F4,0x00000015,data,data_004447F4
0x00444809,0x00000041,data,data_00444809
0x0044484A,0x0000000F,data,data_0044484A
0x00444859,0x00000029,data,data_00444859
0x00444882,0x00000008,data,data_00444882
0x0044488E,0x00000004,data,data_0044488E
0x00444892,0x00000004,data,data_00444892
0x00444896,0x00000002,data,data_00444896
0x00444898,0x00000004,data,data_00444898
0x0044489C,0x00000002,data,data_0044489C
0x0044489E,0x00000004,data,data_0044489E
0x004448A2,0x00000015,data,data_004448A2
0x004448B7,0x00000041,data,data_004448B7
0x004448F8,0x0000000F,data,data_004448F8
0x00444907,0x00000029,data,data_00444907
0x00444930,0x00000008,data,data_00444930
0x00444938,0x00000004,data,data_00444938
0x0044493C,0x00000002,data,data_0044493C
0x0044493E,0x00000004,data,data_0044493E
0x00444942,0x00000002,data,data_00444942
0x00444944,0x00000004,data,data_00444944
0x00444948,0x00000006,data,data_00444948
0x00444952,0x00000008,data,data_00444952
0x0044495E,0x00000040,data,data_0044495E
0x004449A2,0x00000008,data,data_004449A2
0x004449AE,0x00000028,data,data_004449AE
0x004449DA,0x00000004,data,data_004449DA
0x004449DE,0x00000004,data,data_004449DE
0x004449E2,0x00000002,data,data_004449E2
0x004449E4,0x00000004,data,data_004449E4
0x004449E8,0x00000002,data,data_004449E8
0x004449EA,0x00000004,data,data_004449EA
0x004449EE,0x00000015,data,data_004449EE
0x00444A03,0x00000041,data,data_00444A03
0x00444A44,0x0000000F,data,data_00444A44
0x00444A53,0x00000029,data,data_00444A53
0x00444A7C,0x0000000B,data,data_00444A7C
0x00444A87,0x00000039,data,data_00444A87
0x00444AC4,0x00000004,data,data_00444AC4
0x00444AC8,0x00000004,data,data_00444AC8
0x00444ACC,0x00000002,data,data_00444ACC
0x00444ACE,0x00000004,data,data_00444ACE
0x00444AD2,0x00000002,data,data_00444AD2
0x00444AD4,0x00000004,data,data_00444AD4
0x00444AD8,0x00000002,data,data_00444AD8
0x00444ADA,0x00000004,data,data_00444ADA
0x00444ADE,0x00000009,data,data_00444ADE
0x00444AE7,0x00000005,data,data_00444AE7
0x00444AEC,0x00000008,data,data_00444AEC
0x00444AF4,0x00000004,data,data_00444AF4
0x00444AF8,0x00000002,data,data_00444AF8
0x00444AFA,0x00000004,data,data_00444AFA
0x00444AFE,0x00000002,data,data_00444AFE
0x00444B00,0x00000004,data,data_00444B00
0x00444B04,0x00000015,data,data_00444B04
0x00444B19,0x00000041,data,data_00444B19
0x00444B5A,0x0000000F,data,data_00444B5A
0x00444B69,0x00000029,data,data_00444B69
0x00444B92,0x00000008,data,data_00444B92
0x00444B9A,0x00000004,data,data_00444B9A
0x00444B9E,0x00000002,data,data_00444B9E
0x00444BA0,0x00000004,data,data_00444BA0
0x00444BA4,0x00000002,data,data_00444BA4
0x00444BA6,0x00000004,data,data_00444BA6
0x00444BAA,0x00000002,data,data_00444BAA
0x00444BAC,0x00000004,data,data_00444BAC
0x00444BB0,0x00000009,data,data_00444BB0
0x00444BB9,0x00000005,data,data_00444BB9
0x00444BBE,0x0000000F,data,data_00444BBE
0x00444BCD,0x00000005,data,data_00444BCD
0x00444BD2,0x00000003,data,data_00444BD2
0x00444BD5,0x00000079,data,data_00444BD5
0x00444C4E,0x00000008,data,data_00444C4E
0x00444C56,0x00000004,data,data_00444C56
0x00444C5A,0x00000002,data,data_00444C5A
0x00444C5C,0x00000004,data,data_00444C5C
0x00444C60,0x00000002,data,data_00444C60
0x00444C62,0x00000004,data,data_00444C62
0x00444C66,0x00000006,data,data_00444C66
0x00444C70,0x00000008,data,data_00444C70
0x00444C7C,0x00000040,data,data_00444C7C
0x00444CC0,0x00000008,data,data_00444CC0
0x00444CCC,0x00000028,data,data_00444CCC
0x00444CF8,0x0000000B,data,data_00444CF8
0x00444D03,0x00000005,data,data_00444D03
0x00444D08,0x00000003,data,data_00444D08
0x00444D0B,0x0000004D,data,data_00444D0B
0x00444D58,0x00000003,data,data_00444D58
0x00444D5B,0x0000000D,data,data_00444D5B
0x00444D6C,0x00000030,data,data_00444D6C
0x00444D9C,0x00000003,data,data_00444D9C
0x00444D9F,0x00000005,data,data_00444D9F
0x00444DA4,0x00000008,data,data_00444DA4
0x00444DAC,0x00000004,data,data_00444DAC
0x00444DB0,0x00000002,data,data_00444DB0
0x00444DB2,0x00000004,data,data_00444DB2
0x00444DB6,0x00000002,data,data_00444DB6
0x00444DB8,0x00000004,data,data_00444DB8
0x00444DBC,0x00000015,data,data_00444DBC
0x00444DD1,0x00000041,data,data_00444DD1
0x00444E12,0x0000000F,data,data_00444E12
0x00444E21,0x00000029,data,data_00444E21
0x00444E4A,0x00000008,data,data_00444E4A
0x00444E52,0x00000004,data,data_00444E52
0x00444E56,0x00000002,data,data_00444E56
0x00444E58,0x00000004,data,data_00444E58
0x00444E5C,0x00000002,data,data_00444E5C
0x00444E5E,0x00000004,data,data_00444E5E
0x00444E62,0x00000006,data,data_00444E62
0x00444E6C,0x00000008,data,data_00444E6C
0x00444E78,0x00000040,data,data_00444E78
0x00444EBC,0x00000008,data,data_00444EBC
0x00444EC8,0x00000028,data,data_00444EC8
0x00444EF4,0x00000004,data,data_00444EF4
0x00444EF8,0x00000004,data,data_00444EF8
0x00444EFC,0x00000002,data,data_00444EFC
0x00444EFE,0x00000004,data,data_00444EFE
0x00444F02,0x00000002,data,data_00444F02
0x00444F04,0x00000004,data,data_00444F04
0x00444F08,0x00000015,data,data_00444F08
0x00444F1D,0x00000041,data,data_00444F1D
0x00444F5E,0x0000000F,data,data_00444F5E
0x00444F6D,0x00000029,data,data_00444F6D
0x00444F96,0x00000008,data,data_00444F96
0x00444F9E,0x00000004,data,data_00444F9E
0x00444FA2,0x00000002,data,data_00444FA2
0x00444FA4,0x00000004,data,data_00444FA4
0x00444FA8,0x00000002,data,data_00444FA8
0x00444FAA,0x00000004,data,data_00444FAA
0x00444FAE,0x00000015,data,data_00444FAE
0x00444FC3,0x00000041,data,data_00444FC3
0x00445004,0x0000000F,data,data_00445004
0x00445013,0x00000029,data,data_00445013
0x0044503C,0x0000000B,data,data_0044503C
0x00445047,0x00000005,data,data_00445047
0x0044504C,0x00000003,data,data_0044504C
0x0044504F,0x00000011,data,data_0044504F
0x00445064,0x00000018,data,data_00445064
0x0044507C,0x00000008,data,data_0044507C
0x00445084,0x00000004,data,data_00445084
0x00445088,0x00000002,data,data_00445088
0x0044508A,0x00000004,data,data_0044508A
0x0044508E,0x00000002,data,data_0044508E
0x00445090,0x00000004,data,data_00445090
0x00445094,0x00000015,data,data_00445094
0x004450A9,0x00000041,data,data_004450A9
0x004450EA,0x0000000F,data,data_004450EA
0x004450F9,0x00000029,data,data_004450F9
0x00445122,0x00000010,data,data_00445122
0x00445132,0x00000004,data,data_00445132
0x00445136,0x00000002,data,data_00445136
0x00445138,0x00000004,data,data_00445138
0x0044513C,0x00000002,data,data_0044513C
0x0044513E,0x00000004,data,data_0044513E
0x00445142,0x00000006,data,data_00445142
0x0044514C,0x00000008,data,data_0044514C
0x00445158,0x00000040,data,data_00445158
0x0044519C,0x00000008,data,data_0044519C
0x004451A8,0x00000028,data,data_004451A8
0x004451D4,0x0000000B,data,data_004451D4
0x004451DF,0x00000005,data,data_004451DF
0x004451E4,0x00000003,data,data_004451E4
0x004451E7,0x0000004D,data,data_004451E7
0x00445234,0x00000003,data,data_00445234
0x00445237,0x0000000D,data,data_00445237
0x00445244,0x0000000B,data,data_00445244
0x0044524F,0x00000011,data,data_0044524F
0x00445260,0x00000003,data,data_00445260
0x00445263,0x00000005,data,data_00445263
0x0044526C,0x00000010,data,data_0044526C
0x00445280,0x0000000B,data,data_00445280
0x0044528B,0x0000002D,data,data_0044528B
0x004452B8,0x00000008,data,data_004452B8
0x004452C0,0x00000004,data,data_004452C0
0x004452C4,0x00000002,data,data_004452C4
0x004452C6,0x00000004,data,data_004452C6
0x004452CA,0x00000002,data,data_004452CA
0x004452CC,0x00000004,data,data_004452CC
0x004452D0,0x00000002,data,data_004452D0
0x004452D2,0x00000004,data,data_004452D2
0x004452D6,0x00000009,data,data_004452D6
0x004452DF,0x00000005,data,data_004452DF
0x004452E4,0x00000008,data,data_004452E4
0x004452EC,0x00000004,data,data_004452EC
0x004452F0,0x00000002,data,data_004452F0
0x004452F2,0x00000004,data,data_004452F2
0x004452F6,0x00000002,data,data_004452F6
0x004452F8,0x00000004,data,data_004452F8
0x004452FC,0x00000002,data,data_004452FC
0x004452FE,0x00000004,data,data_004452FE
0x00445302,0x00000009,data,data_00445302
0x0044530B,0x00000005,data,data_0044530B
0x00445310,0x0000000F,data,data_00445310
0x0044531F,0x00000005,data,data_0044531F
0x00445324,0x00000003,data,data_00445324
0x00445327,0x00000079,data,data_00445327
0x004453A0,0x00000018,data,data_004453A0
0x004453B8,0x00000004,data,data_004453B8
0x004453BC,0x00000002,data,data_004453BC
0x004453BE,0x00000004,data,data_004453BE
0x004453C2,0x00000002,data,data_004453C2
0x004453C4,0x00000004,data,data_004453C4
0x004453C8,0x00000002,data,data_004453C8
0x004453CA,0x00000004,data,data_004453CA
0x004453CE,0x00000009,data,data_004453CE
0x004453D7,0x00000005,data,data_004453D7
0x004453DC,0x00000008,data,data_004453DC
0x004453E4,0x00000004,data,data_004453E4
0x004453E8,0x00000002,data,data_004453E8
0x004453EA,0x00000004,data,data_004453EA
0x004453EE,0x00000002,data,data_004453EE
0x004453F0,0x00000004,data,data_004453F0
0x004453F4,0x00000002,data,data_004453F4
0x004453F6,0x00000004,data,data_004453F6
0x004453FA,0x00000009,data,data_004453FA
0x00445403,0x00000005,data,data_00445403
0x00445408,0x0000000F,data,data_00445408
0x00445417,0x00000005,data,data_00445417
0x0044541C,0x00000003,data,data_0044541C
0x0044541F,0x00000079,data,data_0044541F
0x00445498,0x0000000F,data,data_00445498
0x004454A7,0x00000005,data,data_004454A7
0x004454AC,0x00000003,data,data_004454AC
0x004454AF,0x0000004D,data,data_004454AF
0x004454FC,0x00000003,data,data_004454FC
0x004454FF,0x00000041,data,data_004454FF
0x00445540,0x0000000F,data,data_00445540
0x0044554F,0x00000005,data,data_0044554F
0x00445554,0x00000003,data,data_00445554
0x00445557,0x0000004D,data,data_00445557
0x004455A4,0x00000003,data,data_004455A4
0x004455A7,0x00000005,data,data_004455A7
0x004455AC,0x00000003,data,data_004455AC
0x004455AF,0x00000021,data,data_004455AF
0x004455D0,0x00000008,data,data_004455D0
0x004455DC,0x00000004,data,data_004455DC
0x004455E0,0x00000004,data,data_004455E0
0x004455E4,0x00000002,data,data_004455E4
0x004455E6,0x00000004,data,data_004455E6
0x004455EA,0x00000002,data,data_004455EA
0x004455EC,0x00000004,data,data_004455EC
0x004455F0,0x00000002,data,data_004455F0
0x004455F2,0x00000004,data,data_004455F2
0x004455F6,0x00000009,data,data_004455F6
0x004455FF,0x00000005,data,data_004455FF
0x00445604,0x00000008,data,data_00445604
0x0044560C,0x00000004,data,data_0044560C
0x00445610,0x00000002,data,data_00445610
0x00445612,0x00000004,data,data_00445612
0x00445616,0x00000002,data,data_00445616
0x00445618,0x00000004,data,data_00445618
0x0044561C,0x00000002,data,data_0044561C
0x0044561E,0x00000004,data,data_0044561E
0x00445622,0x00000009,data,data_00445622
0x0044562B,0x00000005,data,data_0044562B
0x00445630,0x0000000F,data,data_00445630
0x0044563F,0x00000005,data,data_0044563F
0x00445644,0x00000003,data,data_00445644
0x00445647,0x00000079,data,data_00445647
0x004456C4,0x00000004,data,data_004456C4
0x004456CC,0x0000000C,data,data_004456CC
0x004456D8,0x00000004,data,data_004456D8
0x004456DC,0x00000002,data,data_004456DC
0x004456DE,0x00000004,data,data_004456DE
0x004456E2,0x00000002,data,data_004456E2
0x004456E4,0x00000004,data,data_004456E4
0x004456E8,0x00000002,data,data_004456E8
0x004456EA,0x00000004,data,data_004456EA
0x004456EE,0x00000009,data,data_004456EE
0x004456F7,0x00000005,data,data_004456F7
0x004456FC,0x00000008,data,data_004456FC
0x00445704,0x00000004,data,data_00445704
0x00445708,0x00000002,data,data_00445708
0x0044570A,0x00000004,data,data_0044570A
0x0044570E,0x00000002,data,data_0044570E
0x00445710,0x00000004,data,data_00445710
0x00445714,0x00000002,data,data_00445714
0x00445716,0x00000004,data,data_00445716
0x0044571A,0x00000009,data,data_0044571A
0x00445723,0x00000005,data,data_00445723
0x00445728,0x0000000F,data,data_00445728
0x00445737,0x00000005,data,data_00445737
0x0044573C,0x00000003,data,data_0044573C
0x0044573F,0x00000079,data,data_0044573F
0x004457B8,0x0000000F,data,data_004457B8
0x004457C7,0x00000005,data,data_004457C7
0x004457CC,0x00000003,data,data_004457CC
0x004457CF,0x0000004D,data,data_004457CF
0x0044581C,0x00000003,data,data_0044581C
0x0044581F,0x00000041,data,data_0044581F
0x00445864,0x0000000B,data,data_00445864
0x0044586F,0x00000005,data,data_0044586F
0x00445874,0x00000003,data,data_00445874
0x00445877,0x0000004D,data,data_00445877
0x004458C4,0x00000003,data,data_004458C4
0x004458C7,0x00000005,data,data_004458C7
0x004458CC,0x00000003,data,data_004458CC
0x004458CF,0x00000021,data,data_004458CF
0x004458F0,0x00000008,data,data_004458F0
0x004458F8,0x00000004,data,data_004458F8
0x004458FC,0x00000002,data,data_004458FC
0x004458FE,0x00000004,data,data_004458FE
0x00445902,0x00000002,data,data_00445902
0x00445904,0x00000004,data,data_00445904
0x00445908,0x00000002,data,data_00445908
0x0044590A,0x00000004,data,data_0044590A
0x0044590E,0x00000009,data,data_0044590E
0x00445917,0x00000005,data,data_00445917
0x0044591C,0x00000008,data,data_0044591C
0x00445924,0x00000004,data,data_00445924
0x00445928,0x00000002,data,data_00445928
0x0044592A,0x00000004,data,data_0044592A
0x0044592E,0x00000002,data,data_0044592E
0x00445930,0x00000004,data,data_00445930
0x00445934,0x00000002,data,data_00445934
0x00445936,0x00000004,data,data_00445936
0x0044593A,0x00000006,data,data_0044593A
0x00445944,0x00000004,data,data_00445944
0x0044594C,0x00000006,data,data_0044594C
0x00445958,0x00000004,data,data_00445958
0x00445960,0x00000078,data,data_00445960
0x004459DC,0x00000004,data,data_004459DC
0x004459E4,0x0000000C,data,data_004459E4
0x004459F0,0x00000004,data,data_004459F0
0x004459F4,0x00000002,data,data_004459F4
0x004459F6,0x00000004,data,data_004459F6
0x004459FA,0x00000002,data,data_004459FA
0x004459FC,0x00000004,data,data_004459FC
0x00445A00,0x00000002,data,data_00445A00
0x00445A02,0x00000004,data,data_00445A02
0x00445A06,0x00000009,data,data_00445A06
0x00445A0F,0x00000005,data,data_00445A0F
0x00445A14,0x00000008,data,data_00445A14
0x00445A1C,0x00000004,data,data_00445A1C
0x00445A20,0x00000002,data,data_00445A20
0x00445A22,0x00000004,data,data_00445A22
0x00445A26,0x00000002,data,data_00445A26
0x00445A28,0x00000004,data,data_00445A28
0x00445A2C,0x00000002,data,data_00445A2C
0x00445A2E,0x00000004,data,data_00445A2E
0x00445A32,0x00000006,data,data_00445A32
0x00445A3C,0x00000004,data,data_00445A3C
0x00445A44,0x0000000B,data,data_00445A44
0x00445A4F,0x00000005,data,data_00445A4F
0x00445A54,0x00000003,data,data_00445A54
0x00445A57,0x00000079,data,data_00445A57
0x00445AD4,0x0000000B,data,data_00445AD4
0x00445ADF,0x00000005,data,data_00445ADF
0x00445AE4,0x00000003,data,data_00445AE4
0x00445AE7,0x0000004D,data,data_00445AE7
0x00445B34,0x00000003,data,data_00445B34
0x00445B37,0x00000041,data,data_00445B37
0x00445B7C,0x0000000B,data,data_00445B7C
0x00445B87,0x00000005,data,data_00445B87
0x00445B8C,0x00000003,data,data_00445B8C
0x00445B8F,0x0000004D,data,data_00445B8F
0x00445BDC,0x00000003,data,data_00445BDC
0x00445BDF,0x00000005,data,data_00445BDF
0x00445BE4,0x00000003,data,data_00445BE4
0x00445BE7,0x00000021,data,data_00445BE7
0x00445C08,0x00000008,data,data_00445C08
0x00445C10,0x00000004,data,data_00445C10
0x00445C14,0x00000002,data,data_00445C14
0x00445C16,0x00000004,data,data_00445C16
0x00445C1A,0x00000002,data,data_00445C1A
0x00445C1C,0x00000004,data,data_00445C1C
0x00445C20,0x00000002,data,data_00445C20
0x00445C22,0x00000004,data,data_00445C22
0x00445C26,0x00000009,data,data_00445C26
0x00445C2F,0x00000005,data,data_00445C2F
0x00445C34,0x00000008,data,data_00445C34
0x00445C3C,0x00000004,data,data_00445C3C
0x00445C40,0x00000002,data,data_00445C40
0x00445C42,0x00000004,data,data_00445C42
0x00445C46,0x00000002,data,data_00445C46
0x00445C48,0x00000004,data,data_00445C48
0x00445C4C,0x00000002,data,data_00445C4C
0x00445C4E,0x00000004,data,data_00445C4E
0x00445C52,0x00000006,data,data_00445C52
0x00445C5C,0x00000004,data,data_00445C5C
0x00445C64,0x00000006,data,data_00445C64
0x00445C70,0x00000004,data,data_00445C70
0x00445C78,0x00000078,data,data_00445C78
0x00445CF4,0x00000004,data,data_00445CF4
0x00445CFC,0x0000000C,data,data_00445CFC
0x00445D08,0x00000004,data,data_00445D08
0x00445D0C,0x00000002,data,data_00445D0C
0x00445D0E,0x00000004,data,data_00445D0E
0x00445D12,0x00000002,data,data_00445D12
0x00445D14,0x00000004,data,data_00445D14
0x00445D18,0x00000002,data,data_00445D18
0x00445D1A,0x00000004,data,data_00445D1A
0x00445D1E,0x00000009,data,data_00445D1E
0x00445D27,0x00000005,data,data_00445D27
0x00445D2C,0x00000008,data,data_00445D2C
0x00445D34,0x00000004,data,data_00445D34
0x00445D38,0x00000002,data,data_00445D38
0x00445D3A,0x00000004,data,data_00445D3A
0x00445D3E,0x00000002,data,data_00445D3E
0x00445D40,0x00000004,data,data_00445D40
0x00445D44,0x00000002,data,data_00445D44
0x00445D46,0x00000004,data,data_00445D46
0x00445D4A,0x00000006,data,data_00445D4A
0x00445D54,0x00000004,data,data_00445D54
0x00445D5C,0x00000006,data,data_00445D5C
0x00445D68,0x00000004,data,data_00445D68
0x00445D70,0x00000078,data,data_00445D70
0x00445DEC,0x0000000B,data,data_00445DEC
0x00445DF7,0x00000005,data,data_00445DF7
0x00445DFC,0x00000003,data,data_00445DFC
0x00445DFF,0x0000004D,data,data_00445DFF
0x00445E50,0x00000040,data,data_00445E50
0x00445E94,0x0000000B,data,data_00445E94
0x00445E9F,0x00000005,data,data_00445E9F
0x00445EA4,0x00000003,data,data_00445EA4
0x00445EA7,0x0000004D,data,data_00445EA7
0x00445EF8,0x00000004,data,data_00445EF8
0x00445EFC,0x00000003,data,data_00445EFC
0x00445EFF,0x00000021,data,data_00445EFF
0x00445F20,0x0000000B,data,data_00445F20
0x00445F2B,0x00000039,data,data_00445F2B
0x00445F64,0x00000008,data,data_00445F64
0x00445F6C,0x00000004,data,data_00445F6C
0x00445F70,0x00000002,data,data_00445F70
0x00445F72,0x00000004,data,data_00445F72
0x00445F76,0x00000002,data,data_00445F76
0x00445F78,0x00000004,data,data_00445F78
0x00445F7C,0x00000002,data,data_00445F7C
0x00445F7E,0x00000004,data,data_00445F7E
0x00445F82,0x00000002,data,data_00445F82
0x00445F84,0x00000004,data,data_00445F84
0x00445F88,0x00000006,data,data_00445F88
0x00445F92,0x00000004,data,data_00445F92
0x00445F96,0x00000008,data,data_00445F96
0x00445F9E,0x00000004,data,data_00445F9E
0x00445FA2,0x00000002,data,data_00445FA2
0x00445FA4,0x00000004,data,data_00445FA4
0x00445FA8,0x00000002,data,data_00445FA8
0x00445FAA,0x00000004,data,data_00445FAA
0x00445FAE,0x00000002,data,data_00445FAE
0x00445FB0,0x00000004,data,data_00445FB0
0x00445FB4,0x00000009,data,data_00445FB4
0x00445FBD,0x00000005,data,data_00445FBD
0x00445FC2,0x0000000F,data,data_00445FC2
0x00445FD1,0x00000005,data,data_00445FD1
0x00445FD6,0x00000003,data,data_00445FD6
0x00445FD9,0x00000079,data,data_00445FD9
0x00446052,0x00000010,data,data_00446052
0x00446066,0x00000004,data,data_00446066
0x0044606A,0x00000004,data,data_0044606A
0x0044606E,0x00000002,data,data_0044606E
0x00446070,0x00000004,data,data_00446070
0x00446074,0x00000002,data,data_00446074
0x00446076,0x00000004,data,data_00446076
0x0044607A,0x00000002,data,data_0044607A
0x0044607C,0x00000004,data,data_0044607C
0x00446080,0x00000006,data,data_00446080
0x0044608A,0x00000004,data,data_0044608A
0x00446092,0x00000004,data,data_00446092
0x00446096,0x00000004,data,data_00446096
0x0044609A,0x00000002,data,data_0044609A
0x0044609C,0x00000004,data,data_0044609C
0x004460A0,0x00000002,data,data_004460A0
0x004460A2,0x00000004,data,data_004460A2
0x004460A6,0x00000002,data,data_004460A6
0x004460A8,0x00000004,data,data_004460A8
0x004460AC,0x00000009,data,data_004460AC
0x004460B5,0x00000005,data,data_004460B5
0x004460BA,0x0000000F,data,data_004460BA
0x004460C9,0x00000005,data,data_004460C9
0x004460CE,0x00000003,data,data_004460CE
0x004460D1,0x00000079,data,data_004460D1
0x0044614A,0x0000000A,data,data_0044614A
0x0044615A,0x00000004,data,data_0044615A
0x00446162,0x0000004C,data,data_00446162
0x004461AE,0x00000003,data,data_004461AE
0x004461B1,0x00000041,data,data_004461B1
0x004461F2,0x0000000A,data,data_004461F2
0x00446202,0x00000004,data,data_00446202
0x0044620A,0x0000004C,data,data_0044620A
0x00446256,0x00000003,data,data_00446256
0x00446259,0x00000005,data,data_00446259
0x00446262,0x00000020,data,data_00446262
0x00446286,0x00000004,data,data_00446286
0x0044628A,0x00000004,data,data_0044628A
0x0044628E,0x0000000E,data,data_0044628E
0x0044629C,0x00000004,data,data_0044629C
0x004462A0,0x00000002,data,data_004462A0
0x004462A2,0x00000004,data,data_004462A2
0x004462A6,0x00000002,data,data_004462A6
0x004462A8,0x00000004,data,data_004462A8
0x004462AC,0x00000002,data,data_004462AC
0x004462AE,0x00000004,data,data_004462AE
0x004462B2,0x00000009,data,data_004462B2
0x004462BB,0x00000005,data,data_004462BB
0x004462C0,0x00000008,data,data_004462C0
0x004462C8,0x00000004,data,data_004462C8
0x004462CC,0x00000002,data,data_004462CC
0x004462CE,0x00000004,data,data_004462CE
0x004462D2,0x00000002,data,data_004462D2
0x004462D4,0x00000004,data,data_004462D4
0x004462D8,0x00000002,data,data_004462D8
0x004462DA,0x00000004,data,data_004462DA
0x004462DE,0x00000009,data,data_004462DE
0x004462E7,0x00000005,data,data_004462E7
0x004462EC,0x0000000F,data,data_004462EC
0x004462FB,0x00000005,data,data_004462FB
0x00446300,0x00000003,data,data_00446300
0x00446303,0x00000079,data,data_00446303
0x0044637C,0x00000018,data,data_0044637C
0x00446394,0x00000004,data,data_00446394
0x00446398,0x00000002,data,data_00446398
0x0044639A,0x00000004,data,data_0044639A
0x0044639E,0x00000002,data,data_0044639E
0x004463A0,0x00000004,data,data_004463A0
0x004463A4,0x00000002,data,data_004463A4
0x004463A6,0x00000004,data,data_004463A6
0x004463AA,0x00000009,data,data_004463AA
0x004463B3,0x00000005,data,data_004463B3
0x004463B8,0x00000008,data,data_004463B8
0x004463C0,0x00000004,data,data_004463C0
0x004463C4,0x00000002,data,data_004463C4
0x004463C6,0x00000004,data,data_004463C6
0x004463CA,0x00000002,data,data_004463CA
0x004463CC,0x00000004,data,data_004463CC
0x004463D0,0x00000002,data,data_004463D0
0x004463D2,0x00000004,data,data_004463D2
0x004463D6,0x00000009,data,data_004463D6
0x004463DF,0x00000005,data,data_004463DF
0x004463E4,0x0000000F,data,data_004463E4
0x004463F3,0x00000005,data,data_004463F3
0x004463F8,0x00000003,data,data_004463F8
0x004463FB,0x00000079,data,data_004463FB
0x00446474,0x0000000F,data,data_00446474
0x00446483,0x00000005,data,data_00446483
0x00446488,0x00000003,data,data_00446488
0x0044648B,0x0000004D,data,data_0044648B
0x004464D8,0x00000003,data,data_004464D8
0x004464DB,0x00000041,data,data_004464DB
0x0044651C,0x0000000F,data,data_0044651C
0x0044652B,0x00000005,data,data_0044652B
0x00446530,0x00000003,data,data_00446530
0x00446533,0x0000004D,data,data_00446533
0x00446580,0x00000003,data,data_00446580
0x00446583,0x00000005,data,data_00446583
0x00446588,0x00000003,data,data_00446588
0x0044658B,0x00000021,data,data_0044658B
0x004465B0,0x00000008,data,data_004465B0
0x004465BC,0x0000000C,data,data_004465BC
0x004465C8,0x00000003,data,data_004465C8
0x004465CB,0x00000031,data,data_004465CB
0x004465FC,0x00000003,data,data_004465FC
0x004465FF,0x00000005,data,data_004465FF
0x00446608,0x00000004,data,data_00446608
0x0044660C,0x00000004,data,data_0044660C
0x00446610,0x00000002,data,data_00446610
0x00446612,0x00000004,data,data_00446612
0x00446616,0x00000002,data,data_00446616
0x00446618,0x00000004,data,data_00446618
0x0044661C,0x00000002,data,data_0044661C
0x0044661E,0x00000004,data,data_0044661E
0x00446622,0x00000009,data,data_00446622
0x0044662B,0x00000005,data,data_0044662B
0x00446630,0x00000008,data,data_00446630
0x00446638,0x00000004,data,data_00446638
0x0044663C,0x00000002,data,data_0044663C
0x0044663E,0x00000004,data,data_0044663E
0x00446642,0x00000002,data,data_00446642
0x00446644,0x00000004,data,data_00446644
0x00446648,0x00000002,data,data_00446648
0x0044664A,0x00000004,data,data_0044664A
0x0044664E,0x00000006,data,data_0044664E
0x00446658,0x00000004,data,data_00446658
0x00446660,0x00000006,data,data_00446660
0x0044666C,0x00000004,data,data_0044666C
0x00446674,0x00000078,data,data_00446674
0x004466F0,0x00000004,data,data_004466F0
0x004466F8,0x0000000C,data,data_004466F8
0x00446704,0x00000004,data,data_00446704
0x00446708,0x00000002,data,data_00446708
0x0044670A,0x00000004,data,data_0044670A
0x0044670E,0x00000002,data,data_0044670E
0x00446710,0x00000004,data,data_00446710
0x00446714,0x00000002,data,data_00446714
0x00446716,0x00000004,data,data_00446716
0x0044671A,0x00000009,data,data_0044671A
0x00446723,0x00000005,data,data_00446723
0x00446728,0x00000008,data,data_00446728
0x00446730,0x00000004,data,data_00446730
0x00446734,0x00000002,data,data_00446734
0x00446736,0x00000004,data,data_00446736
0x0044673A,0x00000002,data,data_0044673A
0x0044673C,0x00000004,data,data_0044673C
0x00446740,0x00000002,data,data_00446740
0x00446742,0x00000004,data,data_00446742
0x00446746,0x00000006,data,data_00446746
0x00446750,0x00000004,data,data_00446750
0x00446758,0x00000006,data,data_00446758
0x00446764,0x00000004,data,data_00446764
0x0044676C,0x00000078,data,data_0044676C
0x004467E8,0x0000000B,data,data_004467E8
0x004467F3,0x00000005,data,data_004467F3
0x004467F8,0x00000003,data,data_004467F8
0x004467FB,0x0000004D,data,data_004467FB
0x00446848,0x00000003,data,data_00446848
0x0044684B,0x00000041,data,data_0044684B
0x00446890,0x0000000B,data,data_00446890
0x0044689B,0x00000005,data,data_0044689B
0x004468A0,0x00000003,data,data_004468A0
0x004468A3,0x0000004D,data,data_004468A3
0x004468F4,0x00000004,data,data_004468F4
0x004468F8,0x00000003,data,data_004468F8
0x004468FB,0x00000021,data,data_004468FB
0x0044691C,0x00000008,data,data_0044691C
0x00446924,0x00000004,data,data_00446924
0x00446928,0x00000002,data,data_00446928
0x0044692A,0x00000004,data,data_0044692A
0x0044692E,0x00000002,data,data_0044692E
0x00446930,0x00000004,data,data_00446930
0x00446934,0x00000002,data,data_00446934
0x00446936,0x00000004,data,data_00446936
0x0044693A,0x00000006,data,data_0044693A
0x00446944,0x00000004,data,data_00446944
0x0044694C,0x00000004,data,data_0044694C
0x00446950,0x00000004,data,data_00446950
0x00446954,0x00000002,data,data_00446954
0x00446956,0x00000004,data,data_00446956
0x0044695A,0x00000002,data,data_0044695A
0x0044695C,0x00000004,data,data_0044695C
0x00446960,0x00000002,data,data_00446960
0x00446962,0x00000004,data,data_00446962
0x00446966,0x00000006,data,data_00446966
0x00446970,0x00000004,data,data_00446970
0x00446978,0x00000006,data,data_00446978
0x00446984,0x00000004,data,data_00446984
0x0044698C,0x00000078,data,data_0044698C
0x00446A08,0x00000004,data,data_00446A08
0x00446A10,0x0000000C,data,data_00446A10
0x00446A1C,0x00000004,data,data_00446A1C
0x00446A20,0x00000002,data,data_00446A20
0x00446A22,0x00000004,data,data_00446A22
0x00446A26,0x00000002,data,data_00446A26
0x00446A28,0x00000004,data,data_00446A28
0x00446A2C,0x00000002,data,data_00446A2C
0x00446A2E,0x00000004,data,data_00446A2E
0x00446A32,0x00000006,data,data_00446A32
0x00446A3C,0x00000004,data,data_00446A3C
0x00446A44,0x00000004,data,data_00446A44
0x00446A48,0x00000004,data,data_00446A48
0x00446A4C,0x00000002,data,data_00446A4C
0x00446A4E,0x00000004,data,data_00446A4E
0x00446A52,0x00000002,data,data_00446A52
0x00446A54,0x00000004,data,data_00446A54
0x00446A58,0x00000002,data,data_00446A58
0x00446A5A,0x00000004,data,data_00446A5A
0x00446A5E,0x00000006,data,data_00446A5E
0x00446A68,0x00000004,data,data_00446A68
0x00446A70,0x00000006,data,data_00446A70
0x00446A7C,0x00000004,data,data_00446A7C
0x00446A84,0x00000078,data,data_00446A84
0x00446B00,0x0000000B,data,data_00446B00
0x00446B0B,0x00000005,data,data_00446B0B
0x00446B10,0x00000003,data,data_00446B10
0x00446B13,0x0000004D,data,data_00446B13
0x00446B64,0x00000040,data,data_00446B64
0x00446BA8,0x00000006,data,data_00446BA8
0x00446BB4,0x00000004,data,data_00446BB4
0x00446BBC,0x0000004C,data,data_00446BBC
0x00446C0C,0x00000004,data,data_00446C0C
0x00446C10,0x00000003,data,data_00446C10
0x00446C13,0x00000021,data,data_00446C13
0x00446C34,0x00000008,data,data_00446C34
0x00446C3C,0x00000004,data,data_00446C3C
0x00446C40,0x00000002,data,data_00446C40
0x00446C42,0x00000004,data,data_00446C42
0x00446C46,0x00000002,data,data_00446C46
0x00446C48,0x00000004,data,data_00446C48
0x00446C4C,0x00000002,data,data_00446C4C
0x00446C4E,0x00000004,data,data_00446C4E
0x00446C52,0x00000006,data,data_00446C52
0x00446C5C,0x00000004,data,data_00446C5C
0x00446C64,0x00000004,data,data_00446C64
0x00446C68,0x00000004,data,data_00446C68
0x00446C6C,0x00000002,data,data_00446C6C
0x00446C6E,0x00000004,data,data_00446C6E
0x00446C72,0x00000002,data,data_00446C72
0x00446C74,0x00000004,data,data_00446C74
0x00446C78,0x00000002,data,data_00446C78
0x00446C7A,0x00000004,data,data_00446C7A
0x00446C7E,0x00000006,data,data_00446C7E
0x00446C88,0x00000004,data,data_00446C88
0x00446C90,0x00000006,data,data_00446C90
0x00446C9C,0x00000004,data,data_00446C9C
0x00446CA4,0x00000078,data,data_00446CA4
0x00446D1C,0x00000010,data,data_00446D1C
0x00446D30,0x00000004,data,data_00446D30
0x00446D34,0x00000004,data,data_00446D34
0x00446D38,0x00000002,data,data_00446D38
0x00446D3A,0x00000004,data,data_00446D3A
0x00446D3E,0x00000002,data,data_00446D3E
0x00446D40,0x00000004,data,data_00446D40
0x00446D44,0x00000002,data,data_00446D44
0x00446D46,0x00000004,data,data_00446D46
0x00446D4A,0x00000006,data,data_00446D4A
0x00446D54,0x00000004,data,data_00446D54
0x00446D5C,0x00000004,data,data_00446D5C
0x00446D60,0x00000004,data,data_00446D60
0x00446D64,0x00000002,data,data_00446D64
0x00446D66,0x00000004,data,data_00446D66
0x00446D6A,0x00000002,data,data_00446D6A
0x00446D6C,0x00000004,data,data_00446D6C
0x00446D70,0x00000002,data,data_00446D70
0x00446D72,0x00000004,data,data_00446D72
0x00446D76,0x00000006,data,data_00446D76
0x00446D80,0x00000004,data,data_00446D80
0x00446D88,0x00000006,data,data_00446D88
0x00446D94,0x00000004,data,data_00446D94
0x00446D9C,0x00000078,data,data_00446D9C
0x00446E18,0x00000006,data,data_00446E18
0x00446E24,0x00000004,data,data_00446E24
0x00446E2C,0x0000004C,data,data_00446E2C
0x00446E7C,0x00000040,data,data_00446E7C
0x00446EBC,0x0000000A,data,data_00446EBC
0x00446ECC,0x00000004,data,data_00446ECC
0x00446ED4,0x0000004C,data,data_00446ED4
0x00446F24,0x00000004,data,data_00446F24
0x00446F2C,0x00000020,data,data_00446F2C
0x00446F4C,0x00000008,data,data_00446F4C
0x00446F54,0x00000004,data,data_00446F54
0x00446F58,0x00000002,data,data_00446F58
0x00446F5A,0x00000004,data,data_00446F5A
0x00446F5E,0x00000002,data,data_00446F5E
0x00446F60,0x00000004,data,data_00446F60
0x00446F64,0x00000002,data,data_00446F64
0x00446F66,0x00000004,data,data_00446F66
0x00446F6A,0x00000006,data,data_00446F6A
0x00446F74,0x00000004,data,data_00446F74
0x00446F7C,0x00000004,data,data_00446F7C
0x00446F80,0x00000004,data,data_00446F80
0x00446F84,0x00000002,data,data_00446F84
0x00446F86,0x00000004,data,data_00446F86
0x00446F8A,0x00000002,data,data_00446F8A
0x00446F8C,0x00000004,data,data_00446F8C
0x00446F90,0x00000002,data,data_00446F90
0x00446F92,0x00000004,data,data_00446F92
0x00446F96,0x00000009,data,data_00446F96
0x00446F9F,0x00000005,data,data_00446F9F
0x00446FA4,0x0000000A,data,data_00446FA4
0x00446FB4,0x00000004,data,data_00446FB4
0x00446FB8,0x00000003,data,data_00446FB8
0x00446FBB,0x00000079,data,data_00446FBB
0x00447034,0x00000010,data,data_00447034
0x00447048,0x00000004,data,data_00447048
0x0044704C,0x00000004,data,data_0044704C
0x00447050,0x00000002,data,data_00447050
0x00447052,0x00000004,data,data_00447052
0x00447056,0x00000002,data,data_00447056
0x00447058,0x00000004,data,data_00447058
0x0044705C,0x00000002,data,data_0044705C
0x0044705E,0x00000004,data,data_0044705E
0x00447062,0x00000006,data,data_00447062
0x0044706C,0x00000004,data,data_0044706C
0x00447074,0x00000004,data,data_00447074
0x00447078,0x00000004,data,data_00447078
0x0044707C,0x00000002,data,data_0044707C
0x0044707E,0x00000004,data,data_0044707E
0x00447082,0x00000002,data,data_00447082
0x00447084,0x00000004,data,data_00447084
0x00447088,0x00000002,data,data_00447088
0x0044708A,0x00000004,data,data_0044708A
0x0044708E,0x00000009,data,data_0044708E
0x00447097,0x00000005,data,data_00447097
0x0044709C,0x0000000A,data,data_0044709C
0x004470AC,0x00000004,data,data_004470AC
0x004470B4,0x00000078,data,data_004470B4
0x0044712C,0x0000000A,data,data_0044712C
0x0044713C,0x00000004,data,data_0044713C
0x00447144,0x0000004C,data,data_00447144
0x00447194,0x00000040,data,data_00447194
0x004471D4,0x0000000A,data,data_004471D4
0x004471E4,0x00000004,data,data_004471E4
0x004471EC,0x0000004C,data,data_004471EC
0x0044723C,0x00000004,data,data_0044723C
0x00447244,0x00000020,data,data_00447244
0x00447268,0x00000004,data,data_00447268
0x0044726C,0x00000004,data,data_0044726C
0x00447270,0x00000002,data,data_00447270
0x00447272,0x00000004,data,data_00447272
0x00447276,0x00000002,data,data_00447276
0x00447278,0x00000004,data,data_00447278
0x0044727C,0x00000002,data,data_0044727C
0x0044727E,0x00000004,data,data_0044727E
0x00447282,0x00000006,data,data_00447282
0x0044728C,0x00000004,data,data_0044728C
0x00447294,0x00000004,data,data_00447294
0x00447298,0x00000004,data,data_00447298
0x0044729C,0x00000002,data,data_0044729C
0x0044729E,0x00000004,data,data_0044729E
0x004472A2,0x00000002,data,data_004472A2
0x004472A4,0x00000004,data,data_004472A4
0x004472A8,0x00000002,data,data_004472A8
0x004472AA,0x00000004,data,data_004472AA
0x004472AE,0x00000009,data,data_004472AE
0x004472B7,0x00000005,data,data_004472B7
0x004472BC,0x0000000F,data,data_004472BC
0x004472CB,0x00000005,data,data_004472CB
0x004472D0,0x00000003,data,data_004472D0
0x004472D3,0x00000079,data,data_004472D3
0x0044734C,0x00000010,data,data_0044734C
0x00447360,0x00000004,data,data_00447360
0x00447364,0x00000004,data,data_00447364
0x00447368,0x00000002,data,data_00447368
0x0044736A,0x00000004,data,data_0044736A
0x0044736E,0x00000002,data,data_0044736E
0x00447370,0x00000004,data,data_00447370
0x00447374,0x00000002,data,data_00447374
0x00447376,0x00000004,data,data_00447376
0x0044737A,0x00000006,data,data_0044737A
0x00447384,0x00000004,data,data_00447384
0x0044738C,0x00000004,data,data_0044738C
0x00447390,0x00000004,data,data_00447390
0x00447394,0x00000002,data,data_00447394
0x00447396,0x00000004,data,data_00447396
0x0044739A,0x00000002,data,data_0044739A
0x0044739C,0x00000004,data,data_0044739C
0x004473A0,0x00000002,data,data_004473A0
0x004473A2,0x00000004,data,data_004473A2
0x004473A6,0x00000009,data,data_004473A6
0x004473AF,0x00000005,data,data_004473AF
0x004473B4,0x0000000F,data,data_004473B4
0x004473C3,0x00000005,data,data_004473C3
0x004473C8,0x00000003,data,data_004473C8
0x004473CB,0x00000079,data,data_004473CB
0x00447444,0x0000000A,data,data_00447444
0x00447454,0x00000004,data,data_00447454
0x0044745C,0x0000004C,data,data_0044745C
0x004474AC,0x00000040,data,data_004474AC
0x004474EC,0x0000000A,data,data_004474EC
0x004474FC,0x00000004,data,data_004474FC
0x00447504,0x0000004C,data,data_00447504
0x00447550,0x00000003,data,data_00447550
0x00447553,0x00000005,data,data_00447553
0x0044755C,0x00000020,data,data_0044755C
0x00447580,0x00000007,data,data_00447580
0x00447587,0x00000005,data,data_00447587
0x0044758C,0x00000003,data,data_0044758C
0x0044758F,0x00000011,data,data_0044758F
0x004475A0,0x00000003,data,data_004475A0
0x004475A3,0x00000019,data,data_004475A3
0x004475BC,0x00000003,data,data_004475BC
0x004475BF,0x00000005,data,data_004475BF
0x004475C4,0x00000008,data,data_004475C4
0x004475CC,0x00000004,data,data_004475CC
0x004475D0,0x00000002,data,data_004475D0
0x004475D2,0x00000004,data,data_004475D2
0x004475D6,0x00000002,data,data_004475D6
0x004475D8,0x00000004,data,data_004475D8
0x004475DC,0x00000002,data,data_004475DC
0x004475DE,0x00000004,data,data_004475DE
0x004475E2,0x00000009,data,data_004475E2
0x004475EB,0x00000005,data,data_004475EB
0x004475F0,0x00000008,data,data_004475F0
0x004475F8,0x00000004,data,data_004475F8
0x004475FC,0x00000002,data,data_004475FC
0x004475FE,0x00000004,data,data_004475FE
0x00447602,0x00000002,data,data_00447602
0x00447604,0x00000004,data,data_00447604
0x00447608,0x00000002,data,data_00447608
0x0044760A,0x00000004,data,data_0044760A
0x0044760E,0x00000009,data,data_0044760E
0x00447617,0x00000005,data,data_00447617
0x0044761C,0x0000000F,data,data_0044761C
0x0044762B,0x00000005,data,data_0044762B
0x00447630,0x00000003,data,data_00447630
0x00447633,0x00000079,data,data_00447633
0x004476AC,0x00000008,data,data_004476AC
0x004476B8,0x0000000C,data,data_004476B8
0x004476C4,0x00000004,data,data_004476C4
0x004476C8,0x00000002,data,data_004476C8
0x004476CA,0x00000004,data,data_004476CA
0x004476CE,0x00000002,data,data_004476CE
0x004476D0,0x00000004,data,data_004476D0
0x004476D4,0x00000002,data,data_004476D4
0x004476D6,0x00000004,data,data_004476D6
0x004476DA,0x00000009,data,data_004476DA
0x004476E3,0x00000005,data,data_004476E3
0x004476E8,0x00000008,data,data_004476E8
0x004476F0,0x00000004,data,data_004476F0
0x004476F4,0x00000002,data,data_004476F4
0x004476F6,0x00000004,data,data_004476F6
0x004476FA,0x00000002,data,data_004476FA
0x004476FC,0x00000004,data,data_004476FC
0x00447700,0x00000002,data,data_00447700
0x00447702,0x00000004,data,data_00447702
0x00447706,0x00000009,data,data_00447706
0x0044770F,0x00000005,data,data_0044770F
0x00447714,0x0000000F,data,data_00447714
0x00447723,0x00000005,data,data_00447723
0x00447728,0x00000003,data,data_00447728
0x0044772B,0x00000079,data,data_0044772B
0x004477A4,0x0000000F,data,data_004477A4
0x004477B3,0x00000005,data,data_004477B3
0x004477B8,0x00000003,data,data_004477B8
0x004477BB,0x0000004D,data,data_004477BB
0x00447808,0x00000003,data,data_00447808
0x0044780B,0x00000041,data,data_0044780B
0x0044784C,0x0000000F,data,data_0044784C
0x0044785B,0x00000005,data,data_0044785B
0x00447860,0x00000003,data,data_00447860
0x00447863,0x0000004D,data,data_00447863
0x004478B0,0x00000003,data,data_004478B0
0x004478B3,0x00000005,data,data_004478B3
0x004478B8,0x00000003,data,data_004478B8
0x004478BB,0x00000021,data,data_004478BB
0x004478DC,0x00000008,data,data_004478DC
0x004478E8,0x00000004,data,data_004478E8
0x004478EC,0x00000004,data,data_004478EC
0x004478F0,0x00000002,data,data_004478F0
0x004478F2,0x00000004,data,data_004478F2
0x004478F6,0x00000002,data,data_004478F6
0x004478F8,0x00000004,data,data_004478F8
0x004478FC,0x00000002,data,data_004478FC
0x004478FE,0x00000004,data,data_004478FE
0x00447902,0x00000009,data,data_00447902
0x0044790B,0x00000005,data,data_0044790B
0x00447910,0x00000008,data,data_00447910
0x00447918,0x00000004,data,data_00447918
0x0044791C,0x00000002,data,data_0044791C
0x0044791E,0x00000004,data,data_0044791E
0x00447922,0x00000002,data,data_00447922
0x00447924,0x00000004,data,data_00447924
0x00447928,0x00000002,data,data_00447928
0x0044792A,0x00000004,data,data_0044792A
0x0044792E,0x00000006,data,data_0044792E
0x00447938,0x00000004,data,data_00447938
0x00447940,0x0000000B,data,data_00447940
0x0044794B,0x00000005,data,data_0044794B
0x00447950,0x00000003,data,data_00447950
0x00447953,0x00000079,data,data_00447953
0x004479D0,0x00000004,data,data_004479D0
0x004479D8,0x0000000C,data,data_004479D8
0x004479E4,0x00000004,data,data_004479E4
0x004479E8,0x00000002,data,data_004479E8
0x004479EA,0x00000004,data,data_004479EA
0x004479EE,0x00000002,data,data_004479EE
0x004479F0,0x00000004,data,data_004479F0
0x004479F4,0x00000002,data,data_004479F4
0x004479F6,0x00000004,data,data_004479F6
0x004479FA,0x00000009,data,data_004479FA
0x00447A03,0x00000005,data,data_00447A03
0x00447A08,0x00000008,data,data_00447A08
0x00447A10,0x00000004,data,data_00447A10
0x00447A14,0x00000002,data,data_00447A14
0x00447A16,0x00000004,data,data_00447A16
0x00447A1A,0x00000002,data,data_00447A1A
0x00447A1C,0x00000004,data,data_00447A1C
0x00447A20,0x00000002,data,data_00447A20
0x00447A22,0x00000004,data,data_00447A22
0x00447A26,0x00000009,data,data_00447A26
0x00447A2F,0x00000005,data,data_00447A2F
0x00447A34,0x0000000F,data,data_00447A34
0x00447A43,0x00000005,data,data_00447A43
0x00447A48,0x00000003,data,data_00447A48
0x00447A4B,0x00000079,data,data_00447A4B
0x00447AC8,0x0000000B,data,data_00447AC8
0x00447AD3,0x00000005,data,data_00447AD3
0x00447AD8,0x00000003,data,data_00447AD8
0x00447ADB,0x0000004D,data,data_00447ADB
0x00447B28,0x00000003,data,data_00447B28
0x00447B2B,0x00000041,data,data_00447B2B
0x00447B70,0x0000000B,data,data_00447B70
0x00447B7B,0x00000005,data,data_00447B7B
0x00447B80,0x00000003,data,data_00447B80
0x00447B83,0x0000004D,data,data_00447B83
0x00447BD0,0x00000003,data,data_00447BD0
0x00447BD3,0x00000005,data,data_00447BD3
0x00447BD8,0x00000003,data,data_00447BD8
0x00447BDB,0x00000021,data,data_00447BDB
0x00447BFC,0x00000008,data,data_00447BFC
0x00447C04,0x00000004,data,data_00447C04
0x00447C08,0x00000002,data,data_00447C08
0x00447C0A,0x00000004,data,data_00447C0A
0x00447C0E,0x00000002,data,data_00447C0E
0x00447C10,0x00000004,data,data_00447C10
0x00447C14,0x00000002,data,data_00447C14
0x00447C16,0x00000004,data,data_00447C16
0x00447C1A,0x00000009,data,data_00447C1A
0x00447C23,0x00000005,data,data_00447C23
0x00447C28,0x00000008,data,data_00447C28
0x00447C30,0x00000004,data,data_00447C30
0x00447C34,0x00000002,data,data_00447C34
0x00447C36,0x00000004,data,data_00447C36
0x00447C3A,0x00000002,data,data_00447C3A
0x00447C3C,0x00000004,data,data_00447C3C
0x00447C40,0x00000002,data,data_00447C40
0x00447C42,0x00000004,data,data_00447C42
0x00447C46,0x00000006,data,data_00447C46
0x00447C50,0x00000004,data,data_00447C50
0x00447C58,0x00000006,data,data_00447C58
0x00447C64,0x00000004,data,data_00447C64
0x00447C6C,0x00000078,data,data_00447C6C
0x00447CE8,0x00000004,data,data_00447CE8
0x00447CF0,0x0000000C,data,data_00447CF0
0x00447CFC,0x00000004,data,data_00447CFC
0x00447D00,0x00000002,data,data_00447D00
0x00447D02,0x00000004,data,data_00447D02
0x00447D06,0x00000002,data,data_00447D06
0x00447D08,0x00000004,data,data_00447D08
0x00447D0C,0x00000002,data,data_00447D0C
0x00447D0E,0x00000004,data,data_00447D0E
0x00447D12,0x00000009,data,data_00447D12
0x00447D1B,0x00000005,data,data_00447D1B
0x00447D20,0x00000008,data,data_00447D20
0x00447D28,0x00000004,data,data_00447D28
0x00447D2C,0x00000002,data,data_00447D2C
0x00447D2E,0x00000004,data,data_00447D2E
0x00447D32,0x00000002,data,data_00447D32
0x00447D34,0x00000004,data,data_00447D34
0x00447D38,0x00000002,data,data_00447D38
0x00447D3A,0x00000004,data,data_00447D3A
0x00447D3E,0x00000006,data,data_00447D3E
0x00447D48,0x00000004,data,data_00447D48
0x00447D50,0x00000006,data,data_00447D50
0x00447D5C,0x00000004,data,data_00447D5C
0x00447D64,0x00000078,data,data_00447D64
0x00447DE0,0x0000000B,data,data_00447DE0
0x00447DEB,0x00000005,data,data_00447DEB
0x00447DF0,0x00000003,data,data_00447DF0
0x00447DF3,0x0000004D,data,data_00447DF3
0x00447E40,0x00000003,data,data_00447E40
0x00447E43,0x00000041,data,data_00447E43
0x00447E88,0x0000000B,data,data_00447E88
0x00447E93,0x00000005,data,data_00447E93
0x00447E98,0x00000003,data,data_00447E98
0x00447E9B,0x0000004D,data,data_00447E9B
0x00447EE8,0x00000003,data,data_00447EE8
0x00447EEB,0x00000005,data,data_00447EEB
0x00447EF0,0x00000003,data,data_00447EF0
0x00447EF3,0x00000021,data,data_00447EF3
0x00447F14,0x00000012,data,data_00447F14
0x00447F26,0x00000004,data,data_00447F26
0x00447F2A,0x00000009,data,data_00447F2A
0x00447F33,0x00000005,data,data_00447F33
0x00447F38,0x0000000C,data,data_00447F38
0x00447F4C,0x00000010,data,data_00447F4C
0x00447F5C,0x00000003,data,data_00447F5C
0x00447F5F,0x00000005,data,data_00447F5F
0x00447F64,0x00000003,data,data_00447F64
0x00447F67,0x00000011,data,data_00447F67
0x00447F78,0x00000004,data,data_00447F78
0x00447F80,0x00000003,data,data_00447F80
0x00447F83,0x0000000D,data,data_00447F83
0x00447F90,0x00000004,data,data_00447F90
0x00447F98,0x00000004,data,data_00447F98
0x00447FA0,0x00000002,data,data_00447FA0
0x00447FA2,0x00000004,data,data_00447FA2
0x00447FA6,0x00000005,data,data_00447FA6
0x00447FAB,0x00000005,data,data_00447FAB
0x00447FB0,0x00000008,data,data_00447FB0
0x00447FB8,0x00000004,data,data_00447FB8
0x00447FBC,0x0000001E,data,data_00447FBC
0x00447FDA,0x00000004,data,data_00447FDA
0x00447FDE,0x00000021,data,data_00447FDE
0x00447FFF,0x00000015,data,data_00447FFF
0x00448014,0x00000010,data,data_00448014
0x00448024,0x00000004,data,data_00448024
0x00448028,0x0000000E,data,data_00448028
0x00448036,0x00000004,data,data_00448036
0x0044803A,0x00000002,data,data_0044803A
0x0044803C,0x00000004,data,data_0044803C
0x00448040,0x0000000E,data,data_00448040
0x0044804E,0x00000004,data,data_0044804E
0x00448052,0x00000002,data,data_00448052
0x00448054,0x00000004,data,data_00448054
0x00448058,0x00000015,data,data_00448058
0x0044806D,0x00000011,data,data_0044806D
0x0044807E,0x00000003,data,data_0044807E
0x00448081,0x00000035,data,data_00448081
0x004480B6,0x00000008,data,data_004480B6
0x004480BE,0x00000004,data,data_004480BE
0x004480C2,0x00000015,data,data_004480C2
0x004480D7,0x00000011,data,data_004480D7
0x004480E8,0x00000003,data,data_004480E8
0x004480EB,0x00000009,data,data_004480EB
0x004480F4,0x00000003,data,data_004480F4
0x004480F7,0x00000029,data,data_004480F7
0x00448120,0x00000010,data,data_00448120
0x00448130,0x00000004,data,data_00448130
0x00448134,0x0000000E,data,data_00448134
0x00448142,0x00000004,data,data_00448142
0x00448146,0x00000011,data,data_00448146
0x00448157,0x00000049,data,data_00448157
0x004481A0,0x00000022,data,data_004481A0
0x004481C2,0x00000004,data,data_004481C2
0x004481C6,0x0000001E,data,data_004481C6
0x004481E4,0x00000004,data,data_004481E4
0x004481E8,0x00000002,data,data_004481E8
0x004481EA,0x00000004,data,data_004481EA
0x004481EE,0x00000002,data,data_004481EE
0x004481F0,0x00000004,data,data_004481F0
0x004481F4,0x00000002,data,data_004481F4
0x004481F6,0x00000004,data,data_004481F6
0x004481FA,0x00000002,data,data_004481FA
0x004481FC,0x00000004,data,data_004481FC
0x00448200,0x00000002,data,data_00448200
0x00448202,0x00000004,data,data_00448202
0x00448206,0x00000002,data,data_00448206
0x00448208,0x00000004,data,data_00448208
0x0044820C,0x00000002,data,data_0044820C
0x0044820E,0x00000004,data,data_0044820E
0x00448212,0x00000002,data,data_00448212
0x00448214,0x00000004,data,data_00448214
0x00448218,0x0000001E,data,data_00448218
0x00448236,0x00000004,data,data_00448236
0x0044823A,0x00000002,data,data_0044823A
0x0044823C,0x00000004,data,data_0044823C
0x00448240,0x00000002,data,data_00448240
0x00448242,0x00000004,data,data_00448242
0x00448246,0x00000002,data,data_00448246
0x00448248,0x00000004,data,data_00448248
0x0044824C,0x00000002,data,data_0044824C
0x0044824E,0x00000004,data,data_0044824E
0x00448252,0x00000002,data,data_00448252
0x00448254,0x00000004,data,data_00448254
0x00448258,0x00000002,data,data_00448258
0x0044825A,0x00000004,data,data_0044825A
0x0044825E,0x00000002,data,data_0044825E
0x00448260,0x00000004,data,data_00448260
0x00448264,0x00000002,data,data_00448264
0x00448266,0x00000004,data,data_00448266
0x0044826A,0x00000002,data,data_0044826A
0x0044826C,0x00000004,data,data_0044826C
0x00448270,0x00000002,data,data_00448270
0x00448272,0x00000004,data,data_00448272
0x00448276,0x00000032,data,data_00448276
0x004482A8,0x00000004,data,data_004482A8
0x004482AC,0x00000002,data,data_004482AC
0x004482AE,0x00000004,data,data_004482AE
0x004482B2,0x00000002,data,data_004482B2
0x004482B4,0x00000004,data,data_004482B4
0x004482B8,0x00000002,data,data_004482B8
0x004482BA,0x00000004,data,data_004482BA
0x004482BE,0x00000002,data,data_004482BE
0x004482C0,0x00000004,data,data_004482C0
0x004482C4,0x00000002,data,data_004482C4
0x004482C6,0x00000004,data,data_004482C6
0x004482CA,0x00000002,data,data_004482CA
0x004482CC,0x00000004,data,data_004482CC
0x004482D0,0x00000002,data,data_004482D0
0x004482D2,0x00000004,data,data_004482D2
0x004482D6,0x00000002,data,data_004482D6
0x004482D8,0x00000004,data,data_004482D8
0x004482DC,0x00000002,data,data_004482DC
0x004482DE,0x00000004,data,data_004482DE
0x004482E2,0x00000032,data,data_004482E2
0x00448314,0x00000004,data,data_00448314
0x00448318,0x00000002,data,data_00448318
0x0044831A,0x00000004,data,data_0044831A
0x0044831E,0x00000012,data,data_0044831E
0x00448330,0x00000004,data,data_00448330
0x00448334,0x00000002,data,data_00448334
0x00448336,0x00000004,data,data_00448336
0x0044833A,0x00000002,data,data_0044833A
0x0044833C,0x00000004,data,data_0044833C
0x00448340,0x00000002,data,data_00448340
0x00448342,0x00000004,data,data_00448342
0x00448346,0x00000002,data,data_00448346
0x00448348,0x00000004,data,data_00448348
0x0044834C,0x00000002,data,data_0044834C
0x0044834E,0x00000004,data,data_0044834E
0x00448352,0x0000003A,data,data_00448352
0x00448390,0x0000000A,data,data_00448390
0x0044839A,0x00000004,data,data_0044839A
0x0044839E,0x00000002,data,data_0044839E
0x004483A0,0x00000004,data,data_004483A0
0x004483A4,0x00000002,data,data_004483A4
0x004483A6,0x00000004,data,data_004483A6
0x004483AA,0x00000005,data,data_004483AA
0x004483AF,0x00000005,data,data_004483AF
0x004483B4,0x0000000B,data,data_004483B4
0x004483BF,0x00000035,data,data_004483BF
0x004483F4,0x00000008,data,data_004483F4
0x004483FC,0x00000004,data,data_004483FC
0x00448400,0x00000020,data,data_00448400
0x00448420,0x00000004,data,data_00448420
0x00448424,0x00000021,data,data_00448424
0x00448445,0x00000025,data,data_00448445
0x0044846A,0x0000000B,data,data_0044846A
0x00448475,0x00000005,data,data_00448475
0x0044847A,0x00000003,data,data_0044847A
0x0044847D,0x0000001D,data,data_0044847D
0x0044849A,0x0000000B,data,data_0044849A
0x004484A5,0x0000000D,data,data_004484A5
0x004484B2,0x00000003,data,data_004484B2
0x004484B5,0x00000011,data,data_004484B5
0x004484C6,0x0000000F,data,data_004484C6
0x004484D5,0x00000029,data,data_004484D5
0x004484FE,0x0000000F,data,data_004484FE
0x0044850D,0x00000009,data,data_0044850D
0x00448516,0x00000008,data,data_00448516
0x0044851E,0x00000004,data,data_0044851E
0x00448522,0x0000000E,data,data_00448522
0x00448530,0x00000004,data,data_00448530
0x00448534,0x00000010,data,data_00448534
0x00448544,0x00000004,data,data_00448544
0x00448548,0x00000011,data,data_00448548
0x00448559,0x00000031,data,data_00448559
0x0044858A,0x00000007,data,data_0044858A
0x00448591,0x00000015,data,data_00448591
0x004485A6,0x00000010,data,data_004485A6
0x004485B6,0x00000004,data,data_004485B6
0x004485BA,0x00000002,data,data_004485BA
0x004485BC,0x00000004,data,data_004485BC
0x004485C0,0x00000002,data,data_004485C0
0x004485C2,0x00000004,data,data_004485C2
0x004485C6,0x00000002,data,data_004485C6
0x004485C8,0x00000004,data,data_004485C8
0x004485CC,0x0000000E,data,data_004485CC
0x004485DA,0x00000004,data,data_004485DA
0x004485DE,0x00000002,data,data_004485DE
0x004485E0,0x00000004,data,data_004485E0
0x004485E4,0x00000015,data,data_004485E4
0x004485F9,0x00000081,data,data_004485F9
0x0044867A,0x0000000F,data,data_0044867A
0x00448689,0x00000081,data,data_00448689
0x0044870A,0x00000003,data,data_0044870A
0x0044870D,0x00000015,data,data_0044870D
0x00448722,0x00000008,data,data_00448722
0x0044872A,0x00000004,data,data_0044872A
0x0044872E,0x00000002,data,data_0044872E
0x00448730,0x00000004,data,data_00448730
0x00448734,0x0000000E,data,data_00448734
0x00448742,0x00000004,data,data_00448742
0x00448746,0x00000002,data,data_00448746
0x00448748,0x00000004,data,data_00448748
0x0044874C,0x00000015,data,data_0044874C
0x00448761,0x00000081,data,data_00448761
0x004487E2,0x0000000F,data,data_004487E2
0x004487F1,0x00000081,data,data_004487F1
0x00448872,0x00000003,data,data_00448872
0x00448875,0x00000015,data,data_00448875
0x0044888A,0x0000000B,data,data_0044888A
0x00448895,0x00000049,data,data_00448895
0x004488DE,0x00000018,data,data_004488DE
0x004488F6,0x00000004,data,data_004488F6
0x004488FA,0x0000000E,data,data_004488FA
0x00448908,0x00000004,data,data_00448908
0x0044890C,0x00000016,data,data_0044890C
0x00448922,0x00000004,data,data_00448922
0x00448926,0x0000002C,data,data_00448926
0x00448952,0x00000004,data,data_00448952
0x00448956,0x00000019,data,data_00448956
0x0044896F,0x00000005,data,data_0044896F
0x00448974,0x00000003,data,data_00448974
0x00448977,0x00000009,data,data_00448977
0x00448980,0x00000003,data,data_00448980
0x00448983,0x0000001D,data,data_00448983
0x004489A0,0x00000003,data,data_004489A0
0x004489A3,0x00000005,data,data_004489A3
0x004489A8,0x0000000B,data,data_004489A8
0x004489B3,0x00000005,data,data_004489B3
0x004489B8,0x00000018,data,data_004489B8
0x004489D0,0x00000004,data,data_004489D0
0x004489D4,0x00000009,data,data_004489D4
0x004489DD,0x00000015,data,data_004489DD
0x004489F2,0x00000004,data,data_004489F2
0x004489FA,0x00000002,data,data_004489FA
0x004489FC,0x00000004,data,data_004489FC
0x00448A00,0x00000002,data,data_00448A00
0x00448A02,0x00000004,data,data_00448A02
0x00448A06,0x00000002,data,data_00448A06
0x00448A08,0x00000004,data,data_00448A08
0x00448A0C,0x00000008,data,data_00448A0C
0x00448A14,0x00000004,data,data_00448A14
0x00448A18,0x00000002,data,data_00448A18
0x00448A1A,0x00000004,data,data_00448A1A
0x00448A1E,0x00000019,data,data_00448A1E
0x00448A37,0x0000000D,data,data_00448A37
0x00448A44,0x00000008,data,data_00448A44
0x00448A4C,0x00000004,data,data_00448A4C
0x00448A50,0x00000002,data,data_00448A50
0x00448A52,0x00000004,data,data_00448A52
0x00448A56,0x00000026,data,data_00448A56
0x00448A7C,0x00000004,data,data_00448A7C
0x00448A80,0x00000005,data,data_00448A80
0x00448A85,0x00000005,data,data_00448A85
0x00448A8A,0x00000013,data,data_00448A8A
0x00448A9D,0x0000003D,data,data_00448A9D
0x00448ADA,0x00000003,data,data_00448ADA
0x00448ADD,0x00000005,data,data_00448ADD
0x00448AE2,0x00000007,data,data_00448AE2
0x00448AE9,0x0000000D,data,data_00448AE9
0x00448AF6,0x00000003,data,data_00448AF6
0x00448AF9,0x00000011,data,data_00448AF9
0x00448B0A,0x0000002C,data,data_00448B0A
0x00448B36,0x00000004,data,data_00448B36
0x00448B3A,0x00000002,data,data_00448B3A
0x00448B3C,0x00000004,data,data_00448B3C
0x00448B40,0x00000002,data,data_00448B40
0x00448B42,0x00000004,data,data_00448B42
0x00448B46,0x00000002,data,data_00448B46
0x00448B48,0x00000004,data,data_00448B48
0x00448B4C,0x00000009,data,data_00448B4C
0x00448B55,0x0000000D,data,data_00448B55
0x00448B62,0x00000003,data,data_00448B62
0x00448B65,0x00000009,data,data_00448B65
0x00448B6E,0x00000003,data,data_00448B6E
0x00448B71,0x00000009,data,data_00448B71
0x00448B7A,0x00000010,data,data_00448B7A
0x00448B8A,0x00000004,data,data_00448B8A
0x00448B8E,0x00000002,data,data_00448B8E
0x00448B90,0x00000004,data,data_00448B90
0x00448B94,0x00000030,data,data_00448B94
0x00448BC4,0x00000004,data,data_00448BC4
0x00448BC8,0x0000001E,data,data_00448BC8
0x00448BE6,0x00000004,data,data_00448BE6
0x00448BEA,0x0000001E,data,data_00448BEA
0x00448C08,0x00000004,data,data_00448C08
0x00448C0C,0x00000002,data,data_00448C0C
0x00448C0E,0x00000004,data,data_00448C0E
0x00448C12,0x00000019,data,data_00448C12
0x00448C2B,0x00000021,data,data_00448C2B
0x00448C4C,0x00000008,data,data_00448C4C
0x00448C54,0x00000004,data,data_00448C54
0x00448C58,0x0000000E,data,data_00448C58
0x00448C66,0x00000004,data,data_00448C66
0x00448C6A,0x0000000E,data,data_00448C6A
0x00448C78,0x00000004,data,data_00448C78
0x00448C7C,0x00000011,data,data_00448C7C
0x00448C8D,0x00000015,data,data_00448C8D
0x00448CA2,0x00000003,data,data_00448CA2
0x00448CA5,0x00000039,data,data_00448CA5
0x00448CDE,0x0000000B,data,data_00448CDE
0x00448CE9,0x00000019,data,data_00448CE9
0x00448D02,0x00000003,data,data_00448D02
0x00448D05,0x00000015,data,data_00448D05
0x00448D1A,0x0000000F,data,data_00448D1A
0x00448D29,0x00000029,data,data_00448D29
0x00448D52,0x0000000B,data,data_00448D52
0x00448D5D,0x00000015,data,data_00448D5D
0x00448D72,0x00000003,data,data_00448D72
0x00448D75,0x00000009,data,data_00448D75
0x00448D7E,0x00000003,data,data_00448D7E
0x00448D81,0x00000005,data,data_00448D81
0x00448D86,0x00000003,data,data_00448D86
0x00448D89,0x00000009,data,data_00448D89
0x00448D92,0x00000003,data,data_00448D92
0x00448D95,0x00000011,data,data_00448D95
0x00448DA6,0x00000003,data,data_00448DA6
0x00448DA9,0x00000005,data,data_00448DA9
0x00448DAE,0x00000008,data,data_00448DAE
0x00448DB6,0x00000004,data,data_00448DB6
0x00448DBA,0x00000016,data,data_00448DBA
0x00448DD0,0x00000004,data,data_00448DD0
0x00448DD4,0x00000002,data,data_00448DD4
0x00448DD6,0x00000004,data,data_00448DD6
0x00448DDA,0x00000015,data,data_00448DDA
0x00448DEF,0x00000091,data,data_00448DEF
0x00448E80,0x00000013,data,data_00448E80
0x00448E93,0x00000005,data,data_00448E93
0x00448E98,0x00000008,data,data_00448E98
0x00448EA0,0x00000004,data,data_00448EA0
0x00448EA4,0x0000001E,data,data_00448EA4
0x00448EC2,0x00000004,data,data_00448EC2
0x00448EC6,0x00000002,data,data_00448EC6
0x00448EC8,0x00000004,data,data_00448EC8
0x00448ECC,0x00000005,data,data_00448ECC
0x00448ED1,0x00000015,data,data_00448ED1
0x00448EE6,0x00000010,data,data_00448EE6
0x00448EF6,0x00000004,data,data_00448EF6
0x00448EFA,0x00000002,data,data_00448EFA
0x00448EFC,0x00000004,data,data_00448EFC
0x00448F00,0x00000015,data,data_00448F00
0x00448F15,0x000000AD,data,data_00448F15
0x00448FC2,0x00000008,data,data_00448FC2
0x00448FCA,0x00000004,data,data_00448FCA
0x00448FCE,0x00000002,data,data_00448FCE
0x00448FD0,0x00000004,data,data_00448FD0
0x00448FD4,0x00000015,data,data_00448FD4
0x00448FE9,0x000000AD,data,data_00448FE9
0x00449096,0x0000000B,data,data_00449096
0x004490A1,0x00000049,data,data_004490A1
0x004490EA,0x00000013,data,data_004490EA
0x004490FD,0x00000019,data,data_004490FD
0x00449116,0x00000003,data,data_00449116
0x00449119,0x00000019,data,data_00449119
0x00449132,0x00000008,data,data_00449132
0x0044913A,0x00000004,data,data_0044913A
0x0044913E,0x00000002,data,data_0044913E
0x00449140,0x00000004,data,data_00449140
0x00449144,0x00000015,data,data_00449144
0x00449159,0x00000091,data,data_00449159
0x004491EA,0x00000018,data,data_004491EA
0x00449202,0x00000004,data,data_00449202
0x00449206,0x00000002,data,data_00449206
0x00449208,0x00000004,data,data_00449208
0x0044920C,0x00000015,data,data_0044920C
0x00449221,0x00000091,data,data_00449221
0x004492B2,0x00000018,data,data_004492B2
0x004492CA,0x00000004,data,data_004492CA
0x004492CE,0x0000000E,data,data_004492CE
0x004492DC,0x00000004,data,data_004492DC
0x004492E0,0x00000002,data,data_004492E0
0x004492E2,0x00000004,data,data_004492E2
0x004492E6,0x00000015,data,data_004492E6
0x004492FB,0x00000091,data,data_004492FB
0x0044938C,0x00000018,data,data_0044938C
0x004493A4,0x00000004,data,data_004493A4
0x004493A8,0x00000002,data,data_004493A8
0x004493AA,0x00000004,data,data_004493AA
0x004493AE,0x00000015,data,data_004493AE
0x004493C3,0x00000091,data,data_004493C3
0x00449454,0x00000013,data,data_00449454
0x00449467,0x00000041,data,data_00449467
0x004494A8,0x00000007,data,data_004494A8
0x004494AF,0x00000005,data,data_004494AF
0x004494B4,0x00000008,data,data_004494B4
0x004494BC,0x00000004,data,data_004494BC
0x004494C0,0x0000001E,data,data_004494C0
0x004494DE,0x00000004,data,data_004494DE
0x004494E2,0x00000016,data,data_004494E2
0x004494F8,0x00000004,data,data_004494F8
0x004494FC,0x00000002,data,data_004494FC
0x004494FE,0x00000004,data,data_004494FE
0x00449502,0x00000015,data,data_00449502
0x00449517,0x00000091,data,data_00449517
0x004495A8,0x00000018,data,data_004495A8
0x004495C0,0x00000004,data,data_004495C0
0x004495C4,0x00000002,data,data_004495C4
0x004495C6,0x00000004,data,data_004495C6
0x004495CA,0x00000015,data,data_004495CA
0x004495DF,0x00000091,data,data_004495DF
0x00449670,0x0000001B,data,data_00449670
0x0044968B,0x00000045,data,data_0044968B
0x004496D0,0x0000000B,data,data_004496D0
0x004496DB,0x0000000D,data,data_004496DB
0x004496E8,0x00000003,data,data_004496E8
0x004496EB,0x0000001D,data,data_004496EB
0x00449708,0x00000008,data,data_00449708
0x00449710,0x00000004,data,data_00449710
0x00449714,0x00000016,data,data_00449714
0x0044972A,0x00000004,data,data_0044972A
0x0044972E,0x00000002,data,data_0044972E
0x00449730,0x00000004,data,data_00449730
0x00449734,0x00000002,data,data_00449734
0x00449736,0x00000004,data,data_00449736
0x0044973A,0x00000002,data,data_0044973A
0x0044973C,0x00000004,data,data_0044973C
0x00449740,0x00000002,data,data_00449740
0x00449742,0x00000004,data,data_00449742
0x00449746,0x00000002,data,data_00449746
0x00449748,0x00000004,data,data_00449748
0x0044974C,0x00000002,data,data_0044974C
0x0044974E,0x00000004,data,data_0044974E
0x00449752,0x00000002,data,data_00449752
0x00449754,0x00000004,data,data_00449754
0x00449758,0x00000002,data,data_00449758
0x0044975A,0x00000004,data,data_0044975A
0x0044975E,0x00000002,data,data_0044975E
0x00449760,0x00000004,data,data_00449760
0x00449764,0x00000002,data,data_00449764
0x00449766,0x00000004,data,data_00449766
0x0044976A,0x00000032,data,data_0044976A
0x0044979C,0x00000004,data,data_0044979C
0x004497A0,0x00000002,data,data_004497A0
0x004497A2,0x00000004,data,data_004497A2
0x004497A6,0x00000002,data,data_004497A6
0x004497A8,0x00000004,data,data_004497A8
0x004497AC,0x00000002,data,data_004497AC
0x004497AE,0x00000004,data,data_004497AE
0x004497B2,0x00000002,data,data_004497B2
0x004497B4,0x00000004,data,data_004497B4
0x004497B8,0x00000002,data,data_004497B8
0x004497BA,0x00000004,data,data_004497BA
0x004497BE,0x00000002,data,data_004497BE
0x004497C0,0x00000004,data,data_004497C0
0x004497C4,0x00000002,data,data_004497C4
0x004497C6,0x00000004,data,data_004497C6
0x004497CA,0x00000002,data,data_004497CA
0x004497CC,0x00000004,data,data_004497CC
0x004497D0,0x00000002,data,data_004497D0
0x004497D2,0x00000004,data,data_004497D2
0x004497D6,0x00000032,data,data_004497D6
0x00449808,0x00000004,data,data_00449808
0x0044980C,0x00000002,data,data_0044980C
0x0044980E,0x00000004,data,data_0044980E
0x00449812,0x00000012,data,data_00449812
0x00449824,0x00000004,data,data_00449824
0x00449828,0x00000002,data,data_00449828
0x0044982A,0x00000004,data,data_0044982A
0x0044982E,0x00000002,data,data_0044982E
0x00449830,0x00000004,data,data_00449830
0x00449834,0x00000002,data,data_00449834
0x00449836,0x00000004,data,data_00449836
0x0044983A,0x00000002,data,data_0044983A
0x0044983C,0x00000004,data,data_0044983C
0x00449840,0x00000002,data,data_00449840
0x00449842,0x00000004,data,data_00449842
0x00449846,0x00000002,data,data_00449846
0x00449848,0x00000004,data,data_00449848
0x0044984C,0x00000002,data,data_0044984C
0x0044984E,0x00000004,data,data_0044984E
0x00449852,0x00000002,data,data_00449852
0x00449854,0x00000004,data,data_00449854
0x00449858,0x00000002,data,data_00449858
0x0044985A,0x00000004,data,data_0044985A
0x0044985E,0x00000002,data,data_0044985E
0x00449860,0x00000004,data,data_00449860
0x00449864,0x00000002,data,data_00449864
0x00449866,0x00000004,data,data_00449866
0x0044986A,0x00000002,data,data_0044986A
0x0044986C,0x00000004,data,data_0044986C
0x00449870,0x00000002,data,data_00449870
0x00449872,0x00000004,data,data_00449872
0x00449876,0x0000005D,data,data_00449876
0x004498D3,0x00000065,data,data_004498D3
0x00449938,0x00000008,data,data_00449938
0x00449940,0x00000004,data,data_00449940
0x00449944,0x00000002,data,data_00449944
0x00449946,0x00000004,data,data_00449946
0x0044994A,0x00000002,data,data_0044994A
0x0044994C,0x00000004,data,data_0044994C
0x00449950,0x00000002,data,data_00449950
0x00449952,0x00000004,data,data_00449952
0x00449956,0x00000002,data,data_00449956
0x00449958,0x00000004,data,data_00449958
0x0044995C,0x00000002,data,data_0044995C
0x0044995E,0x00000004,data,data_0044995E
0x00449962,0x00000002,data,data_00449962
0x00449964,0x00000004,data,data_00449964
0x00449968,0x00000002,data,data_00449968
0x0044996A,0x00000004,data,data_0044996A
0x0044996E,0x00000002,data,data_0044996E
0x00449970,0x00000004,data,data_00449970
0x00449974,0x00000002,data,data_00449974
0x00449976,0x00000004,data,data_00449976
0x0044997A,0x00000002,data,data_0044997A
0x0044997C,0x00000004,data,data_0044997C
0x00449980,0x00000032,data,data_00449980
0x004499B2,0x00000004,data,data_004499B2
0x004499B6,0x00000002,data,data_004499B6
0x004499B8,0x00000004,data,data_004499B8
0x004499BC,0x00000002,data,data_004499BC
0x004499BE,0x00000004,data,data_004499BE
0x004499C2,0x00000002,data,data_004499C2
0x004499C4,0x00000004,data,data_004499C4
0x004499C8,0x00000002,data,data_004499C8
0x004499CA,0x00000004,data,data_004499CA
0x004499CE,0x00000002,data,data_004499CE
0x004499D0,0x00000004,data,data_004499D0
0x004499D4,0x00000002,data,data_004499D4
0x004499D6,0x00000004,data,data_004499D6
0x004499DA,0x00000002,data,data_004499DA
0x004499DC,0x00000004,data,data_004499DC
0x004499E0,0x00000002,data,data_004499E0
0x004499E2,0x00000004,data,data_004499E2
0x004499E6,0x00000002,data,data_004499E6
0x004499E8,0x00000004,data,data_004499E8
0x004499EC,0x00000032,data,data_004499EC
0x00449A1E,0x00000004,data,data_00449A1E
0x00449A22,0x00000002,data,data_00449A22
0x00449A24,0x00000004,data,data_00449A24
0x00449A28,0x00000012,data,data_00449A28
0x00449A3A,0x00000004,data,data_00449A3A
0x00449A3E,0x00000002,data,data_00449A3E
0x00449A40,0x00000004,data,data_00449A40
0x00449A44,0x00000002,data,data_00449A44
0x00449A46,0x00000004,data,data_00449A46
0x00449A4A,0x00000002,data,data_00449A4A
0x00449A4C,0x00000004,data,data_00449A4C
0x00449A50,0x00000002,data,data_00449A50
0x00449A52,0x00000004,data,data_00449A52
0x00449A56,0x00000002,data,data_00449A56
0x00449A58,0x00000004,data,data_00449A58
0x00449A5C,0x00000002,data,data_00449A5C
0x00449A5E,0x00000004,data,data_00449A5E
0x00449A62,0x00000016,data,data_00449A62
0x00449A78,0x00000004,data,data_00449A78
0x00449A7C,0x0000000E,data,data_00449A7C
0x00449A8A,0x00000004,data,data_00449A8A
0x00449A8E,0x00000059,data,data_00449A8E
0x00449AE7,0x0000002D,data,data_00449AE7
0x00449B14,0x00000003,data,data_00449B14
0x00449B17,0x00000035,data,data_00449B17
0x00449B4C,0x00000008,data,data_00449B4C
0x00449B54,0x00000004,data,data_00449B54
0x00449B58,0x00000016,data,data_00449B58
0x00449B6E,0x00000004,data,data_00449B6E
0x00449B72,0x00000002,data,data_00449B72
0x00449B74,0x00000004,data,data_00449B74
0x00449B78,0x00000015,data,data_00449B78
0x00449B8D,0x00000091,data,data_00449B8D
0x00449C1E,0x00000018,data,data_00449C1E
0x00449C36,0x00000004,data,data_00449C36
0x00449C3A,0x00000002,data,data_00449C3A
0x00449C3C,0x00000004,data,data_00449C3C
0x00449C40,0x00000015,data,data_00449C40
0x00449C55,0x00000091,data,data_00449C55
0x00449CE6,0x00000013,data,data_00449CE6
0x00449CF9,0x0000002D,data,data_00449CF9
0x00449D26,0x00000003,data,data_00449D26
0x00449D29,0x0000000D,data,data_00449D29
0x00449D36,0x0000000B,data,data_00449D36
0x00449D41,0x00000005,data,data_00449D41
0x00449D46,0x00000007,data,data_00449D46
0x00449D4D,0x00000021,data,data_00449D4D
0x00449D6E,0x0000000F,data,data_00449D6E
0x00449D7D,0x00000005,data,data_00449D7D
0x00449D82,0x00000016,data,data_00449D82
0x00449D9C,0x00000002,data,data_00449D9C
0x00449D9E,0x00000004,data,data_00449D9E
0x00449DA2,0x00000002,data,data_00449DA2
0x00449DA4,0x00000004,data,data_00449DA4
0x00449DA8,0x00000005,data,data_00449DA8
0x00449DAD,0x00000025,data,data_00449DAD
0x00449DD2,0x00000003,data,data_00449DD2
0x00449DD5,0x00000009,data,data_00449DD5
0x00449DDE,0x00000003,data,data_00449DDE
0x00449DE1,0x00000005,data,data_00449DE1
0x00449DE6,0x00000004,data,data_00449DE6
0x00449DEE,0x00000002,data,data_00449DEE
0x00449DF0,0x00000004,data,data_00449DF0
0x00449DF4,0x0000001A,data,data_00449DF4
0x00449E12,0x00000002,data,data_00449E12
0x00449E14,0x00000004,data,data_00449E14
0x00449E18,0x00000005,data,data_00449E18
0x00449E1D,0x00000021,data,data_00449E1D
0x00449E3E,0x0000000A,data,data_00449E3E
0x00449E48,0x00000004,data,data_00449E48
0x00449E4C,0x00000002,data,data_00449E4C
0x00449E4E,0x00000004,data,data_00449E4E
0x00449E52,0x00000002,data,data_00449E52
0x00449E54,0x00000004,data,data_00449E54
0x00449E58,0x00000008,data,data_00449E58
0x00449E60,0x00000004,data,data_00449E60
0x00449E64,0x00000002,data,data_00449E64
0x00449E66,0x00000004,data,data_00449E66
0x00449E6A,0x00000019,data,data_00449E6A
0x00449E83,0x0000000D,data,data_00449E83
0x00449E90,0x00000008,data,data_00449E90
0x00449E98,0x00000004,data,data_00449E98
0x00449E9C,0x00000002,data,data_00449E9C
0x00449E9E,0x00000004,data,data_00449E9E
0x00449EA2,0x00000026,data,data_00449EA2
0x00449EC8,0x00000004,data,data_00449EC8
0x00449ECC,0x00000005,data,data_00449ECC
0x00449ED1,0x00000005,data,data_00449ED1
0x00449ED6,0x00000013,data,data_00449ED6
0x00449EE9,0x0000003D,data,data_00449EE9
0x00449F26,0x00000003,data,data_00449F26
0x00449F29,0x00000005,data,data_00449F29
0x00449F2E,0x00000007,data,data_00449F2E
0x00449F35,0x0000000D,data,data_00449F35
0x00449F42,0x00000003,data,data_00449F42
0x00449F45,0x00000011,data,data_00449F45
0x00449F56,0x0000000A,data,data_00449F56
0x00449F60,0x00000004,data,data_00449F60
0x00449F64,0x0000002E,data,data_00449F64
0x00449F92,0x00000004,data,data_00449F92
0x00449F96,0x0000001E,data,data_00449F96
0x00449FB4,0x00000004,data,data_00449FB4
0x00449FB8,0x0000001E,data,data_00449FB8
0x00449FD6,0x00000004,data,data_00449FD6
0x00449FDA,0x00000005,data,data_00449FDA
0x00449FDF,0x00000015,data,data_00449FDF
0x00449FF4,0x00000003,data,data_00449FF4
0x00449FF7,0x00000005,data,data_00449FF7
0x00449FFC,0x00000004,data,data_00449FFC
0x0044A004,0x00000002,data,data_0044A004
0x0044A006,0x00000004,data,data_0044A006
0x0044A00A,0x00000005,data,data_0044A00A
0x0044A00F,0x0000003D,data,data_0044A00F
0x0044A04C,0x00000003,data,data_0044A04C
0x0044A04F,0x00000009,data,data_0044A04F
0x0044A058,0x00000008,data,data_0044A058
0x0044A060,0x00000004,data,data_0044A060
0x0044A064,0x00000012,data,data_0044A064
0x0044A07A,0x00000002,data,data_0044A07A
0x0044A07C,0x00000004,data,data_0044A07C
0x0044A080,0x00000005,data,data_0044A080
0x0044A085,0x00000009,data,data_0044A085
0x0044A08E,0x00000003,data,data_0044A08E
0x0044A091,0x0000001D,data,data_0044A091
0x0044A0AE,0x00000003,data,data_0044A0AE
0x0044A0B1,0x0000000D,data,data_0044A0B1
0x0044A0BE,0x0000000E,data,data_0044A0BE
0x0044A0CC,0x00000004,data,data_0044A0CC
0x0044A0D0,0x0000000E,data,data_0044A0D0
0x0044A0DE,0x00000004,data,data_0044A0DE
0x0044A0E2,0x0000000E,data,data_0044A0E2
0x0044A0F0,0x00000004,data,data_0044A0F0
0x0044A0F4,0x00000009,data,data_0044A0F4
0x0044A0FD,0x00000009,data,data_0044A0FD
0x0044A106,0x0000001A,data,data_0044A106
0x0044A120,0x00000004,data,data_0044A120
0x0044A124,0x00000002,data,data_0044A124
0x0044A126,0x00000004,data,data_0044A126
0x0044A12A,0x0000000E,data,data_0044A12A
0x0044A138,0x00000004,data,data_0044A138
0x0044A13C,0x0000000D,data,data_0044A13C
0x0044A149,0x00000049,data,data_0044A149
0x0044A192,0x00000003,data,data_0044A192
0x0044A195,0x00000009,data,data_0044A195
0x0044A19E,0x00000008,data,data_0044A19E
0x0044A1A6,0x00000004,data,data_0044A1A6
0x0044A1AA,0x00000032,data,data_0044A1AA
0x0044A1DC,0x00000004,data,data_0044A1DC
0x0044A1E0,0x0000000E,data,data_0044A1E0
0x0044A1EE,0x00000004,data,data_0044A1EE
0x0044A1F2,0x00000009,data,data_0044A1F2
0x0044A1FB,0x00000009,data,data_0044A1FB
0x0044A204,0x00000008,data,data_0044A204
0x0044A20C,0x00000004,data,data_0044A20C
0x0044A210,0x0000000E,data,data_0044A210
0x0044A21E,0x00000004,data,data_0044A21E
0x0044A222,0x00000009,data,data_0044A222
0x0044A22B,0x00000009,data,data_0044A22B
0x0044A234,0x0000000B,data,data_0044A234
0x0044A23F,0x00000039,data,data_0044A23F
0x0044A278,0x00000008,data,data_0044A278
0x0044A280,0x00000004,data,data_0044A280
0x0044A284,0x0000000E,data,data_0044A284
0x0044A292,0x00000004,data,data_0044A292
0x0044A296,0x00000009,data,data_0044A296
0x0044A29F,0x00000009,data,data_0044A29F
0x0044A2A8,0x0000000A,data,data_0044A2A8
0x0044A2B2,0x00000004,data,data_0044A2B2
0x0044A2B6,0x00000002,data,data_0044A2B6
0x0044A2B8,0x00000004,data,data_0044A2B8
0x0044A2BC,0x0000000E,data,data_0044A2BC
0x0044A2CA,0x00000004,data,data_0044A2CA
0x0044A2CE,0x00000009,data,data_0044A2CE
0x0044A2D7,0x00000009,data,data_0044A2D7
0x0044A2E0,0x0000000F,data,data_0044A2E0
0x0044A2EF,0x0000005D,data,data_0044A2EF
0x0044A34C,0x00000008,data,data_0044A34C
0x0044A354,0x00000004,data,data_0044A354
0x0044A358,0x00000018,data,data_0044A358
0x0044A374,0x00000002,data,data_0044A374
0x0044A376,0x00000004,data,data_0044A376
0x0044A37A,0x00000011,data,data_0044A37A
0x0044A38B,0x0000004D,data,data_0044A38B
0x0044A3D8,0x00000008,data,data_0044A3D8
0x0044A3E0,0x00000004,data,data_0044A3E0
0x0044A3E4,0x00000002,data,data_0044A3E4
0x0044A3E6,0x00000004,data,data_0044A3E6
0x0044A3EA,0x00000002,data,data_0044A3EA
0x0044A3EC,0x00000004,data,data_0044A3EC
0x0044A3F0,0x00000005,data,data_0044A3F0
0x0044A3F5,0x00000039,data,data_0044A3F5
0x0044A42E,0x00000022,data,data_0044A42E
0x0044A450,0x00000004,data,data_0044A450
0x0044A454,0x00000005,data,data_0044A454
0x0044A459,0x00000015,data,data_0044A459
0x0044A46E,0x00000003,data,data_0044A46E
0x0044A471,0x00000039,data,data_0044A471
0x0044A4AA,0x00000008,data,data_0044A4AA
0x0044A4B2,0x00000004,data,data_0044A4B2
0x0044A4B6,0x00000002,data,data_0044A4B6
0x0044A4B8,0x00000004,data,data_0044A4B8
0x0044A4BC,0x00000005,data,data_0044A4BC
0x0044A4C1,0x00000015,data,data_0044A4C1
0x0044A4D6,0x00000012,data,data_0044A4D6
0x0044A4E8,0x00000004,data,data_0044A4E8
0x0044A4EC,0x00000015,data,data_0044A4EC
0x0044A501,0x00000069,data,data_0044A501
0x0044A56A,0x0000000B,data,data_0044A56A
0x0044A575,0x00000035,data,data_0044A575
0x0044A5AA,0x00000003,data,data_0044A5AA
0x0044A5AD,0x00000011,data,data_0044A5AD
0x0044A5BE,0x0000000E,data,data_0044A5BE
0x0044A5CC,0x00000004,data,data_0044A5CC
0x0044A5D0,0x00000002,data,data_0044A5D0
0x0044A5D2,0x00000004,data,data_0044A5D2
0x0044A5D6,0x00000009,data,data_0044A5D6
0x0044A5DF,0x00000009,data,data_0044A5DF
0x0044A5E8,0x00000003,data,data_0044A5E8
0x0044A5EB,0x00000009,data,data_0044A5EB
0x0044A5F4,0x0000000C,data,data_0044A5F4
0x0044A604,0x00000002,data,data_0044A604
0x0044A606,0x00000004,data,data_0044A606
0x0044A60A,0x00000002,data,data_0044A60A
0x0044A60C,0x00000004,data,data_0044A60C
0x0044A610,0x0000000E,data,data_0044A610
0x0044A61E,0x00000004,data,data_0044A61E
0x0044A622,0x00000009,data,data_0044A622
0x0044A62B,0x00000009,data,data_0044A62B
0x0044A634,0x0000000F,data,data_0044A634
0x0044A643,0x00000041,data,data_0044A643
0x0044A684,0x00000003,data,data_0044A684
0x0044A687,0x00000019,data,data_0044A687
0x0044A6A0,0x0000000F,data,data_0044A6A0
0x0044A6AF,0x00000005,data,data_0044A6AF
0x0044A6B4,0x0000000B,data,data_0044A6B4
0x0044A6BF,0x00000005,data,data_0044A6BF
0x0044A6C4,0x00000007,data,data_0044A6C4
0x0044A6CB,0x0000000D,data,data_0044A6CB
0x0044A6D8,0x00000003,data,data_0044A6D8
0x0044A6DB,0x00000005,data,data_0044A6DB
0x0044A6E0,0x00000003,data,data_0044A6E0
0x0044A6E3,0x00000009,data,data_0044A6E3
0x0044A6EC,0x0000000B,data,data_0044A6EC
0x0044A6F7,0x00000005,data,data_0044A6F7
0x0044A6FC,0x00000014,data,data_0044A6FC
0x0044A710,0x00000004,data,data_0044A710
0x0044A714,0x00000005,data,data_0044A714
0x0044A719,0x0000003D,data,data_0044A719
0x0044A756,0x00000008,data,data_0044A756
0x0044A75E,0x00000004,data,data_0044A75E
0x0044A762,0x0000000E,data,data_0044A762
0x0044A770,0x00000004,data,data_0044A770
0x0044A774,0x00000005,data,data_0044A774
0x0044A779,0x00000045,data,data_0044A779
0x0044A7BE,0x0000000C,data,data_0044A7BE
0x0044A7CE,0x00000002,data,data_0044A7CE
0x0044A7D0,0x00000004,data,data_0044A7D0
0x0044A7D4,0x00000002,data,data_0044A7D4
0x0044A7D6,0x00000004,data,data_0044A7D6
0x0044A7DA,0x00000002,data,data_0044A7DA
0x0044A7DC,0x00000004,data,data_0044A7DC
0x0044A7E0,0x00000019,data,data_0044A7E0
0x0044A7F9,0x00000005,data,data_0044A7F9
0x0044A7FE,0x00000008,data,data_0044A7FE
0x0044A806,0x00000004,data,data_0044A806
0x0044A80A,0x00000016,data,data_0044A80A
0x0044A820,0x00000004,data,data_0044A820
0x0044A824,0x00000005,data,data_0044A824
0x0044A829,0x0000003D,data,data_0044A829
0x0044A866,0x00000008,data,data_0044A866
0x0044A86E,0x00000004,data,data_0044A86E
0x0044A872,0x00000002,data,data_0044A872
0x0044A874,0x00000004,data,data_0044A874
0x0044A878,0x00000026,data,data_0044A878
0x0044A89E,0x00000004,data,data_0044A89E
0x0044A8A2,0x00000002,data,data_0044A8A2
0x0044A8A4,0x00000004,data,data_0044A8A4
0x0044A8A8,0x00000002,data,data_0044A8A8
0x0044A8AA,0x00000004,data,data_0044A8AA
0x0044A8AE,0x00000016,data,data_0044A8AE
0x0044A8C4,0x00000004,data,data_0044A8C4
0x0044A8C8,0x00000002,data,data_0044A8C8
0x0044A8CA,0x00000004,data,data_0044A8CA
0x0044A8CE,0x00000019,data,data_0044A8CE
0x0044A8E7,0x00000015,data,data_0044A8E7
0x0044A8FC,0x00000004,data,data_0044A8FC
0x0044A904,0x00000002,data,data_0044A904
0x0044A906,0x00000004,data,data_0044A906
0x0044A90A,0x00000005,data,data_0044A90A
0x0044A90F,0x00000005,data,data_0044A90F
0x0044A914,0x00000003,data,data_0044A914
0x0044A917,0x00000005,data,data_0044A917
0x0044A91C,0x00000003,data,data_0044A91C
0x0044A91F,0x00000031,data,data_0044A91F
0x0044A950,0x0000000C,data,data_0044A950
0x0044A95C,0x00000004,data,data_0044A95C
0x0044A960,0x00000018,data,data_0044A960
0x0044A978,0x00000004,data,data_0044A978
0x0044A97C,0x00000002,data,data_0044A97C
0x0044A97E,0x00000004,data,data_0044A97E
0x0044A982,0x00000002,data,data_0044A982
0x0044A984,0x00000004,data,data_0044A984
0x0044A988,0x00000002,data,data_0044A988
0x0044A98A,0x00000004,data,data_0044A98A
0x0044A98E,0x00000002,data,data_0044A98E
0x0044A990,0x00000004,data,data_0044A990
0x0044A994,0x00000002,data,data_0044A994
0x0044A996,0x00000004,data,data_0044A996
0x0044A99A,0x00000002,data,data_0044A99A
0x0044A99C,0x00000004,data,data_0044A99C
0x0044A9A0,0x00000009,data,data_0044A9A0
0x0044A9A9,0x00000009,data,data_0044A9A9
0x0044A9B2,0x00000018,data,data_0044A9B2
0x0044A9CE,0x00000002,data,data_0044A9CE
0x0044A9D0,0x00000004,data,data_0044A9D0
0x0044A9D4,0x00000002,data,data_0044A9D4
0x0044A9D6,0x00000004,data,data_0044A9D6
0x0044A9DA,0x00000002,data,data_0044A9DA
0x0044A9DC,0x00000004,data,data_0044A9DC
0x0044A9E0,0x0000001E,data,data_0044A9E0
0x0044A9FE,0x00000004,data,data_0044A9FE
0x0044AA02,0x00000002,data,data_0044AA02
0x0044AA04,0x00000004,data,data_0044AA04
0x0044AA08,0x00000019,data,data_0044AA08
0x0044AA21,0x00000005,data,data_0044AA21
0x0044AA26,0x0000000B,data,data_0044AA26
0x0044AA31,0x00000011,data,data_0044AA31
0x0044AA42,0x00000003,data,data_0044AA42
0x0044AA45,0x00000021,data,data_0044AA45
0x0044AA66,0x0000000E,data,data_0044AA66
0x0044AA74,0x00000004,data,data_0044AA74
0x0044AA78,0x00000002,data,data_0044AA78
0x0044AA7A,0x00000004,data,data_0044AA7A
0x0044AA7E,0x00000002,data,data_0044AA7E
0x0044AA80,0x00000004,data,data_0044AA80
0x0044AA84,0x00000026,data,data_0044AA84
0x0044AAAA,0x00000004,data,data_0044AAAA
0x0044AAAE,0x00000002,data,data_0044AAAE
0x0044AAB0,0x00000004,data,data_0044AAB0
0x0044AAB4,0x00000016,data,data_0044AAB4
0x0044AACA,0x00000004,data,data_0044AACA
0x0044AACE,0x00000002,data,data_0044AACE
0x0044AAD0,0x00000004,data,data_0044AAD0
0x0044AAD4,0x00000019,data,data_0044AAD4
0x0044AAED,0x00000015,data,data_0044AAED
0x0044AB02,0x0000000B,data,data_0044AB02
0x0044AB0D,0x00000005,data,data_0044AB0D
0x0044AB12,0x00000003,data,data_0044AB12
0x0044AB15,0x00000039,data,data_0044AB15
0x0044AB4E,0x00000010,data,data_0044AB4E
0x0044AB5E,0x00000004,data,data_0044AB5E
0x0044AB62,0x00000005,data,data_0044AB62
0x0044AB67,0x00000015,data,data_0044AB67
0x0044AB7C,0x00000008,data,data_0044AB7C
0x0044AB84,0x00000004,data,data_0044AB84
0x0044AB88,0x00000005,data,data_0044AB88
0x0044AB8D,0x00000005,data,data_0044AB8D
0x0044AB92,0x0000000C,data,data_0044AB92
0x0044ABA2,0x0000000E,data,data_0044ABA2
0x0044ABB0,0x00000004,data,data_0044ABB0
0x0044ABB4,0x00000005,data,data_0044ABB4
0x0044ABB9,0x00000031,data,data_0044ABB9
0x0044ABEA,0x00000004,data,data_0044ABEA
0x0044ABF2,0x0000000A,data,data_0044ABF2
0x0044ABFC,0x00000004,data,data_0044ABFC
0x0044AC00,0x00000002,data,data_0044AC00
0x0044AC02,0x00000004,data,data_0044AC02
0x0044AC06,0x00000002,data,data_0044AC06
0x0044AC08,0x00000004,data,data_0044AC08
0x0044AC0C,0x00000002,data,data_0044AC0C
0x0044AC0E,0x00000004,data,data_0044AC0E
0x0044AC12,0x00000002,data,data_0044AC12
0x0044AC14,0x00000004,data,data_0044AC14
0x0044AC18,0x00000036,data,data_0044AC18
0x0044AC4E,0x00000004,data,data_0044AC4E
0x0044AC52,0x00000002,data,data_0044AC52
0x0044AC54,0x00000004,data,data_0044AC54
0x0044AC58,0x00000019,data,data_0044AC58
0x0044AC71,0x0000002D,data,data_0044AC71
0x0044AC9E,0x00000003,data,data_0044AC9E
0x0044ACA1,0x00000005,data,data_0044ACA1
0x0044ACA6,0x00000008,data,data_0044ACA6
0x0044ACAE,0x00000004,data,data_0044ACAE
0x0044ACB2,0x0000000E,data,data_0044ACB2
0x0044ACC0,0x00000004,data,data_0044ACC0
0x0044ACC4,0x00000024,data,data_0044ACC4
0x0044ACE8,0x00000004,data,data_0044ACE8
0x0044ACEC,0x00000005,data,data_0044ACEC
0x0044ACF1,0x00000009,data,data_0044ACF1
0x0044ACFA,0x0000000A,data,data_0044ACFA
0x0044AD04,0x00000004,data,data_0044AD04
0x0044AD08,0x00000005,data,data_0044AD08
0x0044AD0D,0x00000021,data,data_0044AD0D
0x0044AD2E,0x00000003,data,data_0044AD2E
0x0044AD31,0x0000000D,data,data_0044AD31
0x0044AD3E,0x00000010,data,data_0044AD3E
0x0044AD4E,0x00000004,data,data_0044AD4E
0x0044AD52,0x00000002,data,data_0044AD52
0x0044AD54,0x00000004,data,data_0044AD54
0x0044AD58,0x00000002,data,data_0044AD58
0x0044AD5A,0x00000004,data,data_0044AD5A
0x0044AD5E,0x00000005,data,data_0044AD5E
0x0044AD63,0x00000015,data,data_0044AD63
0x0044AD78,0x00000008,data,data_0044AD78
0x0044AD80,0x00000004,data,data_0044AD80
0x0044AD84,0x00000005,data,data_0044AD84
0x0044AD89,0x00000039,data,data_0044AD89
0x0044ADC2,0x00000003,data,data_0044ADC2
0x0044ADC5,0x00000005,data,data_0044ADC5
0x0044ADCA,0x0000000B,data,data_0044ADCA
0x0044ADD5,0x00000025,data,data_0044ADD5
0x0044ADFA,0x00000003,data,data_0044ADFA
0x0044ADFD,0x00000019,data,data_0044ADFD
0x0044AE16,0x00000004,data,data_0044AE16
0x0044AE1F,0x0000000B,data,data_0044AE1F
0x0044AE2A,0x00000004,data,data_0044AE2A
0x0044AE2E,0x00000010,data,data_0044AE2E
0x0044AE3E,0x00000004,data,data_0044AE3E
0x0044AE42,0x00000005,data,data_0044AE42
0x0044AE47,0x00000005,data,data_0044AE47
0x0044AE4C,0x00000007,data,data_0044AE4C
0x0044AE53,0x00000005,data,data_0044AE53
0x0044AE58,0x00000003,data,data_0044AE58
0x0044AE5B,0x00000005,data,data_0044AE5B
0x0044AE60,0x00000007,data,data_0044AE60
0x0044AE67,0x00000009,data,data_0044AE67
0x0044AE70,0x00000007,data,data_0044AE70
0x0044AE77,0x00000005,data,data_0044AE77
0x0044AE7C,0x00000007,data,data_0044AE7C
0x0044AE83,0x00000005,data,data_0044AE83
0x0044AE88,0x0000000B,data,data_0044AE88
0x0044AE93,0x00000005,data,data_0044AE93
0x0044AE98,0x00000003,data,data_0044AE98
0x0044AE9B,0x00000005,data,data_0044AE9B
0x0044AEA0,0x00000008,data,data_0044AEA0
0x0044AEA8,0x00000004,data,data_0044AEA8
0x0044AEAC,0x00000002,data,data_0044AEAC
0x0044AEAE,0x00000004,data,data_0044AEAE
0x0044AEB2,0x00000019,data,data_0044AEB2
0x0044AECB,0x00000045,data,data_0044AECB
0x0044AF10,0x00000008,data,data_0044AF10
0x0044AF18,0x00000004,data,data_0044AF18
0x0044AF1C,0x0000000A,data,data_0044AF1C
0x0044AF2A,0x00000002,data,data_0044AF2A
0x0044AF2C,0x00000004,data,data_0044AF2C
0x0044AF30,0x00000002,data,data_0044AF30
0x0044AF32,0x00000004,data,data_0044AF32
0x0044AF36,0x0000000E,data,data_0044AF36
0x0044AF44,0x00000004,data,data_0044AF44
0x0044AF48,0x00000019,data,data_0044AF48
0x0044AF61,0x00000005,data,data_0044AF61
0x0044AF66,0x00000008,data,data_0044AF66
0x0044AF6E,0x00000004,data,data_0044AF6E
0x0044AF72,0x00000016,data,data_0044AF72
0x0044AF88,0x00000004,data,data_0044AF88
0x0044AF8C,0x00000005,data,data_0044AF8C
0x0044AF91,0x0000003D,data,data_0044AF91
0x0044AFCE,0x00000008,data,data_0044AFCE
0x0044AFD6,0x00000004,data,data_0044AFD6
0x0044AFDA,0x00000002,data,data_0044AFDA
0x0044AFDC,0x00000004,data,data_0044AFDC
0x0044AFE0,0x00000026,data,data_0044AFE0
0x0044B006,0x00000004,data,data_0044B006
0x0044B00A,0x00000002,data,data_0044B00A
0x0044B00C,0x00000004,data,data_0044B00C
0x0044B010,0x00000002,data,data_0044B010
0x0044B012,0x00000004,data,data_0044B012
0x0044B016,0x00000016,data,data_0044B016
0x0044B02C,0x00000004,data,data_0044B02C
0x0044B030,0x00000002,data,data_0044B030
0x0044B032,0x00000004,data,data_0044B032
0x0044B036,0x00000019,data,data_0044B036
0x0044B04F,0x00000015,data,data_0044B04F
0x0044B064,0x00000004,data,data_0044B064
0x0044B06C,0x00000002,data,data_0044B06C
0x0044B06E,0x00000004,data,data_0044B06E
0x0044B072,0x00000005,data,data_0044B072
0x0044B077,0x00000005,data,data_0044B077
0x0044B07C,0x00000003,data,data_0044B07C
0x0044B07F,0x00000005,data,data_0044B07F
0x0044B084,0x00000003,data,data_0044B084
0x0044B087,0x00000031,data,data_0044B087
0x0044B0B8,0x0000000C,data,data_0044B0B8
0x0044B0C4,0x00000004,data,data_0044B0C4
0x0044B0C8,0x0000000E,data,data_0044B0C8
0x0044B0D6,0x00000004,data,data_0044B0D6
0x0044B0DA,0x0000001A,data,data_0044B0DA
0x0044B0F4,0x00000004,data,data_0044B0F4
0x0044B0F8,0x00000002,data,data_0044B0F8
0x0044B0FA,0x00000004,data,data_0044B0FA
0x0044B0FE,0x00000015,data,data_0044B0FE
0x0044B113,0x00000069,data,data_0044B113
0x0044B17C,0x0000000B,data,data_0044B17C
0x0044B187,0x0000000D,data,data_0044B187
0x0044B194,0x00000012,data,data_0044B194
0x0044B1A6,0x00000004,data,data_0044B1A6
0x0044B1AA,0x00000002,data,data_0044B1AA
0x0044B1AC,0x00000004,data,data_0044B1AC
0x0044B1B0,0x00000002,data,data_0044B1B0
0x0044B1B2,0x00000004,data,data_0044B1B2
0x0044B1B6,0x00000002,data,data_0044B1B6
0x0044B1B8,0x00000004,data,data_0044B1B8
0x0044B1BC,0x00000002,data,data_0044B1BC
0x0044B1BE,0x00000004,data,data_0044B1BE
0x0044B1C2,0x00000002,data,data_0044B1C2
0x0044B1C4,0x00000004,data,data_0044B1C4
0x0044B1C8,0x00000002,data,data_0044B1C8
0x0044B1CA,0x00000004,data,data_0044B1CA
0x0044B1CE,0x00000009,data,data_0044B1CE
0x0044B1D7,0x00000009,data,data_0044B1D7
0x0044B1E0,0x00000018,data,data_0044B1E0
0x0044B1FC,0x00000002,data,data_0044B1FC
0x0044B1FE,0x00000004,data,data_0044B1FE
0x0044B202,0x00000002,data,data_0044B202
0x0044B204,0x00000004,data,data_0044B204
0x0044B208,0x00000002,data,data_0044B208
0x0044B20A,0x00000004,data,data_0044B20A
0x0044B20E,0x0000001E,data,data_0044B20E
0x0044B22C,0x00000004,data,data_0044B22C
0x0044B230,0x00000002,data,data_0044B230
0x0044B232,0x00000004,data,data_0044B232
0x0044B236,0x00000019,data,data_0044B236
0x0044B24F,0x00000005,data,data_0044B24F
0x0044B254,0x0000000B,data,data_0044B254
0x0044B25F,0x00000011,data,data_0044B25F
0x0044B270,0x00000003,data,data_0044B270
0x0044B273,0x00000021,data,data_0044B273
0x0044B294,0x0000000E,data,data_0044B294
0x0044B2A2,0x00000004,data,data_0044B2A2
0x0044B2A6,0x00000002,data,data_0044B2A6
0x0044B2A8,0x00000004,data,data_0044B2A8
0x0044B2AC,0x00000002,data,data_0044B2AC
0x0044B2AE,0x00000004,data,data_0044B2AE
0x0044B2B2,0x00000026,data,data_0044B2B2
0x0044B2D8,0x00000004,data,data_0044B2D8
0x0044B2DC,0x00000002,data,data_0044B2DC
0x0044B2DE,0x00000004,data,data_0044B2DE
0x0044B2E2,0x00000016,data,data_0044B2E2
0x0044B2F8,0x00000004,data,data_0044B2F8
0x0044B2FC,0x00000002,data,data_0044B2FC
0x0044B2FE,0x00000004,data,data_0044B2FE
0x0044B302,0x00000019,data,data_0044B302
0x0044B31B,0x00000015,data,data_0044B31B
0x0044B330,0x0000000B,data,data_0044B330
0x0044B33B,0x00000005,data,data_0044B33B
0x0044B340,0x00000003,data,data_0044B340
0x0044B343,0x00000039,data,data_0044B343
0x0044B37C,0x00000010,data,data_0044B37C
0x0044B38C,0x00000004,data,data_0044B38C
0x0044B390,0x00000005,data,data_0044B390
0x0044B395,0x00000015,data,data_0044B395
0x0044B3AA,0x00000008,data,data_0044B3AA
0x0044B3B2,0x00000004,data,data_0044B3B2
0x0044B3B6,0x00000005,data,data_0044B3B6
0x0044B3BB,0x00000005,data,data_0044B3BB
0x0044B3C0,0x0000000E,data,data_0044B3C0
0x0044B3CE,0x00000004,data,data_0044B3CE
0x0044B3D2,0x0000001E,data,data_0044B3D2
0x0044B3F4,0x00000004,data,data_0044B3F4
0x0044B3FC,0x0000000A,data,data_0044B3FC
0x0044B406,0x00000004,data,data_0044B406
0x0044B40A,0x00000002,data,data_0044B40A
0x0044B40C,0x00000004,data,data_0044B40C
0x0044B410,0x00000002,data,data_0044B410
0x0044B412,0x00000004,data,data_0044B412
0x0044B416,0x00000002,data,data_0044B416
0x0044B418,0x00000004,data,data_0044B418
0x0044B41C,0x00000002,data,data_0044B41C
0x0044B41E,0x00000004,data,data_0044B41E
0x0044B422,0x0000002A,data,data_0044B422
0x0044B44C,0x00000004,data,data_0044B44C
0x0044B450,0x00000002,data,data_0044B450
0x0044B452,0x00000004,data,data_0044B452
0x0044B456,0x00000019,data,data_0044B456
0x0044B46F,0x0000002D,data,data_0044B46F
0x0044B49C,0x00000003,data,data_0044B49C
0x0044B49F,0x00000005,data,data_0044B49F
0x0044B4A4,0x00000008,data,data_0044B4A4
0x0044B4AC,0x00000004,data,data_0044B4AC
0x0044B4B0,0x00000002,data,data_0044B4B0
0x0044B4B2,0x00000004,data,data_0044B4B2
0x0044B4B6,0x00000005,data,data_0044B4B6
0x0044B4BB,0x00000021,data,data_0044B4BB
0x0044B4DC,0x00000016,data,data_0044B4DC
0x0044B4F2,0x00000004,data,data_0044B4F2
0x0044B4F6,0x00000005,data,data_0044B4F6
0x0044B4FB,0x00000009,data,data_0044B4FB
0x0044B504,0x0000000A,data,data_0044B504
0x0044B50E,0x00000004,data,data_0044B50E
0x0044B512,0x00000005,data,data_0044B512
0x0044B517,0x00000021,data,data_0044B517
0x0044B538,0x00000003,data,data_0044B538
0x0044B53B,0x0000000D,data,data_0044B53B
0x0044B548,0x0000001C,data,data_0044B548
0x0044B564,0x00000004,data,data_0044B564
0x0044B568,0x00000005,data,data_0044B568
0x0044B56D,0x00000039,data,data_0044B56D
0x0044B5A6,0x00000003,data,data_0044B5A6
0x0044B5A9,0x00000005,data,data_0044B5A9
0x0044B5AE,0x0000000B,data,data_0044B5AE
0x0044B5B9,0x00000025,data,data_0044B5B9
0x0044B5DE,0x00000003,data,data_0044B5DE
0x0044B5E1,0x00000019,data,data_0044B5E1
0x0044B5FA,0x00000004,data,data_0044B5FA
0x0044B603,0x0000000B,data,data_0044B603
0x0044B60E,0x00000004,data,data_0044B60E
0x0044B612,0x00000010,data,data_0044B612
0x0044B622,0x00000004,data,data_0044B622
0x0044B626,0x00000005,data,data_0044B626
0x0044B62B,0x00000005,data,data_0044B62B
0x0044B630,0x00000007,data,data_0044B630
0x0044B637,0x00000005,data,data_0044B637
0x0044B63C,0x00000003,data,data_0044B63C
0x0044B63F,0x00000005,data,data_0044B63F
0x0044B644,0x00000007,data,data_0044B644
0x0044B64B,0x00000009,data,data_0044B64B
0x0044B654,0x00000007,data,data_0044B654
0x0044B65B,0x00000005,data,data_0044B65B
0x0044B660,0x00000003,data,data_0044B660
0x0044B663,0x00000009,data,data_0044B663
0x0044B66C,0x0000000B,data,data_0044B66C
0x0044B677,0x00000005,data,data_0044B677
0x0044B67C,0x00000003,data,data_0044B67C
0x0044B67F,0x00000005,data,data_0044B67F
0x0044B684,0x00000008,data,data_0044B684
0x0044B68C,0x00000004,data,data_0044B68C
0x0044B690,0x00000002,data,data_0044B690
0x0044B692,0x00000004,data,data_0044B692
0x0044B696,0x00000015,data,data_0044B696
0x0044B6AB,0x00000099,data,data_0044B6AB
0x0044B744,0x00000008,data,data_0044B744
0x0044B74C,0x00000004,data,data_0044B74C
0x0044B750,0x00000002,data,data_0044B750
0x0044B752,0x00000004,data,data_0044B752
0x0044B756,0x00000015,data,data_0044B756
0x0044B76B,0x00000099,data,data_0044B76B
0x0044B804,0x0000000B,data,data_0044B804
0x0044B80F,0x00000049,data,data_0044B80F
0x0044B858,0x00000008,data,data_0044B858
0x0044B860,0x00000004,data,data_0044B860
0x0044B864,0x00000002,data,data_0044B864
0x0044B866,0x00000004,data,data_0044B866
0x0044B86A,0x00000015,data,data_0044B86A
0x0044B87F,0x00000081,data,data_0044B87F
0x0044B900,0x00000008,data,data_0044B900
0x0044B908,0x00000004,data,data_0044B908
0x0044B90C,0x00000002,data,data_0044B90C
0x0044B90E,0x00000004,data,data_0044B90E
0x0044B912,0x00000002,data,data_0044B912
0x0044B914,0x00000004,data,data_0044B914
0x0044B918,0x00000015,data,data_0044B918
0x0044B92D,0x00000081,data,data_0044B92D
0x0044B9AE,0x0000000B,data,data_0044B9AE
0x0044B9B9,0x00000011,data,data_0044B9B9
0x0044B9CA,0x00000003,data,data_0044B9CA
0x0044B9CD,0x00000035,data,data_0044B9CD
0x0044BA02,0x0000000B,data,data_0044BA02
0x0044BA0D,0x0000000D,data,data_0044BA0D
0x0044BA1A,0x00000013,data,data_0044BA1A
0x0044BA2D,0x00000005,data,data_0044BA2D
0x0044BA32,0x00000003,data,data_0044BA32
0x0044BA35,0x00000009,data,data_0044BA35
0x0044BA3E,0x00000003,data,data_0044BA3E
0x0044BA41,0x00000021,data,data_0044BA41
0x0044BA62,0x00000003,data,data_0044BA62
0x0044BA65,0x00000009,data,data_0044BA65
0x0044BA6E,0x00000003,data,data_0044BA6E
0x0044BA71,0x00000005,data,data_0044BA71
0x0044BA76,0x0000000C,data,data_0044BA76
0x0044BA82,0x00000004,data,data_0044BA82
0x0044BA86,0x00000002,data,data_0044BA86
0x0044BA88,0x00000004,data,data_0044BA88
0x0044BA8C,0x00000022,data,data_0044BA8C
0x0044BAAE,0x00000004,data,data_0044BAAE
0x0044BAB2,0x00000002,data,data_0044BAB2
0x0044BAB4,0x00000004,data,data_0044BAB4
0x0044BAB8,0x00000002,data,data_0044BAB8
0x0044BABA,0x00000004,data,data_0044BABA
0x0044BABE,0x00000015,data,data_0044BABE
0x0044BAD3,0x00000081,data,data_0044BAD3
0x0044BB54,0x0000000F,data,data_0044BB54
0x0044BB63,0x00000015,data,data_0044BB63
0x0044BB78,0x00000008,data,data_0044BB78
0x0044BB80,0x00000004,data,data_0044BB80
0x0044BB84,0x00000002,data,data_0044BB84
0x0044BB86,0x00000004,data,data_0044BB86
0x0044BB8A,0x00000017,data,data_0044BB8A
0x0044BBA1,0x00000005,data,data_0044BBA1
0x0044BBA6,0x00000003,data,data_0044BBA6
0x0044BBA9,0x00000005,data,data_0044BBA9
0x0044BBAE,0x0000000B,data,data_0044BBAE
0x0044BBB9,0x0000000D,data,data_0044BBB9
0x0044BBC6,0x00000003,data,data_0044BBC6
0x0044BBC9,0x00000025,data,data_0044BBC9
0x0044BBEE,0x00000004,data,data_0044BBEE
0x0044BBF7,0x00000005,data,data_0044BBF7
0x0044BC00,0x00000004,data,data_0044BC00
0x0044BC08,0x00000002,data,data_0044BC08
0x0044BC0A,0x00000004,data,data_0044BC0A
0x0044BC0E,0x00000005,data,data_0044BC0E
0x0044BC13,0x00000049,data,data_0044BC13
0x0044BC5C,0x00000008,data,data_0044BC5C
0x0044BC64,0x00000004,data,data_0044BC64
0x0044BC68,0x00000002,data,data_0044BC68
0x0044BC6A,0x00000004,data,data_0044BC6A
0x0044BC6E,0x0000000E,data,data_0044BC6E
0x0044BC7C,0x00000004,data,data_0044BC7C
0x0044BC80,0x00000002,data,data_0044BC80
0x0044BC82,0x00000004,data,data_0044BC82
0x0044BC86,0x00000015,data,data_0044BC86
0x0044BC9B,0x00000051,data,data_0044BC9B
0x0044BCEC,0x00000003,data,data_0044BCEC
0x0044BCEF,0x0000000D,data,data_0044BCEF
0x0044BCFC,0x00000003,data,data_0044BCFC
0x0044BCFF,0x00000005,data,data_0044BCFF
0x0044BD04,0x00000004,data,data_0044BD04
0x0044BD10,0x00000004,data,data_0044BD10
0x0044BD18,0x00000002,data,data_0044BD18
0x0044BD1A,0x00000004,data,data_0044BD1A
0x0044BD1E,0x00000005,data,data_0044BD1E
0x0044BD23,0x00000025,data,data_0044BD23
0x0044BD48,0x00000003,data,data_0044BD48
0x0044BD4B,0x00000005,data,data_0044BD4B
0x0044BD50,0x00000003,data,data_0044BD50
0x0044BD53,0x0000000D,data,data_0044BD53
0x0044BD60,0x00000010,data,data_0044BD60
0x0044BD79,0x00000003,data,data_0044BD79
0x0044BD7C,0x00000004,data,data_0044BD7C
0x0044BD80,0x00000011,data,data_0044BD80
0x0044BD91,0x00000041,data,data_0044BD91
0x0044BDD2,0x0000000C,data,data_0044BDD2
0x0044BDE3,0x00000003,data,data_0044BDE3
0x0044BDE6,0x00000004,data,data_0044BDE6
0x0044BDEA,0x00000002,data,data_0044BDEA
0x0044BDEC,0x00000004,data,data_0044BDEC
0x0044BDF0,0x00000005,data,data_0044BDF0
0x0044BDF5,0x00000031,data,data_0044BDF5
0x0044BE26,0x00000004,data,data_0044BE26
0x0044BE2E,0x0000000C,data,data_0044BE2E
0x0044BE43,0x00000003,data,data_0044BE43
0x0044BE46,0x00000004,data,data_0044BE46
0x0044BE4A,0x00000005,data,data_0044BE4A
0x0044BE4F,0x0000003D,data,data_0044BE4F
0x0044BE8C,0x0000000F,data,data_0044BE8C
0x0044BE9B,0x00000035,data,data_0044BE9B
0x0044BED0,0x00000003,data,data_0044BED0
0x0044BED3,0x00000009,data,data_0044BED3
0x0044BEDC,0x00000003,data,data_0044BEDC
0x0044BEDF,0x00000005,data,data_0044BEDF
0x0044BEE4,0x00000008,data,data_0044BEE4
0x0044BEF1,0x00000003,data,data_0044BEF1
0x0044BEF4,0x00000004,data,data_0044BEF4
0x0044BEF8,0x00000002,data,data_0044BEF8
0x0044BEFA,0x00000004,data,data_0044BEFA
0x0044BEFE,0x00000002,data,data_0044BEFE
0x0044BF00,0x00000004,data,data_0044BF00
0x0044BF04,0x00000002,data,data_0044BF04
0x0044BF06,0x00000004,data,data_0044BF06
0x0044BF0A,0x00000002,data,data_0044BF0A
0x0044BF0C,0x00000004,data,data_0044BF0C
0x0044BF10,0x00000002,data,data_0044BF10
0x0044BF12,0x00000004,data,data_0044BF12
0x0044BF16,0x00000002,data,data_0044BF16
0x0044BF18,0x00000004,data,data_0044BF18
0x0044BF1C,0x00000002,data,data_0044BF1C
0x0044BF1E,0x00000004,data,data_0044BF1E
0x0044BF22,0x00000002,data,data_0044BF22
0x0044BF24,0x00000004,data,data_0044BF24
0x0044BF28,0x00000002,data,data_0044BF28
0x0044BF2A,0x00000004,data,data_0044BF2A
0x0044BF2E,0x00000002,data,data_0044BF2E
0x0044BF30,0x00000004,data,data_0044BF30
0x0044BF34,0x00000002,data,data_0044BF34
0x0044BF36,0x00000004,data,data_0044BF36
0x0044BF3A,0x00000032,data,data_0044BF3A
0x0044BF6C,0x00000004,data,data_0044BF6C
0x0044BF70,0x00000002,data,data_0044BF70
0x0044BF72,0x00000004,data,data_0044BF72
0x0044BF76,0x00000002,data,data_0044BF76
0x0044BF78,0x00000004,data,data_0044BF78
0x0044BF7C,0x00000002,data,data_0044BF7C
0x0044BF7E,0x00000004,data,data_0044BF7E
0x0044BF82,0x00000002,data,data_0044BF82
0x0044BF84,0x00000004,data,data_0044BF84
0x0044BF88,0x00000002,data,data_0044BF88
0x0044BF8A,0x00000004,data,data_0044BF8A
0x0044BF8E,0x00000002,data,data_0044BF8E
0x0044BF90,0x00000004,data,data_0044BF90
0x0044BF94,0x00000002,data,data_0044BF94
0x0044BF96,0x00000004,data,data_0044BF96
0x0044BF9A,0x00000002,data,data_0044BF9A
0x0044BF9C,0x00000004,data,data_0044BF9C
0x0044BFA0,0x00000002,data,data_0044BFA0
0x0044BFA2,0x00000004,data,data_0044BFA2
0x0044BFA6,0x00000032,data,data_0044BFA6
0x0044BFD8,0x00000004,data,data_0044BFD8
0x0044BFDC,0x00000002,data,data_0044BFDC
0x0044BFDE,0x00000004,data,data_0044BFDE
0x0044BFE2,0x00000012,data,data_0044BFE2
0x0044BFF4,0x00000004,data,data_0044BFF4
0x0044BFF8,0x00000002,data,data_0044BFF8
0x0044BFFA,0x00000004,data,data_0044BFFA
0x0044BFFE,0x00000002,data,data_0044BFFE
0x0044C000,0x00000004,data,data_0044C000
0x0044C004,0x00000002,data,data_0044C004
0x0044C006,0x00000004,data,data_0044C006
0x0044C00A,0x00000002,data,data_0044C00A
0x0044C00C,0x00000004,data,data_0044C00C
0x0044C010,0x00000002,data,data_0044C010
0x0044C012,0x00000004,data,data_0044C012
0x0044C016,0x00000002,data,data_0044C016
0x0044C018,0x00000004,data,data_0044C018
0x0044C01C,0x00000002,data,data_0044C01C
0x0044C01E,0x00000004,data,data_0044C01E
0x0044C022,0x00000005,data,data_0044C022
0x0044C027,0x0000000D,data,data_0044C027
0x0044C034,0x0000000C,data,data_0044C034
0x0044C044,0x0000000A,data,data_0044C044
0x0044C04E,0x00000004,data,data_0044C04E
0x0044C052,0x00000002,data,data_0044C052
0x0044C054,0x00000004,data,data_0044C054
0x0044C058,0x00000005,data,data_0044C058
0x0044C05D,0x00000039,data,data_0044C05D
0x0044C096,0x00000008,data,data_0044C096
0x0044C09E,0x00000004,data,data_0044C09E
0x0044C0A2,0x00000005,data,data_0044C0A2
0x0044C0A7,0x00000005,data,data_0044C0A7
0x0044C0AC,0x00000003,data,data_0044C0AC
0x0044C0AF,0x00000031,data,data_0044C0AF
0x0044C0E0,0x00000003,data,data_0044C0E0
0x0044C0E3,0x0000000D,data,data_0044C0E3
0x0044C0F0,0x0000000A,data,data_0044C0F0
0x0044C0FA,0x00000004,data,data_0044C0FA
0x0044C0FE,0x00000002,data,data_0044C0FE
0x0044C100,0x00000004,data,data_0044C100
0x0044C104,0x0000000E,data,data_0044C104
0x0044C112,0x00000004,data,data_0044C112
0x0044C116,0x00000011,data,data_0044C116
0x0044C127,0x00000015,data,data_0044C127
0x0044C13C,0x00000008,data,data_0044C13C
0x0044C144,0x00000004,data,data_0044C144
0x0044C148,0x00000002,data,data_0044C148
0x0044C14A,0x00000004,data,data_0044C14A
0x0044C14E,0x0000000E,data,data_0044C14E
0x0044C15C,0x00000004,data,data_0044C15C
0x0044C160,0x00000015,data,data_0044C160
0x0044C175,0x00000075,data,data_0044C175
0x0044C1EA,0x00000003,data,data_0044C1EA
0x0044C1ED,0x00000015,data,data_0044C1ED
0x0044C202,0x00000008,data,data_0044C202
0x0044C20A,0x00000004,data,data_0044C20A
0x0044C20E,0x00000019,data,data_0044C20E
0x0044C227,0x00000025,data,data_0044C227
0x0044C24C,0x0000000B,data,data_0044C24C
0x0044C257,0x00000015,data,data_0044C257
0x0044C26C,0x00000008,data,data_0044C26C
0x0044C274,0x00000004,data,data_0044C274
0x0044C278,0x00000016,data,data_0044C278
0x0044C28E,0x00000004,data,data_0044C28E
0x0044C292,0x00000022,data,data_0044C292
0x0044C2B4,0x00000004,data,data_0044C2B4
0x0044C2B8,0x00000019,data,data_0044C2B8
0x0044C2D1,0x00000011,data,data_0044C2D1
0x0044C2E2,0x0000000B,data,data_0044C2E2
0x0044C2ED,0x00000049,data,data_0044C2ED
0x0044C336,0x00000008,data,data_0044C336
0x0044C33E,0x00000004,data,data_0044C33E
0x0044C342,0x00000002,data,data_0044C342
0x0044C344,0x00000004,data,data_0044C344
0x0044C348,0x00000015,data,data_0044C348
0x0044C35D,0x00000069,data,data_0044C35D
0x0044C3C6,0x00000010,data,data_0044C3C6
0x0044C3D6,0x00000004,data,data_0044C3D6
0x0044C3DA,0x00000021,data,data_0044C3DA
0x0044C3FB,0x00000015,data,data_0044C3FB
0x0044C410,0x00000037,data,data_0044C410
0x0044C447,0x0000002D,data,data_0044C447
0x0044C474,0x00000007,data,data_0044C474
0x0044C47B,0x00000015,data,data_0044C47B
0x0044C490,0x00000003,data,data_0044C490
0x0044C493,0x00000009,data,data_0044C493
0x0044C49C,0x00000004,data,data_0044C49C
0x0044C4A4,0x00000002,data,data_0044C4A4
0x0044C4A6,0x00000004,data,data_0044C4A6
0x0044C4AA,0x00000004,data,data_0044C4AA
0x0044C4B3,0x00000005,data,data_0044C4B3
0x0044C4BE,0x00000010,data,data_0044C4BE
0x0044C4CE,0x00000004,data,data_0044C4CE
0x0044C4D2,0x00000002,data,data_0044C4D2
0x0044C4D4,0x00000004,data,data_0044C4D4
0x0044C4D8,0x00000005,data,data_0044C4D8
0x0044C4DD,0x00000009,data,data_0044C4DD
0x0044C4E6,0x00000003,data,data_0044C4E6
0x0044C4E9,0x00000009,data,data_0044C4E9
0x0044C4F2,0x00000018,data,data_0044C4F2
0x0044C50A,0x00000004,data,data_0044C50A
0x0044C50E,0x00000009,data,data_0044C50E
0x0044C517,0x0000000D,data,data_0044C517
0x0044C524,0x00000013,data,data_0044C524
0x0044C537,0x00000049,data,data_0044C537
0x0044C580,0x00000008,data,data_0044C580
0x0044C588,0x00000004,data,data_0044C588
0x0044C58C,0x00000002,data,data_0044C58C
0x0044C58E,0x00000004,data,data_0044C58E
0x0044C592,0x00000005,data,data_0044C592
0x0044C597,0x0000000D,data,data_0044C597
0x0044C5A4,0x00000008,data,data_0044C5A4
0x0044C5AC,0x00000004,data,data_0044C5AC
0x0044C5B0,0x00000002,data,data_0044C5B0
0x0044C5B2,0x00000004,data,data_0044C5B2
0x0044C5B6,0x00000005,data,data_0044C5B6
0x0044C5BB,0x00000041,data,data_0044C5BB
0x0044C5FC,0x00000010,data,data_0044C5FC
0x0044C60C,0x00000004,data,data_0044C60C
0x0044C610,0x00000005,data,data_0044C610
0x0044C615,0x00000035,data,data_0044C615
0x0044C64A,0x0000000B,data,data_0044C64A
0x0044C655,0x0000000D,data,data_0044C655
0x0044C662,0x00000008,data,data_0044C662
0x0044C66A,0x00000004,data,data_0044C66A
0x0044C66E,0x0000000E,data,data_0044C66E
0x0044C67C,0x00000004,data,data_0044C67C
0x0044C680,0x00000002,data,data_0044C680
0x0044C682,0x00000004,data,data_0044C682
0x0044C686,0x00000015,data,data_0044C686
0x0044C69B,0x00000069,data,data_0044C69B
0x0044C704,0x0000000B,data,data_0044C704
0x0044C70F,0x00000005,data,data_0044C70F
0x0044C714,0x00000003,data,data_0044C714
0x0044C717,0x00000049,data,data_0044C717
0x0044C760,0x00000008,data,data_0044C760
0x0044C768,0x00000004,data,data_0044C768
0x0044C76C,0x00000002,data,data_0044C76C
0x0044C76E,0x00000004,data,data_0044C76E
0x0044C772,0x00000002,data,data_0044C772
0x0044C774,0x00000004,data,data_0044C774
0x0044C778,0x00000015,data,data_0044C778
0x0044C78D,0x00000069,data,data_0044C78D
0x0044C7F6,0x00000008,data,data_0044C7F6
0x0044C7FE,0x00000004,data,data_0044C7FE
0x0044C802,0x00000002,data,data_0044C802
0x0044C804,0x00000004,data,data_0044C804
0x0044C808,0x00000015,data,data_0044C808
0x0044C81D,0x00000069,data,data_0044C81D
0x0044C886,0x0000000B,data,data_0044C886
0x0044C891,0x00000049,data,data_0044C891
0x0044C8DA,0x00000008,data,data_0044C8DA
0x0044C8E2,0x00000004,data,data_0044C8E2
0x0044C8E6,0x0000000E,data,data_0044C8E6
0x0044C8F4,0x00000004,data,data_0044C8F4
0x0044C8F8,0x00000002,data,data_0044C8F8
0x0044C8FA,0x00000004,data,data_0044C8FA
0x0044C8FE,0x00000015,data,data_0044C8FE
0x0044C913,0x00000069,data,data_0044C913
0x0044C97C,0x0000000B,data,data_0044C97C
0x0044C987,0x00000009,data,data_0044C987
0x0044C990,0x00000003,data,data_0044C990
0x0044C993,0x00000049,data,data_0044C993
0x0044C9DC,0x00000008,data,data_0044C9DC
0x0044C9E4,0x00000004,data,data_0044C9E4
0x0044C9E8,0x0000000E,data,data_0044C9E8
0x0044C9F6,0x00000004,data,data_0044C9F6
0x0044C9FA,0x00000009,data,data_0044C9FA
0x0044CA03,0x00000009,data,data_0044CA03
0x0044CA0C,0x00000012,data,data_0044CA0C
0x0044CA1E,0x00000004,data,data_0044CA1E
0x0044CA22,0x00000002,data,data_0044CA22
0x0044CA24,0x00000004,data,data_0044CA24
0x0044CA28,0x0000000E,data,data_0044CA28
0x0044CA36,0x00000004,data,data_0044CA36
0x0044CA3A,0x0000000D,data,data_0044CA3A
0x0044CA47,0x00000045,data,data_0044CA47
0x0044CA8C,0x00000003,data,data_0044CA8C
0x0044CA8F,0x00000009,data,data_0044CA8F
0x0044CA98,0x00000008,data,data_0044CA98
0x0044CAA0,0x00000004,data,data_0044CAA0
0x0044CAA4,0x0000000E,data,data_0044CAA4
0x0044CAB2,0x00000004,data,data_0044CAB2
0x0044CAB6,0x00000009,data,data_0044CAB6
0x0044CABF,0x00000009,data,data_0044CABF
0x0044CAC8,0x0000000A,data,data_0044CAC8
0x0044CAD2,0x00000004,data,data_0044CAD2
0x0044CAD6,0x00000002,data,data_0044CAD6
0x0044CAD8,0x00000004,data,data_0044CAD8
0x0044CADC,0x0000000E,data,data_0044CADC
0x0044CAEA,0x00000004,data,data_0044CAEA
0x0044CAEE,0x00000009,data,data_0044CAEE
0x0044CAF7,0x00000009,data,data_0044CAF7
0x0044CB00,0x0000000B,data,data_0044CB00
0x0044CB0B,0x00000011,data,data_0044CB0B
0x0044CB1C,0x00000003,data,data_0044CB1C
0x0044CB1F,0x00000025,data,data_0044CB1F
0x0044CB44,0x0000000A,data,data_0044CB44
0x0044CB4E,0x00000004,data,data_0044CB4E
0x0044CB52,0x00000002,data,data_0044CB52
0x0044CB54,0x00000004,data,data_0044CB54
0x0044CB58,0x0000000E,data,data_0044CB58
0x0044CB66,0x00000004,data,data_0044CB66
0x0044CB6A,0x00000009,data,data_0044CB6A
0x0044CB73,0x00000049,data,data_0044CB73
0x0044CBBC,0x00000003,data,data_0044CBBC
0x0044CBBF,0x00000009,data,data_0044CBBF
0x0044CBC8,0x00000008,data,data_0044CBC8
0x0044CBD0,0x00000004,data,data_0044CBD0
0x0044CBD4,0x00000002,data,data_0044CBD4
0x0044CBD6,0x00000004,data,data_0044CBD6
0x0044CBDA,0x0000001E,data,data_0044CBDA
0x0044CBF8,0x00000004,data,data_0044CBF8
0x0044CBFC,0x00000002,data,data_0044CBFC
0x0044CBFE,0x00000004,data,data_0044CBFE
0x0044CC02,0x00000005,data,data_0044CC02
0x0044CC07,0x00000039,data,data_0044CC07
0x0044CC40,0x0000001C,data,data_0044CC40
0x0044CC5C,0x00000004,data,data_0044CC5C
0x0044CC60,0x00000005,data,data_0044CC60
0x0044CC65,0x00000015,data,data_0044CC65
0x0044CC7A,0x00000003,data,data_0044CC7A
0x0044CC7D,0x00000039,data,data_0044CC7D
0x0044CCB6,0x00000012,data,data_0044CCB6
0x0044CCC8,0x00000004,data,data_0044CCC8
0x0044CCCC,0x00000015,data,data_0044CCCC
0x0044CCE1,0x00000069,data,data_0044CCE1
0x0044CD4A,0x0000000B,data,data_0044CD4A
0x0044CD55,0x00000049,data,data_0044CD55
0x0044CD9E,0x00000012,data,data_0044CD9E
0x0044CDB0,0x00000004,data,data_0044CDB0
0x0044CDB4,0x00000002,data,data_0044CDB4
0x0044CDB6,0x00000004,data,data_0044CDB6
0x0044CDBA,0x0000000E,data,data_0044CDBA
0x0044CDC8,0x00000004,data,data_0044CDC8
0x0044CDCC,0x0000000D,data,data_0044CDCC
0x0044CDD9,0x00000045,data,data_0044CDD9
0x0044CE1E,0x00000003,data,data_0044CE1E
0x0044CE21,0x00000009,data,data_0044CE21
0x0044CE2A,0x0000000B,data,data_0044CE2A
0x0044CE35,0x00000005,data,data_0044CE35
0x0044CE3A,0x00000003,data,data_0044CE3A
0x0044CE3D,0x00000005,data,data_0044CE3D
0x0044CE42,0x00000003,data,data_0044CE42
0x0044CE45,0x00000005,data,data_0044CE45
0x0044CE4A,0x00000003,data,data_0044CE4A
0x0044CE4D,0x00000011,data,data_0044CE4D
0x0044CE5E,0x00000003,data,data_0044CE5E
0x0044CE61,0x00000011,data,data_0044CE61
0x0044CE72,0x00000007,data,data_0044CE72
0x0044CE79,0x00000009,data,data_0044CE79
0x0044CE82,0x0000000C,data,data_0044CE82
0x0044CE8E,0x00000004,data,data_0044CE8E
0x0044CE92,0x00000002,data,data_0044CE92
0x0044CE94,0x00000004,data,data_0044CE94
0x0044CE98,0x00000002,data,data_0044CE98
0x0044CE9A,0x00000004,data,data_0044CE9A
0x0044CE9E,0x00000015,data,data_0044CE9E
0x0044CEB3,0x00000081,data,data_0044CEB3
0x0044CF34,0x00000008,data,data_0044CF34
0x0044CF3C,0x00000004,data,data_0044CF3C
0x0044CF40,0x00000002,data,data_0044CF40
0x0044CF42,0x00000004,data,data_0044CF42
0x0044CF46,0x00000002,data,data_0044CF46
0x0044CF48,0x00000004,data,data_0044CF48
0x0044CF4C,0x00000015,data,data_0044CF4C
0x0044CF61,0x00000081,data,data_0044CF61
0x0044CFE2,0x00000008,data,data_0044CFE2
0x0044CFEA,0x00000004,data,data_0044CFEA
0x0044CFEE,0x00000002,data,data_0044CFEE
0x0044CFF0,0x00000004,data,data_0044CFF0
0x0044CFF4,0x00000015,data,data_0044CFF4
0x0044D009,0x00000081,data,data_0044D009
0x0044D08A,0x00000008,data,data_0044D08A
0x0044D092,0x00000004,data,data_0044D092
0x0044D096,0x00000002,data,data_0044D096
0x0044D098,0x00000004,data,data_0044D098
0x0044D09C,0x00000002,data,data_0044D09C
0x0044D09E,0x00000004,data,data_0044D09E
0x0044D0A2,0x00000015,data,data_0044D0A2
0x0044D0B7,0x00000081,data,data_0044D0B7
0x0044D138,0x00000010,data,data_0044D138
0x0044D148,0x00000004,data,data_0044D148
0x0044D14C,0x0000000E,data,data_0044D14C
0x0044D15A,0x00000004,data,data_0044D15A
0x0044D15E,0x00000002,data,data_0044D15E
0x0044D160,0x00000004,data,data_0044D160
0x0044D164,0x00000015,data,data_0044D164
0x0044D179,0x00000081,data,data_0044D179
0x0044D1FA,0x00000017,data,data_0044D1FA
0x0044D211,0x00000051,data,data_0044D211
0x0044D262,0x00000003,data,data_0044D262
0x0044D265,0x00000005,data,data_0044D265
0x0044D26A,0x00000003,data,data_0044D26A
0x0044D26D,0x0000000D,data,data_0044D26D
0x0044D27A,0x00000003,data,data_0044D27A
0x0044D27D,0x0000000D,data,data_0044D27D
0x0044D28A,0x00000003,data,data_0044D28A
0x0044D28D,0x00000005,data,data_0044D28D
0x0044D292,0x00000003,data,data_0044D292
0x0044D295,0x0000002A,data,data_0044D295
0x0044D2BF,0x00000007,data,data_0044D2BF
0x0044D2C6,0x00000004,data,data_0044D2C6
0x0044D2CA,0x0000000E,data,data_0044D2CA
0x0044D2D8,0x00000004,data,data_0044D2D8
0x0044D2DC,0x00000009,data,data_0044D2DC
0x0044D2E5,0x0000003D,data,data_0044D2E5
0x0044D322,0x00000008,data,data_0044D322
0x0044D32A,0x00000004,data,data_0044D32A
0x0044D32E,0x00000012,data,data_0044D32E
0x0044D344,0x00000008,data,data_0044D344
0x0044D34C,0x00000004,data,data_0044D34C
0x0044D350,0x00000005,data,data_0044D350
0x0044D355,0x00000029,data,data_0044D355
0x0044D37E,0x0000000F,data,data_0044D37E
0x0044D38D,0x00000051,data,data_0044D38D
0x0044D3DE,0x00000003,data,data_0044D3DE
0x0044D3E1,0x00000009,data,data_0044D3E1
0x0044D3EA,0x00000003,data,data_0044D3EA
0x0044D3ED,0x00000009,data,data_0044D3ED
0x0044D3F6,0x00000003,data,data_0044D3F6
0x0044D3F9,0x00000015,data,data_0044D3F9
0x0044D40E,0x00000003,data,data_0044D40E
0x0044D411,0x0000000D,data,data_0044D411
0x0044D41E,0x00000010,data,data_0044D41E
0x0044D432,0x0000000A,data,data_0044D432
0x0044D43C,0x00000004,data,data_0044D43C
0x0044D440,0x00000011,data,data_0044D440
0x0044D451,0x00000009,data,data_0044D451
0x0044D45A,0x00000007,data,data_0044D45A
0x0044D461,0x00000009,data,data_0044D461
0x0044D46A,0x00000003,data,data_0044D46A
0x0044D46D,0x0000000D,data,data_0044D46D
0x0044D47A,0x00000003,data,data_0044D47A
0x0044D47D,0x00000005,data,data_0044D47D
0x0044D482,0x00000003,data,data_0044D482
0x0044D485,0x00000005,data,data_0044D485
0x0044D48A,0x00000007,data,data_0044D48A
0x0044D491,0x00000005,data,data_0044D491
0x0044D496,0x00000003,data,data_0044D496
0x0044D499,0x00000005,data,data_0044D499
0x0044D49E,0x00000008,data,data_0044D49E
0x0044D4A6,0x00000004,data,data_0044D4A6
0x0044D4AA,0x0000000A,data,data_0044D4AA
0x0044D4BA,0x0000000C,data,data_0044D4BA
0x0044D4CA,0x00000002,data,data_0044D4CA
0x0044D4CC,0x00000004,data,data_0044D4CC
0x0044D4D0,0x00000002,data,data_0044D4D0
0x0044D4D2,0x00000004,data,data_0044D4D2
0x0044D4D6,0x00000012,data,data_0044D4D6
0x0044D4EC,0x00000002,data,data_0044D4EC
0x0044D4EE,0x00000004,data,data_0044D4EE
0x0044D4F2,0x00000005,data,data_0044D4F2
0x0044D4F7,0x00000025,data,data_0044D4F7
0x0044D51C,0x00000012,data,data_0044D51C
0x0044D52E,0x00000004,data,data_0044D52E
0x0044D532,0x00000002,data,data_0044D532
0x0044D534,0x00000004,data,data_0044D534
0x0044D538,0x00000016,data,data_0044D538
0x0044D54E,0x00000004,data,data_0044D54E
0x0044D552,0x0000000E,data,data_0044D552
0x0044D560,0x00000004,data,data_0044D560
0x0044D564,0x00000011,data,data_0044D564
0x0044D575,0x00000039,data,data_0044D575
0x0044D5AE,0x00000008,data,data_0044D5AE
0x0044D5B6,0x00000004,data,data_0044D5B6
0x0044D5BA,0x00000002,data,data_0044D5BA
0x0044D5BC,0x00000004,data,data_0044D5BC
0x0044D5C0,0x0000000E,data,data_0044D5C0
0x0044D5CE,0x00000004,data,data_0044D5CE
0x0044D5D2,0x0000000E,data,data_0044D5D2
0x0044D5E0,0x00000004,data,data_0044D5E0
0x0044D5E4,0x00000011,data,data_0044D5E4
0x0044D5F5,0x00000039,data,data_0044D5F5
0x0044D62E,0x00000008,data,data_0044D62E
0x0044D636,0x00000004,data,data_0044D636
0x0044D63A,0x0000000E,data,data_0044D63A
0x0044D648,0x00000004,data,data_0044D648
0x0044D64C,0x00000011,data,data_0044D64C
0x0044D65D,0x00000039,data,data_0044D65D
0x0044D696,0x00000008,data,data_0044D696
0x0044D69E,0x00000004,data,data_0044D69E
0x0044D6A2,0x0000000E,data,data_0044D6A2
0x0044D6B0,0x00000004,data,data_0044D6B0
0x0044D6B4,0x00000011,data,data_0044D6B4
0x0044D6C5,0x00000011,data,data_0044D6C5
0x0044D6D6,0x00000008,data,data_0044D6D6
0x0044D6DE,0x00000004,data,data_0044D6DE
0x0044D6E2,0x00000011,data,data_0044D6E2
0x0044D6F3,0x00000005,data,data_0044D6F3
0x0044D6F8,0x00000003,data,data_0044D6F8
0x0044D6FB,0x00000011,data,data_0044D6FB
0x0044D70C,0x00000003,data,data_0044D70C
0x0044D70F,0x00000005,data,data_0044D70F
0x0044D714,0x00000003,data,data_0044D714
0x0044D717,0x00000015,data,data_0044D717
0x0044D72C,0x00000008,data,data_0044D72C
0x0044D734,0x00000004,data,data_0044D734
0x0044D738,0x0000000E,data,data_0044D738
0x0044D746,0x00000004,data,data_0044D746
0x0044D74A,0x0000000E,data,data_0044D74A
0x0044D758,0x00000004,data,data_0044D758
0x0044D75C,0x00000011,data,data_0044D75C
0x0044D76D,0x00000005,data,data_0044D76D
0x0044D772,0x00000003,data,data_0044D772
0x0044D775,0x00000011,data,data_0044D775
0x0044D786,0x0000000F,data,data_0044D786
0x0044D795,0x00000005,data,data_0044D795
0x0044D79A,0x00000003,data,data_0044D79A
0x0044D79D,0x00000005,data,data_0044D79D
0x0044D7A2,0x00000003,data,data_0044D7A2
0x0044D7A5,0x00000009,data,data_0044D7A5
0x0044D7AE,0x00000003,data,data_0044D7AE
0x0044D7B1,0x00000005,data,data_0044D7B1
0x0044D7B6,0x0000000A,data,data_0044D7B6
0x0044D7C0,0x00000004,data,data_0044D7C0
0x0044D7C4,0x00000025,data,data_0044D7C4
0x0044D7E9,0x00000009,data,data_0044D7E9
0x0044D7F2,0x00000007,data,data_0044D7F2
0x0044D7F9,0x00000009,data,data_0044D7F9
0x0044D802,0x00000003,data,data_0044D802
0x0044D805,0x00000015,data,data_0044D805
0x0044D81A,0x00000003,data,data_0044D81A
0x0044D81D,0x00000011,data,data_0044D81D
0x0044D82E,0x00000003,data,data_0044D82E
0x0044D831,0x00000005,data,data_0044D831
0x0044D836,0x00000004,data,data_0044D836
0x0044D83F,0x00000023,data,data_0044D83F
0x0044D862,0x00000004,data,data_0044D862
0x0044D866,0x00000005,data,data_0044D866
0x0044D86B,0x00000015,data,data_0044D86B
0x0044D880,0x00000003,data,data_0044D880
0x0044D883,0x00000039,data,data_0044D883
0x0044D8BC,0x00000008,data,data_0044D8BC
0x0044D8C4,0x00000004,data,data_0044D8C4
0x0044D8C8,0x00000002,data,data_0044D8C8
0x0044D8CA,0x00000004,data,data_0044D8CA
0x0044D8CE,0x00000005,data,data_0044D8CE
0x0044D8D3,0x00000015,data,data_0044D8D3
0x0044D8E8,0x00000008,data,data_0044D8E8
0x0044D8F0,0x00000004,data,data_0044D8F0
0x0044D8F4,0x00000002,data,data_0044D8F4
0x0044D8F6,0x00000004,data,data_0044D8F6
0x0044D8FA,0x00000005,data,data_0044D8FA
0x0044D8FF,0x00000015,data,data_0044D8FF
0x0044D914,0x00000008,data,data_0044D914
0x0044D91C,0x00000004,data,data_0044D91C
0x0044D920,0x00000002,data,data_0044D920
0x0044D922,0x00000004,data,data_0044D922
0x0044D926,0x00000005,data,data_0044D926
0x0044D92B,0x00000015,data,data_0044D92B
0x0044D940,0x0000000B,data,data_0044D940
0x0044D94B,0x00000015,data,data_0044D94B
0x0044D960,0x00000003,data,data_0044D960
0x0044D963,0x00000039,data,data_0044D963
0x0044D99C,0x0000000B,data,data_0044D99C
0x0044D9A7,0x00000009,data,data_0044D9A7
0x0044D9B0,0x00000003,data,data_0044D9B0
0x0044D9B3,0x00000031,data,data_0044D9B3
0x0044D9E4,0x00000003,data,data_0044D9E4
0x0044D9E7,0x00000005,data,data_0044D9E7
0x0044D9EC,0x00000010,data,data_0044D9EC
0x0044D9FC,0x00000004,data,data_0044D9FC
0x0044DA00,0x00000012,data,data_0044DA00
0x0044DA16,0x00000002,data,data_0044DA16
0x0044DA18,0x00000004,data,data_0044DA18
0x0044DA1C,0x00000002,data,data_0044DA1C
0x0044DA1E,0x00000004,data,data_0044DA1E
0x0044DA22,0x00000002,data,data_0044DA22
0x0044DA24,0x00000004,data,data_0044DA24
0x0044DA28,0x00000002,data,data_0044DA28
0x0044DA2A,0x00000004,data,data_0044DA2A
0x0044DA2E,0x00000005,data,data_0044DA2E
0x0044DA33,0x00000015,data,data_0044DA33
0x0044DA48,0x00000003,data,data_0044DA48
0x0044DA4B,0x00000039,data,data_0044DA4B
0x0044DA84,0x00000008,data,data_0044DA84
0x0044DA8C,0x00000004,data,data_0044DA8C
0x0044DA90,0x00000002,data,data_0044DA90
0x0044DA92,0x00000004,data,data_0044DA92
0x0044DA96,0x00000002,data,data_0044DA96
0x0044DA98,0x00000004,data,data_0044DA98
0x0044DA9C,0x00000005,data,data_0044DA9C
0x0044DAA1,0x00000015,data,data_0044DAA1
0x0044DAB6,0x00000003,data,data_0044DAB6
0x0044DAB9,0x00000039,data,data_0044DAB9
0x0044DAF2,0x0000000B,data,data_0044DAF2
0x0044DAFD,0x00000005,data,data_0044DAFD
0x0044DB02,0x00000013,data,data_0044DB02
0x0044DB15,0x00000025,data,data_0044DB15
0x0044DB3A,0x00000003,data,data_0044DB3A
0x0044DB3D,0x0000000D,data,data_0044DB3D
0x0044DB4A,0x00000003,data,data_0044DB4A
0x0044DB4D,0x0000000D,data,data_0044DB4D
0x0044DB5A,0x0000000E,data,data_0044DB5A
0x0044DB68,0x00000004,data,data_0044DB68
0x0044DB6C,0x00000005,data,data_0044DB6C
0x0044DB71,0x00000005,data,data_0044DB71
0x0044DB76,0x00000008,data,data_0044DB76
0x0044DB7E,0x00000004,data,data_0044DB7E
0x0044DB82,0x0000001E,data,data_0044DB82
0x0044DBA0,0x00000004,data,data_0044DBA0
0x0044DBA4,0x00000016,data,data_0044DBA4
0x0044DBBA,0x00000004,data,data_0044DBBA
0x0044DBBE,0x0000000E,data,data_0044DBBE
0x0044DBCC,0x00000004,data,data_0044DBCC
0x0044DBD0,0x0000000E,data,data_0044DBD0
0x0044DBDE,0x00000004,data,data_0044DBDE
0x0044DBE2,0x00000011,data,data_0044DBE2
0x0044DBF3,0x00000015,data,data_0044DBF3
0x0044DC08,0x00000003,data,data_0044DC08
0x0044DC0B,0x00000039,data,data_0044DC0B
0x0044DC44,0x0000000B,data,data_0044DC44
0x0044DC4F,0x00000039,data,data_0044DC4F
0x0044DC88,0x00000010,data,data_0044DC88
0x0044DC98,0x00000004,data,data_0044DC98
0x0044DC9C,0x0000001E,data,data_0044DC9C
0x0044DCBA,0x00000004,data,data_0044DCBA
0x0044DCBE,0x00000016,data,data_0044DCBE
0x0044DCD4,0x00000004,data,data_0044DCD4
0x0044DCD8,0x0000000E,data,data_0044DCD8
0x0044DCE6,0x00000004,data,data_0044DCE6
0x0044DCEA,0x0000000E,data,data_0044DCEA
0x0044DCF8,0x00000004,data,data_0044DCF8
0x0044DCFC,0x00000011,data,data_0044DCFC
0x0044DD0D,0x00000015,data,data_0044DD0D
0x0044DD22,0x00000003,data,data_0044DD22
0x0044DD25,0x0000003A,data,data_0044DD25
0x0044DD5F,0x00000007,data,data_0044DD5F
0x0044DD66,0x00000004,data,data_0044DD66
0x0044DD6A,0x0000000E,data,data_0044DD6A
0x0044DD78,0x00000004,data,data_0044DD78
0x0044DD7C,0x0000000E,data,data_0044DD7C
0x0044DD8A,0x00000004,data,data_0044DD8A
0x0044DD8E,0x00000011,data,data_0044DD8E
0x0044DD9F,0x00000015,data,data_0044DD9F
0x0044DDB4,0x00000003,data,data_0044DDB4
0x0044DDB7,0x00000039,data,data_0044DDB7
0x0044DDF0,0x0000000B,data,data_0044DDF0
0x0044DDFB,0x00000031,data,data_0044DDFB
0x0044DE2C,0x00000003,data,data_0044DE2C
0x0044DE2F,0x00000005,data,data_0044DE2F
0x0044DE34,0x0000000B,data,data_0044DE34
0x0044DE3F,0x00000039,data,data_0044DE3F
0x0044DE78,0x0000000B,data,data_0044DE78
0x0044DE83,0x00000009,data,data_0044DE83
0x0044DE8C,0x00000003,data,data_0044DE8C
0x0044DE8F,0x00000005,data,data_0044DE8F
0x0044DE94,0x0000001A,data,data_0044DE94
0x0044DEAE,0x00000004,data,data_0044DEAE
0x0044DEB2,0x00000005,data,data_0044DEB2
0x0044DEB7,0x00000005,data,data_0044DEB7
0x0044DEBC,0x0000000B,data,data_0044DEBC
0x0044DEC7,0x00000019,data,data_0044DEC7
0x0044DEE0,0x00000003,data,data_0044DEE0
0x0044DEE3,0x00000019,data,data_0044DEE3
0x0044DEFC,0x00000004,data,data_0044DEFC
0x0044DF07,0x00000005,data,data_0044DF07
0x0044DF12,0x00000004,data,data_0044DF12
0x0044DF1A,0x00000008,data,data_0044DF1A
0x0044DF22,0x00000004,data,data_0044DF22
0x0044DF26,0x00000002,data,data_0044DF26
0x0044DF28,0x00000004,data,data_0044DF28
0x0044DF2C,0x00000002,data,data_0044DF2C
0x0044DF2E,0x00000004,data,data_0044DF2E
0x0044DF32,0x00000002,data,data_0044DF32
0x0044DF34,0x00000004,data,data_0044DF34
0x0044DF38,0x00000005,data,data_0044DF38
0x0044DF3D,0x00000015,data,data_0044DF3D
0x0044DF52,0x00000003,data,data_0044DF52
0x0044DF55,0x00000039,data,data_0044DF55
0x0044DF8E,0x00000008,data,data_0044DF8E
0x0044DF96,0x00000004,data,data_0044DF96
0x0044DF9A,0x00000002,data,data_0044DF9A
0x0044DF9C,0x00000004,data,data_0044DF9C
0x0044DFA0,0x00000002,data,data_0044DFA0
0x0044DFA2,0x00000004,data,data_0044DFA2
0x0044DFA6,0x00000005,data,data_0044DFA6
0x0044DFAB,0x00000015,data,data_0044DFAB
0x0044DFC0,0x00000003,data,data_0044DFC0
0x0044DFC3,0x00000039,data,data_0044DFC3
0x0044DFFC,0x0000000B,data,data_0044DFFC
0x0044E007,0x00000031,data,data_0044E007
0x0044E038,0x00000003,data,data_0044E038
0x0044E03B,0x00000005,data,data_0044E03B
0x0044E040,0x0000000B,data,data_0044E040
0x0044E04B,0x0000004D,data,data_0044E04B
0x0044E098,0x00000004,data,data_0044E098
0x0044E0A2,0x00000004,data,data_0044E0A2
0x0044E0AD,0x00000003,data,data_0044E0AD
0x0044E0B0,0x00000004,data,data_0044E0B0
0x0044E0B4,0x00000005,data,data_0044E0B4
0x0044E0B9,0x00000041,data,data_0044E0B9
0x0044E0FA,0x00000008,data,data_0044E0FA
0x0044E102,0x00000004,data,data_0044E102
0x0044E106,0x00000002,data,data_0044E106
0x0044E108,0x00000004,data,data_0044E108
0x0044E10C,0x00000002,data,data_0044E10C
0x0044E10E,0x00000004,data,data_0044E10E
0x0044E112,0x00000002,data,data_0044E112
0x0044E114,0x00000004,data,data_0044E114
0x0044E118,0x00000005,data,data_0044E118
0x0044E11D,0x00000015,data,data_0044E11D
0x0044E132,0x00000003,data,data_0044E132
0x0044E135,0x00000039,data,data_0044E135
0x0044E16E,0x00000008,data,data_0044E16E
0x0044E176,0x00000004,data,data_0044E176
0x0044E17A,0x00000002,data,data_0044E17A
0x0044E17C,0x00000004,data,data_0044E17C
0x0044E180,0x00000002,data,data_0044E180
0x0044E182,0x00000004,data,data_0044E182
0x0044E186,0x00000005,data,data_0044E186
0x0044E18B,0x00000015,data,data_0044E18B
0x0044E1A0,0x00000003,data,data_0044E1A0
0x0044E1A3,0x00000039,data,data_0044E1A3
0x0044E1DC,0x0000000B,data,data_0044E1DC
0x0044E1E7,0x00000031,data,data_0044E1E7
0x0044E218,0x00000003,data,data_0044E218
0x0044E21B,0x00000005,data,data_0044E21B
0x0044E220,0x0000000C,data,data_0044E220
0x0044E233,0x00000003,data,data_0044E233
0x0044E236,0x00000004,data,data_0044E236
0x0044E23A,0x00000002,data,data_0044E23A
0x0044E23C,0x00000004,data,data_0044E23C
0x0044E240,0x00000002,data,data_0044E240
0x0044E242,0x00000004,data,data_0044E242
0x0044E246,0x00000002,data,data_0044E246
0x0044E248,0x00000004,data,data_0044E248
0x0044E24C,0x00000005,data,data_0044E24C
0x0044E251,0x00000015,data,data_0044E251
0x0044E266,0x00000003,data,data_0044E266
0x0044E269,0x00000039,data,data_0044E269
0x0044E2A2,0x00000008,data,data_0044E2A2
0x0044E2AA,0x00000004,data,data_0044E2AA
0x0044E2AE,0x00000002,data,data_0044E2AE
0x0044E2B0,0x00000004,data,data_0044E2B0
0x0044E2B4,0x00000002,data,data_0044E2B4
0x0044E2B6,0x00000004,data,data_0044E2B6
0x0044E2BA,0x00000005,data,data_0044E2BA
0x0044E2BF,0x00000015,data,data_0044E2BF
0x0044E2D4,0x00000003,data,data_0044E2D4
0x0044E2D7,0x00000039,data,data_0044E2D7
0x0044E310,0x0000000B,data,data_0044E310
0x0044E31B,0x0000000D,data,data_0044E31B
0x0044E328,0x00000012,data,data_0044E328
0x0044E33A,0x00000004,data,data_0044E33A
0x0044E33E,0x00000002,data,data_0044E33E
0x0044E340,0x00000004,data,data_0044E340
0x0044E344,0x00000002,data,data_0044E344
0x0044E346,0x00000004,data,data_0044E346
0x0044E34A,0x00000005,data,data_0044E34A
0x0044E34F,0x00000015,data,data_0044E34F
0x0044E364,0x00000010,data,data_0044E364
0x0044E374,0x00000004,data,data_0044E374
0x0044E378,0x00000002,data,data_0044E378
0x0044E37A,0x00000004,data,data_0044E37A
0x0044E37E,0x00000002,data,data_0044E37E
0x0044E380,0x00000004,data,data_0044E380
0x0044E384,0x00000005,data,data_0044E384
0x0044E389,0x00000015,data,data_0044E389
0x0044E39E,0x0000000B,data,data_0044E39E
0x0044E3A9,0x00000015,data,data_0044E3A9
0x0044E3BE,0x0000000B,data,data_0044E3BE
0x0044E3C9,0x00000015,data,data_0044E3C9
0x0044E3DE,0x00000003,data,data_0044E3DE
0x0044E3E1,0x00000005,data,data_0044E3E1
0x0044E3E6,0x00000018,data,data_0044E3E6
0x0044E3FE,0x00000004,data,data_0044E3FE
0x0044E402,0x00000002,data,data_0044E402
0x0044E404,0x00000004,data,data_0044E404
0x0044E408,0x00000005,data,data_0044E408
0x0044E40D,0x00000015,data,data_0044E40D
0x0044E422,0x00000008,data,data_0044E422
0x0044E42A,0x00000004,data,data_0044E42A
0x0044E42E,0x00000002,data,data_0044E42E
0x0044E430,0x00000004,data,data_0044E430
0x0044E434,0x00000005,data,data_0044E434
0x0044E439,0x00000015,data,data_0044E439
0x0044E44E,0x0000000B,data,data_0044E44E
0x0044E459,0x00000005,data,data_0044E459
0x0044E45E,0x00000008,data,data_0044E45E
0x0044E466,0x00000004,data,data_0044E466
0x0044E46A,0x00000002,data,data_0044E46A
0x0044E46C,0x00000004,data,data_0044E46C
0x0044E470,0x00000005,data,data_0044E470
0x0044E475,0x00000015,data,data_0044E475
0x0044E48A,0x00000008,data,data_0044E48A
0x0044E492,0x00000004,data,data_0044E492
0x0044E496,0x00000002,data,data_0044E496
0x0044E498,0x00000004,data,data_0044E498
0x0044E49C,0x00000005,data,data_0044E49C
0x0044E4A1,0x00000015,data,data_0044E4A1
0x0044E4B6,0x0000000B,data,data_0044E4B6
0x0044E4C1,0x00000005,data,data_0044E4C1
0x0044E4C6,0x0000000B,data,data_0044E4C6
0x0044E4D1,0x00000025,data,data_0044E4D1
0x0044E4F6,0x00000013,data,data_0044E4F6
0x0044E509,0x00000019,data,data_0044E509
0x0044E522,0x00000007,data,data_0044E522
0x0044E529,0x00000009,data,data_0044E529
0x0044E532,0x00000003,data,data_0044E532
0x0044E535,0x00000015,data,data_0044E535
0x0044E54A,0x00000007,data,data_0044E54A
0x0044E551,0x00000005,data,data_0044E551
0x0044E556,0x00000004,data,data_0044E556
0x0044E560,0x00000008,data,data_0044E560
0x0044E568,0x00000004,data,data_0044E568
0x0044E56C,0x00000005,data,data_0044E56C
0x0044E571,0x00000005,data,data_0044E571
0x0044E576,0x00000022,data,data_0044E576
0x0044E598,0x00000004,data,data_0044E598
0x0044E59C,0x00000005,data,data_0044E59C
0x0044E5A1,0x00000005,data,data_0044E5A1
0x0044E5A6,0x0000000E,data,data_0044E5A6
0x0044E5B4,0x00000004,data,data_0044E5B4
0x0044E5B8,0x00000005,data,data_0044E5B8
0x0044E5BD,0x00000005,data,data_0044E5BD
0x0044E5C2,0x0000000B,data,data_0044E5C2
0x0044E5CD,0x00000039,data,data_0044E5CD
0x0044E606,0x00000008,data,data_0044E606
0x0044E60E,0x00000004,data,data_0044E60E
0x0044E612,0x00000002,data,data_0044E612
0x0044E614,0x00000004,data,data_0044E614
0x0044E618,0x00000005,data,data_0044E618
0x0044E61D,0x00000015,data,data_0044E61D
0x0044E632,0x00000010,data,data_0044E632
0x0044E642,0x00000004,data,data_0044E642
0x0044E646,0x00000002,data,data_0044E646
0x0044E648,0x00000004,data,data_0044E648
0x0044E64C,0x00000005,data,data_0044E64C
0x0044E651,0x00000015,data,data_0044E651
0x0044E666,0x00000013,data,data_0044E666
0x0044E679,0x00000039,data,data_0044E679
0x0044E6B2,0x0000000B,data,data_0044E6B2
0x0044E6BD,0x00000009,data,data_0044E6BD
0x0044E6C6,0x00000003,data,data_0044E6C6
0x0044E6C9,0x00000005,data,data_0044E6C9
0x0044E6CE,0x0000000B,data,data_0044E6CE
0x0044E6D9,0x00000015,data,data_0044E6D9
0x0044E6EE,0x00000008,data,data_0044E6EE
0x0044E6F6,0x00000004,data,data_0044E6F6
0x0044E6FA,0x00000002,data,data_0044E6FA
0x0044E6FC,0x00000004,data,data_0044E6FC
0x0044E700,0x00000002,data,data_0044E700
0x0044E702,0x00000004,data,data_0044E702
0x0044E706,0x00000002,data,data_0044E706
0x0044E708,0x00000004,data,data_0044E708
0x0044E70C,0x00000002,data,data_0044E70C
0x0044E70E,0x00000004,data,data_0044E70E
0x0044E712,0x00000002,data,data_0044E712
0x0044E714,0x00000004,data,data_0044E714
0x0044E718,0x00000002,data,data_0044E718
0x0044E71A,0x00000004,data,data_0044E71A
0x0044E71E,0x00000002,data,data_0044E71E
0x0044E720,0x00000004,data,data_0044E720
0x0044E724,0x00000002,data,data_0044E724
0x0044E726,0x00000004,data,data_0044E726
0x0044E72A,0x00000002,data,data_0044E72A
0x0044E72C,0x00000004,data,data_0044E72C
0x0044E730,0x00000002,data,data_0044E730
0x0044E732,0x00000004,data,data_0044E732
0x0044E736,0x00000032,data,data_0044E736
0x0044E768,0x00000004,data,data_0044E768
0x0044E76C,0x00000002,data,data_0044E76C
0x0044E76E,0x00000004,data,data_0044E76E
0x0044E772,0x00000002,data,data_0044E772
0x0044E774,0x00000004,data,data_0044E774
0x0044E778,0x00000002,data,data_0044E778
0x0044E77A,0x00000004,data,data_0044E77A
0x0044E77E,0x00000002,data,data_0044E77E
0x0044E780,0x00000004,data,data_0044E780
0x0044E784,0x00000002,data,data_0044E784
0x0044E786,0x00000004,data,data_0044E786
0x0044E78A,0x00000002,data,data_0044E78A
0x0044E78C,0x00000004,data,data_0044E78C
0x0044E790,0x00000002,data,data_0044E790
0x0044E792,0x00000004,data,data_0044E792
0x0044E796,0x00000002,data,data_0044E796
0x0044E798,0x00000004,data,data_0044E798
0x0044E79C,0x00000002,data,data_0044E79C
0x0044E79E,0x00000004,data,data_0044E79E
0x0044E7A2,0x00000032,data,data_0044E7A2
0x0044E7D4,0x00000004,data,data_0044E7D4
0x0044E7D8,0x00000002,data,data_0044E7D8
0x0044E7DA,0x00000004,data,data_0044E7DA
0x0044E7DE,0x00000012,data,data_0044E7DE
0x0044E7F0,0x00000004,data,data_0044E7F0
0x0044E7F4,0x00000002,data,data_0044E7F4
0x0044E7F6,0x00000004,data,data_0044E7F6
0x0044E7FA,0x00000002,data,data_0044E7FA
0x0044E7FC,0x00000004,data,data_0044E7FC
0x0044E800,0x00000002,data,data_0044E800
0x0044E802,0x00000004,data,data_0044E802
0x0044E806,0x00000002,data,data_0044E806
0x0044E808,0x00000004,data,data_0044E808
0x0044E80C,0x0000000A,data,data_0044E80C
0x0044E816,0x00000004,data,data_0044E816
0x0044E81A,0x00000002,data,data_0044E81A
0x0044E81C,0x00000004,data,data_0044E81C
0x0044E820,0x00000002,data,data_0044E820
0x0044E822,0x00000004,data,data_0044E822
0x0044E826,0x00000002,data,data_0044E826
0x0044E828,0x00000004,data,data_0044E828
0x0044E82C,0x00000002,data,data_0044E82C
0x0044E82E,0x00000004,data,data_0044E82E
0x0044E832,0x00000009,data,data_0044E832
0x0044E83B,0x00000005,data,data_0044E83B
0x0044E840,0x00000003,data,data_0044E840
0x0044E843,0x00000025,data,data_0044E843
0x0044E868,0x00000010,data,data_0044E868
0x0044E878,0x00000004,data,data_0044E878
0x0044E87C,0x00000002,data,data_0044E87C
0x0044E87E,0x00000004,data,data_0044E87E
0x0044E882,0x00000002,data,data_0044E882
0x0044E884,0x00000004,data,data_0044E884
0x0044E888,0x00000005,data,data_0044E888
0x0044E88D,0x00000015,data,data_0044E88D
0x0044E8A2,0x00000003,data,data_0044E8A2
0x0044E8A5,0x00000039,data,data_0044E8A5
0x0044E8DE,0x00000004,data,data_0044E8DE
0x0044E8E9,0x00000003,data,data_0044E8E9
0x0044E8EC,0x00000004,data,data_0044E8EC
0x0044E8F0,0x00000029,data,data_0044E8F0
0x0044E919,0x0000002D,data,data_0044E919
0x0044E946,0x00000007,data,data_0044E946
0x0044E94D,0x00000015,data,data_0044E94D
0x0044E962,0x00000003,data,data_0044E962
0x0044E965,0x00000019,data,data_0044E965
0x0044E97E,0x00000008,data,data_0044E97E
0x0044E986,0x00000004,data,data_0044E986
0x0044E98A,0x0000000A,data,data_0044E98A
0x0044E994,0x00000004,data,data_0044E994
0x0044E998,0x00000002,data,data_0044E998
0x0044E99A,0x00000004,data,data_0044E99A
0x0044E99E,0x00000002,data,data_0044E99E
0x0044E9A0,0x00000004,data,data_0044E9A0
0x0044E9A4,0x00000002,data,data_0044E9A4
0x0044E9A6,0x00000004,data,data_0044E9A6
0x0044E9AA,0x00000009,data,data_0044E9AA
0x0044E9B3,0x00000005,data,data_0044E9B3
0x0044E9B8,0x00000003,data,data_0044E9B8
0x0044E9BB,0x0000000D,data,data_0044E9BB
0x0044E9C8,0x00000003,data,data_0044E9C8
0x0044E9CB,0x00000019,data,data_0044E9CB
0x0044E9E4,0x00000003,data,data_0044E9E4
0x0044E9E7,0x0000001D,data,data_0044E9E7
0x0044EA04,0x00000008,data,data_0044EA04
0x0044EA0C,0x00000004,data,data_0044EA0C
0x0044EA10,0x00000002,data,data_0044EA10
0x0044EA12,0x00000004,data,data_0044EA12
0x0044EA16,0x00000002,data,data_0044EA16
0x0044EA18,0x00000004,data,data_0044EA18
0x0044EA1C,0x00000002,data,data_0044EA1C
0x0044EA1E,0x00000004,data,data_0044EA1E
0x0044EA22,0x00000002,data,data_0044EA22
0x0044EA24,0x00000004,data,data_0044EA24
0x0044EA28,0x00000005,data,data_0044EA28
0x0044EA2D,0x00000015,data,data_0044EA2D
0x0044EA42,0x00000003,data,data_0044EA42
0x0044EA45,0x00000039,data,data_0044EA45
0x0044EA7E,0x00000010,data,data_0044EA7E
0x0044EA8E,0x00000004,data,data_0044EA8E
0x0044EA92,0x00000005,data,data_0044EA92
0x0044EA97,0x00000015,data,data_0044EA97
0x0044EAAC,0x00000007,data,data_0044EAAC
0x0044EAB3,0x00000035,data,data_0044EAB3
0x0044EAE8,0x00000018,data,data_0044EAE8
0x0044EB00,0x00000004,data,data_0044EB00
0x0044EB04,0x00000002,data,data_0044EB04
0x0044EB06,0x00000004,data,data_0044EB06
0x0044EB0A,0x00000002,data,data_0044EB0A
0x0044EB0C,0x00000004,data,data_0044EB0C
0x0044EB10,0x00000005,data,data_0044EB10
0x0044EB15,0x00000015,data,data_0044EB15
0x0044EB2A,0x00000003,data,data_0044EB2A
0x0044EB2D,0x00000039,data,data_0044EB2D
0x0044EB66,0x00000008,data,data_0044EB66
0x0044EB6E,0x00000004,data,data_0044EB6E
0x0044EB72,0x00000002,data,data_0044EB72
0x0044EB74,0x00000004,data,data_0044EB74
0x0044EB78,0x00000002,data,data_0044EB78
0x0044EB7A,0x00000004,data,data_0044EB7A
0x0044EB7E,0x00000002,data,data_0044EB7E
0x0044EB80,0x00000004,data,data_0044EB80
0x0044EB84,0x0000000D,data,data_0044EB84
0x0044EB91,0x00000015,data,data_0044EB91
0x0044EBA6,0x00000003,data,data_0044EBA6
0x0044EBA9,0x00000019,data,data_0044EBA9
0x0044EBC2,0x00000003,data,data_0044EBC2
0x0044EBC5,0x0000001D,data,data_0044EBC5
0x0044EBE2,0x00000022,data,data_0044EBE2
0x0044EC04,0x00000004,data,data_0044EC04
0x0044EC08,0x00000005,data,data_0044EC08
0x0044EC0D,0x00000015,data,data_0044EC0D
0x0044EC22,0x00000003,data,data_0044EC22
0x0044EC25,0x00000039,data,data_0044EC25
0x0044EC5E,0x00000008,data,data_0044EC5E
0x0044EC66,0x00000004,data,data_0044EC66
0x0044EC6A,0x00000002,data,data_0044EC6A
0x0044EC6C,0x00000004,data,data_0044EC6C
0x0044EC70,0x00000005,data,data_0044EC70
0x0044EC75,0x00000015,data,data_0044EC75
0x0044EC8A,0x00000008,data,data_0044EC8A
0x0044EC92,0x00000004,data,data_0044EC92
0x0044EC96,0x00000002,data,data_0044EC96
0x0044EC98,0x00000004,data,data_0044EC98
0x0044EC9C,0x00000005,data,data_0044EC9C
0x0044ECA1,0x00000015,data,data_0044ECA1
0x0044ECB6,0x00000008,data,data_0044ECB6
0x0044ECBE,0x00000004,data,data_0044ECBE
0x0044ECC2,0x00000002,data,data_0044ECC2
0x0044ECC4,0x00000004,data,data_0044ECC4
0x0044ECC8,0x00000005,data,data_0044ECC8
0x0044ECCD,0x00000015,data,data_0044ECCD
0x0044ECE2,0x0000000B,data,data_0044ECE2
0x0044ECED,0x00000015,data,data_0044ECED
0x0044ED02,0x00000003,data,data_0044ED02
0x0044ED05,0x00000039,data,data_0044ED05
0x0044ED3E,0x0000000B,data,data_0044ED3E
0x0044ED49,0x00000009,data,data_0044ED49
0x0044ED52,0x00000003,data,data_0044ED52
0x0044ED55,0x00000031,data,data_0044ED55
0x0044ED86,0x00000003,data,data_0044ED86
0x0044ED89,0x00000005,data,data_0044ED89
0x0044ED8E,0x00000004,data,data_0044ED8E
0x0044ED96,0x0000000E,data,data_0044ED96
0x0044EDA4,0x00000004,data,data_0044EDA4
0x0044EDA8,0x00000005,data,data_0044EDA8
0x0044EDAD,0x00000015,data,data_0044EDAD
0x0044EDC2,0x0000000A,data,data_0044EDC2
0x0044EDCC,0x00000004,data,data_0044EDCC
0x0044EDD0,0x00000005,data,data_0044EDD0
0x0044EDD5,0x00000005,data,data_0044EDD5
0x0044EDDA,0x0000000A,data,data_0044EDDA
0x0044EDE4,0x00000004,data,data_0044EDE4
0x0044EDE8,0x00000005,data,data_0044EDE8
0x0044EDED,0x00000005,data,data_0044EDED
0x0044EDF2,0x00000003,data,data_0044EDF2
0x0044EDF5,0x00000079,data,data_0044EDF5
0x0044EE6E,0x0000000B,data,data_0044EE6E
0x0044EE79,0x00000029,data,data_0044EE79
0x0044EEA2,0x0000000B,data,data_0044EEA2
0x0044EEAD,0x00000019,data,data_0044EEAD
0x0044EEC6,0x00000003,data,data_0044EEC6
0x0044EEC9,0x0000000D,data,data_0044EEC9
0x0044EED6,0x00000003,data,data_0044EED6
0x0044EED9,0x00000005,data,data_0044EED9
0x0044EEDE,0x00000003,data,data_0044EEDE
0x0044EEE1,0x00000009,data,data_0044EEE1
0x0044EEEA,0x00000008,data,data_0044EEEA
0x0044EEF2,0x00000004,data,data_0044EEF2
0x0044EEF6,0x00000002,data,data_0044EEF6
0x0044EEF8,0x00000004,data,data_0044EEF8
0x0044EEFC,0x00000002,data,data_0044EEFC
0x0044EEFE,0x00000004,data,data_0044EEFE
0x0044EF02,0x00000005,data,data_0044EF02
0x0044EF07,0x00000015,data,data_0044EF07
0x0044EF1C,0x0000000B,data,data_0044EF1C
0x0044EF27,0x00000009,data,data_0044EF27
0x0044EF30,0x00000008,data,data_0044EF30
0x0044EF38,0x00000004,data,data_0044EF38
0x0044EF3C,0x00000002,data,data_0044EF3C
0x0044EF3E,0x00000004,data,data_0044EF3E
0x0044EF42,0x00000002,data,data_0044EF42
0x0044EF44,0x00000004,data,data_0044EF44
0x0044EF48,0x00000005,data,data_0044EF48
0x0044EF4D,0x00000015,data,data_0044EF4D
0x0044EF62,0x0000000B,data,data_0044EF62
0x0044EF6D,0x00000009,data,data_0044EF6D
0x0044EF76,0x0000000B,data,data_0044EF76
0x0044EF81,0x0000000D,data,data_0044EF81
0x0044EF8E,0x0000001A,data,data_0044EF8E
0x0044EFA8,0x00000004,data,data_0044EFA8
0x0044EFAC,0x00000005,data,data_0044EFAC
0x0044EFB1,0x00000005,data,data_0044EFB1
0x0044EFB6,0x00000003,data,data_0044EFB6
0x0044EFB9,0x00000005,data,data_0044EFB9
0x0044EFBE,0x00000003,data,data_0044EFBE
0x0044EFC1,0x00000019,data,data_0044EFC1
0x0044EFDA,0x00000013,data,data_0044EFDA
0x0044EFED,0x00000005,data,data_0044EFED
0x0044EFF2,0x00000007,data,data_0044EFF2
0x0044EFF9,0x00000005,data,data_0044EFF9
0x0044EFFE,0x00000003,data,data_0044EFFE
0x0044F001,0x00000009,data,data_0044F001
0x0044F00A,0x00000004,data,data_0044F00A
0x0044F012,0x00000004,data,data_0044F012
0x0044F01A,0x0000000A,data,data_0044F01A
0x0044F024,0x00000004,data,data_0044F024
0x0044F028,0x00000009,data,data_0044F028
0x0044F031,0x00000015,data,data_0044F031
0x0044F046,0x00000004,data,data_0044F046
0x0044F04E,0x00000002,data,data_0044F04E
0x0044F050,0x00000004,data,data_0044F050
0x0044F054,0x00000002,data,data_0044F054
0x0044F056,0x00000004,data,data_0044F056
0x0044F05A,0x00000002,data,data_0044F05A
0x0044F05C,0x00000004,data,data_0044F05C
0x0044F060,0x00000015,data,data_0044F060
0x0044F075,0x00000069,data,data_0044F075
0x0044F0DE,0x00000013,data,data_0044F0DE
0x0044F0F1,0x00000029,data,data_0044F0F1
0x0044F11A,0x00000004,data,data_0044F11A
0x0044F123,0x00000003,data,data_0044F123
0x0044F126,0x00000004,data,data_0044F126
0x0044F12A,0x00000009,data,data_0044F12A
0x0044F133,0x00000021,data,data_0044F133
0x0044F154,0x00000003,data,data_0044F154
0x0044F157,0x00000041,data,data_0044F157
0x0044F198,0x00000004,data,data_0044F198
0x0044F1A0,0x00000023,data,data_0044F1A0
0x0044F1C3,0x00000009,data,data_0044F1C3
0x0044F1CC,0x00000033,data,data_0044F1CC
0x0044F1FF,0x00000005,data,data_0044F1FF
0x0044F204,0x00000100,data,data_0044F204
0x0044F304,0x00000100,data,data_0044F304
0x0044F404,0x00000100,data,data_0044F404
0x0044F504,0x00000100,data,data_0044F504
0x0044F604,0x00000100,data,data_0044F604
0x0044F704,0x00000100,data,data_0044F704
0x0044F804,0x0000001B,data,data_0044F804
0x0044F824,0x00000015,data,data_0044F824
0x0044F83E,0x00000050,data,data_0044F83E
0x0044F88E,0x00000010,data,data_0044F88E
0x0044F89E,0x00000008,data,data_0044F89E
0x0044F8A6,0x00000013,data,data_0044F8A6
0x0044F8B9,0x00000003,data,data_0044F8B9
0x0044F8BC,0x00000010,data,data_0044F8BC
0x0044F8CC,0x00000004,data,data_0044F8CC
0x0044F8D0,0x00000011,data,data_0044F8D0
0x0044F8E1,0x00000003,data,data_0044F8E1
0x0044F8E4,0x00000011,data,data_0044F8E4
0x0044F8F5,0x00000003,data,data_0044F8F5
0x0044F8F8,0x00000010,data,data_0044F8F8
0x0044F908,0x00000054,data,data_0044F908
0x0044F95C,0x00000005,data,data_0044F95C
0x0044F961,0x00000003,data,data_0044F961
0x0044F964,0x00000005,data,data_0044F964
0x0044F969,0x00000003,data,data_0044F969
0x0044F96C,0x00000005,data,data_0044F96C
0x0044F971,0x00000003,data,data_0044F971
0x0044F974,0x00000005,data,data_0044F974
0x0044F979,0x00000100,data,data_0044F979
0x0044FA79,0x0000007B,data,data_0044FA79
0x0044FAF4,0x00000004,data,data_0044FAF4
0x0044FAF8,0x00000004,data,data_0044FAF8
0x0044FB17,0x00000008,data,data_0044FB17
0x0044FB1F,0x00000004,data,data_0044FB1F
0x0044FB23,0x00000001,data,data_0044FB23
0x0044FB2B,0x00000005,data,data_0044FB2B
0x0044FB30,0x00000004,data,data_0044FB30
0x0044FB34,0x00000001,data,data_0044FB34
0x0044FB50,0x0000000D,data,data_0044FB50
0x0044FB63,0x00000001,data,data_0044FB63
0x0044FB6A,0x00000003,data,data_0044FB6A
0x0044FB73,0x00000001,data,data_0044FB73
0x0044FB7A,0x00000003,data,data_0044FB7A
0x0044FB83,0x00000001,data,data_0044FB83
0x0044FB8B,0x00000002,data,data_0044FB8B
0x0044FB93,0x00000001,data,data_0044FB93
0x0044FB9A,0x00000003,data,data_0044FB9A
0x0044FBA2,0x00000002,data,data_0044FBA2
0x0044FBA9,0x00000003,data,data_0044FBA9
0x0044FBAC,0x00000001,data,data_0044FBAC
0x0044FBBB,0x00000002,data,data_0044FBBB
0x0044FBC7,0x00000001,data,data_0044FBC7
0x0044FBD1,0x00000003,data,data_0044FBD1
0x0044FBD4,0x00000001,data,data_0044FBD4
0x0044FBDD,0x00000003,data,data_0044FBDD
0x0044FBE9,0x00000003,data,data_0044FBE9
0x0044FBEC,0x00000010,data,data_0044FBEC
0x0044FBFC,0x00000004,data,data_0044FBFC
0x0044FC00,0x00000010,data,data_0044FC00
0x0044FC10,0x00000004,data,data_0044FC10
0x0044FC19,0x00000003,data,data_0044FC19
0x0044FC29,0x00000003,data,data_0044FC29
0x0044FC33,0x00000003,data,data_0044FC33
0x0044FC36,0x00000004,data,data_0044FC36
0x0044FC3A,0x00000007,data,data_0044FC3A
0x0044FC41,0x00000004,data,data_0044FC41
0x0044FC45,0x0000000B,data,data_0044FC45
0x0044FC57,0x00000009,data,data_0044FC57
0x0044FC83,0x00000001,data,data_0044FC83
0x0044FC8D,0x00000003,data,data_0044FC8D
0x0044FCB3,0x00000001,data,data_0044FCB3
0x0044FCD7,0x00000001,data,data_0044FCD7
0x0044FCFB,0x00000001,data,data_0044FCFB
0x0044FD1F,0x00000001,data,data_0044FD1F
0x0044FD43,0x00000001,data,data_0044FD43
0x0044FD67,0x00000001,data,data_0044FD67
0x0044FD8B,0x00000001,data,data_0044FD8B
0x0044FDAF,0x00000001,data,data_0044FDAF
0x0044FDD3,0x00000001,data,data_0044FDD3
0x0044FDF7,0x00000001,data,data_0044FDF7
0x0044FE1B,0x00000001,data,data_0044FE1B
0x0044FE3F,0x00000001,data,data_0044FE3F
0x0044FE63,0x00000001,data,data_0044FE63
0x0044FE87,0x00000001,data,data_0044FE87
0x0044FEAB,0x00000001,data,data_0044FEAB
0x0044FECF,0x00000001,data,data_0044FECF
0x0044FEF3,0x00000001,data,data_0044FEF3
0x0044FF17,0x00000001,data,data_0044FF17
0x0044FF3B,0x00000001,data,data_0044FF3B
0x0044FF5F,0x00000001,data,data_0044FF5F
0x0044FF83,0x00000001,data,data_0044FF83
0x0044FFAB,0x00000001,data,data_0044FFAB
0x0044FFCF,0x00000001,data,data_0044FFCF
0x0044FFF3,0x00000001,data,data_0044FFF3
0x00450017,0x00000001,data,data_00450017
0x00450043,0x00000001,data,data_00450043
0x00450067,0x00000001,data,data_00450067
0x0045008B,0x00000001,data,data_0045008B
0x004500AF,0x00000001,data,data_004500AF
0x004500D3,0x00000001,data,data_004500D3
0x004500F7,0x00000001,data,data_004500F7
0x004500FE,0x00000006,data,data_004500FE
0x00450127,0x00000001,data,data_00450127
0x0045014B,0x00000001,data,data_0045014B
0x0045016F,0x00000001,data,data_0045016F
0x00450193,0x00000001,data,data_00450193
0x004501B7,0x00000001,data,data_004501B7
0x004501DB,0x00000001,data,data_004501DB
0x004501FF,0x00000001,data,data_004501FF
0x00450223,0x00000001,data,data_00450223
0x00450247,0x00000001,data,data_00450247
0x0045026B,0x00000001,data,data_0045026B
0x0045028F,0x00000001,data,data_0045028F
0x004502B3,0x00000001,data,data_004502B3
0x004502D7,0x00000001,data,data_004502D7
0x004502FB,0x00000001,data,data_004502FB
0x0045031F,0x00000001,data,data_0045031F
0x00450343,0x00000001,data,data_00450343
0x00450367,0x00000001,data,data_00450367
0x0045038B,0x00000001,data,data_0045038B
0x004503AF,0x00000001,data,data_004503AF
0x004503D3,0x00000001,data,data_004503D3
0x004503F7,0x00000001,data,data_004503F7
0x0045041B,0x00000001,data,data_0045041B
0x0045043F,0x00000001,data,data_0045043F
0x00450463,0x00000001,data,data_00450463
0x0045046F,0x00000001,data,data_0045046F
0x0045047D,0x00000003,data,data_0045047D
0x00450486,0x00000002,data,data_00450486
0x00450493,0x00000065,data,data_00450493
0x00450500,0x00000010,data,data_00450500
0x00450510,0x00000004,data,data_00450510
0x00450514,0x00000002,data,data_00450514
0x00450516,0x00000007,data,data_00450516
0x0045051D,0x00000005,data,data_0045051D
0x00450522,0x0000000A,data,data_00450522
0x0045052C,0x00000002,data,data_0045052C
0x0045052E,0x00000006,data,data_0045052E
0x00450534,0x00000018,data,data_00450534
0x00450550,0x00000011,data,data_00450550
0x00450561,0x00000007,data,data_00450561
0x00450568,0x00000100,data,data_00450568
0x00450668,0x00000100,data,data_00450668
0x00450768,0x00000100,data,data_00450768
0x00450868,0x00000100,data,data_00450868
0x00450968,0x00000100,data,data_00450968
0x00450A68,0x0000008E,data,data_00450A68
0x00450AF6,0x00000100,data,data_00450AF6
0x00450BF6,0x00000100,data,data_00450BF6
0x00450CF6,0x00000100,data,data_00450CF6
0x00450DF6,0x00000100,data,data_00450DF6
0x00450EF6,0x00000100,data,data_00450EF6
0x00450FF6,0x00000100,data,data_00450FF6
0x004510F6,0x00000100,data,data_004510F6
0x004511F6,0x00000100,data,data_004511F6
0x004512F6,0x00000100,data,data_004512F6
0x004513F6,0x00000100,data,data_004513F6
0x004514F6,0x00000072,data,data_004514F6
0x00451568,0x0000001C,data,data_00451568
0x0045158A,0x00000002,data,data_0045158A
0x00451592,0x00000002,data,data_00451592
0x0045159E,0x00000002,data,data_0045159E
0x004515A9,0x00000003,data,data_004515A9
0x004515BA,0x00000002,data,data_004515BA
0x004515C5,0x00000003,data,data_004515C5
0x004515CC,0x00000004,data,data_004515CC
0x004515D9,0x00000003,data,data_004515D9
0x004515F3,0x00000001,data,data_004515F3
0x004515FD,0x00000003,data,data_004515FD
0x00451600,0x00000005,data,data_00451600
0x00451605,0x00000008,data,data_00451605
0x0045160D,0x00000005,data,data_0045160D
0x00451612,0x00000008,data,data_00451612
0x0045161A,0x00000005,data,data_0045161A
0x0045161F,0x00000008,data,data_0045161F
0x00451627,0x00000005,data,data_00451627
0x0045162C,0x00000008,data,data_0045162C
0x00451634,0x00000008,data,data_00451634
0x0045163C,0x00000005,data,data_0045163C
0x00451641,0x00000005,data,data_00451641
0x00451646,0x00000008,data,data_00451646
0x0045164E,0x00000008,data,data_0045164E
0x00451656,0x00000005,data,data_00451656
0x0045165B,0x00000006,data,data_0045165B
0x00451661,0x00000007,data,data_00451661
0x00451668,0x00000006,data,data_00451668
0x0045166E,0x00000007,data,data_0045166E
0x00451675,0x00000006,data,data_00451675
0x0045167B,0x00000007,data,data_0045167B
0x00451682,0x00000005,data,data_00451682
0x00451687,0x00000008,data,data_00451687
0x0045168F,0x00000006,data,data_0045168F
0x00451695,0x00000007,data,data_00451695
0x0045169C,0x00000006,data,data_0045169C
0x004516A2,0x00000007,data,data_004516A2
0x004516A9,0x00000006,data,data_004516A9
0x004516AF,0x00000007,data,data_004516AF
0x004516B6,0x00000006,data,data_004516B6
0x004516BC,0x00000014,data,data_004516BC
0x004516D0,0x00000009,data,data_004516D0
0x004516DD,0x00000009,data,data_004516DD
0x004516EA,0x00000009,data,data_004516EA
0x004516F7,0x00000009,data,data_004516F7
0x00451704,0x00000001,data,data_00451704
0x00451705,0x00000007,data,data_00451705
0x0045170C,0x00000001,data,data_0045170C
0x00451711,0x00000009,data,data_00451711
0x0045171E,0x0000000E,data,data_0045171E
0x0045172C,0x0000000D,data,data_0045172C
0x0045173D,0x00000009,data,data_0045173D
0x0045174A,0x00000004,data,data_0045174A
0x00451752,0x00000001,data,data_00451752
0x00451757,0x00000004,data,data_00451757
0x0045175F,0x00000001,data,data_0045175F
0x00451764,0x00000009,data,data_00451764
0x00451771,0x00000009,data,data_00451771
0x0045177E,0x0000000E,data,data_0045177E
0x0045178C,0x00000004,data,data_0045178C
0x00451794,0x00000018,data,data_00451794
0x004517B0,0x00000004,data,data_004517B0
0x004517B8,0x00000004,data,data_004517B8
0x004517C4,0x00000004,data,data_004517C4
0x004517CC,0x00000004,data,data_004517CC
0x004517D4,0x00000008,data,data_004517D4
0x004517E1,0x00000003,data,data_004517E1
0x004517EB,0x00000015,data,data_004517EB
0x00451810,0x00000004,data,data_00451810
0x00451818,0x00000014,data,data_00451818
0x00451830,0x00000011,data,data_00451830
0x00451845,0x00000003,data,data_00451845
0x00451848,0x00000005,data,data_00451848
0x0045184D,0x0000001B,data,data_0045184D
0x0045186C,0x00000009,data,data_0045186C
0x00451879,0x00000003,data,data_00451879
0x0045187C,0x00000005,data,data_0045187C
0x00451881,0x00000001,data,data_00451881
0x00451886,0x00000011,data,data_00451886
0x0045189B,0x00000001,data,data_0045189B
0x004518A0,0x00000003,data,data_004518A0
0x004518A3,0x00000005,data,data_004518A3
0x004518A8,0x00000001,data,data_004518A8
0x004518AD,0x00000011,data,data_004518AD
0x004518C2,0x00000001,data,data_004518C2
0x004518C7,0x00000011,data,data_004518C7
0x004518DC,0x00000001,data,data_004518DC
0x004518E1,0x00000023,data,data_004518E1
0x00451908,0x00000016,data,data_00451908
0x00451922,0x00000016,data,data_00451922
0x0045193C,0x00000023,data,data_0045193C
0x00451963,0x00000009,data,data_00451963
0x00451970,0x00000003,data,data_00451970
0x00451973,0x00000005,data,data_00451973
0x00451978,0x00000008,data,data_00451978
0x00451980,0x00000005,data,data_00451980
0x00451985,0x00000001,data,data_00451985
0x0045198A,0x00000003,data,data_0045198A
0x0045198D,0x00000005,data,data_0045198D
0x00451992,0x00000001,data,data_00451992
0x00451997,0x00000003,data,data_00451997
0x0045199A,0x00000005,data,data_0045199A
0x0045199F,0x00000022,data,data_0045199F
0x004519C1,0x00000005,data,data_004519C1
0x004519C6,0x00000001,data,data_004519C6
0x004519CB,0x00000003,data,data_004519CB
0x004519CE,0x00000005,data,data_004519CE
0x004519D3,0x00000001,data,data_004519D3
0x004519D8,0x00000009,data,data_004519D8
0x004519E5,0x00000003,data,data_004519E5
0x004519E8,0x00000005,data,data_004519E8
0x004519ED,0x00000008,data,data_004519ED
0x004519F5,0x00000005,data,data_004519F5
0x004519FA,0x00000001,data,data_004519FA
0x004519FF,0x00000009,data,data_004519FF
0x00451A0C,0x00000023,data,data_00451A0C
0x00451A33,0x00000016,data,data_00451A33
0x00451A4D,0x00000003,data,data_00451A4D
0x00451A50,0x00000005,data,data_00451A50
0x00451A55,0x00000001,data,data_00451A55
0x00451A5A,0x0000000E,data,data_00451A5A
0x00451A6E,0x00000002,data,data_00451A6E
0x00451A76,0x00000002,data,data_00451A76
0x00451A7E,0x00000006,data,data_00451A7E
0x00451A8A,0x00000009,data,data_00451A8A
0x00451A93,0x00000005,data,data_00451A93
0x00451A98,0x0000003C,data,data_00451A98
0x00451AD4,0x00000005,data,data_00451AD4
0x00451AD9,0x00000004,data,data_00451AD9
0x00451ADD,0x0000000F,data,data_00451ADD
0x00451AF5,0x00000003,data,data_00451AF5
0x00451B01,0x00000003,data,data_00451B01
0x00451B04,0x00000004,data,data_00451B04
0x00451B0D,0x00000003,data,data_00451B0D
0x00451B25,0x00000003,data,data_00451B25
0x00451B40,0x00000004,data,data_00451B40
0x00451B5A,0x00000002,data,data_00451B5A
0x00451B6C,0x00000004,data,data_00451B6C
0x00451B82,0x00000002,data,data_00451B82
0x00451B91,0x00000003,data,data_00451B91
0x00451B99,0x00000003,data,data_00451B99
0x00451BA1,0x00000003,data,data_00451BA1
0x00451BAA,0x00000002,data,data_00451BAA
0x00451BB1,0x00000003,data,data_00451BB1
0x00451BB4,0x0000001C,data,data_00451BB4
0x00451BD5,0x00000003,data,data_00451BD5
0x00451BD8,0x00000040,data,data_00451BD8
0x00451C18,0x00000004,data,data_00451C18
0x00451C1C,0x00000064,data,data_00451C1C
0x00451C9E,0x00000006,data,data_00451C9E
0x00451CA9,0x00000003,data,data_00451CA9
0x00451CAC,0x00000004,data,data_00451CAC
0x00451CC3,0x00000005,data,data_00451CC3
0x00451CCF,0x00000001,data,data_00451CCF
0x00451CD5,0x00000003,data,data_00451CD5
0x00451CD8,0x00000004,data,data_00451CD8
0x00451CE3,0x00000001,data,data_00451CE3
0x00451CE9,0x00000003,data,data_00451CE9
0x00451CEC,0x00000004,data,data_00451CEC
0x00451CF5,0x00000003,data,data_00451CF5
0x00451CFE,0x00000002,data,data_00451CFE
0x00451D07,0x00000005,data,data_00451D07
0x00451D11,0x00000003,data,data_00451D11
0x00451D22,0x00000002,data,data_00451D22
0x00451D32,0x00000002,data,data_00451D32
0x00451D4A,0x00000002,data,data_00451D4A
0x00451D58,0x00000004,data,data_00451D58
0x00451D6B,0x00000001,data,data_00451D6B
0x00451D79,0x00000003,data,data_00451D79
0x00451D85,0x00000003,data,data_00451D85
0x00451D88,0x00000004,data,data_00451D88
0x00451D9E,0x00000002,data,data_00451D9E
0x00451DA9,0x00000003,data,data_00451DA9
0x00451DB6,0x00000002,data,data_00451DB6
0x00451DCA,0x00000002,data,data_00451DCA
0x00451DD6,0x00000002,data,data_00451DD6
0x00451DE9,0x00000003,data,data_00451DE9
0x00451DEC,0x00000010,data,data_00451DEC
0x00451E03,0x00000001,data,data_00451E03
0x00451E09,0x00000003,data,data_00451E09
0x00451E26,0x00000002,data,data_00451E26
0x00451E36,0x00000002,data,data_00451E36
0x00451E3E,0x00000004,data,data_00451E3E
0x00451E42,0x00000006,data,data_00451E42
0x00451E48,0x00000008,data,data_00451E48
0x00451E50,0x0000000C,data,data_00451E50
0x00451E5C,0x00000003,data,data_00451E5C
0x00451E5F,0x0000000D,data,data_00451E5F
0x00451E6C,0x00000003,data,data_00451E6C
0x00451E6F,0x00000005,data,data_00451E6F
0x00451E74,0x00000007,data,data_00451E74
0x00451E7B,0x00000009,data,data_00451E7B
0x00451EBC,0x00000004,data,data_00451EBC
0x00451EC4,0x00000007,data,data_00451EC4
0x00451ECB,0x00000005,data,data_00451ECB
0x00451ED4,0x00000004,data,data_00451ED4
0x00451ED8,0x00000003,data,data_00451ED8
0x00451EDB,0x00000009,data,data_00451EDB
0x00451EE4,0x0000000F,data,data_00451EE4
0x00451EF3,0x00000015,data,data_00451EF3
0x00451F08,0x00000013,data,data_00451F08
0x00451F1B,0x0000003D,data,data_00451F1B
0x00451F5C,0x00000004,data,data_00451F5C
0x00451F60,0x00000003,data,data_00451F60
0x00451F63,0x0000002D,data,data_00451F63
0x00451F90,0x00000004,data,data_00451F90
0x00451F98,0x0000000C,data,data_00451F98
0x00451FA4,0x00000007,data,data_00451FA4
0x00451FAB,0x00000009,data,data_00451FAB
0x00451FB8,0x00000008,data,data_00451FB8
0x00451FC4,0x00000008,data,data_00451FC4
0x00451FCC,0x00000007,data,data_00451FCC
0x00451FD3,0x00000005,data,data_00451FD3
0x00451FD8,0x00000017,data,data_00451FD8
0x00451FEF,0x00000005,data,data_00451FEF
0x00451FF4,0x00000002,data,data_00451FF4
0x00451FF6,0x00000016,data,data_00451FF6
0x0045200C,0x0000000A,data,data_0045200C
0x00452016,0x00000004,data,data_00452016
0x0045201A,0x00000010,data,data_0045201A
0x0045202A,0x00000004,data,data_0045202A
0x0045202E,0x0000000F,data,data_0045202E
0x0045203D,0x00000004,data,data_0045203D
0x00452041,0x00000009,data,data_00452041
0x0045204A,0x00000005,data,data_0045204A
0x0045204F,0x0000000B,data,data_0045204F
0x0045205A,0x00000004,data,data_0045205A
0x0045205E,0x0000000C,data,data_0045205E
0x0045206A,0x00000005,data,data_0045206A
0x0045206F,0x0000000B,data,data_0045206F
0x0045207A,0x00000004,data,data_0045207A
0x0045207E,0x00000020,data,data_0045207E
0x0045209E,0x00000004,data,data_0045209E
0x004520A2,0x00000009,data,data_004520A2
0x004520AB,0x00000005,data,data_004520AB
0x004520B0,0x00000001,data,data_004520B0
0x004520B1,0x00000004,data,data_004520B1
0x004520B5,0x00000006,data,data_004520B5
0x004520C4,0x00000001,data,data_004520C4
0x004520CE,0x00000001,data,data_004520CE
0x004520D3,0x00000001,data,data_004520D3
0x004520D8,0x00000001,data,data_004520D8
0x004520DD,0x00000001,data,data_004520DD
0x004520E2,0x00000001,data,data_004520E2
0x004520E7,0x00000001,data,data_004520E7
0x004520EC,0x00000001,data,data_004520EC
0x004520F1,0x00000001,data,data_004520F1
0x004520F6,0x00000001,data,data_004520F6
0x004520FB,0x00000001,data,data_004520FB
0x00452100,0x00000001,data,data_00452100
0x00452137,0x00000015,data,data_00452137
0x00452150,0x00000001,data,data_00452150
0x00452155,0x00000001,data,data_00452155
0x0045215A,0x00000001,data,data_0045215A
0x0045215F,0x00000001,data,data_0045215F
0x00452164,0x00000001,data,data_00452164
0x00452169,0x00000001,data,data_00452169
0x0045216E,0x00000001,data,data_0045216E
0x00452173,0x00000001,data,data_00452173
0x00452178,0x00000001,data,data_00452178
0x004521AF,0x00000009,data,data_004521AF
0x004521B8,0x00000100,data,data_004521B8
0x004522B8,0x00000018,data,data_004522B8
0x004522D7,0x00000082,data,data_004522D7
0x00452359,0x0000000D,data,data_00452359
0x00452366,0x0000000B,data,data_00452366
0x00452371,0x00000009,data,data_00452371
0x0045237A,0x00000002,data,data_0045237A
0x00452382,0x00000002,data,data_00452382
0x00452389,0x00000003,data,data_00452389
0x00452393,0x00000002,data,data_00452393
0x0045239B,0x00000005,data,data_0045239B
0x004523A0,0x00000070,data,data_004523A0
0x00452414,0x00000008,data,data_00452414
0x00452420,0x00000004,data,data_00452420
0x00452428,0x00000004,data,data_00452428
0x00452430,0x000000FC,data,data_00452430
0x00452530,0x00000004,data,data_00452530
0x00452538,0x0000001C,data,data_00452538
0x0045255C,0x00000010,data,data_0045255C
0x00452570,0x0000000E,data,data_00452570
0x0045257E,0x00000006,data,data_0045257E
0x00452584,0x00000074,data,data_00452584
0x004525FE,0x00000002,data,data_004525FE
0x00452606,0x00000002,data,data_00452606
0x0045260F,0x00000001,data,data_0045260F
0x00452617,0x00000001,data,data_00452617
0x0045261F,0x00000001,data,data_0045261F
0x00452627,0x00000001,data,data_00452627
0x0045262E,0x00000002,data,data_0045262E
0x00452635,0x00000003,data,data_00452635
0x0045265D,0x00000003,data,data_0045265D
0x00452666,0x00000012,data,data_00452666
0x00452680,0x00000008,data,data_00452680
0x0045268E,0x00000006,data,data_0045268E
0x0045269B,0x00000021,data,data_0045269B
0x004526C2,0x00000002,data,data_004526C2
0x004526CC,0x0000003C,data,data_004526CC
0x0045270E,0x00000002,data,data_0045270E
0x00452719,0x00000003,data,data_00452719
0x00452721,0x00000003,data,data_00452721
0x00452724,0x00000004,data,data_00452724
0x0045272D,0x00000003,data,data_0045272D
0x00452735,0x00000003,data,data_00452735
0x0045273E,0x00000032,data,data_0045273E
0x00452775,0x00000003,data,data_00452775
0x0045277D,0x00000003,data,data_0045277D
0x00452785,0x00000003,data,data_00452785
0x0045278D,0x00000003,data,data_0045278D
0x00452795,0x00000003,data,data_00452795
0x0045279E,0x00000002,data,data_0045279E
0x004527B3,0x00000001,data,data_004527B3
0x004527BB,0x00000001,data,data_004527BB
0x004527C3,0x00000001,data,data_004527C3
0x004527CA,0x00000002,data,data_004527CA
0x004527E1,0x00000003,data,data_004527E1
0x004527E9,0x00000003,data,data_004527E9
0x004527F3,0x00000001,data,data_004527F3
0x004527FA,0x00000002,data,data_004527FA
0x00452802,0x00000002,data,data_00452802
0x0045280A,0x00000002,data,data_0045280A
0x00452812,0x0000001A,data,data_00452812
0x00452831,0x00000003,data,data_00452831
0x00452839,0x00000003,data,data_00452839
0x00452845,0x00000003,data,data_00452845
0x00452848,0x00000004,data,data_00452848
0x00452852,0x0000000A,data,data_00452852
0x00452865,0x00000003,data,data_00452865
0x00452868,0x00000008,data,data_00452868
0x00452879,0x00000003,data,data_00452879
0x00452882,0x00000002,data,data_00452882
0x0045288C,0x00000004,data,data_0045288C
0x00452897,0x00000001,data,data_00452897
0x0045289F,0x00000001,data,data_0045289F
0x004528A7,0x00000001,data,data_004528A7
0x004528AF,0x00000001,data,data_004528AF
0x004528B7,0x00000001,data,data_004528B7
0x004528BF,0x00000001,data,data_004528BF
0x004528C7,0x00000001,data,data_004528C7
0x004528CF,0x00000009,data,data_004528CF
0x004528E5,0x00000003,data,data_004528E5
0x004528ED,0x00000003,data,data_004528ED
0x004528F9,0x00000003,data,data_004528F9
0x00452903,0x00000001,data,data_00452903
0x0045290C,0x00000005,data,data_0045290C
0x00452911,0x0000000F,data,data_00452911
0x00452920,0x00000004,data,data_00452920
0x00452924,0x00000004,data,data_00452924
0x00452928,0x00000003,data,data_00452928
0x0045292B,0x00000005,data,data_0045292B
0x00452930,0x00000004,data,data_00452930
0x00452942,0x00000002,data,data_00452942
0x0045294A,0x00000006,data,data_0045294A
0x0045295B,0x00000001,data,data_0045295B
0x00452963,0x00000003,data,data_00452963
0x00452966,0x0000000A,data,data_00452966
0x00452970,0x00000004,data,data_00452970
0x0045297A,0x00000002,data,data_0045297A
0x00452987,0x00000001,data,data_00452987
0x0045298C,0x00000001,data,data_0045298C
0x0045298D,0x0000001B,data,data_0045298D
0x004529A8,0x00000001,data,data_004529A8
0x004529AF,0x00000005,data,data_004529AF
0x004529B4,0x00000001,data,data_004529B4
0x004529BA,0x00000006,data,data_004529BA
0x004529C0,0x00000001,data,data_004529C0
0x004529C7,0x00000005,data,data_004529C7
0x004529CC,0x00000001,data,data_004529CC
0x004529D3,0x00000005,data,data_004529D3
0x004529D8,0x00000001,data,data_004529D8
0x004529DF,0x00000005,data,data_004529DF
0x004529E4,0x00000001,data,data_004529E4
0x004529EB,0x00000005,data,data_004529EB
0x004529F0,0x00000001,data,data_004529F0
0x004529FB,0x00000005,data,data_004529FB
0x00452A00,0x00000001,data,data_00452A00
0x00452A09,0x00000003,data,data_00452A09
0x00452A0C,0x00000001,data,data_00452A0C
0x00452A12,0x00000003,data,data_00452A12
0x00452A19,0x00000003,data,data_00452A19
0x00452A1C,0x00000001,data,data_00452A1C
0x00452A23,0x00000002,data,data_00452A23
0x00452A2A,0x00000003,data,data_00452A2A
0x00452A32,0x00000003,data,data_00452A32
0x00452A3C,0x00000001,data,data_00452A3C
0x00452A44,0x00000004,data,data_00452A44
0x00452A48,0x00000001,data,data_00452A48
0x00452A4F,0x00000024,data,data_00452A4F
0x00452A77,0x00000006,data,data_00452A77
0x00452A81,0x00000006,data,data_00452A81
0x00452A8B,0x00000006,data,data_00452A8B
0x00452A95,0x00000013,data,data_00452A95
0x00452AAC,0x00000009,data,data_00452AAC
0x00452AB5,0x00000003,data,data_00452AB5
0x00452AC3,0x00000005,data,data_00452AC3
0x00452AC8,0x00000004,data,data_00452AC8
0x00452ACC,0x00000008,data,data_00452ACC
0x00452ADF,0x00000032,data,data_00452ADF
0x00452B1D,0x00000003,data,data_00452B1D
0x00452B20,0x00000001,data,data_00452B20
0x00452B2D,0x00000003,data,data_00452B2D
0x00452B43,0x00000001,data,data_00452B43
0x00452B59,0x00000003,data,data_00452B59
0x00452B6E,0x00000002,data,data_00452B6E
0x00452B8B,0x00000001,data,data_00452B8B
0x00452B95,0x00000003,data,data_00452B95
0x00452BA1,0x00000003,data,data_00452BA1
0x00452BAD,0x00000003,data,data_00452BAD
0x00452BBF,0x00000001,data,data_00452BBF
0x00452BD1,0x00000003,data,data_00452BD1
0x00452BE2,0x00000002,data,data_00452BE2
0x00452BF9,0x00000003,data,data_00452BF9
0x00452C01,0x00000003,data,data_00452C01
0x00452C09,0x00000003,data,data_00452C09
0x00452C11,0x00000003,data,data_00452C11
0x00452C1F,0x00000001,data,data_00452C1F
0x00452C2D,0x00000003,data,data_00452C2D
0x00452C3A,0x00000002,data,data_00452C3A
0x00452C4F,0x00000001,data,data_00452C4F
0x00452C59,0x00000003,data,data_00452C59
0x00452C65,0x00000003,data,data_00452C65
0x00452C71,0x00000003,data,data_00452C71
0x00452C81,0x00000003,data,data_00452C81
0x00452C91,0x00000003,data,data_00452C91
0x00452CB5,0x00000003,data,data_00452CB5
0x00452CC1,0x00000003,data,data_00452CC1
0x00452CCE,0x00000002,data,data_00452CCE
0x00452CDA,0x00000002,data,data_00452CDA
0x00452CE3,0x00000001,data,data_00452CE3
0x00452CEB,0x00000001,data,data_00452CEB
0x00452CF3,0x00000001,data,data_00452CF3
0x00452CFB,0x00000001,data,data_00452CFB
0x00452D03,0x00000001,data,data_00452D03
0x00452D13,0x00000001,data,data_00452D13
0x00452D1B,0x00000001,data,data_00452D1B
0x00452D23,0x00000001,data,data_00452D23
0x00452D2B,0x00000001,data,data_00452D2B
0x00452D33,0x00000001,data,data_00452D33
0x00452D3B,0x00000001,data,data_00452D3B
0x00452D43,0x00000001,data,data_00452D43
0x00452D4B,0x00000001,data,data_00452D4B
0x00452D53,0x00000001,data,data_00452D53
0x00452D5B,0x00000001,data,data_00452D5B
0x00452D63,0x00000001,data,data_00452D63
0x00452D6B,0x00000001,data,data_00452D6B
0x00452D73,0x00000001,data,data_00452D73
0x00452D7B,0x00000001,data,data_00452D7B
0x00452D83,0x00000001,data,data_00452D83
0x00452D8B,0x00000001,data,data_00452D8B
0x00452D93,0x00000001,data,data_00452D93
0x00452D9B,0x00000001,data,data_00452D9B
0x00452DA3,0x00000001,data,data_00452DA3
0x00452DAB,0x00000001,data,data_00452DAB
0x00452DB3,0x00000001,data,data_00452DB3
0x00452DBB,0x00000001,data,data_00452DBB
0x00452DC3,0x00000001,data,data_00452DC3
0x00452DCB,0x00000001,data,data_00452DCB
0x00452DD3,0x00000001,data,data_00452DD3
0x00452DDB,0x00000001,data,data_00452DDB
0x00452DE3,0x00000001,data,data_00452DE3
0x00452DEB,0x00000001,data,data_00452DEB
0x00452DF3,0x00000001,data,data_00452DF3
0x00452DFB,0x00000005,data,data_00452DFB
0x00452E04,0x00000001,data,data_00452E04
0x00452E05,0x00000008,data,data_00452E05
0x00452E11,0x00000002,data,data_00452E11
0x00452E13,0x00000007,data,data_00452E13
0x00452E1E,0x00000002,data,data_00452E1E
0x00452E20,0x00000007,data,data_00452E20
0x00452E2B,0x00000002,data,data_00452E2B
0x00452E2D,0x00000007,data,data_00452E2D
0x00452E34,0x00000006,data,data_00452E34
0x00452E3A,0x00000007,data,data_00452E3A
0x00452E41,0x00000006,data,data_00452E41
0x00452E47,0x00000007,data,data_00452E47
0x00452E4E,0x00000006,data,data_00452E4E
0x00452E54,0x00000007,data,data_00452E54
0x00452E5B,0x00000006,data,data_00452E5B
0x00452E61,0x00000007,data,data_00452E61
0x00452E68,0x00000006,data,data_00452E68
0x00452E6E,0x00000007,data,data_00452E6E
0x00452E75,0x00000006,data,data_00452E75
0x00452E7B,0x00000007,data,data_00452E7B
0x00452E82,0x00000006,data,data_00452E82
0x00452E88,0x00000007,data,data_00452E88
0x00452E8F,0x00000006,data,data_00452E8F
0x00452E95,0x00000007,data,data_00452E95
0x00452E9C,0x00000006,data,data_00452E9C
0x00452EA2,0x00000007,data,data_00452EA2
0x00452EA9,0x00000006,data,data_00452EA9
0x00452EAF,0x00000007,data,data_00452EAF
0x00452EB6,0x00000006,data,data_00452EB6
0x00452EBC,0x00000007,data,data_00452EBC
0x00452EC3,0x00000006,data,data_00452EC3
0x00452EC9,0x00000007,data,data_00452EC9
0x00452ED0,0x00000006,data,data_00452ED0
0x00452ED6,0x00000007,data,data_00452ED6
0x00452EE1,0x00000002,data,data_00452EE1
0x00452EE3,0x00000007,data,data_00452EE3
0x00452EEE,0x00000002,data,data_00452EEE
0x00452EF0,0x00000007,data,data_00452EF0
0x00452EFB,0x00000002,data,data_00452EFB
0x00452EFD,0x00000007,data,data_00452EFD
0x00452F08,0x00000002,data,data_00452F08
0x00452F0A,0x00000007,data,data_00452F0A
0x00452F15,0x00000002,data,data_00452F15
0x00452F17,0x00000007,data,data_00452F17
0x00452F22,0x00000002,data,data_00452F22
0x00452F24,0x00000007,data,data_00452F24
0x00452F2F,0x00000002,data,data_00452F2F
0x00452F31,0x00000007,data,data_00452F31
0x00452F3C,0x00000002,data,data_00452F3C
0x00452F3E,0x00000007,data,data_00452F3E
0x00452F45,0x00000006,data,data_00452F45
0x00452F4B,0x00000007,data,data_00452F4B
0x00452F52,0x00000006,data,data_00452F52
0x00452F58,0x00000007,data,data_00452F58
0x00452F5F,0x00000006,data,data_00452F5F
0x00452F65,0x00000007,data,data_00452F65
0x00452F6C,0x00000006,data,data_00452F6C
0x00452F72,0x00000007,data,data_00452F72
0x00452F79,0x00000006,data,data_00452F79
0x00452F7F,0x00000007,data,data_00452F7F
0x00452F86,0x00000006,data,data_00452F86
0x00452F8C,0x00000007,data,data_00452F8C
0x00452F93,0x00000006,data,data_00452F93
0x00452F99,0x00000007,data,data_00452F99
0x00452FA0,0x00000005,data,data_00452FA0
0x00452FA5,0x00000008,data,data_00452FA5
0x00452FAD,0x00000006,data,data_00452FAD
0x00452FB3,0x00000007,data,data_00452FB3
0x00452FBA,0x00000006,data,data_00452FBA
0x00452FC0,0x00000007,data,data_00452FC0
0x00452FC7,0x00000006,data,data_00452FC7
0x00452FCD,0x00000007,data,data_00452FCD
0x00452FD4,0x00000006,data,data_00452FD4
0x00452FDA,0x00000007,data,data_00452FDA
0x00452FE1,0x00000006,data,data_00452FE1
0x00452FE7,0x00000007,data,data_00452FE7
0x00452FEE,0x00000006,data,data_00452FEE
0x00452FF4,0x00000007,data,data_00452FF4
0x00452FFB,0x00000006,data,data_00452FFB
0x00453001,0x00000007,data,data_00453001
0x00453008,0x00000006,data,data_00453008
0x0045300E,0x00000007,data,data_0045300E
0x00453019,0x00000002,data,data_00453019
0x0045301B,0x00000007,data,data_0045301B
0x00453026,0x00000002,data,data_00453026
0x00453028,0x00000007,data,data_00453028
0x00453033,0x00000002,data,data_00453033
0x00453035,0x00000007,data,data_00453035
0x00453040,0x00000002,data,data_00453040
0x00453042,0x00000007,data,data_00453042
0x0045304D,0x00000002,data,data_0045304D
0x0045304F,0x00000007,data,data_0045304F
0x0045305A,0x00000002,data,data_0045305A
0x0045305C,0x00000007,data,data_0045305C
0x00453067,0x00000002,data,data_00453067
0x00453069,0x00000007,data,data_00453069
0x00453074,0x00000002,data,data_00453074
0x00453076,0x00000007,data,data_00453076
0x00453081,0x00000002,data,data_00453081
0x00453083,0x00000007,data,data_00453083
0x0045308E,0x00000002,data,data_0045308E
0x00453090,0x00000007,data,data_00453090
0x0045309B,0x00000002,data,data_0045309B
0x0045309D,0x00000007,data,data_0045309D
0x004530A8,0x00000002,data,data_004530A8
0x004530AA,0x00000007,data,data_004530AA
0x004530B1,0x00000006,data,data_004530B1
0x004530B7,0x00000007,data,data_004530B7
0x004530BE,0x00000006,data,data_004530BE
0x004530C4,0x00000007,data,data_004530C4
0x004530CB,0x00000006,data,data_004530CB
0x004530D1,0x00000007,data,data_004530D1
0x004530D8,0x00000006,data,data_004530D8
0x004530DE,0x00000007,data,data_004530DE
0x004530E5,0x00000006,data,data_004530E5
0x004530EB,0x00000007,data,data_004530EB
0x004530F2,0x00000006,data,data_004530F2
0x004530F8,0x00000007,data,data_004530F8
0x004530FF,0x00000006,data,data_004530FF
0x00453105,0x00000007,data,data_00453105
0x0045310C,0x00000006,data,data_0045310C
0x00453112,0x00000007,data,data_00453112
0x00453119,0x00000006,data,data_00453119
0x0045311F,0x00000007,data,data_0045311F
0x00453126,0x00000006,data,data_00453126
0x0045312C,0x00000007,data,data_0045312C
0x00453133,0x00000006,data,data_00453133
0x00453139,0x00000007,data,data_00453139
0x00453140,0x00000006,data,data_00453140
0x00453146,0x00000007,data,data_00453146
0x0045314D,0x00000006,data,data_0045314D
0x00453153,0x00000007,data,data_00453153
0x0045315A,0x00000006,data,data_0045315A
0x00453160,0x00000007,data,data_00453160
0x00453167,0x00000006,data,data_00453167
0x0045316D,0x00000017,data,data_0045316D
0x0045319F,0x00000001,data,data_0045319F
0x004531AD,0x00000003,data,data_004531AD
0x004531B9,0x00000003,data,data_004531B9
0x004531C9,0x00000003,data,data_004531C9
0x004531E2,0x00000006,data,data_004531E2
0x004531E8,0x00000004,data,data_004531E8
0x004531EC,0x00000010,data,data_004531EC
0x004531FC,0x00000004,data,data_004531FC
0x00453200,0x00000001,data,data_00453200
0x0045320A,0x00000006,data,data_0045320A
0x00453210,0x00000008,data,data_00453210
0x00453218,0x00000008,data,data_00453218
0x00453220,0x00000008,data,data_00453220
0x00453228,0x0000001C,data,data_00453228
0x0045324E,0x00000002,data,data_0045324E
0x00453259,0x00000003,data,data_00453259
0x00453261,0x00000003,data,data_00453261
0x0045326A,0x00000002,data,data_0045326A
0x00453271,0x00000003,data,data_00453271
0x0045327A,0x00000002,data,data_0045327A
0x00453282,0x00000002,data,data_00453282
0x0045328B,0x00000001,data,data_0045328B
0x00453291,0x00000003,data,data_00453291
0x0045329A,0x00000002,data,data_0045329A
0x004532A2,0x00000002,data,data_004532A2
0x004532AB,0x00000001,data,data_004532AB
0x004532B1,0x00000003,data,data_004532B1
0x004532BA,0x00000002,data,data_004532BA
0x004532C3,0x00000001,data,data_004532C3
0x004532CA,0x00000002,data,data_004532CA
0x004532D2,0x00000002,data,data_004532D2
0x004532DB,0x00000001,data,data_004532DB
0x004532E3,0x00000001,data,data_004532E3
0x004532F2,0x00000002,data,data_004532F2
0x004532FB,0x00000001,data,data_004532FB
0x00453303,0x00000001,data,data_00453303
0x00453315,0x00000003,data,data_00453315
0x0045331D,0x00000003,data,data_0045331D
0x00453326,0x00000002,data,data_00453326
0x0045332E,0x00000002,data,data_0045332E
0x00453337,0x0000000D,data,data_00453337
0x00453348,0x00000004,data,data_00453348
0x00453359,0x00000003,data,data_00453359
0x00453362,0x00000002,data,data_00453362
0x0045336B,0x00000001,data,data_0045336B
0x00453371,0x00000003,data,data_00453371
0x0045337A,0x00000002,data,data_0045337A
0x00453385,0x00000003,data,data_00453385
0x0045338D,0x00000003,data,data_0045338D
0x00453396,0x00000002,data,data_00453396
0x0045339F,0x00000001,data,data_0045339F
0x004533AE,0x00000002,data,data_004533AE
0x004533B7,0x00000001,data,data_004533B7
0x004533BE,0x00000002,data,data_004533BE
0x004533C7,0x00000001,data,data_004533C7
0x004533CE,0x00000002,data,data_004533CE
0x004533D5,0x00000003,data,data_004533D5
0x004533DE,0x00000002,data,data_004533DE
0x004533E6,0x00000002,data,data_004533E6
0x004533ED,0x00000003,data,data_004533ED
0x004533F6,0x00000002,data,data_004533F6
0x004533FD,0x00000003,data,data_004533FD
0x00453407,0x00000001,data,data_00453407
0x0045340D,0x00000003,data,data_0045340D
0x00453415,0x00000003,data,data_00453415
0x0045341E,0x00000002,data,data_0045341E
0x00453426,0x00000002,data,data_00453426
0x0045342F,0x00000001,data,data_0045342F
0x00453436,0x00000002,data,data_00453436
0x0045343F,0x00000001,data,data_0045343F
0x00453447,0x00000001,data,data_00453447
0x00453456,0x00000002,data,data_00453456
0x0045345E,0x00000002,data,data_0045345E
0x00453466,0x00000002,data,data_00453466
0x00453471,0x00000003,data,data_00453471
0x0045347A,0x00000002,data,data_0045347A
0x00453483,0x00000001,data,data_00453483
0x0045348A,0x00000002,data,data_0045348A
0x00453493,0x00000001,data,data_00453493
0x00453499,0x00000003,data,data_00453499
0x004534A2,0x00000002,data,data_004534A2
0x004534A9,0x00000003,data,data_004534A9
0x004534B2,0x00000002,data,data_004534B2
0x004534BA,0x00000002,data,data_004534BA
0x004534C3,0x00000001,data,data_004534C3
0x004534CA,0x00000002,data,data_004534CA
0x004534D2,0x00000002,data,data_004534D2
0x004534DA,0x00000002,data,data_004534DA
0x004534E3,0x00000001,data,data_004534E3
0x004534EB,0x00000001,data,data_004534EB
0x004534F9,0x00000003,data,data_004534F9
0x00453502,0x00000002,data,data_00453502
0x0045350A,0x00000002,data,data_0045350A
0x00453513,0x00000001,data,data_00453513
0x0045351A,0x00000002,data,data_0045351A
0x00453523,0x00000001,data,data_00453523
0x0045352B,0x00000001,data,data_0045352B
0x0045353D,0x00000003,data,data_0045353D
0x00453546,0x00000002,data,data_00453546
0x0045354F,0x00000001,data,data_0045354F
0x00453557,0x00000001,data,data_00453557
0x00453565,0x00000003,data,data_00453565
0x0045356E,0x00000002,data,data_0045356E
0x00453576,0x00000002,data,data_00453576
0x0045357F,0x00000001,data,data_0045357F
0x00453586,0x00000002,data,data_00453586
0x0045358F,0x00000001,data,data_0045358F
0x00453595,0x00000003,data,data_00453595
0x0045359E,0x00000002,data,data_0045359E
0x004535A7,0x00000001,data,data_004535A7
0x004535C1,0x00000003,data,data_004535C1
0x004535CB,0x00000001,data,data_004535CB
0x004535E5,0x00000003,data,data_004535E5
0x004535ED,0x00000003,data,data_004535ED
0x004535F6,0x00000002,data,data_004535F6
0x004535FD,0x00000003,data,data_004535FD
0x00453606,0x00000002,data,data_00453606
0x00453619,0x00000003,data,data_00453619
0x00453621,0x00000003,data,data_00453621
0x0045362A,0x00000002,data,data_0045362A
0x00453632,0x00000002,data,data_00453632
0x0045363B,0x00000001,data,data_0045363B
0x00453643,0x00000001,data,data_00453643
0x00453651,0x00000003,data,data_00453651
0x0045365A,0x00000002,data,data_0045365A
0x00453662,0x00000002,data,data_00453662
0x0045366B,0x00000001,data,data_0045366B
0x00453671,0x00000003,data,data_00453671
0x00453679,0x00000003,data,data_00453679
0x00453681,0x00000003,data,data_00453681
0x00453689,0x00000003,data,data_00453689
0x00453691,0x00000003,data,data_00453691
0x00453699,0x00000003,data,data_00453699
0x004536A1,0x00000003,data,data_004536A1
0x004536A9,0x00000003,data,data_004536A9
0x004536B1,0x00000003,data,data_004536B1
0x004536BA,0x00000002,data,data_004536BA
0x004536C2,0x00000002,data,data_004536C2
0x004536CA,0x00000002,data,data_004536CA
0x004536D2,0x00000002,data,data_004536D2
0x004536DA,0x00000002,data,data_004536DA
0x004536E2,0x00000002,data,data_004536E2
0x004536EA,0x00000002,data,data_004536EA
0x004536F2,0x00000002,data,data_004536F2
0x004536FA,0x00000002,data,data_004536FA
0x00453702,0x00000002,data,data_00453702
0x0045370A,0x00000002,data,data_0045370A
0x00453712,0x00000002,data,data_00453712
0x0045371A,0x00000002,data,data_0045371A
0x00453722,0x00000002,data,data_00453722
0x0045372B,0x00000001,data,data_0045372B
0x00453733,0x00000001,data,data_00453733
0x0045373B,0x00000001,data,data_0045373B
0x00453743,0x00000001,data,data_00453743
0x0045374B,0x00000001,data,data_0045374B
0x00453753,0x00000001,data,data_00453753
0x00453759,0x00000003,data,data_00453759
0x00453762,0x00000002,data,data_00453762
0x0045376D,0x00000003,data,data_0045376D
0x00453776,0x00000002,data,data_00453776
0x0045377D,0x00000003,data,data_0045377D
0x00453789,0x00000003,data,data_00453789
0x00453792,0x00000002,data,data_00453792
0x00453799,0x00000003,data,data_00453799
0x004537A5,0x00000003,data,data_004537A5
0x004537AE,0x00000002,data,data_004537AE
0x004537B5,0x00000003,data,data_004537B5
0x004537C1,0x00000003,data,data_004537C1
0x004537CA,0x00000002,data,data_004537CA
0x004537D1,0x00000003,data,data_004537D1
0x004537DA,0x00000002,data,data_004537DA
0x004537E5,0x00000003,data,data_004537E5
0x004537EE,0x00000002,data,data_004537EE
0x004537F5,0x00000003,data,data_004537F5
0x00453801,0x00000003,data,data_00453801
0x00453809,0x00000003,data,data_00453809
0x00453812,0x00000002,data,data_00453812
0x0045381A,0x00000002,data,data_0045381A
0x00453825,0x00000003,data,data_00453825
0x0045382E,0x00000002,data,data_0045382E
0x00453835,0x00000003,data,data_00453835
0x0045383D,0x00000003,data,data_0045383D
0x00453846,0x00000002,data,data_00453846
0x0045384E,0x00000002,data,data_0045384E
0x00453855,0x00000003,data,data_00453855
0x0045385D,0x00000003,data,data_0045385D
0x00453866,0x00000002,data,data_00453866
0x0045386E,0x00000002,data,data_0045386E
0x00453876,0x00000002,data,data_00453876
0x0045387E,0x00000002,data,data_0045387E
0x00453887,0x00000001,data,data_00453887
0x00453897,0x00000001,data,data_00453897
0x004538A6,0x00000002,data,data_004538A6
0x004538AF,0x00000001,data,data_004538AF
0x004538B7,0x00000001,data,data_004538B7
0x004538C6,0x00000002,data,data_004538C6
0x004538CE,0x00000002,data,data_004538CE
0x004538D6,0x00000002,data,data_004538D6
0x004538DF,0x00000001,data,data_004538DF
0x004538E7,0x00000001,data,data_004538E7
0x004538F6,0x00000002,data,data_004538F6
0x004538FF,0x00000001,data,data_004538FF
0x00453907,0x00000001,data,data_00453907
0x00453916,0x00000002,data,data_00453916
0x0045391D,0x00000003,data,data_0045391D
0x00453926,0x00000002,data,data_00453926
0x00453931,0x00000003,data,data_00453931
0x00453939,0x00000003,data,data_00453939
0x00453942,0x00000002,data,data_00453942
0x0045394D,0x00000003,data,data_0045394D
0x00453950,0x00000004,data,data_00453950
0x00453961,0x00000003,data,data_00453961
0x0045396D,0x00000003,data,data_0045396D
0x00453977,0x00000001,data,data_00453977
0x00453987,0x00000001,data,data_00453987
0x00453996,0x00000002,data,data_00453996
0x0045399F,0x00000005,data,data_0045399F
0x004539AD,0x00000003,data,data_004539AD
0x004539B5,0x00000003,data,data_004539B5
0x004539BE,0x00000002,data,data_004539BE
0x004539C6,0x00000002,data,data_004539C6
0x004539CF,0x00000001,data,data_004539CF
0x004539D9,0x00000003,data,data_004539D9
0x004539E5,0x00000003,data,data_004539E5
0x004539EE,0x00000002,data,data_004539EE
0x004539F5,0x00000003,data,data_004539F5
0x004539FD,0x00000003,data,data_004539FD
0x00453A06,0x00000002,data,data_00453A06
0x00453A0F,0x00000001,data,data_00453A0F
0x00453A16,0x00000002,data,data_00453A16
0x00453A1F,0x00000001,data,data_00453A1F
0x00453A25,0x00000003,data,data_00453A25
0x00453A2E,0x00000002,data,data_00453A2E
0x00453A37,0x00000001,data,data_00453A37
0x00453A3E,0x00000002,data,data_00453A3E
0x00453A4B,0x00000001,data,data_00453A4B
0x00453A51,0x00000003,data,data_00453A51
0x00453A5A,0x00000002,data,data_00453A5A
0x00453A61,0x00000003,data,data_00453A61
0x00453A69,0x00000003,data,data_00453A69
0x00453A72,0x00000002,data,data_00453A72
0x00453A7A,0x00000002,data,data_00453A7A
0x00453A87,0x00000001,data,data_00453A87
0x00453A8F,0x00000001,data,data_00453A8F
0x00453A97,0x00000001,data,data_00453A97
0x00453A9D,0x00000003,data,data_00453A9D
0x00453AA6,0x00000002,data,data_00453AA6
0x00453AAD,0x00000003,data,data_00453AAD
0x00453AB5,0x00000003,data,data_00453AB5
0x00453ABE,0x00000002,data,data_00453ABE
0x00453AC6,0x00000002,data,data_00453AC6
0x00453ACF,0x00000001,data,data_00453ACF
0x00453AD6,0x00000002,data,data_00453AD6
0x00453ADF,0x00000001,data,data_00453ADF
0x00453AE7,0x00000001,data,data_00453AE7
0x00453AF6,0x00000002,data,data_00453AF6
0x00453AFF,0x00000001,data,data_00453AFF
0x00453B07,0x00000001,data,data_00453B07
0x00453B17,0x00000001,data,data_00453B17
0x00453B1F,0x00000001,data,data_00453B1F
0x00453B39,0x00000003,data,data_00453B39
0x00453B43,0x00000001,data,data_00453B43
0x00453B5D,0x00000003,data,data_00453B5D
0x00453B65,0x00000003,data,data_00453B65
0x00453B6E,0x00000002,data,data_00453B6E
0x00453B76,0x00000002,data,data_00453B76
0x00453B7F,0x00000001,data,data_00453B7F
0x00453B96,0x00000002,data,data_00453B96
0x00453B9F,0x00000001,data,data_00453B9F
0x00453BA8,0x00000004,data,data_00453BA8
0x00453BB9,0x00000003,data,data_00453BB9
0x00453BC1,0x00000003,data,data_00453BC1
0x00453BCA,0x00000002,data,data_00453BCA
0x00453BD1,0x00000003,data,data_00453BD1
0x00453BDA,0x00000002,data,data_00453BDA
0x00453BE2,0x00000002,data,data_00453BE2
0x00453BEB,0x00000001,data,data_00453BEB
0x00453BF1,0x00000003,data,data_00453BF1
0x00453BFA,0x00000002,data,data_00453BFA
0x00453C02,0x00000002,data,data_00453C02
0x00453C0B,0x00000001,data,data_00453C0B
0x00453C11,0x00000003,data,data_00453C11
0x00453C1A,0x0000000A,data,data_00453C1A
0x00453C28,0x00000004,data,data_00453C28
0x00453C45,0x00000003,data,data_00453C45
0x00453C4D,0x00000003,data,data_00453C4D
0x00453C56,0x00000002,data,data_00453C56
0x00453C5D,0x00000003,data,data_00453C5D
0x00453C66,0x00000002,data,data_00453C66
0x00453C6E,0x00000002,data,data_00453C6E
0x00453C77,0x00000001,data,data_00453C77
0x00453C7D,0x00000003,data,data_00453C7D
0x00453C86,0x00000002,data,data_00453C86
0x00453C8F,0x00000001,data,data_00453C8F
0x00453C96,0x00000002,data,data_00453C96
0x00453C9D,0x00000003,data,data_00453C9D
0x00453CA6,0x00000002,data,data_00453CA6
0x00453CAE,0x00000002,data,data_00453CAE
0x00453CB7,0x00000001,data,data_00453CB7
0x00453CBE,0x00000002,data,data_00453CBE
0x00453CC6,0x00000002,data,data_00453CC6
0x00453CCF,0x00000001,data,data_00453CCF
0x00453CDF,0x00000001,data,data_00453CDF
0x00453CEF,0x00000001,data,data_00453CEF
0x00453CFF,0x00000001,data,data_00453CFF
0x00453D0F,0x00000001,data,data_00453D0F
0x00453D1F,0x00000001,data,data_00453D1F
0x00453D2F,0x00000001,data,data_00453D2F
0x00453D3F,0x00000001,data,data_00453D3F
0x00453D4D,0x00000003,data,data_00453D4D
0x00453D56,0x00000002,data,data_00453D56
0x00453D5D,0x00000003,data,data_00453D5D
0x00453D66,0x00000002,data,data_00453D66
0x00453D6E,0x00000002,data,data_00453D6E
0x00453D77,0x00000005,data,data_00453D77
0x00453D84,0x00000004,data,data_00453D84
0x00453D95,0x00000003,data,data_00453D95
0x00453D9E,0x00000002,data,data_00453D9E
0x00453DA6,0x00000002,data,data_00453DA6
0x00453DAE,0x00000002,data,data_00453DAE
0x00453DB6,0x00000002,data,data_00453DB6
0x00453DC1,0x00000003,data,data_00453DC1
0x00453DC9,0x00000003,data,data_00453DC9
0x00453DD1,0x00000003,data,data_00453DD1
0x00453DD9,0x00000003,data,data_00453DD9
0x00453DE5,0x00000003,data,data_00453DE5
0x00453DED,0x00000003,data,data_00453DED
0x00453DF9,0x00000003,data,data_00453DF9
0x00453E01,0x00000003,data,data_00453E01
0x00453E0A,0x00000002,data,data_00453E0A
0x00453E13,0x00000001,data,data_00453E13
0x00453E1B,0x00000001,data,data_00453E1B
0x00453E23,0x00000001,data,data_00453E23
0x00453E2B,0x00000001,data,data_00453E2B
0x00453E31,0x00000003,data,data_00453E31
0x00453E3A,0x00000002,data,data_00453E3A
0x00453E42,0x00000002,data,data_00453E42
0x00453E4A,0x00000002,data,data_00453E4A
0x00453E52,0x00000002,data,data_00453E52
0x00453E59,0x00000003,data,data_00453E59
0x00453E62,0x00000002,data,data_00453E62
0x00453E6A,0x00000002,data,data_00453E6A
0x00453E71,0x00000003,data,data_00453E71
0x00453E7A,0x00000002,data,data_00453E7A
0x00453E82,0x00000002,data,data_00453E82
0x00453E8B,0x00000001,data,data_00453E8B
0x00453EB2,0x00000002,data,data_00453EB2
0x00453EBB,0x00000001,data,data_00453EBB
0x00453EC3,0x00000001,data,data_00453EC3
0x00453ECB,0x00000001,data,data_00453ECB
0x00453ED3,0x00000001,data,data_00453ED3
0x00453EDA,0x00000002,data,data_00453EDA
0x00453EE3,0x00000001,data,data_00453EE3
0x00453EEB,0x00000001,data,data_00453EEB
0x00453EF2,0x00000002,data,data_00453EF2
0x00453EFB,0x00000001,data,data_00453EFB
0x00453F03,0x00000001,data,data_00453F03
0x00453F0D,0x00000003,data,data_00453F0D
0x00453F15,0x00000003,data,data_00453F15
0x00453F21,0x00000003,data,data_00453F21
0x00453F29,0x00000003,data,data_00453F29
0x00453F32,0x00000002,data,data_00453F32
0x00453F3B,0x00000001,data,data_00453F3B
0x00453F43,0x00000001,data,data_00453F43
0x00453F4B,0x00000001,data,data_00453F4B
0x00453F53,0x00000001,data,data_00453F53
0x00453F59,0x00000003,data,data_00453F59
0x00453F62,0x00000002,data,data_00453F62
0x00453F6A,0x00000002,data,data_00453F6A
0x00453F72,0x00000002,data,data_00453F72
0x00453F7A,0x00000002,data,data_00453F7A
0x00453F81,0x00000003,data,data_00453F81
0x00453F8A,0x00000002,data,data_00453F8A
0x00453F92,0x00000002,data,data_00453F92
0x00453F99,0x00000003,data,data_00453F99
0x00453FA2,0x00000002,data,data_00453FA2
0x00453FAA,0x00000002,data,data_00453FAA
0x00453FB3,0x00000001,data,data_00453FB3
0x00453FDA,0x00000002,data,data_00453FDA
0x00453FE3,0x00000001,data,data_00453FE3
0x00453FEB,0x00000001,data,data_00453FEB
0x00453FF3,0x00000001,data,data_00453FF3
0x00453FFB,0x00000001,data,data_00453FFB
0x00454002,0x00000002,data,data_00454002
0x0045400B,0x00000001,data,data_0045400B
0x00454013,0x00000001,data,data_00454013
0x0045401A,0x00000002,data,data_0045401A
0x00454023,0x00000001,data,data_00454023
0x0045402B,0x00000001,data,data_0045402B
0x0045403D,0x00000003,data,data_0045403D
0x00454049,0x00000003,data,data_00454049
0x00454055,0x00000003,data,data_00454055
0x00454061,0x00000003,data,data_00454061
0x0045406B,0x00000001,data,data_0045406B
0x00454093,0x00000001,data,data_00454093
0x004540AB,0x00000001,data,data_004540AB
0x004540C5,0x00000003,data,data_004540C5
0x004540CD,0x00000003,data,data_004540CD
0x004540D6,0x00000002,data,data_004540D6
0x004540DF,0x00000001,data,data_004540DF
0x004540F9,0x00000003,data,data_004540F9
0x00454105,0x00000003,data,data_00454105
0x00454112,0x00000002,data,data_00454112
0x0045411B,0x00000001,data,data_0045411B
0x00454135,0x00000003,data,data_00454135
0x00454141,0x00000003,data,data_00454141
0x0045414E,0x00000002,data,data_0045414E
0x00454157,0x00000001,data,data_00454157
0x00454171,0x00000003,data,data_00454171
0x0045417D,0x00000003,data,data_0045417D
0x0045418A,0x00000002,data,data_0045418A
0x00454193,0x00000001,data,data_00454193
0x004541AD,0x00000003,data,data_004541AD
0x004541B9,0x00000003,data,data_004541B9
0x004541C6,0x00000002,data,data_004541C6
0x004541CF,0x00000001,data,data_004541CF
0x004541E9,0x00000003,data,data_004541E9
0x004541F5,0x00000003,data,data_004541F5
0x00454202,0x00000002,data,data_00454202
0x0045420B,0x00000001,data,data_0045420B
0x00454225,0x00000003,data,data_00454225
0x00454231,0x00000003,data,data_00454231
0x0045423E,0x00000002,data,data_0045423E
0x00454247,0x00000001,data,data_00454247
0x00454261,0x00000003,data,data_00454261
0x0045426D,0x00000003,data,data_0045426D
0x0045427A,0x00000002,data,data_0045427A
0x00454283,0x00000001,data,data_00454283
0x0045429D,0x00000003,data,data_0045429D
0x004542A9,0x00000003,data,data_004542A9
0x004542B6,0x00000002,data,data_004542B6
0x004542BF,0x00000001,data,data_004542BF
0x004542D9,0x00000003,data,data_004542D9
0x004542E5,0x00000003,data,data_004542E5
0x004542F2,0x00000002,data,data_004542F2
0x004542FB,0x00000001,data,data_004542FB
0x00454315,0x00000003,data,data_00454315
0x00454321,0x00000003,data,data_00454321
0x0045432E,0x00000002,data,data_0045432E
0x00454336,0x00000002,data,data_00454336
0x0045433F,0x00000001,data,data_0045433F
0x00454347,0x00000001,data,data_00454347
0x00454361,0x00000003,data,data_00454361
0x0045436A,0x00000002,data,data_0045436A
0x00454373,0x00000001,data,data_00454373
0x0045437B,0x00000001,data,data_0045437B
0x00454395,0x00000003,data,data_00454395
0x0045439E,0x00000002,data,data_0045439E
0x004543A7,0x00000001,data,data_004543A7
0x004543AF,0x00000001,data,data_004543AF
0x004543C9,0x00000003,data,data_004543C9
0x004543D2,0x00000002,data,data_004543D2
0x004543DB,0x00000001,data,data_004543DB
0x004543E3,0x00000001,data,data_004543E3
0x004543FD,0x00000003,data,data_004543FD
0x00454406,0x00000002,data,data_00454406
0x0045440F,0x00000001,data,data_0045440F
0x00454417,0x00000001,data,data_00454417
0x00454431,0x00000003,data,data_00454431
0x0045443A,0x00000002,data,data_0045443A
0x00454443,0x00000001,data,data_00454443
0x0045444B,0x00000001,data,data_0045444B
0x00454465,0x00000003,data,data_00454465
0x0045446E,0x00000002,data,data_0045446E
0x00454477,0x00000001,data,data_00454477
0x0045447F,0x00000001,data,data_0045447F
0x00454499,0x00000003,data,data_00454499
0x004544A2,0x00000002,data,data_004544A2
0x004544AB,0x00000001,data,data_004544AB
0x004544B3,0x00000001,data,data_004544B3
0x004544CD,0x00000003,data,data_004544CD
0x004544D6,0x00000002,data,data_004544D6
0x004544DF,0x00000001,data,data_004544DF
0x004544E7,0x00000001,data,data_004544E7
0x00454501,0x00000003,data,data_00454501
0x0045450A,0x00000002,data,data_0045450A
0x00454513,0x00000001,data,data_00454513
0x0045451B,0x00000001,data,data_0045451B
0x00454535,0x00000003,data,data_00454535
0x00454541,0x00000003,data,data_00454541
0x00454549,0x00000003,data,data_00454549
0x00454555,0x00000003,data,data_00454555
0x0045455D,0x00000003,data,data_0045455D
0x00454569,0x00000003,data,data_00454569
0x00454571,0x00000003,data,data_00454571
0x0045457D,0x00000003,data,data_0045457D
0x00454585,0x00000003,data,data_00454585
0x00454591,0x00000003,data,data_00454591
0x00454599,0x00000003,data,data_00454599
0x004545A5,0x00000003,data,data_004545A5
0x004545AD,0x00000003,data,data_004545AD
0x004545B9,0x00000003,data,data_004545B9
0x004545C1,0x00000003,data,data_004545C1
0x004545CD,0x00000003,data,data_004545CD
0x004545D5,0x00000003,data,data_004545D5
0x004545E1,0x00000003,data,data_004545E1
0x004545E9,0x00000003,data,data_004545E9
0x004545F5,0x00000003,data,data_004545F5
0x004545FD,0x00000003,data,data_004545FD
0x00454605,0x00000003,data,data_00454605
0x0045460E,0x00000002,data,data_0045460E
0x00454616,0x00000002,data,data_00454616
0x0045461D,0x00000003,data,data_0045461D
0x00454626,0x00000002,data,data_00454626
0x0045462E,0x00000002,data,data_0045462E
0x00454635,0x00000003,data,data_00454635
0x0045463E,0x00000002,data,data_0045463E
0x00454646,0x00000002,data,data_00454646
0x0045464D,0x00000003,data,data_0045464D
0x00454656,0x00000002,data,data_00454656
0x0045465E,0x00000002,data,data_0045465E
0x00454665,0x00000003,data,data_00454665
0x0045466E,0x00000002,data,data_0045466E
0x00454676,0x00000002,data,data_00454676
0x0045467D,0x00000003,data,data_0045467D
0x00454686,0x00000002,data,data_00454686
0x0045468E,0x00000002,data,data_0045468E
0x00454695,0x00000003,data,data_00454695
0x0045469E,0x00000002,data,data_0045469E
0x004546A6,0x00000002,data,data_004546A6
0x004546AD,0x00000003,data,data_004546AD
0x004546B6,0x00000002,data,data_004546B6
0x004546BE,0x00000002,data,data_004546BE
0x004546C5,0x00000003,data,data_004546C5
0x004546CE,0x00000002,data,data_004546CE
0x004546D6,0x00000002,data,data_004546D6
0x004546DD,0x00000003,data,data_004546DD
0x004546E6,0x00000002,data,data_004546E6
0x004546EE,0x00000002,data,data_004546EE
0x004546F6,0x00000002,data,data_004546F6
0x004546FF,0x00000001,data,data_004546FF
0x00454707,0x00000001,data,data_00454707
0x0045470E,0x00000002,data,data_0045470E
0x00454717,0x00000001,data,data_00454717
0x0045471F,0x00000001,data,data_0045471F
0x00454726,0x00000002,data,data_00454726
0x0045472F,0x00000001,data,data_0045472F
0x00454737,0x00000001,data,data_00454737
0x0045473E,0x00000002,data,data_0045473E
0x00454747,0x00000001,data,data_00454747
0x0045474F,0x00000001,data,data_0045474F
0x00454756,0x00000002,data,data_00454756
0x0045475F,0x00000001,data,data_0045475F
0x00454767,0x00000001,data,data_00454767
0x0045476E,0x00000002,data,data_0045476E
0x00454777,0x00000001,data,data_00454777
0x0045477F,0x00000001,data,data_0045477F
0x00454786,0x00000002,data,data_00454786
0x0045478F,0x00000001,data,data_0045478F
0x00454797,0x00000001,data,data_00454797
0x0045479E,0x00000002,data,data_0045479E
0x004547A7,0x00000001,data,data_004547A7
0x004547AF,0x00000001,data,data_004547AF
0x004547B6,0x00000002,data,data_004547B6
0x004547BF,0x00000001,data,data_004547BF
0x004547C7,0x00000001,data,data_004547C7
0x004547CE,0x00000002,data,data_004547CE
0x004547D7,0x00000001,data,data_004547D7
0x004547DF,0x00000001,data,data_004547DF
0x004547E7,0x00000001,data,data_004547E7
0x004547FF,0x00000001,data,data_004547FF
0x00454817,0x00000001,data,data_00454817
0x0045482F,0x00000001,data,data_0045482F
0x00454847,0x00000001,data,data_00454847
0x0045485F,0x00000001,data,data_0045485F
0x00454877,0x00000001,data,data_00454877
0x0045488F,0x00000001,data,data_0045488F
0x004548A7,0x00000001,data,data_004548A7
0x004548BF,0x00000001,data,data_004548BF
0x004548D5,0x00000003,data,data_004548D5
0x004548DE,0x00000002,data,data_004548DE
0x004548E6,0x00000002,data,data_004548E6
0x004548ED,0x00000003,data,data_004548ED
0x004548F6,0x00000002,data,data_004548F6
0x004548FE,0x00000002,data,data_004548FE
0x00454905,0x00000003,data,data_00454905
0x0045490E,0x00000002,data,data_0045490E
0x00454916,0x00000002,data,data_00454916
0x0045491D,0x00000003,data,data_0045491D
0x00454926,0x00000002,data,data_00454926
0x0045492E,0x00000002,data,data_0045492E
0x00454935,0x00000003,data,data_00454935
0x0045493E,0x00000002,data,data_0045493E
0x00454946,0x00000002,data,data_00454946
0x0045494D,0x00000003,data,data_0045494D
0x00454956,0x00000002,data,data_00454956
0x0045495E,0x00000002,data,data_0045495E
0x00454965,0x00000003,data,data_00454965
0x0045496E,0x00000002,data,data_0045496E
0x00454976,0x00000002,data,data_00454976
0x0045497D,0x00000003,data,data_0045497D
0x00454986,0x00000002,data,data_00454986
0x0045498E,0x00000002,data,data_0045498E
0x00454995,0x00000003,data,data_00454995
0x0045499E,0x00000002,data,data_0045499E
0x004549A6,0x00000002,data,data_004549A6
0x004549AD,0x00000003,data,data_004549AD
0x004549B6,0x00000002,data,data_004549B6
0x004549BE,0x00000002,data,data_004549BE
0x004549C6,0x00000002,data,data_004549C6
0x004549CF,0x00000001,data,data_004549CF
0x004549D7,0x00000001,data,data_004549D7
0x004549DE,0x00000002,data,data_004549DE
0x004549E7,0x00000001,data,data_004549E7
0x004549EF,0x00000001,data,data_004549EF
0x004549F6,0x00000002,data,data_004549F6
0x004549FF,0x00000001,data,data_004549FF
0x00454A07,0x00000001,data,data_00454A07
0x00454A0E,0x00000002,data,data_00454A0E
0x00454A17,0x00000001,data,data_00454A17
0x00454A1F,0x00000001,data,data_00454A1F
0x00454A26,0x00000002,data,data_00454A26
0x00454A2F,0x00000001,data,data_00454A2F
0x00454A37,0x00000001,data,data_00454A37
0x00454A3E,0x00000002,data,data_00454A3E
0x00454A47,0x00000001,data,data_00454A47
0x00454A4F,0x00000001,data,data_00454A4F
0x00454A56,0x00000002,data,data_00454A56
0x00454A5F,0x00000001,data,data_00454A5F
0x00454A67,0x00000001,data,data_00454A67
0x00454A6E,0x00000002,data,data_00454A6E
0x00454A77,0x00000001,data,data_00454A77
0x00454A7F,0x00000001,data,data_00454A7F
0x00454A86,0x00000002,data,data_00454A86
0x00454A8F,0x00000001,data,data_00454A8F
0x00454A97,0x00000001,data,data_00454A97
0x00454A9E,0x00000002,data,data_00454A9E
0x00454AA7,0x00000001,data,data_00454AA7
0x00454AAF,0x00000001,data,data_00454AAF
0x00454AB7,0x00000001,data,data_00454AB7
0x00454ACF,0x00000001,data,data_00454ACF
0x00454AE7,0x00000001,data,data_00454AE7
0x00454AFF,0x00000001,data,data_00454AFF
0x00454B17,0x00000001,data,data_00454B17
0x00454B2F,0x00000001,data,data_00454B2F
0x00454B47,0x00000001,data,data_00454B47
0x00454B5F,0x00000001,data,data_00454B5F
0x00454B77,0x00000001,data,data_00454B77
0x00454B8F,0x00000001,data,data_00454B8F
0x00454BB1,0x00000003,data,data_00454BB1
0x00454BBD,0x00000003,data,data_00454BBD
0x00454BD1,0x00000003,data,data_00454BD1
0x00454BDD,0x00000003,data,data_00454BDD
0x00454BF1,0x00000003,data,data_00454BF1
0x00454BFD,0x00000003,data,data_00454BFD
0x00454C11,0x00000003,data,data_00454C11
0x00454C1D,0x00000003,data,data_00454C1D
0x00454C31,0x00000003,data,data_00454C31
0x00454C3D,0x00000003,data,data_00454C3D
0x00454C51,0x00000003,data,data_00454C51
0x00454C5D,0x00000003,data,data_00454C5D
0x00454C71,0x00000003,data,data_00454C71
0x00454C7D,0x00000003,data,data_00454C7D
0x00454C91,0x00000003,data,data_00454C91
0x00454C9D,0x00000003,data,data_00454C9D
0x00454CB1,0x00000003,data,data_00454CB1
0x00454CBD,0x00000003,data,data_00454CBD
0x00454CD1,0x00000003,data,data_00454CD1
0x00454CDD,0x00000003,data,data_00454CDD
0x00454CEA,0x00000002,data,data_00454CEA
0x00454CF7,0x00000001,data,data_00454CF7
0x00454D02,0x00000002,data,data_00454D02
0x00454D0D,0x00000003,data,data_00454D0D
0x00454D19,0x00000003,data,data_00454D19
0x00454D25,0x00000003,data,data_00454D25
0x00454D31,0x00000003,data,data_00454D31
0x00454D3D,0x00000003,data,data_00454D3D
0x00454D49,0x00000003,data,data_00454D49
0x00454D51,0x00000003,data,data_00454D51
0x00454D5A,0x00000002,data,data_00454D5A
0x00454D63,0x00000001,data,data_00454D63
0x00454D75,0x00000003,data,data_00454D75
0x00454E1F,0x00000001,data,data_00454E1F
0x00454E27,0x00000001,data,data_00454E27
0x00454E2F,0x00000001,data,data_00454E2F
0x00454E37,0x00000001,data,data_00454E37
0x00454E3F,0x00000001,data,data_00454E3F
0x00454E47,0x00000001,data,data_00454E47
0x00454E4F,0x00000001,data,data_00454E4F
0x00454E57,0x00000001,data,data_00454E57
0x00454E5F,0x00000001,data,data_00454E5F
0x00454E67,0x00000001,data,data_00454E67
0x00454E6F,0x00000001,data,data_00454E6F
0x00454E77,0x00000001,data,data_00454E77
0x00454E7F,0x00000001,data,data_00454E7F
0x00454E87,0x00000001,data,data_00454E87
0x00454E8F,0x00000001,data,data_00454E8F
0x00454E97,0x00000001,data,data_00454E97
0x00454E9F,0x00000001,data,data_00454E9F
0x00454EA7,0x00000001,data,data_00454EA7
0x00454EAD,0x00000003,data,data_00454EAD
0x00454EB5,0x00000003,data,data_00454EB5
0x00454EBD,0x00000003,data,data_00454EBD
0x00454EC5,0x00000003,data,data_00454EC5
0x00454ECD,0x00000003,data,data_00454ECD
0x00454ED5,0x00000003,data,data_00454ED5
0x00454EE1,0x00000003,data,data_00454EE1
0x00454EE9,0x00000003,data,data_00454EE9
0x00454EF1,0x00000003,data,data_00454EF1
0x00454EFE,0x00000002,data,data_00454EFE
0x00454F06,0x00000002,data,data_00454F06
0x00454F0E,0x00000002,data,data_00454F0E
0x00454F15,0x00000003,data,data_00454F15
0x00454F1E,0x00000002,data,data_00454F1E
0x00454F29,0x00000003,data,data_00454F29
0x00454F31,0x00000003,data,data_00454F31
0x00454F3B,0x00000001,data,data_00454F3B
0x00454F43,0x00000001,data,data_00454F43
0x00454F4D,0x00000003,data,data_00454F4D
0x00454F59,0x00000003,data,data_00454F59
0x00454F65,0x00000003,data,data_00454F65
0x00454F71,0x00000003,data,data_00454F71
0x00454F7D,0x00000003,data,data_00454F7D
0x00454F89,0x00000003,data,data_00454F89
0x00454F95,0x00000003,data,data_00454F95
0x00454FA1,0x00000003,data,data_00454FA1
0x00454FAD,0x00000003,data,data_00454FAD
0x00454FB9,0x00000003,data,data_00454FB9
0x00454FC5,0x00000003,data,data_00454FC5
0x00454FD1,0x00000003,data,data_00454FD1
0x00454FE6,0x00000002,data,data_00454FE6
0x00454FF2,0x00000002,data,data_00454FF2
0x00454FFE,0x00000002,data,data_00454FFE
0x0045500A,0x00000002,data,data_0045500A
0x00455016,0x00000002,data,data_00455016
0x00455022,0x00000002,data,data_00455022
0x0045502E,0x00000002,data,data_0045502E
0x0045503A,0x00000002,data,data_0045503A
0x00455046,0x00000002,data,data_00455046
0x00455052,0x00000002,data,data_00455052
0x0045505E,0x00000002,data,data_0045505E
0x0045506A,0x00000002,data,data_0045506A
0x00455075,0x00000003,data,data_00455075
0x004550C1,0x00000003,data,data_004550C1
0x004550CD,0x00000003,data,data_004550CD
0x004550D9,0x00000003,data,data_004550D9
0x004550E5,0x00000003,data,data_004550E5
0x004550F7,0x00000001,data,data_004550F7
0x004550FF,0x00000001,data,data_004550FF
0x00455106,0x00000002,data,data_00455106
0x00455112,0x00000002,data,data_00455112
0x0045511D,0x00000003,data,data_0045511D
0x0045512E,0x00000002,data,data_0045512E
0x00455136,0x00000002,data,data_00455136
0x0045513E,0x00000002,data,data_0045513E
0x00455146,0x00000002,data,data_00455146
0x0045514E,0x00000002,data,data_0045514E
0x00455156,0x00000002,data,data_00455156
0x0045515F,0x00000001,data,data_0045515F
0x00455167,0x00000001,data,data_00455167
0x0045516F,0x00000001,data,data_0045516F
0x00455177,0x00000001,data,data_00455177
0x0045517F,0x00000001,data,data_0045517F
0x00455187,0x00000001,data,data_00455187
0x0045518F,0x00000001,data,data_0045518F
0x00455197,0x00000001,data,data_00455197
0x0045519F,0x00000001,data,data_0045519F
0x004551A7,0x00000001,data,data_004551A7
0x004551AF,0x00000001,data,data_004551AF
0x004551B7,0x00000001,data,data_004551B7
0x004551BF,0x00000001,data,data_004551BF
0x004551C9,0x00000003,data,data_004551C9
0x004551D5,0x00000003,data,data_004551D5
0x004551E1,0x00000003,data,data_004551E1
0x004551E9,0x00000003,data,data_004551E9
0x004551F1,0x00000003,data,data_004551F1
0x0045525A,0x00000002,data,data_0045525A
0x00455271,0x00000003,data,data_00455271
0x00455279,0x00000003,data,data_00455279
0x00455285,0x00000003,data,data_00455285
0x0045528E,0x00000002,data,data_0045528E
0x00455297,0x00000001,data,data_00455297
0x004552A3,0x00000001,data,data_004552A3
0x004552AA,0x00000002,data,data_004552AA
0x004552B2,0x00000002,data,data_004552B2
0x004552BA,0x00000002,data,data_004552BA
0x004552C5,0x00000003,data,data_004552C5
0x004552CF,0x00000001,data,data_004552CF
0x004552D7,0x00000001,data,data_004552D7
0x004552DF,0x00000001,data,data_004552DF
0x004552E5,0x00000003,data,data_004552E5
0x004552EE,0x00000002,data,data_004552EE
0x004552F7,0x00000001,data,data_004552F7
0x00455311,0x00000003,data,data_00455311
0x0045531B,0x00000001,data,data_0045531B
0x00455331,0x00000003,data,data_00455331
0x0045533A,0x00000002,data,data_0045533A
0x00455342,0x00000002,data,data_00455342
0x0045534B,0x00000001,data,data_0045534B
0x00455352,0x00000002,data,data_00455352
0x0045535B,0x00000001,data,data_0045535B
0x00455363,0x00000001,data,data_00455363
0x00455372,0x00000002,data,data_00455372
0x0045537B,0x00000001,data,data_0045537B
0x00455382,0x00000002,data,data_00455382
0x0045538B,0x00000001,data,data_0045538B
0x00455392,0x00000002,data,data_00455392
0x0045539B,0x00000001,data,data_0045539B
0x004553A3,0x00000001,data,data_004553A3
0x004553B2,0x00000006,data,data_004553B2
0x004553BE,0x00000002,data,data_004553BE
0x004553C6,0x00000002,data,data_004553C6
0x004553D1,0x00000003,data,data_004553D1
0x004553E2,0x00000002,data,data_004553E2
0x004553E9,0x00000003,data,data_004553E9
0x004553F3,0x00000001,data,data_004553F3
0x004553FB,0x00000001,data,data_004553FB
0x00455401,0x00000003,data,data_00455401
0x0045540B,0x00000001,data,data_0045540B
0x0045541B,0x00000001,data,data_0045541B
0x00455422,0x00000002,data,data_00455422
0x0045542B,0x00000001,data,data_0045542B
0x00455433,0x00000001,data,data_00455433
0x00455442,0x00000002,data,data_00455442
0x0045544B,0x00000001,data,data_0045544B
0x00455453,0x00000001,data,data_00455453
0x00455469,0x00000003,data,data_00455469
0x00455472,0x00000002,data,data_00455472
0x0045547B,0x00000001,data,data_0045547B
0x00455482,0x00000002,data,data_00455482
0x0045548B,0x00000001,data,data_0045548B
0x00455492,0x00000002,data,data_00455492
0x0045549B,0x00000001,data,data_0045549B
0x004554A3,0x00000001,data,data_004554A3
0x004554B3,0x00000001,data,data_004554B3
0x004554C3,0x00000001,data,data_004554C3
0x004554D5,0x00000003,data,data_004554D5
0x004554DD,0x00000003,data,data_004554DD
0x004554E6,0x00000002,data,data_004554E6
0x004554EE,0x00000002,data,data_004554EE
0x004554F7,0x00000001,data,data_004554F7
0x00455501,0x00000003,data,data_00455501
0x0045550F,0x00000001,data,data_0045550F
0x00455515,0x00000003,data,data_00455515
0x0045551E,0x00000002,data,data_0045551E
0x00455525,0x00000003,data,data_00455525
0x00455528,0x00000004,data,data_00455528
0x00455536,0x00000002,data,data_00455536
0x0045553E,0x00000002,data,data_0045553E
0x00455545,0x00000003,data,data_00455545
0x0045554E,0x00000002,data,data_0045554E
0x0045555E,0x00000002,data,data_0045555E
0x00455566,0x00000002,data,data_00455566
0x0045556F,0x00000001,data,data_0045556F
0x00455577,0x00000001,data,data_00455577
0x0045557F,0x00000001,data,data_0045557F
0x00455587,0x00000001,data,data_00455587
0x0045558F,0x00000001,data,data_0045558F
0x00455599,0x00000003,data,data_00455599
0x004555C2,0x00000002,data,data_004555C2
0x004555CA,0x00000002,data,data_004555CA
0x004555D5,0x00000003,data,data_004555D5
0x004555E1,0x00000003,data,data_004555E1
0x004555EB,0x00000001,data,data_004555EB
0x004555F3,0x00000001,data,data_004555F3
0x00455613,0x00000001,data,data_00455613
0x00455623,0x00000001,data,data_00455623
0x0045562B,0x00000001,data,data_0045562B
0x00455633,0x00000001,data,data_00455633
0x0045563D,0x00000003,data,data_0045563D
0x00455649,0x00000003,data,data_00455649
0x00455655,0x00000003,data,data_00455655
0x00455661,0x00000003,data,data_00455661
0x0045567D,0x00000003,data,data_0045567D
0x00455699,0x00000003,data,data_00455699
0x004556B5,0x00000003,data,data_004556B5
0x004556D1,0x00000003,data,data_004556D1
0x004556DB,0x00000001,data,data_004556DB
0x004556E3,0x00000001,data,data_004556E3
0x004556EB,0x00000001,data,data_004556EB
0x004556F3,0x00000001,data,data_004556F3
0x004556FB,0x00000001,data,data_004556FB
0x00455703,0x00000001,data,data_00455703
0x00455713,0x00000001,data,data_00455713
0x0045571B,0x00000001,data,data_0045571B
0x00455722,0x00000002,data,data_00455722
0x00455729,0x00000003,data,data_00455729
0x00455732,0x00000002,data,data_00455732
0x00455742,0x00000002,data,data_00455742
0x0045574A,0x00000002,data,data_0045574A
0x00455753,0x00000001,data,data_00455753
0x0045575B,0x00000001,data,data_0045575B
0x00455763,0x00000001,data,data_00455763
0x0045576B,0x00000001,data,data_0045576B
0x00455773,0x00000001,data,data_00455773
0x0045577D,0x00000003,data,data_0045577D
0x00455789,0x00000003,data,data_00455789
0x004557B2,0x00000002,data,data_004557B2
0x004557BD,0x00000003,data,data_004557BD
0x004557C9,0x00000003,data,data_004557C9
0x004557D3,0x00000001,data,data_004557D3
0x004557DB,0x00000001,data,data_004557DB
0x004557FB,0x00000001,data,data_004557FB
0x0045580B,0x00000001,data,data_0045580B
0x00455813,0x00000001,data,data_00455813
0x0045581B,0x00000001,data,data_0045581B
0x00455823,0x00000001,data,data_00455823
0x0045582E,0x00000002,data,data_0045582E
0x00455839,0x00000003,data,data_00455839
0x00455845,0x00000003,data,data_00455845
0x00455851,0x00000003,data,data_00455851
0x0045585D,0x00000003,data,data_0045585D
0x00455879,0x00000003,data,data_00455879
0x00455895,0x00000003,data,data_00455895
0x004558B1,0x00000003,data,data_004558B1
0x004558CD,0x00000003,data,data_004558CD
0x004558D7,0x00000001,data,data_004558D7
0x004558DF,0x00000001,data,data_004558DF
0x004558E7,0x00000001,data,data_004558E7
0x004558EF,0x00000001,data,data_004558EF
0x004558F7,0x00000001,data,data_004558F7
0x004558FF,0x00000001,data,data_004558FF
0x0045590F,0x00000001,data,data_0045590F
0x00455917,0x00000001,data,data_00455917
0x0045591E,0x00000027,data,data_0045591E
0x00455945,0x00000004,data,data_00455945
0x00455949,0x0000000B,data,data_00455949
0x0045595A,0x00000002,data,data_0045595A
0x00455961,0x00000003,data,data_00455961
0x00455969,0x00000003,data,data_00455969
0x00455971,0x00000003,data,data_00455971
0x00455979,0x00000003,data,data_00455979
0x00455986,0x00000002,data,data_00455986
0x0045598D,0x00000003,data,data_0045598D
0x00455995,0x00000003,data,data_00455995
0x0045599E,0x00000002,data,data_0045599E
0x004559AF,0x00000001,data,data_004559AF
0x004559B7,0x00000001,data,data_004559B7
0x004559CD,0x00000003,data,data_004559CD
0x004559DC,0x00000004,data,data_004559DC
0x00455A25,0x00000003,data,data_00455A25
0x00455A2D,0x00000003,data,data_00455A2D
0x00455A36,0x00000002,data,data_00455A36
0x00455A3E,0x00000002,data,data_00455A3E
0x00455A46,0x00000002,data,data_00455A46
0x00455A4E,0x00000002,data,data_00455A4E
0x00455A56,0x00000002,data,data_00455A56
0x00455A5E,0x00000002,data,data_00455A5E
0x00455A67,0x00000001,data,data_00455A67
0x00455A6E,0x00000002,data,data_00455A6E
0x00455A76,0x00000002,data,data_00455A76
0x00455A7E,0x00000002,data,data_00455A7E
0x00455A87,0x00000019,data,data_00455A87
0x00455AA5,0x00000003,data,data_00455AA5
0x00455AAF,0x00000001,data,data_00455AAF
0x00455AB7,0x00000001,data,data_00455AB7
0x00455AC2,0x00000002,data,data_00455AC2
0x00455ACA,0x00000002,data,data_00455ACA
0x00455AD1,0x00000003,data,data_00455AD1
0x00455AD4,0x00000018,data,data_00455AD4
0x00455AF0,0x00000008,data,data_00455AF0
0x00455B08,0x00000004,data,data_00455B08
0x00455B10,0x00000004,data,data_00455B10
0x00455B19,0x00000003,data,data_00455B19
0x00455B25,0x00000003,data,data_00455B25
0x00455B3E,0x00000002,data,data_00455B3E
0x00455B47,0x00000001,data,data_00455B47
0x00455B51,0x00000003,data,data_00455B51
0x00455B59,0x00000003,data,data_00455B59
0x00455B63,0x00000001,data,data_00455B63
0x00455B69,0x00000003,data,data_00455B69
0x00455B71,0x00000003,data,data_00455B71
0x00455B79,0x00000003,data,data_00455B79
0x00455B82,0x00000002,data,data_00455B82
0x00455B8B,0x00000001,data,data_00455B8B
0x00455B93,0x00000001,data,data_00455B93
0x00455B99,0x00000003,data,data_00455B99
0x00455BA2,0x00000002,data,data_00455BA2
0x00455BA8,0x00000030,data,data_00455BA8
0x00455BDD,0x00000003,data,data_00455BDD
0x00455BE0,0x00000004,data,data_00455BE0
0x00455BE8,0x00000010,data,data_00455BE8
0x00455BFE,0x00000002,data,data_00455BFE
0x00455C05,0x00000003,data,data_00455C05
0x00455C11,0x00000003,data,data_00455C11
0x00455C19,0x00000003,data,data_00455C19
0x00455C23,0x00000005,data,data_00455C23
0x00455C2D,0x00000003,data,data_00455C2D
0x00455C3A,0x00000002,data,data_00455C3A
0x00455C4D,0x00000003,data,data_00455C4D
0x00455C5D,0x00000003,data,data_00455C5D
0x00455C8E,0x00000002,data,data_00455C8E
0x00455C96,0x00000002,data,data_00455C96
0x00455C9D,0x00000003,data,data_00455C9D
0x00455CB9,0x00000003,data,data_00455CB9
0x00455CC6,0x00000002,data,data_00455CC6
0x00455CFD,0x00000003,data,data_00455CFD
0x00455D06,0x00000002,data,data_00455D06
0x00455D0F,0x00000001,data,data_00455D0F
0x00455D1E,0x00000002,data,data_00455D1E
0x00455D27,0x00000001,data,data_00455D27
0x00455D2E,0x00000002,data,data_00455D2E
0x00455D37,0x00000001,data,data_00455D37
0x00455D40,0x00000004,data,data_00455D40
0x00455D49,0x00000003,data,data_00455D49
0x00455D51,0x00000003,data,data_00455D51
0x00455D5A,0x00000003,data,data_00455D5A
0x00455D5D,0x00000017,data,data_00455D5D
0x00455D74,0x00000003,data,data_00455D74
0x00455D77,0x0000000E,data,data_00455D77
0x00455D85,0x00000003,data,data_00455D85
0x00455D88,0x00000005,data,data_00455D88
0x00455D91,0x00000004,data,data_00455D91
0x00455D95,0x00000004,data,data_00455D95
0x00455D99,0x0000000D,data,data_00455D99
0x00455DA6,0x00000003,data,data_00455DA6
0x00455DA9,0x00000005,data,data_00455DA9
0x00455DAE,0x00000003,data,data_00455DAE
0x00455DB1,0x00000005,data,data_00455DB1
0x00455DB6,0x00000004,data,data_00455DB6
0x00455DBA,0x0000001E,data,data_00455DBA
0x00455DD8,0x00000002,data,data_00455DD8
0x00455DDA,0x0000000E,data,data_00455DDA
0x00455DE8,0x00000003,data,data_00455DE8
0x00455DEB,0x00000005,data,data_00455DEB
0x00455DF0,0x00000003,data,data_00455DF0
0x00455DF3,0x00000005,data,data_00455DF3
0x00455DF8,0x00000004,data,data_00455DF8
0x00455DFC,0x0000001E,data,data_00455DFC
0x00455E1A,0x00000002,data,data_00455E1A
0x00455E1C,0x0000000E,data,data_00455E1C
0x00455E2A,0x00000003,data,data_00455E2A
0x00455E2D,0x00000005,data,data_00455E2D
0x00455E32,0x00000003,data,data_00455E32
0x00455E35,0x00000005,data,data_00455E35
0x00455E3A,0x00000004,data,data_00455E3A
0x00455E3E,0x0000001E,data,data_00455E3E
0x00455E5C,0x00000002,data,data_00455E5C
0x00455E5E,0x0000000E,data,data_00455E5E
0x00455E70,0x00000004,data,data_00455E70
0x00455E74,0x00000003,data,data_00455E74
0x00455E77,0x00000005,data,data_00455E77
0x00455E7C,0x00000004,data,data_00455E7C
0x00455E80,0x0000001E,data,data_00455E80
0x00455E9E,0x00000002,data,data_00455E9E
0x00455EA0,0x0000000E,data,data_00455EA0
0x00455EB2,0x00000004,data,data_00455EB2
0x00455EB6,0x00000003,data,data_00455EB6
0x00455EB9,0x00000005,data,data_00455EB9
0x00455EBE,0x00000004,data,data_00455EBE
0x00455EC2,0x0000000D,data,data_00455EC2
0x00455ED3,0x00000004,data,data_00455ED3
0x00455EDB,0x00000004,data,data_00455EDB
0x00455EDF,0x00000004,data,data_00455EDF
0x00455EE3,0x0000000D,data,data_00455EE3
0x00455EF0,0x00000003,data,data_00455EF0
0x00455EF3,0x00000005,data,data_00455EF3
0x00455EFC,0x00000004,data,data_00455EFC
0x00455F00,0x00000004,data,data_00455F00
0x00455F04,0x0000000D,data,data_00455F04
0x00455F11,0x00000003,data,data_00455F11
0x00455F14,0x00000005,data,data_00455F14
0x00455F1D,0x00000004,data,data_00455F1D
0x00455F21,0x00000004,data,data_00455F21
0x00455F25,0x0000000D,data,data_00455F25
0x00455F32,0x00000003,data,data_00455F32
0x00455F35,0x00000005,data,data_00455F35
0x00455F3A,0x00000003,data,data_00455F3A
0x00455F3D,0x00000005,data,data_00455F3D
0x00455F42,0x00000004,data,data_00455F42
0x00455F46,0x0000000D,data,data_00455F46
0x00455F53,0x00000003,data,data_00455F53
0x00455F56,0x00000005,data,data_00455F56
0x00455F5B,0x00000003,data,data_00455F5B
0x00455F5E,0x00000005,data,data_00455F5E
0x00455F63,0x00000004,data,data_00455F63
0x00455F67,0x0000000D,data,data_00455F67
0x00455F74,0x00000003,data,data_00455F74
0x00455F77,0x00000005,data,data_00455F77
0x00455F7C,0x00000003,data,data_00455F7C
0x00455F7F,0x00000005,data,data_00455F7F
0x00455F84,0x00000004,data,data_00455F84
0x00455F88,0x0000000D,data,data_00455F88
0x00455F99,0x00000004,data,data_00455F99
0x00455F9D,0x00000003,data,data_00455F9D
0x00455FA0,0x00000005,data,data_00455FA0
0x00455FA5,0x00000004,data,data_00455FA5
0x00455FA9,0x00000009,data,data_00455FA9
0x00455FB2,0x00000003,data,data_00455FB2
0x00455FB5,0x00000011,data,data_00455FB5
0x00455FC6,0x00000004,data,data_00455FC6
0x00455FCA,0x00000009,data,data_00455FCA
0x00455FD3,0x00000003,data,data_00455FD3
0x00455FD6,0x00000011,data,data_00455FD6
0x00455FE7,0x00000004,data,data_00455FE7
0x00455FEB,0x00000009,data,data_00455FEB
0x00455FF4,0x00000003,data,data_00455FF4
0x00455FF7,0x00000011,data,data_00455FF7
0x00456008,0x00000004,data,data_00456008
0x0045600C,0x00000009,data,data_0045600C
0x00456019,0x00000010,data,data_00456019
0x00456029,0x00000004,data,data_00456029
0x0045602D,0x00000009,data,data_0045602D
0x0045603A,0x00000010,data,data_0045603A
0x0045604A,0x00000004,data,data_0045604A
0x0045604E,0x00000009,data,data_0045604E
0x00456057,0x00000003,data,data_00456057
0x0045605A,0x00000011,data,data_0045605A
0x0045606B,0x00000004,data,data_0045606B
0x0045606F,0x00000009,data,data_0045606F
0x00456078,0x00000003,data,data_00456078
0x0045607B,0x00000011,data,data_0045607B
0x0045608C,0x00000004,data,data_0045608C
0x00456090,0x00000009,data,data_00456090
0x00456099,0x00000003,data,data_00456099
0x0045609C,0x00000011,data,data_0045609C
0x004560AD,0x00000004,data,data_004560AD
0x004560B1,0x00000009,data,data_004560B1
0x004560BA,0x00000003,data,data_004560BA
0x004560BD,0x00000011,data,data_004560BD
0x004560CE,0x00000004,data,data_004560CE
0x004560D2,0x00000009,data,data_004560D2
0x004560DF,0x00000010,data,data_004560DF
0x004560EF,0x00000004,data,data_004560EF
0x004560F3,0x00000009,data,data_004560F3
0x00456100,0x00000010,data,data_00456100
0x00456110,0x00000004,data,data_00456110
0x00456114,0x00000009,data,data_00456114
0x00456121,0x00000010,data,data_00456121
0x00456131,0x00000004,data,data_00456131
0x00456135,0x00000009,data,data_00456135
0x0045613E,0x00000003,data,data_0045613E
0x00456141,0x00000011,data,data_00456141
0x00456152,0x00000004,data,data_00456152
0x00456156,0x00000009,data,data_00456156
0x0045615F,0x00000003,data,data_0045615F
0x00456162,0x00000011,data,data_00456162
0x00456173,0x00000004,data,data_00456173
0x00456177,0x00000009,data,data_00456177
0x00456180,0x00000003,data,data_00456180
0x00456183,0x00000011,data,data_00456183
0x00456194,0x00000004,data,data_00456194
0x00456198,0x00000009,data,data_00456198
0x004561A1,0x00000003,data,data_004561A1
0x004561A4,0x00000011,data,data_004561A4
0x004561B5,0x00000004,data,data_004561B5
0x004561B9,0x00000009,data,data_004561B9
0x004561C6,0x00000010,data,data_004561C6
0x004561D6,0x00000004,data,data_004561D6
0x004561DA,0x00000009,data,data_004561DA
0x004561E7,0x00000010,data,data_004561E7
0x004561F7,0x00000004,data,data_004561F7
0x004561FB,0x00000009,data,data_004561FB
0x00456204,0x00000003,data,data_00456204
0x00456207,0x00000011,data,data_00456207
0x00456218,0x00000004,data,data_00456218
0x0045621C,0x00000009,data,data_0045621C
0x00456225,0x00000003,data,data_00456225
0x00456228,0x00000011,data,data_00456228
0x00456239,0x00000004,data,data_00456239
0x0045623D,0x00000009,data,data_0045623D
0x00456246,0x00000003,data,data_00456246
0x00456249,0x00000011,data,data_00456249
0x0045625A,0x00000004,data,data_0045625A
0x0045625E,0x00000009,data,data_0045625E
0x00456267,0x00000003,data,data_00456267
0x0045626A,0x00000011,data,data_0045626A
0x0045627B,0x00000004,data,data_0045627B
0x0045627F,0x00000009,data,data_0045627F
0x0045628C,0x00000010,data,data_0045628C
0x0045629C,0x00000004,data,data_0045629C
0x004562A0,0x00000009,data,data_004562A0
0x004562AD,0x00000010,data,data_004562AD
0x004562BD,0x00000004,data,data_004562BD
0x004562C1,0x00000009,data,data_004562C1
0x004562CE,0x00000010,data,data_004562CE
0x004562DE,0x00000004,data,data_004562DE
0x004562E2,0x00000009,data,data_004562E2
0x004562EB,0x00000003,data,data_004562EB
0x004562EE,0x00000011,data,data_004562EE
0x004562FF,0x00000004,data,data_004562FF
0x00456303,0x0000001E,data,data_00456303
0x00456321,0x00000002,data,data_00456321
0x00456323,0x0000000A,data,data_00456323
0x0045632D,0x00000001,data,data_0045632D
0x0045632E,0x00000018,data,data_0045632E
0x00456346,0x00000002,data,data_00456346
0x00456348,0x0000001F,data,data_00456348
0x00456367,0x00000002,data,data_00456367
0x00456369,0x0000001F,data,data_00456369
0x00456388,0x00000002,data,data_00456388
0x0045638A,0x0000001F,data,data_0045638A
0x004563A9,0x00000002,data,data_004563A9
0x004563AB,0x0000000B,data,data_004563AB
0x004563B6,0x00000005,data,data_004563B6
0x004563BB,0x00000005,data,data_004563BB
0x004563C0,0x00000009,data,data_004563C0
0x004563C9,0x00000008,data,data_004563C9
0x004563D1,0x00000100,data,data_004563D1
0x004564D1,0x000000AC,data,data_004564D1
0x0045657D,0x000000C3,data,data_0045657D
0x00456640,0x00000038,data,data_00456640
0x00456678,0x00000008,data,data_00456678
0x00456680,0x00000006,data,data_00456680
0x00456686,0x0000003A,data,data_00456686
0x004566C0,0x00000008,data,data_004566C0
0x004566C8,0x0000005E,data,data_004566C8
0x00456726,0x0000001A,data,data_00456726
0x00456740,0x00000006,data,data_00456740
0x00456761,0x000000C5,data,data_00456761
0x00456841,0x00000005,data,data_00456841
0x00456861,0x000000C9,data,data_00456861
0x0045692A,0x0000001A,data,data_0045692A
0x00456944,0x00000006,data,data_00456944
0x00456965,0x000000CC,data,data_00456965
0x00456A4C,0x00000005,data,data_00456A4C
0x00456A6C,0x00000084,data,data_00456A6C
0x00456AF0,0x00000011,data,data_00456AF0
0x00456B01,0x00000007,data,data_00456B01
0x00456B08,0x00000002,data,data_00456B08
0x00456B0A,0x00000006,data,data_00456B0A
0x00456B10,0x00000002,data,data_00456B10
0x00456B12,0x00000006,data,data_00456B12
0x00456B18,0x00000004,data,data_00456B18
0x00456B1C,0x00000004,data,data_00456B1C
0x00456B20,0x00000004,data,data_00456B20
0x00456B24,0x00000004,data,data_00456B24
0x00456B28,0x00000009,data,data_00456B28
0x00456B31,0x00000017,data,data_00456B31
0x00456B48,0x00000002,data,data_00456B48
0x00456B4A,0x00000006,data,data_00456B4A
0x00456B50,0x00000002,data,data_00456B50
0x00456B52,0x00000006,data,data_00456B52
0x00456B58,0x00000009,data,data_00456B58
0x00456B61,0x00000017,data,data_00456B61
0x00456B78,0x00000002,data,data_00456B78
0x00456B7A,0x00000006,data,data_00456B7A
0x00456B80,0x00000002,data,data_00456B80
0x00456B82,0x00000006,data,data_00456B82
0x00456B88,0x0000000F,data,data_00456B88
0x00456B97,0x00000011,data,data_00456B97
0x00456BA8,0x00000002,data,data_00456BA8
0x00456BAA,0x00000006,data,data_00456BAA
0x00456BB0,0x00000004,data,data_00456BB0
0x00456BB4,0x00000004,data,data_00456BB4
0x00456BB8,0x0000000F,data,data_00456BB8
0x00456BC7,0x00000011,data,data_00456BC7
0x00456BD8,0x0000000C,data,data_00456BD8
0x00456BE4,0x00000004,data,data_00456BE4
0x00456BE8,0x000000B9,data,data_00456BE8
0x00456CA1,0x00000007,data,data_00456CA1
0x00456CA8,0x000000AB,data,data_00456CA8
0x00456D53,0x00000005,data,data_00456D53
0x00456D58,0x00000001,data,data_00456D58
0x00456D59,0x00000057,data,data_00456D59
0x00456DB0,0x00000003,data,data_00456DB0
0x00456DB3,0x0000000D,data,data_00456DB3
0x00456DC0,0x00000003,data,data_00456DC0
0x00456DC3,0x0000000D,data,data_00456DC3
0x00456DD0,0x00000003,data,data_00456DD0
0x00456DD3,0x0000000D,data,data_00456DD3
0x00456DE0,0x00000003,data,data_00456DE0
0x00456DE3,0x0000000D,data,data_00456DE3
0x00456DF0,0x00000003,data,data_00456DF0
0x00456DF3,0x0000000D,data,data_00456DF3
0x00456E00,0x00000005,data,data_00456E00
0x00456E05,0x0000000F,data,data_00456E05
0x00456E14,0x00000003,data,data_00456E14
0x00456E17,0x00000009,data,data_00456E17
0x00456E20,0x00000010,data,data_00456E20
0x00456E38,0x00000007,data,data_00456E38
0x00456E3F,0x00000005,data,data_00456E3F
0x00456E44,0x00000001,data,data_00456E44
0x00456E45,0x00000007,data,data_00456E45
0x00456E4C,0x00000001,data,data_00456E4C
0x00456E4D,0x0000000F,data,data_00456E4D
0x00456E5C,0x00000001,data,data_00456E5C
0x00456E5D,0x00000007,data,data_00456E5D
0x00456E64,0x00000001,data,data_00456E64
0x00456E65,0x0000000F,data,data_00456E65
0x00456E74,0x00000001,data,data_00456E74
0x00456E75,0x00000007,data,data_00456E75
0x00456E7C,0x00000001,data,data_00456E7C
0x00456E7D,0x00000007,data,data_00456E7D
0x00456E84,0x00000001,data,data_00456E84
0x00456E85,0x0000000F,data,data_00456E85
0x00456E94,0x00000001,data,data_00456E94
0x00456E95,0x0000000F,data,data_00456E95
0x00456EA4,0x00000001,data,data_00456EA4
0x00456EA5,0x00000007,data,data_00456EA5
0x00456EAC,0x00000001,data,data_00456EAC
0x00456EAD,0x00000007,data,data_00456EAD
0x00456EB4,0x00000001,data,data_00456EB4
0x00456EB5,0x0000000F,data,data_00456EB5
0x00456EC4,0x00000001,data,data_00456EC4
0x00456EC5,0x00000007,data,data_00456EC5
0x00456ECC,0x00000001,data,data_00456ECC
0x00456ECD,0x00000007,data,data_00456ECD
0x00456ED4,0x00000001,data,data_00456ED4
0x00456ED5,0x0000008B,data,data_00456ED5
0x00456F60,0x0000002B,data,data_00456F60
0x00456F8B,0x00000005,data,data_00456F8B
0x00456F90,0x00000006,data,data_00456F90
0x00456F96,0x0000000B,data,data_00456F96
0x00456FA1,0x00000001,data,data_00456FA1
0x00456FA2,0x00000012,data,data_00456FA2
0x00456FB4,0x00000005,data,data_00456FB4
0x00456FB9,0x0000001B,data,data_00456FB9
0x00456FD4,0x00000005,data,data_00456FD4
0x00456FD9,0x00000100,data,data_00456FD9
0x004570D9,0x00000100,data,data_004570D9
0x004571D9,0x0000002F,data,data_004571D9
0x00457208,0x00000075,data,data_00457208
0x0045727D,0x0000000C,data,data_0045727D
0x00457289,0x00000003,data,data_00457289
0x0045728C,0x00000009,data,data_0045728C
0x00457295,0x00000003,data,data_00457295
0x00457298,0x00000009,data,data_00457298
0x004572A1,0x00000003,data,data_004572A1
0x004572A4,0x00000008,data,data_004572A4
0x004572AC,0x00000004,data,data_004572AC
0x004572B0,0x00000008,data,data_004572B0
0x004572B8,0x00000004,data,data_004572B8
0x004572BC,0x00000008,data,data_004572BC
0x004572C4,0x00000004,data,data_004572C4
0x004572C8,0x00000007,data,data_004572C8
0x004572CF,0x00000005,data,data_004572CF
0x004572D4,0x00000007,data,data_004572D4
0x004572DB,0x00000005,data,data_004572DB
0x004572E0,0x00000005,data,data_004572E0
0x004572E5,0x000000F7,data,data_004572E5
0x004573DC,0x00000004,data,data_004573DC
0x004573E0,0x00000100,data,data_004573E0
0x004574E0,0x00000064,data,data_004574E0
0x00457544,0x0000000C,data,data_00457544
0x00457550,0x00000004,data,data_00457550
0x00457554,0x0000000C,data,data_00457554
0x00457560,0x0000000F,data,data_00457560
0x0045756F,0x00000008,data,data_0045756F
0x00457577,0x00000006,data,data_00457577
0x0045757D,0x00000006,data,data_0045757D
0x00457583,0x0000000A,data,data_00457583
0x0045758D,0x00000100,data,data_0045758D
0x0045768D,0x00000100,data,data_0045768D
0x0045778D,0x00000100,data,data_0045778D
0x0045788D,0x00000100,data,data_0045788D
0x0045798D,0x00000100,data,data_0045798D
0x00457A8D,0x00000100,data,data_00457A8D
0x00457B8D,0x00000100,data,data_00457B8D
0x00457C8D,0x00000100,data,data_00457C8D
0x00457D8D,0x00000100,data,data_00457D8D
0x00457E8D,0x00000100,data,data_00457E8D
0x00457F8D,0x00000100,data,data_00457F8D
0x0045808D,0x00000100,data,data_0045808D
0x0045818D,0x00000100,data,data_0045818D
0x0045828D,0x00000100,data,data_0045828D
0x0045838D,0x00000100,data,data_0045838D
0x0045848D,0x00000100,data,data_0045848D
0x0045858D,0x00000100,data,data_0045858D
0x0045868D,0x00000100,data,data_0045868D
0x0045878D,0x00000100,data,data_0045878D
0x0045888D,0x00000100,data,data_0045888D
0x0045898D,0x00000100,data,data_0045898D
0x00458A8D,0x00000100,data,data_00458A8D
0x00458B8D,0x00000100,data,data_00458B8D
0x00458C8D,0x00000100,data,data_00458C8D
0x00458D8D,0x00000100,data,data_00458D8D
0x00458E8D,0x00000100,data,data_00458E8D
0x00458F8D,0x00000100,data,data_00458F8D
0x0045908D,0x00000100,data,data_0045908D
0x0045918D,0x00000100,data,data_0045918D
0x0045928D,0x00000100,data,data_0045928D
0x0045938D,0x00000100,data,data_0045938D
0x0045948D,0x00000100,data,data_0045948D
0x0045958D,0x00000100,data,data_0045958D
0x0045968D,0x00000100,data,data_0045968D
0x0045978D,0x00000100,data,data_0045978D
0x0045988D,0x00000100,data,data_0045988D
0x0045998D,0x00000100,data,data_0045998D
0x00459A8D,0x00000100,data,data_00459A8D
0x00459B8D,0x00000100,data,data_00459B8D
0x00459C8D,0x00000100,data,data_00459C8D
0x00459D8D,0x00000100,data,data_00459D8D
0x00459E8D,0x00000100,data,data_00459E8D
0x00459F8D,0x00000100,data,data_00459F8D
0x0045A08D,0x00000100,data,data_0045A08D
0x0045A18D,0x00000100,data,data_0045A18D
0x0045A28D,0x00000100,data,data_0045A28D
0x0045A38D,0x00000100,data,data_0045A38D
0x0045A48D,0x00000100,data,data_0045A48D
0x0045A58D,0x00000100,data,data_0045A58D
0x0045A68D,0x00000100,data,data_0045A68D
0x0045A78D,0x00000100,data,data_0045A78D
0x0045A88D,0x00000100,data,data_0045A88D
0x0045A98D,0x00000100,data,data_0045A98D
0x0045AA8D,0x00000100,data,data_0045AA8D
0x0045AB8D,0x00000100,data,data_0045AB8D
0x0045AC8D,0x00000100,data,data_0045AC8D
0x0045AD8D,0x00000100,data,data_0045AD8D
0x0045AE8D,0x00000100,data,data_0045AE8D
0x0045AF8D,0x00000100,data,data_0045AF8D
0x0045B08D,0x00000100,data,data_0045B08D
0x0045B18D,0x00000100,data,data_0045B18D
0x0045B28D,0x00000100,data,data_0045B28D
0x0045B38D,0x00000100,data,data_0045B38D
0x0045B48D,0x00000100,data,data_0045B48D
0x0045B58D,0x00000100,data,data_0045B58D
0x0045B68D,0x00000100,data,data_0045B68D
0x0045B78D,0x00000100,data,data_0045B78D
0x0045B88D,0x00000100,data,data_0045B88D
0x0045B98D,0x00000100,data,data_0045B98D
0x0045BA8D,0x00000100,data,data_0045BA8D
0x0045BB8D,0x00000100,data,data_0045BB8D
0x0045BC8D,0x00000100,data,data_0045BC8D
0x0045BD8D,0x00000100,data,data_0045BD8D
0x0045BE8D,0x00000100,data,data_0045BE8D
0x0045BF8D,0x00000100,data,data_0045BF8D
0x0045C08D,0x00000100,data,data_0045C08D
0x0045C18D,0x00000100,data,data_0045C18D
0x0045C28D,0x00000100,data,data_0045C28D
0x0045C38D,0x00000100,data,data_0045C38D
0x0045C48D,0x00000100,data,data_0045C48D
0x0045C58D,0x00000100,data,data_0045C58D
0x0045C68D,0x00000100,data,data_0045C68D
0x0045C78D,0x00000100,data,data_0045C78D
0x0045C88D,0x00000100,data,data_0045C88D
0x0045C98D,0x00000100,data,data_0045C98D
0x0045CA8D,0x00000100,data,data_0045CA8D
0x0045CB8D,0x00000100,data,data_0045CB8D
0x0045CC8D,0x00000100,data,data_0045CC8D
0x0045CD8D,0x00000100,data,data_0045CD8D
0x0045CE8D,0x00000100,data,data_0045CE8D
0x0045CF8D,0x00000100,data,data_0045CF8D
0x0045D08D,0x00000100,data,data_0045D08D
0x0045D18D,0x00000100,data,data_0045D18D
0x0045D28D,0x00000100,data,data_0045D28D
0x0045D38D,0x00000100,data,data_0045D38D
0x0045D48D,0x00000100,data,data_0045D48D
0x0045D58D,0x00000100,data,data_0045D58D
0x0045D68D,0x00000100,data,data_0045D68D
0x0045D78D,0x00000100,data,data_0045D78D
0x0045D88D,0x00000100,data,data_0045D88D
0x0045D98D,0x00000100,data,data_0045D98D
0x0045DA8D,0x00000100,data,data_0045DA8D
0x0045DB8D,0x00000100,data,data_0045DB8D
0x0045DC8D,0x00000100,data,data_0045DC8D
0x0045DD8D,0x00000100,data,data_0045DD8D
0x0045DE8D,0x00000100,data,data_0045DE8D
0x0045DF8D,0x00000100,data,data_0045DF8D
0x0045E08D,0x00000100,data,data_0045E08D
0x0045E18D,0x00000100,data,data_0045E18D
0x0045E28D,0x00000100,data,data_0045E28D
0x0045E38D,0x00000100,data,data_0045E38D
0x0045E48D,0x00000100,data,data_0045E48D
0x0045E58D,0x00000100,data,data_0045E58D
0x0045E68D,0x00000100,data,data_0045E68D
0x0045E78D,0x00000100,data,data_0045E78D
0x0045E88D,0x00000100,data,data_0045E88D
0x0045E98D,0x00000100,data,data_0045E98D
0x0045EA8D,0x00000100,data,data_0045EA8D
0x0045EB8D,0x00000100,data,data_0045EB8D
0x0045EC8D,0x00000100,data,data_0045EC8D
0x0045ED8D,0x00000100,data,data_0045ED8D
0x0045EE8D,0x00000100,data,data_0045EE8D
0x0045EF8D,0x00000100,data,data_0045EF8D
0x0045F08D,0x00000100,data,data_0045F08D
0x0045F18D,0x00000100,data,data_0045F18D
0x0045F28D,0x00000100,data,data_0045F28D
0x0045F38D,0x00000100,data,data_0045F38D
0x0045F48D,0x00000100,data,data_0045F48D
0x0045F58D,0x00000100,data,data_0045F58D
0x0045F68D,0x00000100,data,data_0045F68D
0x0045F78D,0x00000100,data,data_0045F78D
0x0045F88D,0x00000100,data,data_0045F88D
0x0045F98D,0x00000100,data,data_0045F98D
0x0045FA8D,0x00000100,data,data_0045FA8D
0x0045FB8D,0x00000100,data,data_0045FB8D
0x0045FC8D,0x00000100,data,data_0045FC8D
0x0045FD8D,0x00000100,data,data_0045FD8D
0x0045FE8D,0x00000100,data,data_0045FE8D
0x0045FF8D,0x00000100,data,data_0045FF8D
0x0046008D,0x00000100,data,data_0046008D
0x0046018D,0x00000100,data,data_0046018D
0x0046028D,0x00000100,data,data_0046028D
0x0046038D,0x00000100,data,data_0046038D
0x0046048D,0x00000100,data,data_0046048D
0x0046058D,0x00000100,data,data_0046058D
0x0046068D,0x00000100,data,data_0046068D
0x0046078D,0x00000100,data,data_0046078D
0x0046088D,0x00000100,data,data_0046088D
0x0046098D,0x00000100,data,data_0046098D
0x00460A8D,0x00000100,data,data_00460A8D
0x00460B8D,0x00000100,data,data_00460B8D
0x00460C8D,0x00000100,data,data_00460C8D
0x00460D8D,0x00000100,data,data_00460D8D
0x00460E8D,0x00000100,data,data_00460E8D
0x00460F8D,0x00000100,data,data_00460F8D
0x0046108D,0x00000100,data,data_0046108D
0x0046118D,0x00000100,data,data_0046118D
0x0046128D,0x00000100,data,data_0046128D
0x0046138D,0x00000100,data,data_0046138D
0x0046148D,0x00000100,data,data_0046148D
0x0046158D,0x00000100,data,data_0046158D
0x0046168D,0x00000100,data,data_0046168D
0x0046178D,0x00000100,data,data_0046178D
0x0046188D,0x00000100,data,data_0046188D
0x0046198D,0x00000100,data,data_0046198D
0x00461A8D,0x00000100,data,data_00461A8D
0x00461B8D,0x00000100,data,data_00461B8D
0x00461C8D,0x00000100,data,data_00461C8D
0x00461D8D,0x00000100,data,data_00461D8D
0x00461E8D,0x00000100,data,data_00461E8D
0x00461F8D,0x00000100,data,data_00461F8D
0x0046208D,0x00000100,data,data_0046208D
0x0046218D,0x00000100,data,data_0046218D
0x0046228D,0x00000100,data,data_0046228D
0x0046238D,0x00000100,data,data_0046238D
0x0046248D,0x00000100,data,data_0046248D
0x0046258D,0x00000100,data,data_0046258D
0x0046268D,0x00000100,data,data_0046268D
0x0046278D,0x00000100,data,data_0046278D
0x0046288D,0x00000100,data,data_0046288D
0x0046298D,0x00000100,data,data_0046298D
0x00462A8D,0x00000100,data,data_00462A8D
0x00462B8D,0x00000100,data,data_00462B8D
0x00462C8D,0x00000100,data,data_00462C8D
0x00462D8D,0x00000100,data,data_00462D8D
0x00462E8D,0x00000100,data,data_00462E8D
0x00462F8D,0x00000100,data,data_00462F8D
0x0046308D,0x00000100,data,data_0046308D
0x0046318D,0x00000100,data,data_0046318D
0x0046328D,0x00000100,data,data_0046328D
0x0046338D,0x00000100,data,data_0046338D
0x0046348D,0x00000100,data,data_0046348D
0x0046358D,0x00000100,data,data_0046358D
0x0046368D,0x00000100,data,data_0046368D
0x0046378D,0x00000100,data,data_0046378D
0x0046388D,0x00000100,data,data_0046388D
0x0046398D,0x00000100,data,data_0046398D
0x00463A8D,0x00000100,data,data_00463A8D
0x00463B8D,0x00000100,data,data_00463B8D
0x00463C8D,0x00000100,data,data_00463C8D
0x00463D8D,0x00000100,data,data_00463D8D
0x00463E8D,0x00000100,data,data_00463E8D
0x00463F8D,0x00000100,data,data_00463F8D
0x0046408D,0x00000100,data,data_0046408D
0x0046418D,0x00000100,data,data_0046418D
0x0046428D,0x00000100,data,data_0046428D
0x0046438D,0x00000100,data,data_0046438D
0x0046448D,0x00000100,data,data_0046448D
0x0046458D,0x00000100,data,data_0046458D
0x0046468D,0x00000100,data,data_0046468D
0x0046478D,0x00000100,data,data_0046478D
0x0046488D,0x00000100,data,data_0046488D
0x0046498D,0x00000100,data,data_0046498D
0x00464A8D,0x00000100,data,data_00464A8D
0x00464B8D,0x00000100,data,data_00464B8D
0x00464C8D,0x00000100,data,data_00464C8D
0x00464D8D,0x00000100,data,data_00464D8D
0x00464E8D,0x00000100,data,data_00464E8D
0x00464F8D,0x00000100,data,data_00464F8D
0x0046508D,0x00000100,data,data_0046508D
0x0046518D,0x00000100,data,data_0046518D
0x0046528D,0x00000100,data,data_0046528D
0x0046538D,0x00000100,data,data_0046538D
0x0046548D,0x00000100,data,data_0046548D
0x0046558D,0x00000100,data,data_0046558D
0x0046568D,0x00000100,data,data_0046568D
0x0046578D,0x00000100,data,data_0046578D
0x0046588D,0x00000100,data,data_0046588D
0x0046598D,0x00000100,data,data_0046598D
0x00465A8D,0x00000100,data,data_00465A8D
0x00465B8D,0x00000100,data,data_00465B8D
0x00465C8D,0x00000100,data,data_00465C8D
0x00465D8D,0x00000100,data,data_00465D8D
0x00465E8D,0x00000100,data,data_00465E8D
0x00465F8D,0x00000100,data,data_00465F8D
0x0046608D,0x00000100,data,data_0046608D
0x0046618D,0x00000100,data,data_0046618D
0x0046628D,0x00000100,data,data_0046628D
0x0046638D,0x00000100,data,data_0046638D
0x0046648D,0x00000100,data,data_0046648D
0x0046658D,0x00000100,data,data_0046658D
0x0046668D,0x00000100,data,data_0046668D
0x0046678D,0x00000100,data,data_0046678D
0x0046688D,0x00000100,data,data_0046688D
0x0046698D,0x00000100,data,data_0046698D
0x00466A8D,0x00000100,data,data_00466A8D
0x00466B8D,0x00000100,data,data_00466B8D
0x00466C8D,0x00000100,data,data_00466C8D
0x00466D8D,0x00000100,data,data_00466D8D
0x00466E8D,0x00000100,data,data_00466E8D
0x00466F8D,0x00000100,data,data_00466F8D
0x0046708D,0x00000100,data,data_0046708D
0x0046718D,0x00000100,data,data_0046718D
0x0046728D,0x00000100,data,data_0046728D
0x0046738D,0x00000100,data,data_0046738D
0x0046748D,0x00000100,data,data_0046748D
0x0046758D,0x00000100,data,data_0046758D
0x0046768D,0x00000100,data,data_0046768D
0x0046778D,0x00000100,data,data_0046778D
0x0046788D,0x00000100,data,data_0046788D
0x0046798D,0x00000100,data,data_0046798D
0x00467A8D,0x00000100,data,data_00467A8D
0x00467B8D,0x00000100,data,data_00467B8D
0x00467C8D,0x00000100,data,data_00467C8D
0x00467D8D,0x00000100,data,data_00467D8D
0x00467E8D,0x00000100,data,data_00467E8D
0x00467F8D,0x00000100,data,data_00467F8D
0x0046808D,0x00000100,data,data_0046808D
0x0046818D,0x00000100,data,data_0046818D
0x0046828D,0x00000100,data,data_0046828D
0x0046838D,0x00000100,data,data_0046838D
0x0046848D,0x00000100,data,data_0046848D
0x0046858D,0x00000100,data,data_0046858D
0x0046868D,0x00000100,data,data_0046868D
0x0046878D,0x00000100,data,data_0046878D
0x0046888D,0x00000100,data,data_0046888D
0x0046898D,0x00000100,data,data_0046898D
0x00468A8D,0x00000100,data,data_00468A8D
0x00468B8D,0x00000100,data,data_00468B8D
0x00468C8D,0x00000100,data,data_00468C8D
0x00468D8D,0x00000100,data,data_00468D8D
0x00468E8D,0x00000100,data,data_00468E8D
0x00468F8D,0x00000100,data,data_00468F8D
0x0046908D,0x00000100,data,data_0046908D
0x0046918D,0x00000100,data,data_0046918D
0x0046928D,0x00000100,data,data_0046928D
0x0046938D,0x00000100,data,data_0046938D
0x0046948D,0x00000100,data,data_0046948D
0x0046958D,0x00000100,data,data_0046958D
0x0046968D,0x00000100,data,data_0046968D
0x0046978D,0x00000100,data,data_0046978D
0x0046988D,0x00000100,data,data_0046988D
0x0046998D,0x00000100,data,data_0046998D
0x00469A8D,0x00000100,data,data_00469A8D
0x00469B8D,0x00000100,data,data_00469B8D
0x00469C8D,0x00000100,data,data_00469C8D
0x00469D8D,0x00000100,data,data_00469D8D
0x00469E8D,0x00000100,data,data_00469E8D
0x00469F8D,0x00000100,data,data_00469F8D
0x0046A08D,0x00000100,data,data_0046A08D
0x0046A18D,0x00000100,data,data_0046A18D
0x0046A28D,0x00000100,data,data_0046A28D
0x0046A38D,0x00000100,data,data_0046A38D
0x0046A48D,0x00000100,data,data_0046A48D
0x0046A58D,0x00000100,data,data_0046A58D
0x0046A68D,0x00000100,data,data_0046A68D
0x0046A78D,0x00000100,data,data_0046A78D
0x0046A88D,0x00000100,data,data_0046A88D
0x0046A98D,0x00000100,data,data_0046A98D
0x0046AA8D,0x00000100,data,data_0046AA8D
0x0046AB8D,0x00000100,data,data_0046AB8D
0x0046AC8D,0x00000100,data,data_0046AC8D
0x0046AD8D,0x00000100,data,data_0046AD8D
0x0046AE8D,0x00000100,data,data_0046AE8D
0x0046AF8D,0x00000100,data,data_0046AF8D
0x0046B08D,0x00000100,data,data_0046B08D
0x0046B18D,0x00000100,data,data_0046B18D
0x0046B28D,0x00000100,data,data_0046B28D
0x0046B38D,0x00000100,data,data_0046B38D
0x0046B48D,0x00000100,data,data_0046B48D
0x0046B58D,0x00000100,data,data_0046B58D
0x0046B68D,0x00000100,data,data_0046B68D
0x0046B78D,0x00000100,data,data_0046B78D
0x0046B88D,0x00000100,data,data_0046B88D
0x0046B98D,0x00000100,data,data_0046B98D
0x0046BA8D,0x00000100,data,data_0046BA8D
0x0046BB8D,0x00000100,data,data_0046BB8D
0x0046BC8D,0x00000100,data,data_0046BC8D
0x0046BD8D,0x00000100,data,data_0046BD8D
0x0046BE8D,0x00000100,data,data_0046BE8D
0x0046BF8D,0x00000100,data,data_0046BF8D
0x0046C08D,0x00000100,data,data_0046C08D
0x0046C18D,0x00000100,data,data_0046C18D
0x0046C28D,0x00000100,data,data_0046C28D
0x0046C38D,0x00000100,data,data_0046C38D
0x0046C48D,0x00000100,data,data_0046C48D
0x0046C58D,0x00000100,data,data_0046C58D
0x0046C68D,0x00000100,data,data_0046C68D
0x0046C78D,0x00000100,data,data_0046C78D
0x0046C88D,0x00000100,data,data_0046C88D
0x0046C98D,0x00000100,data,data_0046C98D
0x0046CA8D,0x00000100,data,data_0046CA8D
0x0046CB8D,0x00000100,data,data_0046CB8D
0x0046CC8D,0x00000100,data,data_0046CC8D
0x0046CD8D,0x00000100,data,data_0046CD8D
0x0046CE8D,0x00000100,data,data_0046CE8D
0x0046CF8D,0x00000100,data,data_0046CF8D
0x0046D08D,0x00000100,data,data_0046D08D
0x0046D18D,0x00000100,data,data_0046D18D
0x0046D28D,0x00000100,data,data_0046D28D
0x0046D38D,0x00000100,data,data_0046D38D
0x0046D48D,0x00000100,data,data_0046D48D
0x0046D58D,0x00000100,data,data_0046D58D
0x0046D68D,0x00000100,data,data_0046D68D
0x0046D78D,0x00000100,data,data_0046D78D
0x0046D88D,0x00000100,data,data_0046D88D
0x0046D98D,0x00000100,data,data_0046D98D
0x0046DA8D,0x00000100,data,data_0046DA8D
0x0046DB8D,0x00000100,data,data_0046DB8D
0x0046DC8D,0x00000100,data,data_0046DC8D
0x0046DD8D,0x00000100,data,data_0046DD8D
0x0046DE8D,0x00000033,data,data_0046DE8D
