Address,Size,Type,Symbol
0x10A01074,0x000002F9,func,fn_10A01074
0x10A0407C,0x0000029B,func,fn_10A0407C
0x10A04768,0x00000744,func,fn_10A04768
0x10A050B0,0x00000536,func,fn_10A050B0
0x10A15E90,0x00000017,func,fn_10A15E90
0x10A15EA7,0x0000000E,func,fn_10A15EA7
0x10A15EB5,0x00000023,func,fn_10A15EB5
0x10A15ED8,0x0000001A,func,fn_10A15ED8
0x10A15EF2,0x0000004D,func,fn_10A15EF2
0x10A15F3F,0x00000073,func,fn_10A15F3F
0x10A15FB2,0x00000043,func,fn_10A15FB2
0x10A15FF5,0x0000006A,func,fn_10A15FF5
0x10A1605F,0x0000004A,func,fn_10A1605F
0x10A160A9,0x00000019,func,fn_10A160A9
0x10A160C2,0x0000003E,func,fn_10A160C2
0x10A16100,0x00000023,func,fn_10A16100
0x10A16123,0x00000019,func,fn_10A16123
0x10A16144,0x00000022,func,fn_10A16144
0x10A16166,0x00000023,func,fn_10A16166
0x10A16189,0x00000026,func,fn_10A16189
0x10A161AF,0x00000026,func,fn_10A161AF
0x10A161D5,0x00000020,func,fn_10A161D5
0x10A161F5,0x00000090,func,fn_10A161F5
0x10A16285,0x00000008,func,fn_10A16285
0x10A1628D,0x00000069,func,fn_10A1628D
0x10A162F6,0x0000006E,func,fn_10A162F6
0x10A16364,0x00000040,func,fn_10A16364
0x10A163A4,0x00000025,func,fn_10A163A4
0x10A163C9,0x0000001E,func,fn_10A163C9
0x10A163E7,0x00000037,func,fn_10A163E7
0x10A1641E,0x0000004E,func,fn_10A1641E
0x10A1646C,0x00000025,func,fn_10A1646C
0x10A16491,0x00000050,func,fn_10A16491
0x10A164E1,0x00000040,func,fn_10A164E1
0x10A16521,0x0000003D,func,fn_10A16521
0x10A1655E,0x0000013B,func,fn_10A1655E
0x10A1669A,0x00000144,func,fn_10A1669A
0x10A167DE,0x000000EF,func,fn_10A167DE
0x10A168CD,0x00000022,func,fn_10A168CD
0x10A168EF,0x0000007D,func,fn_10A168EF
0x10A1696C,0x0000003C,func,fn_10A1696C
0x10A169A8,0x0000002A,func,fn_10A169A8
0x10A169D2,0x0000000B,func,fn_10A169D2
0x10A169DD,0x00000047,func,fn_10A169DD
0x10A16A24,0x00000009,func,fn_10A16A24
0x10A16A2E,0x0000003A,func,fn_10A16A2E
0x10A16A68,0x00000067,func,fn_10A16A68
0x10A16ACF,0x00000114,func,fn_10A16ACF
0x10A16BE3,0x00000030,func,fn_10A16BE3
0x10A16C13,0x00000054,func,fn_10A16C13
0x10A16C67,0x0000000E,func,fn_10A16C67
0x10A17118,0x00000021,func,fn_10A17118
0x10A17139,0x00000021,func,fn_10A17139
0x10A17A10,0x0000001A,func,fn_10A17A10
0x10A17A2A,0x0000001A,func,fn_10A17A2A
0x10A17A44,0x0000001A,func,fn_10A17A44
0x10A17A5E,0x0000001A,func,fn_10A17A5E
0x10A17A78,0x00000010,func,fn_10A17A78
0x10A1911F,0x00000073,func,fn_10A1911F
0x10A19192,0x00000333,func,fn_10A19192
0x10A194C5,0x00000019,func,fn_10A194C5
0x10A194DE,0x00000017,func,fn_10A194DE
0x10A194F5,0x0000001D,func,fn_10A194F5
0x10A19512,0x00000017,func,fn_10A19512
0x10A19529,0x00000011,func,fn_10A19529
0x10A1953A,0x00000012,func,fn_10A1953A
0x10A1954C,0x0000005E,func,fn_10A1954C
0x10A195AA,0x00000012,func,fn_10A195AA
0x10A195BC,0x0000003E,func,fn_10A195BC
0x10A195FA,0x00000045,func,fn_10A195FA
0x10A1963F,0x00000061,func,fn_10A1963F
0x10A196F2,0x000000D4,func,fn_10A196F2
0x10A197C6,0x0000008E,func,fn_10A197C6
0x10A19854,0x00000045,func,fn_10A19854
0x10A19899,0x00000021,func,fn_10A19899
0x10A198BA,0x00000021,func,fn_10A198BA
0x10A198DB,0x0000001C,func,fn_10A198DB
0x10A198F7,0x0000001A,func,fn_10A198F7
0x10A19934,0x00000026,func,fn_10A19934
0x10A1995A,0x0000009C,func,fn_10A1995A
0x10A19C40,0x00000148,func,fn_10A19C40
0x10A19D88,0x0000001A,func,fn_10A19D88
0x10A19DA2,0x00000097,func,fn_10A19DA2
0x10A19E39,0x000000AB,func,fn_10A19E39
0x10A19EE4,0x000000B6,func,fn_10A19EE4
0x10A19F9A,0x000000BB,func,fn_10A19F9A
0x10A1A055,0x000000D7,func,fn_10A1A055
0x10A1A12C,0x0000007E,func,fn_10A1A12C
0x10A1A1AA,0x00000072,func,fn_10A1A1AA
0x10A1A21C,0x000000F0,func,fn_10A1A21C
0x10A1A30C,0x00000021,func,fn_10A1A30C
0x10A1A32D,0x000003A6,func,fn_10A1A32D
0x10A1A6D3,0x00000016,func,fn_10A1A6D3
0x10A1A6E9,0x00000014,func,fn_10A1A6E9
0x10A1A6FD,0x00000009,func,fn_10A1A6FD
0x10A1A706,0x00000042,func,fn_10A1A706
0x10A1A748,0x00000029,func,fn_10A1A748
0x10A1A771,0x00000068,func,fn_10A1A771
0x10A1A7D9,0x00000021,func,fn_10A1A7D9
0x10A1A7FA,0x0000001B,func,fn_10A1A7FA
0x10A1A815,0x00000028,func,fn_10A1A815
0x10A1A83D,0x00000034,func,fn_10A1A83D
0x10A1A871,0x00000086,func,fn_10A1A871
0x10A1A8F7,0x00000040,func,fn_10A1A8F7
0x10A1A937,0x0000005D,func,fn_10A1A937
0x10A1A994,0x0000002C,func,fn_10A1A994
0x10A1A9C0,0x000000A4,func,fn_10A1A9C0
0x10A1AA64,0x00000081,func,fn_10A1AA64
0x10A1AAE5,0x00000073,func,fn_10A1AAE5
0x10A1AB58,0x000000ED,func,fn_10A1AB58
0x10A1AC45,0x00000042,func,fn_10A1AC45
0x10A1AC87,0x00000047,func,fn_10A1AC87
0x10A1ACCE,0x0000002D,func,fn_10A1ACCE
0x10A1ACFB,0x0000001F,func,fn_10A1ACFB
0x10A1AD1A,0x0000001D,func,fn_10A1AD1A
0x10A1AD37,0x00000039,func,fn_10A1AD37
0x10A1AD70,0x0000002D,func,fn_10A1AD70
0x10A1AD9D,0x00000027,func,fn_10A1AD9D
0x10A1ADC4,0x00000028,func,fn_10A1ADC4
0x10A1ADEC,0x00000020,func,fn_10A1ADEC
0x10A1AE0C,0x0000001D,func,fn_10A1AE0C
0x10A1AE29,0x0000001D,func,fn_10A1AE29
0x10A1AE46,0x00000056,func,fn_10A1AE46
0x10A1AE9C,0x00000020,func,fn_10A1AE9C
0x10A1AEBC,0x0000002F,func,fn_10A1AEBC
0x10A1AEEB,0x00000022,func,fn_10A1AEEB
0x10A1AF0D,0x00000020,func,fn_10A1AF0D
0x10A1AF2D,0x00000077,func,fn_10A1AF2D
0x10A1AFA4,0x00000065,func,fn_10A1AFA4
0x10A1B009,0x0000001A,func,fn_10A1B009
0x10A1B023,0x00000024,func,fn_10A1B023
0x10A1B047,0x00000019,func,fn_10A1B047
0x10A1B060,0x00000024,func,fn_10A1B060
0x10A1B084,0x00000034,func,fn_10A1B084
0x10A1B0B8,0x000000D4,func,fn_10A1B0B8
0x10A1B18C,0x00000020,func,fn_10A1B18C
0x10A1B1AC,0x00000345,func,fn_10A1B1AC
0x10A1B4F1,0x00000075,func,fn_10A1B4F1
0x10A1B566,0x000001EF,func,fn_10A1B566
0x10A1B755,0x00000018,func,fn_10A1B755
0x10A1B76D,0x00000042,func,fn_10A1B76D
0x10A1B7AF,0x00000369,func,fn_10A1B7AF
0x10A1BB18,0x0000019E,func,fn_10A1BB18
0x10A1BCB6,0x0000009B,func,fn_10A1BCB6
0x10A1BD51,0x00000010,func,fn_10A1BD51
0x10A1BD61,0x00000198,func,fn_10A1BD61
0x10A1BEF9,0x00000077,func,fn_10A1BEF9
0x10A1BF70,0x000000BD,func,fn_10A1BF70
0x10A1C02D,0x000000F9,func,fn_10A1C02D
0x10A1C126,0x00000459,func,fn_10A1C126
0x10A1C5D3,0x00000018,func,fn_10A1C5D3
0x10A1C5EB,0x00000192,func,fn_10A1C5EB
0x10A1C7C1,0x00000237,func,fn_10A1C7C1
0x10A1C9F8,0x000000D3,func,fn_10A1C9F8
0x10A1CACB,0x0000002B,func,fn_10A1CACB
0x10A1CAF6,0x0000005F,func,fn_10A1CAF6
0x10A1CB55,0x0000001D,func,fn_10A1CB55
0x10A1CB72,0x00000042,func,fn_10A1CB72
0x10A1CBB4,0x0000003A,func,fn_10A1CBB4
0x10A1CBEE,0x00000012,func,fn_10A1CBEE
0x10A1CC00,0x00000020,func,fn_10A1CC00
0x10A1CC20,0x00000023,func,fn_10A1CC20
0x10A1CC43,0x000000BA,func,fn_10A1CC43
0x10A1CCFD,0x00000036,func,fn_10A1CCFD
0x10A1CD33,0x0000007A,func,fn_10A1CD33
0x10A1CDAD,0x00000016,func,fn_10A1CDAD
0x10A1CDC3,0x0000002F,func,fn_10A1CDC3
0x10A1CDF2,0x00000060,func,fn_10A1CDF2
0x10A1CE52,0x00000010,func,fn_10A1CE52
0x10A1CE62,0x0000002D,func,fn_10A1CE62
0x10A1CE8F,0x00000207,func,fn_10A1CE8F
0x10A1D096,0x00000802,func,fn_10A1D096
0x10A1D8D5,0x00000029,func,fn_10A1D8D5
0x10A1D8FE,0x00000027,func,fn_10A1D8FE
0x10A1D925,0x0000008E,func,fn_10A1D925
0x10A1D9B3,0x00000022,func,fn_10A1D9B3
0x10A1D9D5,0x00000095,func,fn_10A1D9D5
0x10A1DA6A,0x0000006A,func,fn_10A1DA6A
0x10A1DAD4,0x00000089,func,fn_10A1DAD4
0x10A1DB5D,0x0000002C,func,fn_10A1DB5D
0x10A1DB89,0x000000CB,func,fn_10A1DB89
0x10A1DC54,0x0000001C,func,fn_10A1DC54
0x10A1DC70,0x0000002E,func,fn_10A1DC70
0x10A1DC9E,0x0000005A,func,fn_10A1DC9E
0x10A1DCF8,0x0000001A,func,fn_10A1DCF8
0x10A1DD12,0x00000046,func,fn_10A1DD12
0x10A1DD58,0x00000021,func,fn_10A1DD58
0x10A1DD97,0x0000001C,func,fn_10A1DD97
0x10A1DDB3,0x00000037,func,fn_10A1DDB3
0x10A1DDEA,0x00000030,func,fn_10A1DDEA
0x10A1DE1A,0x00000028,func,fn_10A1DE1A
0x10A1DE42,0x00000028,func,fn_10A1DE42
0x10A1DE6A,0x00000026,func,fn_10A1DE6A
0x10A1DE90,0x00000023,func,fn_10A1DE90
0x10A1DEB3,0x00000016,func,fn_10A1DEB3
0x10A1DEC9,0x00000011,func,fn_10A1DEC9
0x10A1DEDA,0x00000015,func,fn_10A1DEDA
0x10A1DEEF,0x00000076,func,fn_10A1DEEF
0x10A1DF65,0x00000092,func,fn_10A1DF65
0x10A1DFF7,0x00000022,func,fn_10A1DFF7
0x10A1E019,0x00000024,func,fn_10A1E019
0x10A1E03D,0x0000002B,func,fn_10A1E03D
0x10A1E068,0x0000003C,func,fn_10A1E068
0x10A1E0A4,0x00000043,func,fn_10A1E0A4
0x10A1E0E7,0x00000055,func,fn_10A1E0E7
0x10A1E13C,0x00000039,func,fn_10A1E13C
0x10A1E175,0x00000038,func,fn_10A1E175
0x10A1E1AD,0x00000071,func,fn_10A1E1AD
0x10A1E21E,0x000001A7,func,fn_10A1E21E
0x10A1E3C5,0x00000047,func,fn_10A1E3C5
0x10A1E40C,0x00000009,func,fn_10A1E40C
0x10A1E416,0x00000015,func,fn_10A1E416
0x10A1E42B,0x0000001A,func,fn_10A1E42B
0x10A1E445,0x000000B8,func,fn_10A1E445
0x10A1E4FD,0x0000003F,func,fn_10A1E4FD
0x10A1E53C,0x00000030,func,fn_10A1E53C
0x10A1E56C,0x00000035,func,fn_10A1E56C
0x10A1E5A1,0x00000009,func,fn_10A1E5A1
0x10A1E5AB,0x00000029,func,fn_10A1E5AB
0x10A1E5D4,0x00000046,func,fn_10A1E5D4
0x10A1E61A,0x000001B1,func,fn_10A1E61A
0x10A1E7CB,0x00000179,func,fn_10A1E7CB
0x10A1E944,0x0000003F,func,fn_10A1E944
0x10A1E983,0x000000BA,func,fn_10A1E983
0x10A1EA3D,0x00000076,func,fn_10A1EA3D
0x10A1EAB3,0x00000071,func,fn_10A1EAB3
0x10A1EB24,0x00000036,func,fn_10A1EB24
0x10A1EB5A,0x00000067,func,fn_10A1EB5A
0x10A1EBC1,0x00000032,func,fn_10A1EBC1
0x10A1EBF3,0x000000B9,func,fn_10A1EBF3
0x10A1ECAC,0x0000003B,func,fn_10A1ECAC
0x10A1ECE7,0x0000008D,func,fn_10A1ECE7
0x10A1ED74,0x0000002A,func,fn_10A1ED74
0x10A1ED9E,0x00000003,func,fn_10A1ED9E
0x10A1EDC9,0x00000019,func,fn_10A1EDC9
0x10A1EDE2,0x00000138,func,fn_10A1EDE2
0x10A1EF1A,0x0000008C,func,fn_10A1EF1A
0x10A1EFA6,0x00000057,func,fn_10A1EFA6
0x10A1EFFD,0x00000077,func,fn_10A1EFFD
0x10A1F074,0x000000B1,func,fn_10A1F074
0x10A1F125,0x00000074,func,fn_10A1F125
0x10A1F199,0x00000045,func,fn_10A1F199
0x10A1F1DE,0x00000033,func,fn_10A1F1DE
0x10A1F211,0x000000A9,func,fn_10A1F211
0x10A1F2BA,0x0000015A,func,fn_10A1F2BA
0x10A1F414,0x0000003D,func,fn_10A1F414
0x10A1F451,0x0000021A,func,fn_10A1F451
0x10A1F66B,0x00000152,func,fn_10A1F66B
0x10A1F7BD,0x00000010,func,fn_10A1F7BD
0x10A1F7CD,0x00000008,func,fn_10A1F7CD
0x10A1F7D5,0x00000044,func,fn_10A1F7D5
0x10A1F819,0x00000038,func,fn_10A1F819
0x10A1F851,0x00000046,func,fn_10A1F851
0x10A1F897,0x00000063,func,fn_10A1F897
0x10A1F8FA,0x00000040,func,fn_10A1F8FA
0x10A1F93A,0x00000028,func,fn_10A1F93A
0x10A1F962,0x0000002A,func,fn_10A1F962
0x10A1F98C,0x00000020,func,fn_10A1F98C
0x10A1F9AC,0x00000019,func,fn_10A1F9AC
0x10A1F9C5,0x00000074,func,fn_10A1F9C5
0x10A1FA39,0x00000029,func,fn_10A1FA39
0x10A1FA62,0x00000038,func,fn_10A1FA62
0x10A1FA9A,0x00000038,func,fn_10A1FA9A
0x10A1FAD2,0x00000027,func,fn_10A1FAD2
0x10A1FAF9,0x0000005D,func,fn_10A1FAF9
0x10A1FB56,0x00000016,func,fn_10A1FB56
0x10A1FB6C,0x00000027,func,fn_10A1FB6C
0x10A1FB93,0x0000002F,func,fn_10A1FB93
0x10A1FBC2,0x0000002A,func,fn_10A1FBC2
0x10A1FBEC,0x00000211,func,fn_10A1FBEC
0x10A1FDFD,0x00000187,func,fn_10A1FDFD
0x10A1FF84,0x000000B1,func,fn_10A1FF84
0x10A20035,0x00000239,func,fn_10A20035
0x10A2026E,0x0000010C,func,fn_10A2026E
0x10A2037A,0x0000002A,func,fn_10A2037A
0x10A203A4,0x000000DD,func,fn_10A203A4
0x10A20481,0x00000298,func,fn_10A20481
0x10A20719,0x00000052,func,fn_10A20719
0x10A2076B,0x0000001B,func,fn_10A2076B
0x10A20786,0x00000038,func,fn_10A20786
0x10A207C9,0x0000000B,func,fn_10A207C9
0x10A207D4,0x00000041,func,fn_10A207D4
0x10A20815,0x00000071,func,fn_10A20815
0x10A20886,0x00000027,func,fn_10A20886
0x10A208AD,0x00000040,func,fn_10A208AD
0x10A208ED,0x00000049,func,fn_10A208ED
0x10A20936,0x00000060,func,fn_10A20936
0x10A20996,0x0000002E,func,fn_10A20996
0x10A209E2,0x00000026,func,fn_10A209E2
0x10A20A08,0x0000001D,func,fn_10A20A08
0x10A20A25,0x0000004E,func,fn_10A20A25
0x10A20A73,0x0000004A,func,fn_10A20A73
0x10A20AEF,0x00000018,func,fn_10A20AEF
0x10A20B07,0x00000011,func,fn_10A20B07
0x10A20B18,0x00000014,func,fn_10A20B18
0x10A20B2C,0x0000001A,func,fn_10A20B2C
0x10A20B46,0x000000C4,func,fn_10A20B46
0x10A20C0A,0x000001EB,func,fn_10A20C0A
0x10A20E32,0x00000007,func,fn_10A20E32
0x10A20E39,0x0000008F,func,fn_10A20E39
0x10A20EC8,0x0000000A,func,fn_10A20EC8
0x10A20ED2,0x0000000A,func,fn_10A20ED2
0x10A20EDC,0x00000019,func,fn_10A20EDC
0x10A20EF5,0x00000022,func,fn_10A20EF5
0x10A20F17,0x00000022,func,fn_10A20F17
0x10A20F39,0x00000019,func,fn_10A20F39
0x10A20F52,0x0000002F,func,fn_10A20F52
0x10A20F81,0x00000036,func,fn_10A20F81
0x10A20FB7,0x00000019,func,fn_10A20FB7
0x10A20FD0,0x00000016,func,fn_10A20FD0
0x10A20FE6,0x00000019,func,fn_10A20FE6
0x10A20FFF,0x0000001E,func,fn_10A20FFF
0x10A2101D,0x0000007B,func,fn_10A2101D
0x10A21098,0x0000003B,func,fn_10A21098
0x10A210D3,0x0000005B,func,fn_10A210D3
0x10A2112E,0x0000002F,func,fn_10A2112E
0x10A2115D,0x00000035,func,fn_10A2115D
0x10A21192,0x00000034,func,fn_10A21192
0x10A211C6,0x0000000A,func,fn_10A211C6
0x10A2120F,0x00000053,func,fn_10A2120F
0x10A21262,0x0000001C,func,fn_10A21262
0x10A2127E,0x00000017,func,fn_10A2127E
0x10A21295,0x0000002A,func,fn_10A21295
0x10A212BF,0x00000042,func,fn_10A212BF
0x10A21301,0x00000042,func,fn_10A21301
0x10A21343,0x00000028,func,fn_10A21343
0x10A2136B,0x00000024,func,fn_10A2136B
0x10A2138F,0x0000002C,func,fn_10A2138F
0x10A213BB,0x00000040,func,fn_10A213BB
0x10A213FB,0x00000027,func,fn_10A213FB
0x10A21422,0x0000001C,func,fn_10A21422
0x10A2143E,0x00000103,func,fn_10A2143E
0x10A21541,0x0000000B,func,fn_10A21541
0x10A2154C,0x00000025,func,fn_10A2154C
0x10A21571,0x0000001E,func,fn_10A21571
0x10A2158F,0x0000008C,func,fn_10A2158F
0x10A2161B,0x0000000F,func,fn_10A2161B
0x10A2162A,0x0000013B,func,fn_10A2162A
0x10A21765,0x00000011,func,fn_10A21765
0x10A21776,0x00000041,func,fn_10A21776
0x10A217B7,0x0000001B,func,fn_10A217B7
0x10A217D2,0x00000037,func,fn_10A217D2
0x10A21809,0x00000032,func,fn_10A21809
0x10A2183B,0x0000004C,func,fn_10A2183B
0x10A21887,0x00000022,func,fn_10A21887
0x10A218A9,0x00000038,func,fn_10A218A9
0x10A218E1,0x00000029,func,fn_10A218E1
0x10A2190A,0x00000027,func,fn_10A2190A
0x10A21931,0x0000011F,func,fn_10A21931
0x10A21A50,0x00000035,func,fn_10A21A50
0x10A21A85,0x00000009,func,fn_10A21A85
0x10A21AA0,0x00000033,func,fn_10A21AA0
0x10A21AD3,0x00000035,func,fn_10A21AD3
0x10A21B08,0x00000013,func,fn_10A21B08
0x10A21B1B,0x0000000F,func,fn_10A21B1B
0x10A21B2A,0x00000012,func,fn_10A21B2A
0x10A21B3C,0x00000029,func,fn_10A21B3C
0x10A21B65,0x0000003C,func,fn_10A21B65
0x10A21BA1,0x00000023,func,fn_10A21BA1
0x10A21BC4,0x0000001E,func,fn_10A21BC4
0x10A21BE2,0x00000047,func,fn_10A21BE2
0x10A21C29,0x00000009,func,fn_10A21C29
0x10A21C33,0x000000A1,func,fn_10A21C33
0x10A21CD4,0x000000A1,func,fn_10A21CD4
0x10A21D75,0x0000003D,func,fn_10A21D75
0x10A21DB2,0x00000009,func,fn_10A21DB2
0x10A21DBC,0x0000003E,func,fn_10A21DBC
0x10A21DFA,0x00000009,func,fn_10A21DFA
0x10A21E04,0x0000003C,func,fn_10A21E04
0x10A21E40,0x00000009,func,fn_10A21E40
0x10A21E4A,0x0000009D,func,fn_10A21E4A
0x10A21EE7,0x00000029,func,fn_10A21EE7
0x10A21F10,0x00000032,func,fn_10A21F10
0x10A21F42,0x00000D18,func,fn_10A21F42
0x10A22C5A,0x00000069,func,fn_10A22C5A
0x10A22CC3,0x0000003A,func,fn_10A22CC3
0x10A22CFD,0x0000003A,func,fn_10A22CFD
0x10A22D37,0x00000030,func,fn_10A22D37
0x10A22D67,0x0000003F,func,fn_10A22D67
0x10A22DA6,0x00000009,func,fn_10A22DA6
0x10A22DB0,0x0000002D,func,fn_10A22DB0
0x10A22DDD,0x00000075,func,fn_10A22DDD
0x10A22E52,0x00000155,func,fn_10A22E52
0x10A22FA7,0x000000A6,func,fn_10A22FA7
0x10A2304D,0x00000031,func,fn_10A2304D
0x10A2307E,0x00000029,func,fn_10A2307E
0x10A230A7,0x0000001E,func,fn_10A230A7
0x10A230C5,0x00000017,func,fn_10A230C5
0x10A230DC,0x0000004F,func,fn_10A230DC
0x10A2312B,0x00000085,func,fn_10A2312B
0x10A231B0,0x00000009,func,fn_10A231B0
0x10A231BA,0x0000001B,func,fn_10A231BA
0x10A231D5,0x00000049,func,fn_10A231D5
0x10A2321E,0x0000001E,func,fn_10A2321E
0x10A2323C,0x0000002D,func,fn_10A2323C
0x10A23269,0x0000018A,func,fn_10A23269
0x10A233F3,0x0000004F,func,fn_10A233F3
0x10A23442,0x00000055,func,fn_10A23442
0x10A234A9,0x00000058,func,fn_10A234A9
0x10A23501,0x00000095,func,fn_10A23501
0x10A23596,0x00000009,func,fn_10A23596
0x10A235A0,0x00000014,func,fn_10A235A0
0x10A235B4,0x0000003B,func,fn_10A235B4
0x10A235EF,0x00000022,func,fn_10A235EF
0x10A23611,0x0000002F,func,fn_10A23611
0x10A23640,0x00000049,func,fn_10A23640
0x10A23689,0x00000052,func,fn_10A23689
0x10A236DB,0x000000C9,func,fn_10A236DB
0x10A237A4,0x0000001A,func,fn_10A237A4
0x10A237BE,0x00000017,func,fn_10A237BE
0x10A237D5,0x00000043,func,fn_10A237D5
0x10A23818,0x00000059,func,fn_10A23818
0x10A23871,0x00000034,func,fn_10A23871
0x10A238A5,0x00000053,func,fn_10A238A5
0x10A238F8,0x00000027,func,fn_10A238F8
0x10A2391F,0x00000077,func,fn_10A2391F
0x10A23996,0x0000006C,func,fn_10A23996
0x10A23A02,0x00000018,func,fn_10A23A02
0x10A23A1A,0x00000059,func,fn_10A23A1A
0x10A23A73,0x00000089,func,fn_10A23A73
0x10A23AFC,0x00000084,func,fn_10A23AFC
0x10A23B80,0x00000065,func,fn_10A23B80
0x10A23BE5,0x00000090,func,fn_10A23BE5
0x10A23C76,0x0000000A,func,fn_10A23C76
0x10A23C80,0x00000013,func,fn_10A23C80
0x10A23C94,0x00000084,func,fn_10A23C94
0x10A23D18,0x0000003D,func,fn_10A23D18
0x10A23D55,0x0000002F,func,fn_10A23D55
0x10A23D84,0x00000009,func,fn_10A23D84
0x10A23D8E,0x0000002C,func,fn_10A23D8E
0x10A23DBA,0x0000001D,func,fn_10A23DBA
0x10A23DD7,0x0000001B,func,fn_10A23DD7
0x10A23DF2,0x0000001B,func,fn_10A23DF2
0x10A23E0D,0x0000018A,func,fn_10A23E0D
0x10A23F97,0x00000019,func,fn_10A23F97
0x10A23FB0,0x00000017,func,fn_10A23FB0
0x10A23FC7,0x00000046,func,fn_10A23FC7
0x10A2400D,0x0000001C,func,fn_10A2400D
0x10A24029,0x00000015,func,fn_10A24029
0x10A2403E,0x0000001D,func,fn_10A2403E
0x10A2405B,0x00000019,func,fn_10A2405B
0x10A24074,0x0000001A,func,fn_10A24074
0x10A2408E,0x00000040,func,fn_10A2408E
0x10A240CE,0x00000025,func,fn_10A240CE
0x10A240F3,0x00000066,func,fn_10A240F3
0x10A24159,0x00000008,func,fn_10A24159
0x10A24161,0x0000003D,func,fn_10A24161
0x10A2419E,0x00000030,func,fn_10A2419E
0x10A241CE,0x0000004D,func,fn_10A241CE
0x10A2421B,0x00000043,func,fn_10A2421B
0x10A2425E,0x00000071,func,fn_10A2425E
0x10A242CF,0x0000003A,func,fn_10A242CF
0x10A24309,0x00000048,func,fn_10A24309
0x10A24351,0x00000043,func,fn_10A24351
0x10A24394,0x0000003B,func,fn_10A24394
0x10A243CF,0x000000A8,func,fn_10A243CF
0x10A24477,0x000001E4,func,fn_10A24477
0x10A2465B,0x00000080,func,fn_10A2465B
0x10A246FD,0x0000009F,func,fn_10A246FD
0x10A2479C,0x000001C6,func,fn_10A2479C
0x10A24962,0x0000012D,func,fn_10A24962
0x10A24A8F,0x0000004C,func,fn_10A24A8F
0x10A24ADB,0x0000006D,func,fn_10A24ADB
0x10A24B48,0x0000001F,func,fn_10A24B48
0x10A24B67,0x00000034,func,fn_10A24B67
0x10A24B9B,0x0000025C,func,fn_10A24B9B
0x10A24DF7,0x00000065,func,fn_10A24DF7
0x10A24E5C,0x00000026,func,fn_10A24E5C
0x10A24E82,0x00000026,func,fn_10A24E82
0x10A24EA8,0x00000014,func,fn_10A24EA8
0x10A24EBC,0x0000001F,func,fn_10A24EBC
0x10A24EDB,0x0000003F,func,fn_10A24EDB
0x10A24F1A,0x0000037A,func,fn_10A24F1A
0x10A25294,0x000000DC,func,fn_10A25294
0x10A25370,0x00000038,func,fn_10A25370
0x10A253A8,0x00000073,func,fn_10A253A8
0x10A2541B,0x0000003C,func,fn_10A2541B
0x10A25491,0x00000056,func,fn_10A25491
0x10A254E7,0x00000024,func,fn_10A254E7
0x10A2550B,0x00000013,func,fn_10A2550B
0x10A2551E,0x000001BC,func,fn_10A2551E
0x10A256DA,0x0000020D,func,fn_10A256DA
0x10A258E7,0x00000140,func,fn_10A258E7
0x10A25A27,0x0000000D,func,fn_10A25A27
0x10A25A34,0x0000004C,func,fn_10A25A34
0x10A25A80,0x0000002F,func,fn_10A25A80
0x10A25AAF,0x000000A2,func,fn_10A25AAF
0x10A25B51,0x0000000C,func,fn_10A25B51
0x10A25B5D,0x000000EA,func,fn_10A25B5D
0x10A25C47,0x00000079,func,fn_10A25C47
0x10A25CC0,0x0000005D,func,fn_10A25CC0
0x10A25D1D,0x00000018,func,fn_10A25D1D
0x10A25D35,0x00000023,func,fn_10A25D35
0x10A25D58,0x00000020,func,fn_10A25D58
0x10A25D78,0x00000026,func,fn_10A25D78
0x10A25D9E,0x0000008A,func,fn_10A25D9E
0x10A25E28,0x0000008E,func,fn_10A25E28
0x10A25EB6,0x00000035,func,fn_10A25EB6
0x10A25EEB,0x00000041,func,fn_10A25EEB
0x10A25F2C,0x0000000F,func,fn_10A25F2C
0x10A25F3B,0x00000044,func,fn_10A25F3B
0x10A25F7F,0x0000004A,func,fn_10A25F7F
0x10A25FC9,0x0000002D,func,fn_10A25FC9
0x10A25FF6,0x00000022,func,fn_10A25FF6
0x10A26018,0x00000023,func,fn_10A26018
0x10A2603B,0x00000388,func,fn_10A2603B
0x10A263C3,0x0000005B,func,fn_10A263C3
0x10A2641E,0x00000026,func,fn_10A2641E
0x10A26444,0x00000027,func,fn_10A26444
0x10A2646B,0x0000000F,func,fn_10A2646B
0x10A2647A,0x0000001E,func,fn_10A2647A
0x10A26498,0x0000002C,func,fn_10A26498
0x10A264C4,0x00000043,func,fn_10A264C4
0x10A26507,0x00000043,func,fn_10A26507
0x10A2654A,0x00000043,func,fn_10A2654A
0x10A2658D,0x00000058,func,fn_10A2658D
0x10A265E5,0x0000004D,func,fn_10A265E5
0x10A26632,0x00000074,func,fn_10A26632
0x10A266A6,0x00000045,func,fn_10A266A6
0x10A266EB,0x00000035,func,fn_10A266EB
0x10A26720,0x00000014,func,fn_10A26720
0x10A26734,0x00000022,func,fn_10A26734
0x10A2675D,0x0000002D,func,fn_10A2675D
0x10A2678A,0x00000091,func,fn_10A2678A
0x10A2681B,0x000000D5,func,fn_10A2681B
0x10A268F0,0x0000001E,func,fn_10A268F0
0x10A2690E,0x0000003F,func,fn_10A2690E
0x10A2694D,0x0000009E,func,fn_10A2694D
0x10A269EB,0x000001DA,func,fn_10A269EB
0x10A26BC5,0x00000036,func,fn_10A26BC5
0x10A26BFB,0x00000164,func,fn_10A26BFB
0x10A26D5F,0x00000023,func,fn_10A26D5F
0x10A26D82,0x000000E6,func,fn_10A26D82
0x10A26E68,0x00000067,func,fn_10A26E68
0x10A26ECF,0x000000E8,func,fn_10A26ECF
0x10A26FB7,0x000000C7,func,fn_10A26FB7
0x10A2707E,0x00000076,func,fn_10A2707E
0x10A270F4,0x00000029,func,fn_10A270F4
0x10A2711D,0x000001A1,func,fn_10A2711D
0x10A272BE,0x00000155,func,fn_10A272BE
0x10A27413,0x0000007D,func,fn_10A27413
0x10A27490,0x00000043,func,fn_10A27490
0x10A274D3,0x0000007E,func,fn_10A274D3
0x10A27551,0x0000000F,func,fn_10A27551
0x10A27560,0x00000054,func,fn_10A27560
0x10A275B4,0x00000070,func,fn_10A275B4
0x10A27624,0x000000F5,func,fn_10A27624
0x10A2771A,0x0000004F,func,fn_10A2771A
0x10A27769,0x00000088,func,fn_10A27769
0x10A277F2,0x0000005A,func,fn_10A277F2
0x10A2784C,0x00000023,func,fn_10A2784C
0x10A2786F,0x00000123,func,fn_10A2786F
0x10A27992,0x0000016F,func,fn_10A27992
0x10A27B01,0x0000001F,func,fn_10A27B01
0x10A27B43,0x00000020,func,fn_10A27B43
0x10A27B63,0x000000E1,func,fn_10A27B63
0x10A27C44,0x0000001E,func,fn_10A27C44
0x10A27C62,0x00000024,func,fn_10A27C62
0x10A27C86,0x00000053,func,fn_10A27C86
0x10A27CD9,0x0000002B,func,fn_10A27CD9
0x10A27D04,0x00000045,func,fn_10A27D04
0x10A27D49,0x00000083,func,fn_10A27D49
0x10A27DCC,0x00000007,func,fn_10A27DCC
0x10A27E0A,0x00000005,func,fn_10A27E0A
0x10A27E0F,0x00000007,func,fn_10A27E0F
0x10A27E33,0x00000005,func,fn_10A27E33
0x10A27E38,0x0000001F,func,fn_10A27E38
0x10A27E57,0x0000002B,func,fn_10A27E57
0x10A27E82,0x00000041,func,fn_10A27E82
0x10A27EC3,0x0000003E,func,fn_10A27EC3
0x10A27F01,0x00000055,func,fn_10A27F01
0x10A27F56,0x00000125,func,fn_10A27F56
0x10A2807B,0x00000043,func,fn_10A2807B
0x10A280BE,0x000000F0,func,fn_10A280BE
0x10A281AE,0x00000029,func,fn_10A281AE
0x10A281D7,0x00000068,func,fn_10A281D7
0x10A2823F,0x0000002C,func,fn_10A2823F
0x10A2826B,0x0000000F,func,fn_10A2826B
0x10A2827A,0x0000015D,func,fn_10A2827A
0x10A283D7,0x00000078,func,fn_10A283D7
0x10A2844F,0x00000094,func,fn_10A2844F
0x10A284E3,0x0000002D,func,fn_10A284E3
0x10A28510,0x00000033,func,fn_10A28510
0x10A28543,0x00000009,func,fn_10A28543
0x10A2854D,0x0000001D,func,fn_10A2854D
0x10A2856A,0x00000059,func,fn_10A2856A
0x10A285C3,0x00000062,func,fn_10A285C3
0x10A28625,0x000000B8,func,fn_10A28625
0x10A286DD,0x0000003A,func,fn_10A286DD
0x10A28717,0x00000065,func,fn_10A28717
0x10A2877C,0x00000033,func,fn_10A2877C
0x10A287AF,0x00000040,func,fn_10A287AF
0x10A287EF,0x00000027,func,fn_10A287EF
0x10A28816,0x000000BF,func,fn_10A28816
0x10A288D5,0x00000077,func,fn_10A288D5
0x10A2894C,0x0000002E,func,fn_10A2894C
0x10A2897A,0x0000014D,func,fn_10A2897A
0x10A28AC7,0x000002FC,func,fn_10A28AC7
0x10A28DC3,0x0000001F,func,fn_10A28DC3
0x10A28DE2,0x00000037,func,fn_10A28DE2
0x10A28E54,0x00000029,func,fn_10A28E54
0x10A28E7D,0x00000021,func,fn_10A28E7D
0x10A28E9E,0x00000030,func,fn_10A28E9E
0x10A28ECE,0x0000004C,func,fn_10A28ECE
0x10A28F1A,0x00000027,func,fn_10A28F1A
0x10A28F41,0x00000031,func,fn_10A28F41
0x10A28F72,0x0000005D,func,fn_10A28F72
0x10A28FCF,0x00000062,func,fn_10A28FCF
0x10A29031,0x00000746,func,fn_10A29031
0x10A29777,0x0000001C,func,fn_10A29777
0x10A29793,0x0000001B,func,fn_10A29793
0x10A297AE,0x000000AF,func,fn_10A297AE
0x10A2985D,0x00000075,func,fn_10A2985D
0x10A298D2,0x00000042,func,fn_10A298D2
0x10A29914,0x00000120,func,fn_10A29914
0x10A29A34,0x00000015,func,fn_10A29A34
0x10A29A49,0x00000018,func,fn_10A29A49
0x10A29AAD,0x00000077,func,fn_10A29AAD
0x10A29B24,0x00000094,func,fn_10A29B24
0x10A29BB8,0x0000005A,func,fn_10A29BB8
0x10A29C46,0x0000007A,func,fn_10A29C46
0x10A29CC0,0x00000088,func,fn_10A29CC0
0x10A29D48,0x00000160,func,fn_10A29D48
0x10A29EA8,0x0000002C,func,fn_10A29EA8
0x10A29ED4,0x00000029,func,fn_10A29ED4
0x10A29F40,0x000004AD,func,fn_10A29F40
0x10A2A3ED,0x000000DF,func,fn_10A2A3ED
0x10A2A4CC,0x000000E5,func,fn_10A2A4CC
0x10A2A5B1,0x000000B9,func,fn_10A2A5B1
0x10A2A66A,0x0000005A,func,fn_10A2A66A
0x10A2A6C4,0x000000E1,func,fn_10A2A6C4
0x10A2A7A5,0x000000A3,func,fn_10A2A7A5
0x10A2A848,0x00000080,func,fn_10A2A848
0x10A2A8C8,0x00000030,func,fn_10A2A8C8
0x10A2A8F8,0x000000D7,func,fn_10A2A8F8
0x10A2A9E1,0x000000C5,func,fn_10A2A9E1
0x10A2AAA6,0x00000032,func,fn_10A2AAA6
0x10A2AAD8,0x0000000F,func,fn_10A2AAD8
0x10A2AAF7,0x00000104,func,fn_10A2AAF7
0x10A2ABFB,0x00000031,func,fn_10A2ABFB
0x10A2AC2C,0x0000006D,func,fn_10A2AC2C
0x10A2AC99,0x000000C0,func,fn_10A2AC99
0x10A2AD59,0x0000004D,func,fn_10A2AD59
0x10A2ADA6,0x00000019,func,fn_10A2ADA6
0x10A2ADBF,0x00000027,func,fn_10A2ADBF
0x10A2ADE6,0x0000003B,func,fn_10A2ADE6
0x10A2AE21,0x000000DD,func,fn_10A2AE21
0x10A2AEFE,0x0000009B,func,fn_10A2AEFE
0x10A2AF99,0x00000033,func,fn_10A2AF99
0x10A2AFCC,0x0000006D,func,fn_10A2AFCC
0x10A2B039,0x00000077,func,fn_10A2B039
0x10A2B0B0,0x00000054,func,fn_10A2B0B0
0x10A2B104,0x0000008F,func,fn_10A2B104
0x10A2B193,0x0000009D,func,fn_10A2B193
0x10A2B230,0x00000041,func,fn_10A2B230
0x10A2B271,0x0000007C,func,fn_10A2B271
0x10A2B2ED,0x00000022,func,fn_10A2B2ED
0x10A2B30F,0x0000005F,func,fn_10A2B30F
0x10A2B36E,0x00000012,func,fn_10A2B36E
0x10A2B3C3,0x00000017,func,fn_10A2B3C3
0x10A2B3DA,0x0000036F,func,fn_10A2B3DA
0x10A2B749,0x000001BA,func,fn_10A2B749
0x10A2B903,0x0000003D,func,fn_10A2B903
0x10A2B940,0x0000002A,func,fn_10A2B940
0x10A2B96A,0x000006C4,func,fn_10A2B96A
0x10A2C02E,0x0000063C,func,fn_10A2C02E
0x10A2C70C,0x00000057,func,fn_10A2C70C
0x10A2C763,0x0000003E,func,fn_10A2C763
0x10A2C7E1,0x00000006,func,fn_10A2C7E1
0x10A2C7E7,0x00000065,func,fn_10A2C7E7
0x10A2C84C,0x0000002E,func,fn_10A2C84C
0x10A2C87A,0x000000A7,func,fn_10A2C87A
0x10A2C921,0x00000054,func,fn_10A2C921
0x10A2C975,0x00000034,func,fn_10A2C975
0x10A2C9A9,0x0000000F,func,fn_10A2C9A9
0x10A2C9B8,0x0000000F,func,fn_10A2C9B8
0x10A2C9C7,0x00000001,func,fn_10A2C9C7
0x10A2CA15,0x0000001D,func,fn_10A2CA15
0x10A2CA32,0x0000001E,func,fn_10A2CA32
0x10A2CA50,0x00000174,func,fn_10A2CA50
0x10A2CBC4,0x00000125,func,fn_10A2CBC4
0x10A2CCE9,0x0000001C,func,fn_10A2CCE9
0x10A2CD05,0x0000002D,func,fn_10A2CD05
0x10A2CDC1,0x00000025,func,fn_10A2CDC1
0x10A2CDE6,0x00000028,func,fn_10A2CDE6
0x10A2CE0E,0x00000040,func,fn_10A2CE0E
0x10A2CE68,0x00000032,func,fn_10A2CE68
0x10A2CE9A,0x0000002C,func,fn_10A2CE9A
0x10A2CEC6,0x00000032,func,fn_10A2CEC6
0x10A2CEF8,0x00000038,func,fn_10A2CEF8
0x10A2D0B9,0x00000031,func,fn_10A2D0B9
0x10A2D0EA,0x00000057,func,fn_10A2D0EA
0x10A2D141,0x000001D5,func,fn_10A2D141
0x10A2D316,0x00000044,func,fn_10A2D316
0x10A2D3EF,0x00000022,func,fn_10A2D3EF
0x10A2D411,0x00000027,func,fn_10A2D411
0x10A2D438,0x0000004D,func,fn_10A2D438
0x10A2D485,0x0000004D,func,fn_10A2D485
0x10A2D4D2,0x00000047,func,fn_10A2D4D2
0x10A2D519,0x00000009,func,fn_10A2D519
0x10A2D523,0x00000030,func,fn_10A2D523
0x10A2D553,0x0000002F,func,fn_10A2D553
0x10A2D68C,0x00000073,func,fn_10A2D68C
0x10A2D7B2,0x0000004C,func,fn_10A2D7B2
0x10A2D7FE,0x000000B1,func,fn_10A2D7FE
0x10A2D92E,0x00000018,func,fn_10A2D92E
0x10A2D9FE,0x0000013E,func,fn_10A2D9FE
0x10A2DB3C,0x00000086,func,fn_10A2DB3C
0x10A2DC51,0x000000A5,func,fn_10A2DC51
0x10A2DCF6,0x00000006,func,fn_10A2DCF6
0x10A2DCFC,0x0000001B,func,fn_10A2DCFC
0x10A2DD17,0x0000006B,func,fn_10A2DD17
0x10A2DD83,0x00000016,func,fn_10A2DD83
0x10A2DD99,0x0000000A,func,fn_10A2DD99
0x10A2DDA3,0x00000021,func,fn_10A2DDA3
0x10A2DDC4,0x000000C4,func,fn_10A2DDC4
0x10A2DE88,0x000000A1,func,fn_10A2DE88
0x10A2DF2D,0x00000054,func,fn_10A2DF2D
0x10A2DF81,0x00000032,func,fn_10A2DF81
0x10A2DFB3,0x000000B3,func,fn_10A2DFB3
0x10A2E067,0x0000002E,func,fn_10A2E067
0x10A2E095,0x0000002E,func,fn_10A2E095
0x10A2E0C3,0x00000047,func,fn_10A2E0C3
0x10A2E10A,0x000000EF,func,fn_10A2E10A
0x10A2E1F9,0x00000054,func,fn_10A2E1F9
0x10A2E24D,0x0000008D,func,fn_10A2E24D
0x10A2E2DA,0x00000074,func,fn_10A2E2DA
0x10A2E34E,0x0000002D,func,fn_10A2E34E
0x10A2E37B,0x00000064,func,fn_10A2E37B
0x10A2E3DF,0x00000067,func,fn_10A2E3DF
0x10A2E446,0x00000065,func,fn_10A2E446
0x10A2E4AC,0x00000049,func,fn_10A2E4AC
0x10A2E4F6,0x0000006F,func,fn_10A2E4F6
0x10A2E566,0x00000053,func,fn_10A2E566
0x10A2E5B9,0x0000009C,func,fn_10A2E5B9
0x10A2E656,0x0000003A,func,fn_10A2E656
0x10A2E691,0x00000040,func,fn_10A2E691
0x10A2E6D1,0x0000001A,func,fn_10A2E6D1
0x10A2E6EB,0x00000056,func,fn_10A2E6EB
0x10A2E741,0x00000019,func,fn_10A2E741
0x10A2E75A,0x0000002D,func,fn_10A2E75A
0x10A2E787,0x00000079,func,fn_10A2E787
0x10A2E800,0x00000079,func,fn_10A2E800
0x10A2E879,0x0000001D,func,fn_10A2E879
0x10A2E896,0x0000001D,func,fn_10A2E896
0x10A2E8B3,0x0000001D,func,fn_10A2E8B3
0x10A2E8D0,0x0000001D,func,fn_10A2E8D0
0x10A2E8ED,0x0000001D,func,fn_10A2E8ED
0x10A2E90A,0x0000001D,func,fn_10A2E90A
0x10A2E927,0x0000001D,func,fn_10A2E927
0x10A2E944,0x0000001D,func,fn_10A2E944
0x10A2E97E,0x00000068,func,fn_10A2E97E
0x10A2E9E6,0x0000002D,func,fn_10A2E9E6
0x10A2EA13,0x00000085,func,fn_10A2EA13
0x10A2EA98,0x0000002C,func,fn_10A2EA98
0x10A2EAC4,0x00000113,func,fn_10A2EAC4
0x10A2EBD7,0x00000032,func,fn_10A2EBD7
0x10A2EC09,0x0000000E,func,fn_10A2EC09
0x10A2EC91,0x00000070,func,fn_10A2EC91
0x10A2ED01,0x00000088,func,fn_10A2ED01
0x10A2ED89,0x00000027,func,fn_10A2ED89
0x10A2EDB0,0x000000CF,func,fn_10A2EDB0
0x10A2EE7F,0x00000048,func,fn_10A2EE7F
0x10A2EEC7,0x0000005D,func,fn_10A2EEC7
0x10A2EF24,0x000000BA,func,fn_10A2EF24
0x10A2EFDE,0x00000036,func,fn_10A2EFDE
0x10A2F014,0x00000017,func,fn_10A2F014
0x10A2F02B,0x00000023,func,fn_10A2F02B
0x10A2F04E,0x00000019,func,fn_10A2F04E
0x10A2F067,0x0000000A,func,fn_10A2F067
0x10A2F071,0x0000000A,func,fn_10A2F071
0x10A2F07B,0x00000021,func,fn_10A2F07B
0x10A2F09C,0x0000004C,func,fn_10A2F09C
0x10A2F0E8,0x000000C8,func,fn_10A2F0E8
0x10A2F1B0,0x000000E1,func,fn_10A2F1B0
0x10A2F291,0x0000007D,func,fn_10A2F291
0x10A2F30E,0x00000073,func,fn_10A2F30E
0x10A2F381,0x00000022,func,fn_10A2F381
0x10A2F3A3,0x00000054,func,fn_10A2F3A3
0x10A2F3F7,0x00000138,func,fn_10A2F3F7
0x10A2F52F,0x00000066,func,fn_10A2F52F
0x10A2F595,0x00000052,func,fn_10A2F595
0x10A2F5E7,0x00000069,func,fn_10A2F5E7
0x10A2F650,0x00000060,func,fn_10A2F650
0x10A2F6B1,0x000000B2,func,fn_10A2F6B1
0x10A2F763,0x0000006D,func,fn_10A2F763
0x10A2F7D0,0x0000002A,func,fn_10A2F7D0
0x10A2F7FA,0x0000002E,func,fn_10A2F7FA
0x10A2F828,0x0000002D,func,fn_10A2F828
0x10A2F855,0x00000024,func,fn_10A2F855
0x10A2F879,0x00000017,func,fn_10A2F879
0x10A2F890,0x00000085,func,fn_10A2F890
0x10A2F915,0x0000017D,func,fn_10A2F915
0x10A2FA92,0x00000058,func,fn_10A2FA92
0x10A2FAEA,0x00000033,func,fn_10A2FAEA
0x10A2FBA9,0x0000003D,func,fn_10A2FBA9
0x10A2FC09,0x00000018,func,fn_10A2FC09
0x10A2FC21,0x00000027,func,fn_10A2FC21
0x10A2FC90,0x0000003A,func,fn_10A2FC90
0x10A2FCCA,0x00000039,func,fn_10A2FCCA
0x10A2FD03,0x00000079,func,fn_10A2FD03
0x10A2FD7C,0x000001AF,func,fn_10A2FD7C
0x10A2FF2B,0x000000EA,func,fn_10A2FF2B
0x10A30015,0x00000114,func,fn_10A30015
0x10A30129,0x00000024,func,fn_10A30129
0x10A3014D,0x00000038,func,fn_10A3014D
0x10A30185,0x00000042,func,fn_10A30185
0x10A301C7,0x0000008B,func,fn_10A301C7
0x10A30252,0x00000129,func,fn_10A30252
0x10A3037B,0x0000003E,func,fn_10A3037B
0x10A303B9,0x00000036,func,fn_10A303B9
0x10A303EF,0x0000014A,func,fn_10A303EF
0x10A30539,0x00000136,func,fn_10A30539
0x10A3066F,0x00000054,func,fn_10A3066F
0x10A306C3,0x000000AE,func,fn_10A306C3
0x10A30771,0x000000B6,func,fn_10A30771
0x10A30827,0x000000FE,func,fn_10A30827
0x10A30925,0x0000044D,func,fn_10A30925
0x10A30D72,0x00000113,func,fn_10A30D72
0x10A30E85,0x0000006E,func,fn_10A30E85
0x10A30EF3,0x00000056,func,fn_10A30EF3
0x10A30F49,0x00000040,func,fn_10A30F49
0x10A30F89,0x00000048,func,fn_10A30F89
0x10A30FD1,0x0000005D,func,fn_10A30FD1
0x10A3102E,0x00000049,func,fn_10A3102E
0x10A31077,0x0000002A,func,fn_10A31077
0x10A310A1,0x0000002A,func,fn_10A310A1
0x10A310CB,0x0000002A,func,fn_10A310CB
0x10A310F5,0x00000046,func,fn_10A310F5
0x10A3113B,0x00000046,func,fn_10A3113B
0x10A31181,0x00000045,func,fn_10A31181
0x10A311C6,0x00000067,func,fn_10A311C6
0x10A3122D,0x00000078,func,fn_10A3122D
0x10A312A5,0x0000005F,func,fn_10A312A5
0x10A31304,0x0000001A,func,fn_10A31304
0x10A3131E,0x0000001A,func,fn_10A3131E
0x10A31338,0x0000003E,func,fn_10A31338
0x10A31376,0x00000021,func,fn_10A31376
0x10A31397,0x0000001F,func,fn_10A31397
0x10A313B6,0x00000015,func,fn_10A313B6
0x10A313CB,0x00000014,func,fn_10A313CB
0x10A313DF,0x00000017,func,fn_10A313DF
0x10A313F6,0x00000019,func,fn_10A313F6
0x10A3140F,0x0000001F,func,fn_10A3140F
0x10A3142E,0x0000003F,func,fn_10A3142E
0x10A3146D,0x00000058,func,fn_10A3146D
0x10A314C5,0x00000375,func,fn_10A314C5
0x10A3183A,0x0000002B,func,fn_10A3183A
0x10A31865,0x00000042,func,fn_10A31865
0x10A318A7,0x0000002A,func,fn_10A318A7
0x10A318D1,0x00000033,func,fn_10A318D1
0x10A31904,0x0000001A,func,fn_10A31904
0x10A3191E,0x00000074,func,fn_10A3191E
0x10A319D9,0x00000034,func,fn_10A319D9
0x10A31A0D,0x00000104,func,fn_10A31A0D
0x10A31B11,0x00000100,func,fn_10A31B11
0x10A31C11,0x00000038,func,fn_10A31C11
0x10A31C49,0x00000038,func,fn_10A31C49
0x10A31C81,0x0000011A,func,fn_10A31C81
0x10A31D9B,0x000000B2,func,fn_10A31D9B
0x10A31E4D,0x00000140,func,fn_10A31E4D
0x10A31F8D,0x00000015,func,fn_10A31F8D
0x10A31FA2,0x000000F8,func,fn_10A31FA2
0x10A3209A,0x000003F4,func,fn_10A3209A
0x10A324BA,0x00000013,func,fn_10A324BA
0x10A324CD,0x00000046,func,fn_10A324CD
0x10A32513,0x0000003C,func,fn_10A32513
0x10A3254F,0x00000028,func,fn_10A3254F
0x10A33307,0x00000069,func,fn_10A33307
0x10A33370,0x0000040A,func,fn_10A33370
0x10A3377A,0x00000038,func,fn_10A3377A
0x10A337B2,0x00000019,func,fn_10A337B2
0x10A337CB,0x000001AA,func,fn_10A337CB
0x10A33975,0x000000A9,func,fn_10A33975
0x10A33A1F,0x00000124,func,fn_10A33A1F
0x10A33B43,0x0000024D,func,fn_10A33B43
0x10A33D90,0x00000055,func,fn_10A33D90
0x10A33DE5,0x00000364,func,fn_10A33DE5
0x10A34149,0x00000020,func,fn_10A34149
0x10A34182,0x0000001E,func,fn_10A34182
0x10A341A0,0x00000029,func,fn_10A341A0
0x10A341C9,0x00000061,func,fn_10A341C9
0x10A3422A,0x00000089,func,fn_10A3422A
0x10A342B3,0x00000087,func,fn_10A342B3
0x10A3433A,0x000001E7,func,fn_10A3433A
0x10A34521,0x00000075,func,fn_10A34521
0x10A34596,0x0000006E,func,fn_10A34596
0x10A34604,0x0000007E,func,fn_10A34604
0x10A34682,0x00000079,func,fn_10A34682
0x10A346FB,0x000000C0,func,fn_10A346FB
0x10A347BB,0x00000023,func,fn_10A347BB
0x10A347DE,0x00000041,func,fn_10A347DE
0x10A3481F,0x0000001F,func,fn_10A3481F
0x10A3483E,0x0000003F,func,fn_10A3483E
0x10A3487D,0x00000034,func,fn_10A3487D
0x10A348B1,0x00000045,func,fn_10A348B1
0x10A348F6,0x00000055,func,fn_10A348F6
0x10A3494B,0x00000012,func,fn_10A3494B
0x10A3495D,0x00000016,func,fn_10A3495D
0x10A34973,0x0000000B,func,fn_10A34973
0x10A3497E,0x0000000F,func,fn_10A3497E
0x10A3498D,0x0000000E,func,fn_10A3498D
0x10A3499B,0x00000013,func,fn_10A3499B
0x10A349AE,0x00000023,func,fn_10A349AE
0x10A349D1,0x0000001A,func,fn_10A349D1
0x10A349EB,0x0000015C,func,fn_10A349EB
0x10A34B47,0x00000074,func,fn_10A34B47
0x10A34BBB,0x0000003F,func,fn_10A34BBB
0x10A34BFA,0x000000B4,func,fn_10A34BFA
0x10A34CAE,0x00000082,func,fn_10A34CAE
0x10A34D33,0x0000000D,func,fn_10A34D33
0x10A34D40,0x0000001E,func,fn_10A34D40
0x10A34D5E,0x00000005,func,fn_10A34D5E
0x10A34D63,0x00000019,func,fn_10A34D63
0x10A34D7C,0x00000060,func,fn_10A34D7C
0x10A34DDC,0x000002B8,func,fn_10A34DDC
0x10A35094,0x00000031,func,fn_10A35094
0x10A350C5,0x00000087,func,fn_10A350C5
0x10A3514C,0x000000AA,func,fn_10A3514C
0x10A351F6,0x000000BC,func,fn_10A351F6
0x10A352B2,0x0000022F,func,fn_10A352B2
0x10A354E1,0x0000002D,func,fn_10A354E1
0x10A3550E,0x0000011B,func,fn_10A3550E
0x10A35629,0x000002E6,func,fn_10A35629
0x10A3590F,0x0000012C,func,fn_10A3590F
0x10A35A3B,0x00000090,func,fn_10A35A3B
0x10A35ACB,0x000001E1,func,fn_10A35ACB
0x10A35CAC,0x00000257,func,fn_10A35CAC
0x10A35F03,0x0000164D,func,fn_10A35F03
0x10A37550,0x0000007B,func,fn_10A37550
0x10A375CB,0x0000007B,func,fn_10A375CB
0x10A37646,0x00000021,func,fn_10A37646
0x10A37667,0x00000137,func,fn_10A37667
0x10A3779E,0x00000027,func,fn_10A3779E
0x10A377C5,0x0000019A,func,fn_10A377C5
0x10A3795F,0x00000077,func,fn_10A3795F
0x10A379D6,0x00000045,func,fn_10A379D6
0x10A37A1B,0x00000028,func,fn_10A37A1B
0x10A37A43,0x00000021,func,fn_10A37A43
0x10A37A64,0x0000002B,func,fn_10A37A64
0x10A37A8F,0x00000057,func,fn_10A37A8F
0x10A37AE6,0x00000070,func,fn_10A37AE6
0x10A37B56,0x0000003C,func,fn_10A37B56
0x10A37B92,0x00000110,func,fn_10A37B92
0x10A37CA2,0x0000001C,func,fn_10A37CA2
0x10A37CBE,0x00000057,func,fn_10A37CBE
0x10A37D15,0x00000066,func,fn_10A37D15
0x10A37D7B,0x0000004A,func,fn_10A37D7B
0x10A37DE4,0x0000002A,func,fn_10A37DE4
0x10A37E0E,0x00000028,func,fn_10A37E0E
0x10A37E36,0x00000040,func,fn_10A37E36
0x10A37E76,0x00000031,func,fn_10A37E76
0x10A37EA7,0x00000018,func,fn_10A37EA7
0x10A37EBF,0x00000014,func,fn_10A37EBF
0x10A37ED3,0x0000002C,func,fn_10A37ED3
0x10A37EFF,0x0000002E,func,fn_10A37EFF
0x10A37F2D,0x00000062,func,fn_10A37F2D
0x10A37F8F,0x000002C4,func,fn_10A37F8F
0x10A38253,0x00000029,func,fn_10A38253
0x10A3827C,0x000000B6,func,fn_10A3827C
0x10A38332,0x00000131,func,fn_10A38332
0x10A38463,0x0000011C,func,fn_10A38463
0x10A3857F,0x00000107,func,fn_10A3857F
0x10A38686,0x00000299,func,fn_10A38686
0x10A3891F,0x0000020C,func,fn_10A3891F
0x10A38B2B,0x0000007F,func,fn_10A38B2B
0x10A38BAA,0x0000001C,func,fn_10A38BAA
0x10A38BC6,0x00000501,func,fn_10A38BC6
0x10A390C7,0x000000BB,func,fn_10A390C7
0x10A39182,0x00000145,func,fn_10A39182
0x10A392C7,0x0000048F,func,fn_10A392C7
0x10A39756,0x00000697,func,fn_10A39756
0x10A39DED,0x0000007C,func,fn_10A39DED
0x10A39E69,0x00000069,func,fn_10A39E69
0x10A39ED2,0x00000020,func,fn_10A39ED2
0x10A39EF2,0x0000004D,func,fn_10A39EF2
0x10A39F3F,0x00000024,func,fn_10A39F3F
0x10A39F63,0x0000003D,func,fn_10A39F63
0x10A39FA0,0x00000015,func,fn_10A39FA0
0x10A39FB5,0x0000004B,func,fn_10A39FB5
0x10A3A008,0x00000025,func,fn_10A3A008
0x10A3A02D,0x0000002A,func,fn_10A3A02D
0x10A3A057,0x00000035,func,fn_10A3A057
0x10A3A08C,0x0000007C,func,fn_10A3A08C
0x10A3A108,0x00000103,func,fn_10A3A108
0x10A3A20B,0x00000135,func,fn_10A3A20B
0x10A3A340,0x00000030,func,fn_10A3A340
0x10A3A38B,0x0000003E,func,fn_10A3A38B
0x10A3A3C9,0x000000FA,func,fn_10A3A3C9
0x10A3A4C3,0x00000019,func,fn_10A3A4C3
0x10A3A4DC,0x00000131,func,fn_10A3A4DC
0x10A3A60D,0x000000D7,func,fn_10A3A60D
0x10A3A6E4,0x0000003C,func,fn_10A3A6E4
0x10A3A720,0x00000039,func,fn_10A3A720
0x10A3A759,0x00000078,func,fn_10A3A759
0x10A3A7D1,0x0000000E,func,fn_10A3A7D1
0x10A3A7DF,0x00000021,func,fn_10A3A7DF
0x10A3A800,0x0000000B,func,fn_10A3A800
0x10A3A80B,0x00000058,func,fn_10A3A80B
0x10A3A863,0x0000003D,func,fn_10A3A863
0x10A3A8A0,0x00000048,func,fn_10A3A8A0
0x10A3A8E8,0x00000051,func,fn_10A3A8E8
0x10A3A939,0x00000048,func,fn_10A3A939
0x10A3A981,0x0000003D,func,fn_10A3A981
0x10A3A9BE,0x00000011,func,fn_10A3A9BE
0x10A3A9CF,0x00000038,func,fn_10A3A9CF
0x10A3AA07,0x000000DB,func,fn_10A3AA07
0x10A3AAFB,0x0000002B,func,fn_10A3AAFB
0x10A3AB26,0x0000001F,func,fn_10A3AB26
0x10A3AB45,0x0000000B,func,fn_10A3AB45
0x10A3AB50,0x00000063,func,fn_10A3AB50
0x10A3ABB3,0x0000009A,func,fn_10A3ABB3
0x10A3AC4D,0x0000005F,func,fn_10A3AC4D
0x10A3ACAC,0x0000009C,func,fn_10A3ACAC
0x10A3AD48,0x00000074,func,fn_10A3AD48
0x10A3ADBC,0x00000027,func,fn_10A3ADBC
0x10A3ADE3,0x000000EB,func,fn_10A3ADE3
0x10A3AECE,0x0000009A,func,fn_10A3AECE
0x10A3AF68,0x00000023,func,fn_10A3AF68
0x10A3AF8B,0x00000065,func,fn_10A3AF8B
0x10A3AFF0,0x0000006E,func,fn_10A3AFF0
0x10A3B05E,0x000000E8,func,fn_10A3B05E
0x10A3B146,0x00000023,func,fn_10A3B146
0x10A3B169,0x0000001C,func,fn_10A3B169
0x10A3B185,0x00000030,func,fn_10A3B185
0x10A3B1B5,0x0000004C,func,fn_10A3B1B5
0x10A3B201,0x0000001E,func,fn_10A3B201
0x10A3B21F,0x0000005D,func,fn_10A3B21F
0x10A3B27C,0x00000765,func,fn_10A3B27C
0x10A3B9E1,0x00000039,func,fn_10A3B9E1
0x10A3BA1A,0x00000138,func,fn_10A3BA1A
0x10A3BB52,0x000002A2,func,fn_10A3BB52
0x10A3BDF4,0x0000018B,func,fn_10A3BDF4
0x10A3BF7F,0x000000FE,func,fn_10A3BF7F
0x10A3C07D,0x000000F0,func,fn_10A3C07D
0x10A3C16D,0x000001E0,func,fn_10A3C16D
0x10A3C34D,0x000001DE,func,fn_10A3C34D
0x10A3C52B,0x000000CC,func,fn_10A3C52B
0x10A3C5F7,0x00000029,func,fn_10A3C5F7
0x10A3C620,0x000002C5,func,fn_10A3C620
0x10A3C8E5,0x00000134,func,fn_10A3C8E5
0x10A3CA19,0x000013D8,func,fn_10A3CA19
0x10A3DEEC,0x000000D6,func,fn_10A3DEEC
0x10A3DFC2,0x0000003A,func,fn_10A3DFC2
0x10A3DFFC,0x0000004F,func,fn_10A3DFFC
0x10A3E04B,0x0000006B,func,fn_10A3E04B
0x10A3E0B6,0x0000004A,func,fn_10A3E0B6
0x10A3E100,0x0000005D,func,fn_10A3E100
0x10A3E15D,0x0000001C,func,fn_10A3E15D
0x10A3E179,0x00000089,func,fn_10A3E179
0x10A3E202,0x00000006,func,fn_10A3E202
0x10A3E208,0x00000157,func,fn_10A3E208
0x10A3E35F,0x00000047,func,fn_10A3E35F
0x10A3E3A6,0x000000B4,func,fn_10A3E3A6
0x10A3E45A,0x0000022A,func,fn_10A3E45A
0x10A3E684,0x000000CF,func,fn_10A3E684
0x10A3E754,0x0000014F,func,fn_10A3E754
0x10A3E8A3,0x0000003A,func,fn_10A3E8A3
0x10A3E8DD,0x00000057,func,fn_10A3E8DD
0x10A3E934,0x0000009E,func,fn_10A3E934
0x10A3E9D2,0x00000046,func,fn_10A3E9D2
0x10A3EA18,0x000000E0,func,fn_10A3EA18
0x10A3EAF8,0x00000040,func,fn_10A3EAF8
0x10A3EB38,0x000000E3,func,fn_10A3EB38
0x10A3EC1B,0x000000F2,func,fn_10A3EC1B
0x10A3EF59,0x0000001C,func,fn_10A3EF59
0x10A3EF75,0x0000007E,func,fn_10A3EF75
0x10A3EFF3,0x000000BD,func,fn_10A3EFF3
0x10A3F5D5,0x00000008,func,fn_10A3F5D5
0x10A3F623,0x00000026,func,fn_10A3F623
0x10A3F649,0x00000057,func,fn_10A3F649
0x10A3F701,0x0000001B,func,fn_10A3F701
0x10A3F71C,0x00000004,func,fn_10A3F71C
0x10A3F73B,0x00000005,func,fn_10A3F73B
0x10A3F740,0x00000048,func,fn_10A3F740
0x10A3F788,0x0000003C,func,fn_10A3F788
0x10A3F7C4,0x00000043,func,fn_10A3F7C4
0x10A3F807,0x000000A0,func,fn_10A3F807
0x10A3F8A7,0x000000A5,func,fn_10A3F8A7
0x10A3F94C,0x000000B5,func,fn_10A3F94C
0x10A3FA01,0x0000016B,func,fn_10A3FA01
0x10A3FB6C,0x00000042,func,fn_10A3FB6C
0x10A3FBAE,0x00000042,func,fn_10A3FBAE
0x10A3FBF0,0x00000030,func,fn_10A3FBF0
0x10A3FC20,0x00000021,func,fn_10A3FC20
0x10A3FC41,0x00000161,func,fn_10A3FC41
0x10A3FDA2,0x000000D6,func,fn_10A3FDA2
0x10A3FE78,0x00000123,func,fn_10A3FE78
0x10A3FF9B,0x000000D4,func,fn_10A3FF9B
0x10A40103,0x00000002,func,fn_10A40103
0x10A40129,0x00000077,func,fn_10A40129
0x10A401F5,0x0000012B,func,fn_10A401F5
0x10A40320,0x00000041,func,fn_10A40320
0x10A40361,0x00000292,func,fn_10A40361
0x10A4067B,0x00000038,func,fn_10A4067B
0x10A406B3,0x000003F5,func,fn_10A406B3
0x10A40AA8,0x0000008F,func,fn_10A40AA8
0x10A40B37,0x00000208,func,fn_10A40B37
0x10A40D3F,0x0000001F,func,fn_10A40D3F
0x10A40D5E,0x000000BB,func,fn_10A40D5E
0x10A411FA,0x00000227,func,fn_10A411FA
0x10A41477,0x0000001A,func,fn_10A41477
0x10A41491,0x00000022,func,fn_10A41491
0x10A414B3,0x00000057,func,fn_10A414B3
0x10A4150A,0x00000046,func,fn_10A4150A
0x10A41550,0x0000005C,func,fn_10A41550
0x10A415AC,0x00000074,func,fn_10A415AC
0x10A41620,0x00000026,func,fn_10A41620
0x10A41646,0x0000006F,func,fn_10A41646
0x10A416B5,0x00000022,func,fn_10A416B5
0x10A416D7,0x00000015,func,fn_10A416D7
0x10A416EC,0x00000030,func,fn_10A416EC
0x10A417A9,0x00000125,func,fn_10A417A9
0x10A418CE,0x00000083,func,fn_10A418CE
0x10A41951,0x0000002B,func,fn_10A41951
0x10A4197C,0x00000086,func,fn_10A4197C
0x10A41A02,0x00000078,func,fn_10A41A02
0x10A41A7A,0x00000041,func,fn_10A41A7A
0x10A41ABB,0x00000021,func,fn_10A41ABB
0x10A41ADC,0x00000090,func,fn_10A41ADC
0x10A41B6C,0x00000049,func,fn_10A41B6C
0x10A41BB5,0x00000060,func,fn_10A41BB5
0x10A41C15,0x00000063,func,fn_10A41C15
0x10A41C78,0x00000022,func,fn_10A41C78
0x10A41C9A,0x000000D4,func,fn_10A41C9A
0x10A41D6E,0x0000005F,func,fn_10A41D6E
0x10A41DCD,0x000000E6,func,fn_10A41DCD
0x10A41EB3,0x00000298,func,fn_10A41EB3
0x10A4214B,0x000000B3,func,fn_10A4214B
0x10A421FE,0x000000BC,func,fn_10A421FE
0x10A422BA,0x00000029,func,fn_10A422BA
0x10A422E3,0x00000320,func,fn_10A422E3
0x10A42603,0x00000044,func,fn_10A42603
0x10A42647,0x00000058,func,fn_10A42647
0x10A4269F,0x000000B0,func,fn_10A4269F
0x10A4274F,0x000003B2,func,fn_10A4274F
0x10A42B01,0x000001D6,func,fn_10A42B01
0x10A42CD7,0x0000027E,func,fn_10A42CD7
0x10A42F55,0x00000065,func,fn_10A42F55
0x10A42FBA,0x00000065,func,fn_10A42FBA
0x10A4301F,0x00000038,func,fn_10A4301F
0x10A43057,0x000000CC,func,fn_10A43057
0x10A43123,0x00000178,func,fn_10A43123
0x10A4329B,0x0000042A,func,fn_10A4329B
0x10A436C5,0x00000048,func,fn_10A436C5
0x10A4370D,0x0000003D,func,fn_10A4370D
0x10A4374A,0x00000038,func,fn_10A4374A
0x10A43782,0x0000002C,func,fn_10A43782
0x10A437AE,0x00000013,func,fn_10A437AE
0x10A437C1,0x0000021D,func,fn_10A437C1
0x10A439DE,0x000000CF,func,fn_10A439DE
0x10A43AAD,0x000003CE,func,fn_10A43AAD
0x10A43E7B,0x00000019,func,fn_10A43E7B
0x10A43E94,0x00000093,func,fn_10A43E94
0x10A43F27,0x0000008F,func,fn_10A43F27
0x10A43FB6,0x00000073,func,fn_10A43FB6
0x10A44029,0x0000002F,func,fn_10A44029
0x10A44058,0x0000011E,func,fn_10A44058
0x10A44176,0x0000002B,func,fn_10A44176
0x10A441A1,0x00000021,func,fn_10A441A1
0x10A441C2,0x00000021,func,fn_10A441C2
0x10A441E3,0x0000001E,func,fn_10A441E3
0x10A44201,0x000000BE,func,fn_10A44201
0x10A442BF,0x00000223,func,fn_10A442BF
0x10A444E2,0x000000C9,func,fn_10A444E2
0x10A445AB,0x0000016B,func,fn_10A445AB
0x10A44716,0x000000EF,func,fn_10A44716
0x10A44805,0x00000079,func,fn_10A44805
0x10A4487E,0x0000002D,func,fn_10A4487E
0x10A448AB,0x00000019,func,fn_10A448AB
0x10A448C4,0x00000029,func,fn_10A448C4
0x10A448ED,0x00000059,func,fn_10A448ED
0x10A44946,0x0000003A,func,fn_10A44946
0x10A44980,0x00000011,func,fn_10A44980
0x10A44991,0x000001BE,func,fn_10A44991
0x10A44B4F,0x000004FF,func,fn_10A44B4F
0x10A4504E,0x00000129,func,fn_10A4504E
0x10A45177,0x0000053F,func,fn_10A45177
0x10A456B6,0x00000022,func,fn_10A456B6
0x10A456E2,0x0000003C,func,fn_10A456E2
0x10A4571E,0x00000022,func,fn_10A4571E
0x10A45740,0x00000027,func,fn_10A45740
0x10A45767,0x000000E0,func,fn_10A45767
0x10A4585C,0x00000015,func,fn_10A4585C
0x10A45871,0x00000055,func,fn_10A45871
0x10A458C6,0x000000C0,func,fn_10A458C6
0x10A45986,0x00000047,func,fn_10A45986
0x10A459CD,0x00000009,func,fn_10A459CD
0x10A459D7,0x00000068,func,fn_10A459D7
0x10A45A3F,0x00000054,func,fn_10A45A3F
0x10A45A93,0x00000024,func,fn_10A45A93
0x10A45AB7,0x00000484,func,fn_10A45AB7
0x10A45F3B,0x00000084,func,fn_10A45F3B
0x10A45FBF,0x00000030,func,fn_10A45FBF
0x10A45FEF,0x00000091,func,fn_10A45FEF
0x10A46080,0x00000025,func,fn_10A46080
0x10A460A5,0x00000107,func,fn_10A460A5
0x10A461AC,0x0000006E,func,fn_10A461AC
0x10A4621A,0x0000062D,func,fn_10A4621A
0x10A46847,0x0000038F,func,fn_10A46847
0x10A46BD6,0x0000009C,func,fn_10A46BD6
0x10A46C72,0x00000025,func,fn_10A46C72
0x10A46C97,0x00000022,func,fn_10A46C97
0x10A46CB9,0x00000046,func,fn_10A46CB9
0x10A46D1F,0x0000001F,func,fn_10A46D1F
0x10A46D3E,0x0000001E,func,fn_10A46D3E
0x10A46D5C,0x0000009F,func,fn_10A46D5C
0x10A46DFB,0x00000009,func,fn_10A46DFB
0x10A46E05,0x00000053,func,fn_10A46E05
0x10A46E58,0x00000061,func,fn_10A46E58
0x10A46EB9,0x00000204,func,fn_10A46EB9
0x10A470BE,0x00000024,func,fn_10A470BE
0x10A470E2,0x00000054,func,fn_10A470E2
0x10A47136,0x00000071,func,fn_10A47136
0x10A471A7,0x00000043,func,fn_10A471A7
0x10A471EA,0x0000004C,func,fn_10A471EA
0x10A47236,0x00000090,func,fn_10A47236
0x10A472C6,0x000000FA,func,fn_10A472C6
0x10A473C0,0x0000009D,func,fn_10A473C0
0x10A4745D,0x0000006F,func,fn_10A4745D
0x10A474CC,0x0000001B,func,fn_10A474CC
0x10A474E7,0x00000020,func,fn_10A474E7
0x10A47507,0x00000013,func,fn_10A47507
0x10A4751A,0x00000017,func,fn_10A4751A
0x10A47531,0x00000017,func,fn_10A47531
0x10A47548,0x0000000B,func,fn_10A47548
0x10A47553,0x0000000B,func,fn_10A47553
0x10A4755E,0x00000033,func,fn_10A4755E
0x10A47591,0x0000001D,func,fn_10A47591
0x10A475AE,0x00000021,func,fn_10A475AE
0x10A475CF,0x00000034,func,fn_10A475CF
0x10A47603,0x0000004C,func,fn_10A47603
0x10A4764F,0x00000057,func,fn_10A4764F
0x10A476A6,0x00000047,func,fn_10A476A6
0x10A476ED,0x00000037,func,fn_10A476ED
0x10A47724,0x0000002C,func,fn_10A47724
0x10A47750,0x0000019A,func,fn_10A47750
0x10A478EA,0x000000C1,func,fn_10A478EA
0x10A479AB,0x0000014B,func,fn_10A479AB
0x10A47AF6,0x000000C9,func,fn_10A47AF6
0x10A47BBF,0x000001E4,func,fn_10A47BBF
0x10A47DA3,0x00000058,func,fn_10A47DA3
0x10A47DFB,0x00000035,func,fn_10A47DFB
0x10A47E30,0x0000002B,func,fn_10A47E30
0x10A47E5B,0x0000007F,func,fn_10A47E5B
0x10A47EDA,0x00000052,func,fn_10A47EDA
0x10A47F2C,0x00000064,func,fn_10A47F2C
0x10A47F90,0x0000005D,func,fn_10A47F90
0x10A47FED,0x00000008,func,fn_10A47FED
0x10A47FF5,0x00000033,func,fn_10A47FF5
0x10A48033,0x00000013,func,fn_10A48033
0x10A48046,0x00000021,func,fn_10A48046
0x10A48067,0x00000021,func,fn_10A48067
0x10A48088,0x00000016,func,fn_10A48088
0x10A4809E,0x00000018,func,fn_10A4809E
0x10A480B6,0x00000036,func,fn_10A480B6
0x10A480EC,0x00000056,func,fn_10A480EC
0x10A48142,0x000000EF,func,fn_10A48142
0x10A48231,0x00000019,func,fn_10A48231
0x10A4824A,0x0000004C,func,fn_10A4824A
0x10A48296,0x0000006F,func,fn_10A48296
0x10A48305,0x0000015D,func,fn_10A48305
0x10A48462,0x00000058,func,fn_10A48462
0x10A484BA,0x0000007C,func,fn_10A484BA
0x10A48536,0x00000081,func,fn_10A48536
0x10A485B7,0x0000001B,func,fn_10A485B7
0x10A485D2,0x0000000D,func,fn_10A485D2
0x10A485DF,0x00000049,func,fn_10A485DF
0x10A48628,0x00000039,func,fn_10A48628
0x10A48681,0x000000C0,func,fn_10A48681
0x10A48741,0x000000A7,func,fn_10A48741
0x10A487E8,0x00000017,func,fn_10A487E8
0x10A487FF,0x00000031,func,fn_10A487FF
0x10A48830,0x00000053,func,fn_10A48830
0x10A48883,0x00000027,func,fn_10A48883
0x10A488AA,0x00000040,func,fn_10A488AA
0x10A488EA,0x00000009,func,fn_10A488EA
0x10A488F4,0x00000354,func,fn_10A488F4
0x10A48C48,0x00000060,func,fn_10A48C48
0x10A48CA8,0x0000001E,func,fn_10A48CA8
0x10A48CC6,0x00000013,func,fn_10A48CC6
0x10A48CD9,0x00000006,func,fn_10A48CD9
0x10A48D35,0x00000131,func,fn_10A48D35
0x10A48E66,0x00000109,func,fn_10A48E66
0x10A48F6F,0x0000002A,func,fn_10A48F6F
0x10A48F99,0x0000007F,func,fn_10A48F99
0x10A49018,0x00000060,func,fn_10A49018
0x10A49078,0x00000082,func,fn_10A49078
0x10A490FA,0x0000002E,func,fn_10A490FA
0x10A49128,0x0000002B,func,fn_10A49128
0x10A49153,0x00000019,func,fn_10A49153
0x10A4916C,0x00000014,func,fn_10A4916C
0x10A49180,0x00000036,func,fn_10A49180
0x10A491B6,0x00000044,func,fn_10A491B6
0x10A491FA,0x00000015,func,fn_10A491FA
0x10A4920F,0x0000004A,func,fn_10A4920F
0x10A49259,0x00000058,func,fn_10A49259
0x10A492C3,0x00000052,func,fn_10A492C3
0x10A49315,0x0000013D,func,fn_10A49315
0x10A49452,0x000001A3,func,fn_10A49452
0x10A495F5,0x000001FF,func,fn_10A495F5
0x10A497F4,0x000002C3,func,fn_10A497F4
0x10A49AB7,0x00000134,func,fn_10A49AB7
0x10A49BEB,0x0000005F,func,fn_10A49BEB
0x10A49CD0,0x000001B7,func,fn_10A49CD0
0x10A49E87,0x000003EA,func,fn_10A49E87
0x10A4A271,0x0000001A,func,fn_10A4A271
0x10A4A28B,0x0000026C,func,fn_10A4A28B
0x10A4A4F7,0x0000004F,func,fn_10A4A4F7
0x10A4A546,0x000001BD,func,fn_10A4A546
0x10A4A703,0x000001B6,func,fn_10A4A703
0x10A4A8B9,0x00000188,func,fn_10A4A8B9
0x10A4AA41,0x0000025C,func,fn_10A4AA41
0x10A4AC9D,0x0000001D,func,fn_10A4AC9D
0x10A4ACBA,0x00000019,func,fn_10A4ACBA
0x10A4ACD3,0x00000022,func,fn_10A4ACD3
0x10A4ACF5,0x0000002A,func,fn_10A4ACF5
0x10A4AD1F,0x0000002A,func,fn_10A4AD1F
0x10A4AD49,0x0000001F,func,fn_10A4AD49
0x10A4AD68,0x00000017,func,fn_10A4AD68
0x10A4AD7F,0x00000015,func,fn_10A4AD7F
0x10A4AD94,0x00000015,func,fn_10A4AD94
0x10A4ADA9,0x00000078,func,fn_10A4ADA9
0x10A4AE21,0x0000001A,func,fn_10A4AE21
0x10A4AE3B,0x00000013,func,fn_10A4AE3B
0x10A4AE4E,0x00000011,func,fn_10A4AE4E
0x10A4AE5F,0x00000028,func,fn_10A4AE5F
0x10A4AE87,0x0000005F,func,fn_10A4AE87
0x10A4AEE6,0x00000043,func,fn_10A4AEE6
0x10A4AF29,0x00000068,func,fn_10A4AF29
0x10A4AF91,0x0000005B,func,fn_10A4AF91
0x10A4AFEC,0x00000053,func,fn_10A4AFEC
0x10A4B03F,0x00000020,func,fn_10A4B03F
0x10A4B05F,0x0000002A,func,fn_10A4B05F
0x10A4B089,0x00000053,func,fn_10A4B089
0x10A4B0DC,0x00000040,func,fn_10A4B0DC
0x10A4B11C,0x00000100,func,fn_10A4B11C
0x10A4B21C,0x000000A5,func,fn_10A4B21C
0x10A4B2C1,0x00000021,func,fn_10A4B2C1
0x10A4B2E2,0x000000A2,func,fn_10A4B2E2
0x10A4B384,0x00000079,func,fn_10A4B384
0x10A4B3FD,0x000000D8,func,fn_10A4B3FD
0x10A4B4D5,0x00000145,func,fn_10A4B4D5
0x10A4B61A,0x000000B9,func,fn_10A4B61A
0x10A4B736,0x00000016,func,fn_10A4B736
0x10A4B74C,0x0000005E,func,fn_10A4B74C
0x10A4B7AA,0x0000014D,func,fn_10A4B7AA
0x10A4B8F7,0x0000011A,func,fn_10A4B8F7
0x10A4BA11,0x00000077,func,fn_10A4BA11
0x10A4BA88,0x0000004F,func,fn_10A4BA88
0x10A4BAD7,0x00000028,func,fn_10A4BAD7
0x10A4BAFF,0x00000027,func,fn_10A4BAFF
0x10A4BB26,0x0000002B,func,fn_10A4BB26
0x10A4BB51,0x0000003B,func,fn_10A4BB51
0x10A4BB8C,0x0000002A,func,fn_10A4BB8C
0x10A4BBB6,0x0000006F,func,fn_10A4BBB6
0x10A4BC25,0x0000037A,func,fn_10A4BC25
0x10A4BF9F,0x00000032,func,fn_10A4BF9F
0x10A4BFD1,0x000002CA,func,fn_10A4BFD1
0x10A4C29B,0x00000045,func,fn_10A4C29B
0x10A4C2E0,0x00000066,func,fn_10A4C2E0
0x10A4C346,0x00000038,func,fn_10A4C346
0x10A4C37E,0x00000024,func,fn_10A4C37E
0x10A4C3A2,0x000000A3,func,fn_10A4C3A2
0x10A4C445,0x0000000C,func,fn_10A4C445
0x10A4C451,0x00000022,func,fn_10A4C451
0x10A4C473,0x0000002F,func,fn_10A4C473
0x10A4C4A2,0x0000003F,func,fn_10A4C4A2
0x10A4C4E1,0x00000009,func,fn_10A4C4E1
0x10A4C4EB,0x00000048,func,fn_10A4C4EB
0x10A4C533,0x0000009F,func,fn_10A4C533
0x10A4C5D2,0x00000037,func,fn_10A4C5D2
0x10A4C609,0x0000011A,func,fn_10A4C609
0x10A4C723,0x00000035,func,fn_10A4C723
0x10A4C758,0x00000009,func,fn_10A4C758
0x10A4C762,0x00000047,func,fn_10A4C762
0x10A4C7A9,0x00000009,func,fn_10A4C7A9
0x10A4C7B3,0x0000002B,func,fn_10A4C7B3
0x10A4C80C,0x00000030,func,fn_10A4C80C
0x10A4C83C,0x00000026,func,fn_10A4C83C
0x10A4C862,0x00000085,func,fn_10A4C862
0x10A4C8E7,0x00000009,func,fn_10A4C8E7
0x10A4C8F1,0x00000049,func,fn_10A4C8F1
0x10A4C93A,0x00000058,func,fn_10A4C93A
0x10A4C992,0x0000008D,func,fn_10A4C992
0x10A4CA1F,0x00000017,func,fn_10A4CA1F
0x10A4CA36,0x00000023,func,fn_10A4CA36
0x10A4CA59,0x00000523,func,fn_10A4CA59
0x10A4CF7C,0x000000FA,func,fn_10A4CF7C
0x10A4D076,0x00000134,func,fn_10A4D076
0x10A4D1AA,0x00000463,func,fn_10A4D1AA
0x10A4D60D,0x0000035F,func,fn_10A4D60D
0x10A4D96C,0x0000129F,func,fn_10A4D96C
0x10A4ECE8,0x0000002F,func,fn_10A4ECE8
0x10A4ED17,0x00000088,func,fn_10A4ED17
0x10A4ED9F,0x0000011E,func,fn_10A4ED9F
0x10A4EEBD,0x00000641,func,fn_10A4EEBD
0x10A4F4FE,0x000000ED,func,fn_10A4F4FE
0x10A4F5EB,0x0000009D,func,fn_10A4F5EB
0x10A4F688,0x0000001B,func,fn_10A4F688
0x10A4F6A3,0x00000051,func,fn_10A4F6A3
0x10A4F6F4,0x0000002F,func,fn_10A4F6F4
0x10A4F723,0x00000128,func,fn_10A4F723
0x10A4F84B,0x00000020,func,fn_10A4F84B
0x10A4F86B,0x0000002A,func,fn_10A4F86B
0x10A4F895,0x0000001E,func,fn_10A4F895
0x10A4F8B3,0x000000E4,func,fn_10A4F8B3
0x10A4F997,0x00000036,func,fn_10A4F997
0x10A4F9CD,0x0000002A,func,fn_10A4F9CD
0x10A4F9F7,0x0000002E,func,fn_10A4F9F7
0x10A4FA25,0x0000002E,func,fn_10A4FA25
0x10A4FA53,0x00000033,func,fn_10A4FA53
0x10A4FACD,0x00000032,func,fn_10A4FACD
0x10A4FAFF,0x0000003F,func,fn_10A4FAFF
0x10A4FB3E,0x000005EE,func,fn_10A4FB3E
0x10A5012C,0x00000027,func,fn_10A5012C
0x10A50153,0x000000DC,func,fn_10A50153
0x10A5022F,0x0000005B,func,fn_10A5022F
0x10A5028A,0x00000025,func,fn_10A5028A
0x10A502AF,0x000001DC,func,fn_10A502AF
0x10A5048B,0x0000000D,func,fn_10A5048B
0x10A50498,0x000000AA,func,fn_10A50498
0x10A50567,0x0000000C,func,fn_10A50567
0x10A50573,0x00000054,func,fn_10A50573
0x10A505C7,0x00000053,func,fn_10A505C7
0x10A5061A,0x0000001D,func,fn_10A5061A
0x10A50637,0x00000022,func,fn_10A50637
0x10A50659,0x00000021,func,fn_10A50659
0x10A5067A,0x0000010A,func,fn_10A5067A
0x10A50784,0x00000097,func,fn_10A50784
0x10A5081B,0x00000024,func,fn_10A5081B
0x10A5083F,0x00000029,func,fn_10A5083F
0x10A50868,0x0000005D,func,fn_10A50868
0x10A508C5,0x0000008F,func,fn_10A508C5
0x10A50954,0x00000026,func,fn_10A50954
0x10A5097A,0x0000008D,func,fn_10A5097A
0x10A50A07,0x00000012,func,fn_10A50A07
0x10A50A19,0x00000030,func,fn_10A50A19
0x10A50A49,0x00000015,func,fn_10A50A49
0x10A50A5E,0x00000032,func,fn_10A50A5E
0x10A50A90,0x00000041,func,fn_10A50A90
0x10A50AD1,0x00000069,func,fn_10A50AD1
0x10A50B3A,0x00000055,func,fn_10A50B3A
0x10A50B8F,0x00000039,func,fn_10A50B8F
0x10A50BC8,0x00000032,func,fn_10A50BC8
0x10A50BFA,0x00000004,func,fn_10A50BFA
0x10A50C12,0x00000009,func,fn_10A50C12
0x10A50C1B,0x0000002A,func,fn_10A50C1B
0x10A50C45,0x00000034,func,fn_10A50C45
0x10A50C79,0x00000026,func,fn_10A50C79
0x10A50C9F,0x00000044,func,fn_10A50C9F
0x10A50CE3,0x0000002A,func,fn_10A50CE3
0x10A50D0D,0x0000002A,func,fn_10A50D0D
0x10A50D37,0x00000054,func,fn_10A50D37
0x10A50D8B,0x000000F4,func,fn_10A50D8B
0x10A50E7F,0x0000006A,func,fn_10A50E7F
0x10A50EE9,0x00000040,func,fn_10A50EE9
0x10A50F29,0x000000B9,func,fn_10A50F29
0x10A50FE2,0x00000043,func,fn_10A50FE2
0x10A51025,0x00000058,func,fn_10A51025
0x10A5107D,0x00000034,func,fn_10A5107D
0x10A510B1,0x00000066,func,fn_10A510B1
0x10A51117,0x00000037,func,fn_10A51117
0x10A5114E,0x0000000F,func,fn_10A5114E
0x10A5115D,0x00000011,func,fn_10A5115D
0x10A5116E,0x000000D6,func,fn_10A5116E
0x10A51244,0x0000002D,func,fn_10A51244
0x10A512A5,0x0000006E,func,fn_10A512A5
0x10A51313,0x00000010,func,fn_10A51313
0x10A5142D,0x00000041,func,fn_10A5142D
0x10A5146E,0x0000017C,func,fn_10A5146E
0x10A515EA,0x00000068,func,fn_10A515EA
0x10A51652,0x00000254,func,fn_10A51652
0x10A518A6,0x00000196,func,fn_10A518A6
0x10A51A3C,0x00000060,func,fn_10A51A3C
0x10A51A9C,0x000000EB,func,fn_10A51A9C
0x10A51B87,0x00000034,func,fn_10A51B87
0x10A51BBB,0x00000027,func,fn_10A51BBB
0x10A51BE2,0x000002D9,func,fn_10A51BE2
0x10A51EBB,0x0000015F,func,fn_10A51EBB
0x10A5201A,0x000002D4,func,fn_10A5201A
0x10A52338,0x00000022,func,fn_10A52338
0x10A5235A,0x0000081E,func,fn_10A5235A
0x10A52B78,0x00000102,func,fn_10A52B78
0x10A52C7A,0x00000042,func,fn_10A52C7A
0x10A52CBC,0x00000448,func,fn_10A52CBC
0x10A53255,0x000000A5,func,fn_10A53255
0x10A532FB,0x00000148,func,fn_10A532FB
0x10A53443,0x000000A3,func,fn_10A53443
0x10A534E6,0x000000CE,func,fn_10A534E6
0x10A535B4,0x00000682,func,fn_10A535B4
0x10A53C36,0x00000598,func,fn_10A53C36
0x10A541CE,0x00000082,func,fn_10A541CE
0x10A54250,0x00000022,func,fn_10A54250
0x10A54272,0x0000002B,func,fn_10A54272
0x10A5429D,0x00000051,func,fn_10A5429D
0x10A542EE,0x0000002E,func,fn_10A542EE
0x10A5431C,0x00000034,func,fn_10A5431C
0x10A54350,0x00000034,func,fn_10A54350
0x10A54384,0x0000002C,func,fn_10A54384
0x10A543B0,0x000000A9,func,fn_10A543B0
0x10A54459,0x00000029,func,fn_10A54459
0x10A54482,0x0000001A,func,fn_10A54482
0x10A5449C,0x00000029,func,fn_10A5449C
0x10A544C5,0x0000001C,func,fn_10A544C5
0x10A544E1,0x000000B0,func,fn_10A544E1
0x10A54591,0x000000C4,func,fn_10A54591
0x10A54655,0x00000082,func,fn_10A54655
0x10A546D7,0x0000001C,func,fn_10A546D7
0x10A546F3,0x00000038,func,fn_10A546F3
0x10A5472B,0x0000003E,func,fn_10A5472B
0x10A54769,0x00000019,func,fn_10A54769
0x10A54782,0x0000003F,func,fn_10A54782
0x10A547C1,0x00000045,func,fn_10A547C1
0x10A54806,0x00000053,func,fn_10A54806
0x10A54859,0x00000042,func,fn_10A54859
0x10A5489B,0x00000043,func,fn_10A5489B
0x10A548DE,0x00000062,func,fn_10A548DE
0x10A54940,0x00000008,func,fn_10A54940
0x10A54948,0x0000000B,func,fn_10A54948
0x10A54953,0x00000021,func,fn_10A54953
0x10A54974,0x0000002B,func,fn_10A54974
0x10A5499F,0x00000066,func,fn_10A5499F
0x10A54A05,0x00000163,func,fn_10A54A05
0x10A54B9D,0x00000057,func,fn_10A54B9D
0x10A54BF4,0x00000019,func,fn_10A54BF4
0x10A54C0D,0x00000012,func,fn_10A54C0D
0x10A54C1F,0x0000000E,func,fn_10A54C1F
0x10A54C2D,0x00000057,func,fn_10A54C2D
0x10A54C84,0x00000008,func,fn_10A54C84
0x10A54C8C,0x00000069,func,fn_10A54C8C
0x10A54CF5,0x0000008F,func,fn_10A54CF5
0x10A54D84,0x00000092,func,fn_10A54D84
0x10A54E16,0x000001DD,func,fn_10A54E16
0x10A5502A,0x00000037,func,fn_10A5502A
0x10A55061,0x00000076,func,fn_10A55061
0x10A550D7,0x00000070,func,fn_10A550D7
0x10A55147,0x0000002D,func,fn_10A55147
0x10A55174,0x000000AE,func,fn_10A55174
0x10A55222,0x00000014,func,fn_10A55222
0x10A55236,0x0000007F,func,fn_10A55236
0x10A552B5,0x000000D1,func,fn_10A552B5
0x10A55386,0x00000040,func,fn_10A55386
0x10A553C6,0x000006B6,func,fn_10A553C6
0x10A55A7C,0x00000169,func,fn_10A55A7C
0x10A55BE6,0x000002EC,func,fn_10A55BE6
0x10A55ED2,0x0000034E,func,fn_10A55ED2
0x10A56220,0x0000005D,func,fn_10A56220
0x10A5627D,0x00000095,func,fn_10A5627D
0x10A56312,0x00000028,func,fn_10A56312
0x10A5633A,0x00000018,func,fn_10A5633A
0x10A56352,0x00000018,func,fn_10A56352
0x10A5636A,0x00000035,func,fn_10A5636A
0x10A5639F,0x00000101,func,fn_10A5639F
0x10A564A0,0x00000007,func,fn_10A564A0
0x10A564A7,0x00000043,func,fn_10A564A7
0x10A564EA,0x0000005F,func,fn_10A564EA
0x10A56549,0x00000022,func,fn_10A56549
0x10A5656B,0x000000E8,func,fn_10A5656B
0x10A56653,0x00000007,func,fn_10A56653
0x10A5665A,0x00000009,func,fn_10A5665A
0x10A56663,0x00000006,func,fn_10A56663
0x10A56669,0x00000018,func,fn_10A56669
0x10A56681,0x00000031,func,fn_10A56681
0x10A566B2,0x00000034,func,fn_10A566B2
0x10A566E6,0x00000124,func,fn_10A566E6
0x10A5680A,0x0000004B,func,fn_10A5680A
0x10A56855,0x000000BB,func,fn_10A56855
0x10A56910,0x0000001A,func,fn_10A56910
0x10A5692A,0x0000008E,func,fn_10A5692A
0x10A569B8,0x0000008F,func,fn_10A569B8
0x10A56A47,0x00000137,func,fn_10A56A47
0x10A56B7E,0x000000C1,func,fn_10A56B7E
0x10A56C62,0x00000044,func,fn_10A56C62
0x10A56CA6,0x00000158,func,fn_10A56CA6
0x10A56DFE,0x00000039,func,fn_10A56DFE
0x10A56E37,0x00000048,func,fn_10A56E37
0x10A56E7F,0x000000D3,func,fn_10A56E7F
0x10A56F52,0x00000282,func,fn_10A56F52
0x10A571D4,0x000000C4,func,fn_10A571D4
0x10A57298,0x00000005,func,fn_10A57298
0x10A5729D,0x000000BC,func,fn_10A5729D
0x10A57359,0x00000103,func,fn_10A57359
0x10A5745C,0x00000074,func,fn_10A5745C
0x10A574D0,0x0000004D,func,fn_10A574D0
0x10A5751D,0x00000062,func,fn_10A5751D
0x10A5757F,0x000002D6,func,fn_10A5757F
0x10A57855,0x00000188,func,fn_10A57855
0x10A579DD,0x000003FF,func,fn_10A579DD
0x10A57DDC,0x00000035,func,fn_10A57DDC
0x10A57E11,0x0000013C,func,fn_10A57E11
0x10A57F4D,0x00000255,func,fn_10A57F4D
0x10A581A2,0x00000053,func,fn_10A581A2
0x10A581F5,0x00000007,func,fn_10A581F5
0x10A58214,0x0000000D,func,fn_10A58214
0x10A58221,0x00000008,func,fn_10A58221
0x10A58229,0x00000024,func,fn_10A58229
0x10A5824D,0x00000003,func,fn_10A5824D
0x10A58250,0x00000007,func,fn_10A58250
0x10A58257,0x00000004,func,fn_10A58257
0x10A5825B,0x00000004,func,fn_10A5825B
0x10A5825F,0x00000004,func,fn_10A5825F
0x10A58263,0x00000103,func,fn_10A58263
0x10A58366,0x00000004,func,fn_10A58366
0x10A5836A,0x00000004,func,fn_10A5836A
0x10A5836E,0x0000000A,func,fn_10A5836E
0x10A58378,0x00000028,func,fn_10A58378
0x10A583A0,0x00000024,func,fn_10A583A0
0x10A583DE,0x00000046,func,fn_10A583DE
0x10A58424,0x00000019,func,fn_10A58424
0x10A5843D,0x00000013,func,fn_10A5843D
0x10A58450,0x00000012,func,fn_10A58450
0x10A58462,0x0000004C,func,fn_10A58462
0x10A584AE,0x000000AD,func,fn_10A584AE
0x10A5855B,0x00000085,func,fn_10A5855B
0x10A585E0,0x000000A9,func,fn_10A585E0
0x10A58689,0x00000029,func,fn_10A58689
0x10A586B2,0x00000017,func,fn_10A586B2
0x10A586C9,0x0000003B,func,fn_10A586C9
0x10A58704,0x0000003B,func,fn_10A58704
0x10A5873F,0x0000003A,func,fn_10A5873F
0x10A58779,0x000000A6,func,fn_10A58779
0x10A5881F,0x00000030,func,fn_10A5881F
0x10A5884F,0x00000087,func,fn_10A5884F
0x10A588D6,0x00000021,func,fn_10A588D6
0x10A588F7,0x00000029,func,fn_10A588F7
0x10A58920,0x000001E3,func,fn_10A58920
0x10A58B03,0x00000012,func,fn_10A58B03
0x10A58B15,0x0000001F,func,fn_10A58B15
0x10A58B34,0x0000003A,func,fn_10A58B34
0x10A58B6E,0x00000019,func,fn_10A58B6E
0x10A58B87,0x00000041,func,fn_10A58B87
0x10A58BC8,0x00000120,func,fn_10A58BC8
0x10A58CE8,0x0000004F,func,fn_10A58CE8
0x10A58D37,0x00000047,func,fn_10A58D37
0x10A58D8A,0x0000001D,func,fn_10A58D8A
0x10A58DA7,0x00000021,func,fn_10A58DA7
0x10A58DC8,0x00000014,func,fn_10A58DC8
0x10A58DDC,0x00000034,func,fn_10A58DDC
0x10A58E10,0x00000023,func,fn_10A58E10
0x10A58E33,0x00000019,func,fn_10A58E33
0x10A58E4C,0x00000035,func,fn_10A58E4C
0x10A58E81,0x00000026,func,fn_10A58E81
0x10A58EA7,0x00000015,func,fn_10A58EA7
0x10A58EBC,0x0000001E,func,fn_10A58EBC
0x10A58EDA,0x0000003A,func,fn_10A58EDA
0x10A58F14,0x0000004A,func,fn_10A58F14
0x10A58F5E,0x00000019,func,fn_10A58F5E
0x10A58F77,0x00000024,func,fn_10A58F77
0x10A58F9B,0x0000000A,func,fn_10A58F9B
0x10A58FA5,0x0000000A,func,fn_10A58FA5
0x10A58FAF,0x0000008B,func,fn_10A58FAF
0x10A5903A,0x0000008E,func,fn_10A5903A
0x10A590C8,0x0000006A,func,fn_10A590C8
0x10A59132,0x00000038,func,fn_10A59132
0x10A5916A,0x00000069,func,fn_10A5916A
0x10A591D3,0x00000005,func,fn_10A591D3
0x10A591D8,0x000000C3,func,fn_10A591D8
0x10A5929B,0x0000002C,func,fn_10A5929B
0x10A592C7,0x0000002C,func,fn_10A592C7
0x10A592F3,0x000000A9,func,fn_10A592F3
0x10A5939C,0x0000003A,func,fn_10A5939C
0x10A593D6,0x00000023,func,fn_10A593D6
0x10A593F9,0x00000029,func,fn_10A593F9
0x10A59422,0x00000026,func,fn_10A59422
0x10A59448,0x00000029,func,fn_10A59448
0x10A59471,0x0000001C,func,fn_10A59471
0x10A5948D,0x0000001D,func,fn_10A5948D
0x10A594AA,0x0000004C,func,fn_10A594AA
0x10A594F6,0x00000018,func,fn_10A594F6
0x10A59587,0x000000A2,func,fn_10A59587
0x10A59629,0x0000006A,func,fn_10A59629
0x10A59693,0x000000DC,func,fn_10A59693
0x10A5976F,0x0000001C,func,fn_10A5976F
0x10A5978B,0x0000007C,func,fn_10A5978B
0x10A59807,0x00000022,func,fn_10A59807
0x10A59873,0x0000003F,func,fn_10A59873
0x10A598B2,0x00000169,func,fn_10A598B2
0x10A59A3F,0x0000002B,func,fn_10A59A3F
0x10A59A8F,0x000000E1,func,fn_10A59A8F
0x10A59B71,0x0000005D,func,fn_10A59B71
0x10A59BCE,0x00000092,func,fn_10A59BCE
0x10A59C60,0x00000065,func,fn_10A59C60
0x10A59CC5,0x0000005B,func,fn_10A59CC5
0x10A59D20,0x00000007,func,fn_10A59D20
0x10A59D27,0x00000014,func,fn_10A59D27
0x10A59D3B,0x0000001F,func,fn_10A59D3B
0x10A59D5A,0x0000001F,func,fn_10A59D5A
0x10A59D79,0x00000022,func,fn_10A59D79
0x10A59D9B,0x00000020,func,fn_10A59D9B
0x10A59DBB,0x00000080,func,fn_10A59DBB
0x10A59E3B,0x00000030,func,fn_10A59E3B
0x10A59E6B,0x00000060,func,fn_10A59E6B
0x10A59ECB,0x0000002D,func,fn_10A59ECB
0x10A59EF8,0x0000004B,func,fn_10A59EF8
0x10A59F43,0x0000006F,func,fn_10A59F43
0x10A59FB2,0x000000D7,func,fn_10A59FB2
0x10A5A09E,0x00000056,func,fn_10A5A09E
0x10A5A0F4,0x000000A1,func,fn_10A5A0F4
0x10A5A195,0x00000188,func,fn_10A5A195
0x10A5A31E,0x000000DD,func,fn_10A5A31E
0x10A5A3FB,0x00000082,func,fn_10A5A3FB
0x10A5A48F,0x00000022,func,fn_10A5A48F
0x10A5A4B1,0x00000022,func,fn_10A5A4B1
0x10A5A4D3,0x0000002A,func,fn_10A5A4D3
0x10A5A4FD,0x00000068,func,fn_10A5A4FD
0x10A5A565,0x00000098,func,fn_10A5A565
0x10A5A65B,0x0000001D,func,fn_10A5A65B
0x10A5A678,0x0000000D,func,fn_10A5A678
0x10A5A685,0x00000095,func,fn_10A5A685
0x10A5A71A,0x0000002A,func,fn_10A5A71A
0x10A5A744,0x00000027,func,fn_10A5A744
0x10A5A76B,0x00000091,func,fn_10A5A76B
0x10A5A7FC,0x0000006E,func,fn_10A5A7FC
0x10A5A86A,0x0000008A,func,fn_10A5A86A
0x10A5A8F4,0x0000004F,func,fn_10A5A8F4
0x10A5A943,0x00000085,func,fn_10A5A943
0x10A5A9C8,0x00000034,func,fn_10A5A9C8
0x10A5A9FC,0x00000085,func,fn_10A5A9FC
0x10A5AA81,0x0000022C,func,fn_10A5AA81
0x10A5ACAD,0x000000E5,func,fn_10A5ACAD
0x10A5AD92,0x0000005F,func,fn_10A5AD92
0x10A5ADF1,0x000000C1,func,fn_10A5ADF1
0x10A5AEB2,0x00000053,func,fn_10A5AEB2
0x10A5AF05,0x0000001E,func,fn_10A5AF05
0x10A5AF23,0x0000004B,func,fn_10A5AF23
0x10A5AFC7,0x00000019,func,fn_10A5AFC7
0x10A5AFE0,0x00000019,func,fn_10A5AFE0
0x10A5AFF9,0x00000019,func,fn_10A5AFF9
0x10A5B012,0x00000046,func,fn_10A5B012
0x10A5B0A7,0x00000046,func,fn_10A5B0A7
0x10A5B0ED,0x000000EE,func,fn_10A5B0ED
0x10A5B1DB,0x0000008C,func,fn_10A5B1DB
0x10A5B267,0x00000005,func,fn_10A5B267
0x10A5B26C,0x0000020A,func,fn_10A5B26C
0x10A5B476,0x000001D9,func,fn_10A5B476
0x10A5B64F,0x00000025,func,fn_10A5B64F
0x10A5B674,0x00000025,func,fn_10A5B674
0x10A5B699,0x000000DA,func,fn_10A5B699
0x10A5B773,0x00000451,func,fn_10A5B773
0x10A5BBC4,0x00000040,func,fn_10A5BBC4
0x10A5BC04,0x00000049,func,fn_10A5BC04
0x10A5BC4D,0x00000022,func,fn_10A5BC4D
0x10A5BC6F,0x000000F9,func,fn_10A5BC6F
0x10A5BD68,0x000000F6,func,fn_10A5BD68
0x10A5BE5E,0x00000081,func,fn_10A5BE5E
0x10A5BEDF,0x00000021,func,fn_10A5BEDF
0x10A5BF00,0x00000021,func,fn_10A5BF00
0x10A5BF21,0x00000016,func,fn_10A5BF21
0x10A5BF37,0x00000016,func,fn_10A5BF37
0x10A5BF4D,0x00000016,func,fn_10A5BF4D
0x10A5BF63,0x00000003,func,fn_10A5BF63
0x10A5BF75,0x00000003,func,fn_10A5BF75
0x10A5BF87,0x00000012,func,fn_10A5BF87
0x10A5BF99,0x00000003,func,fn_10A5BF99
0x10A5BFAB,0x00000003,func,fn_10A5BFAB
0x10A5BFBD,0x00000015,func,fn_10A5BFBD
0x10A5BFD2,0x00000072,func,fn_10A5BFD2
0x10A5C044,0x000002A8,func,fn_10A5C044
0x10A5C2EC,0x00000181,func,fn_10A5C2EC
0x10A5C46D,0x00000097,func,fn_10A5C46D
0x10A5C504,0x0000003E,func,fn_10A5C504
0x10A5C542,0x00000022,func,fn_10A5C542
0x10A5C564,0x00000200,func,fn_10A5C564
0x10A5C764,0x0000027D,func,fn_10A5C764
0x10A5C9E1,0x000002EF,func,fn_10A5C9E1
0x10A5CCD0,0x00000015,func,fn_10A5CCD0
0x10A5CD61,0x00000014,func,fn_10A5CD61
0x10A5CD75,0x0000002A,func,fn_10A5CD75
0x10A5CD9F,0x00000077,func,fn_10A5CD9F
0x10A5CE16,0x0000004A,func,fn_10A5CE16
0x10A5CE60,0x0000016D,func,fn_10A5CE60
0x10A5CFCD,0x00000032,func,fn_10A5CFCD
0x10A5CFFF,0x00000028,func,fn_10A5CFFF
0x10A5D027,0x00000021,func,fn_10A5D027
0x10A5D048,0x00000014,func,fn_10A5D048
0x10A5D05C,0x00000020,func,fn_10A5D05C
0x10A5D07C,0x00000048,func,fn_10A5D07C
0x10A5D0C4,0x00000030,func,fn_10A5D0C4
0x10A5D119,0x00000020,func,fn_10A5D119
0x10A5D139,0x00000038,func,fn_10A5D139
0x10A5D171,0x00000028,func,fn_10A5D171
0x10A5D199,0x00000065,func,fn_10A5D199
0x10A5D1FE,0x0000008D,func,fn_10A5D1FE
0x10A5D2AC,0x00000039,func,fn_10A5D2AC
0x10A5D2E5,0x0000001F,func,fn_10A5D2E5
0x10A5D304,0x0000002B,func,fn_10A5D304
0x10A5D32F,0x0000003E,func,fn_10A5D32F
0x10A5D36D,0x0000001C,func,fn_10A5D36D
0x10A5D389,0x00000014,func,fn_10A5D389
0x10A5D3B9,0x0000001A,func,fn_10A5D3B9
0x10A5D3D3,0x00000014,func,fn_10A5D3D3
0x10A5D3E7,0x00000014,func,fn_10A5D3E7
0x10A5D410,0x00000018,func,fn_10A5D410
0x10A5D428,0x00000054,func,fn_10A5D428
0x10A5D47C,0x00000018,func,fn_10A5D47C
0x10A5D494,0x00000023,func,fn_10A5D494
0x10A5D4BC,0x0000003C,func,fn_10A5D4BC
0x10A5D4F8,0x0000001D,func,fn_10A5D4F8
0x10A5D515,0x00000088,func,fn_10A5D515
0x10A5D5FE,0x00000003,func,fn_10A5D5FE
0x10A5D611,0x00000087,func,fn_10A5D611
0x10A5D698,0x00000060,func,fn_10A5D698
0x10A5D6F8,0x00000031,func,fn_10A5D6F8
0x10A5D75C,0x0000003D,func,fn_10A5D75C
0x10A5D799,0x000000AC,func,fn_10A5D799
0x10A5D845,0x0000003C,func,fn_10A5D845
0x10A5D881,0x000000D2,func,fn_10A5D881
0x10A5D953,0x000000A7,func,fn_10A5D953
0x10A5DA07,0x000000A5,func,fn_10A5DA07
0x10A5DAAC,0x00000029,func,fn_10A5DAAC
0x10A5DAD5,0x00000032,func,fn_10A5DAD5
0x10A5DB07,0x0000002B,func,fn_10A5DB07
0x10A5DB32,0x00000062,func,fn_10A5DB32
0x10A5DB94,0x00000019,func,fn_10A5DB94
0x10A5DBC3,0x00000064,func,fn_10A5DBC3
0x10A5DC60,0x00000031,func,fn_10A5DC60
0x10A5DC91,0x00000049,func,fn_10A5DC91
0x10A5DCDA,0x00000049,func,fn_10A5DCDA
0x10A5DD23,0x00000038,func,fn_10A5DD23
0x10A5DD5B,0x00000031,func,fn_10A5DD5B
0x10A5DD8C,0x00000069,func,fn_10A5DD8C
0x10A5DDF5,0x0000002B,func,fn_10A5DDF5
0x10A5DE20,0x00000030,func,fn_10A5DE20
0x10A5DE50,0x0000002C,func,fn_10A5DE50
0x10A5DE7C,0x00000036,func,fn_10A5DE7C
0x10A5E088,0x00000133,func,fn_10A5E088
0x10A5E1BB,0x0000009F,func,fn_10A5E1BB
0x10A5E25A,0x00000070,func,fn_10A5E25A
0x10A5E2CA,0x0000010B,func,fn_10A5E2CA
0x10A5E3D5,0x00000051,func,fn_10A5E3D5
0x10A5E426,0x0000006B,func,fn_10A5E426
0x10A5E491,0x0000001C,func,fn_10A5E491
0x10A5E4AD,0x0000006E,func,fn_10A5E4AD
0x10A5E51B,0x000000EE,func,fn_10A5E51B
0x10A5E609,0x00000073,func,fn_10A5E609
0x10A5E67C,0x0000002F,func,fn_10A5E67C
0x10A5E6AB,0x00000045,func,fn_10A5E6AB
0x10A5E6F0,0x00000030,func,fn_10A5E6F0
0x10A5E725,0x0000002C,func,fn_10A5E725
0x10A5E751,0x0000001C,func,fn_10A5E751
0x10A5E76D,0x00000055,func,fn_10A5E76D
0x10A5E7C2,0x00000031,func,fn_10A5E7C2
0x10A5E7F3,0x00000030,func,fn_10A5E7F3
0x10A5E823,0x000000AA,func,fn_10A5E823
0x10A5E8CD,0x0000005A,func,fn_10A5E8CD
0x10A5E927,0x00000060,func,fn_10A5E927
0x10A5E987,0x000000F0,func,fn_10A5E987
0x10A5EA93,0x00000013,func,fn_10A5EA93
0x10A5EAA6,0x00000043,func,fn_10A5EAA6
0x10A5EAE9,0x0000002E,func,fn_10A5EAE9
0x10A5EB17,0x00000072,func,fn_10A5EB17
0x10A5EB89,0x00000019,func,fn_10A5EB89
0x10A5EBA2,0x00000167,func,fn_10A5EBA2
0x10A5ED09,0x0000009E,func,fn_10A5ED09
0x10A5EDA7,0x00000059,func,fn_10A5EDA7
0x10A5EE00,0x0000003D,func,fn_10A5EE00
0x10A5EE3D,0x0000001B,func,fn_10A5EE3D
0x10A5EE58,0x00000094,func,fn_10A5EE58
0x10A5EEEC,0x00000033,func,fn_10A5EEEC
0x10A5EF1F,0x00000056,func,fn_10A5EF1F
0x10A5EF75,0x000000FE,func,fn_10A5EF75
0x10A5F073,0x000000BB,func,fn_10A5F073
0x10A5F12E,0x00000041,func,fn_10A5F12E
0x10A5F16F,0x00000009,func,fn_10A5F16F
0x10A5F178,0x00000060,func,fn_10A5F178
0x10A5F1D8,0x00000019,func,fn_10A5F1D8
0x10A5F1F1,0x00000159,func,fn_10A5F1F1
0x10A5F34A,0x00000022,func,fn_10A5F34A
0x10A5F37E,0x0000000A,func,fn_10A5F37E
0x10A5F388,0x0000001C,func,fn_10A5F388
0x10A5F3A4,0x00000038,func,fn_10A5F3A4
0x10A5F3DC,0x00000139,func,fn_10A5F3DC
0x10A5F515,0x00000016,func,fn_10A5F515
0x10A5F52B,0x000000E2,func,fn_10A5F52B
0x10A5F60D,0x0000002C,func,fn_10A5F60D
0x10A5F639,0x00000041,func,fn_10A5F639
0x10A5F67A,0x000000AB,func,fn_10A5F67A
0x10A5F725,0x00000044,func,fn_10A5F725
0x10A5F769,0x00000029,func,fn_10A5F769
0x10A5F792,0x00000028,func,fn_10A5F792
0x10A5F7BA,0x0000006F,func,fn_10A5F7BA
0x10A5F829,0x00000093,func,fn_10A5F829
0x10A5F8BC,0x00000045,func,fn_10A5F8BC
0x10A5F901,0x00000156,func,fn_10A5F901
0x10A5FA57,0x0000002D,func,fn_10A5FA57
0x10A5FA84,0x0000004D,func,fn_10A5FA84
0x10A5FAD1,0x0000007B,func,fn_10A5FAD1
0x10A5FB4C,0x00000035,func,fn_10A5FB4C
0x10A5FB81,0x00000038,func,fn_10A5FB81
0x10A5FBB9,0x0000011F,func,fn_10A5FBB9
0x10A5FCD8,0x0000001B,func,fn_10A5FCD8
0x10A5FCF3,0x00000056,func,fn_10A5FCF3
0x10A5FD49,0x00000080,func,fn_10A5FD49
0x10A5FDC9,0x00000054,func,fn_10A5FDC9
0x10A5FE1D,0x0000001E,func,fn_10A5FE1D
0x10A5FE3B,0x00000070,func,fn_10A5FE3B
0x10A5FEAB,0x0000001B,func,fn_10A5FEAB
0x10A5FEC6,0x00000013,func,fn_10A5FEC6
0x10A5FED9,0x00000155,func,fn_10A5FED9
0x10A6002E,0x00000007,func,fn_10A6002E
0x10A60035,0x000000E4,func,fn_10A60035
0x10A60119,0x00000244,func,fn_10A60119
0x10A6035D,0x0000001A,func,fn_10A6035D
0x10A60377,0x000000A2,func,fn_10A60377
0x10A60419,0x000000E6,func,fn_10A60419
0x10A604FF,0x00000035,func,fn_10A604FF
0x10A60534,0x0000001F,func,fn_10A60534
0x10A60553,0x0000000E,func,fn_10A60553
0x10A60561,0x0000002D,func,fn_10A60561
0x10A6058E,0x00000059,func,fn_10A6058E
0x10A605E7,0x00000015,func,fn_10A605E7
0x10A605FC,0x00000030,func,fn_10A605FC
0x10A6062C,0x000000BF,func,fn_10A6062C
0x10A606EB,0x000000C8,func,fn_10A606EB
0x10A607B3,0x0000003A,func,fn_10A607B3
0x10A607ED,0x00000015,func,fn_10A607ED
0x10A60802,0x00000039,func,fn_10A60802
0x10A6083B,0x00000123,func,fn_10A6083B
0x10A6095E,0x0000015C,func,fn_10A6095E
0x10A60ABA,0x00000121,func,fn_10A60ABA
0x10A60C1F,0x0000013C,func,fn_10A60C1F
0x10A60D5B,0x00000079,func,fn_10A60D5B
0x10A60DD4,0x00000182,func,fn_10A60DD4
0x10A60F56,0x000000D0,func,fn_10A60F56
0x10A61026,0x000000D7,func,fn_10A61026
0x10A610FD,0x00000100,func,fn_10A610FD
0x10A611FD,0x0000006B,func,fn_10A611FD
0x10A61268,0x00000035,func,fn_10A61268
0x10A6129D,0x00000009,func,fn_10A6129D
0x10A612A7,0x000000CA,func,fn_10A612A7
0x10A61371,0x00000144,func,fn_10A61371
0x10A614B5,0x000000F9,func,fn_10A614B5
0x10A615AE,0x00000024,func,fn_10A615AE
0x10A615D2,0x00000087,func,fn_10A615D2
0x10A61659,0x00000079,func,fn_10A61659
0x10A616D2,0x0000017F,func,fn_10A616D2
0x10A61851,0x000000B1,func,fn_10A61851
0x10A61902,0x00000489,func,fn_10A61902
0x10A61DC2,0x000002A8,func,fn_10A61DC2
0x10A6206A,0x00000155,func,fn_10A6206A
0x10A621E2,0x00000072,func,fn_10A621E2
0x10A62254,0x00000062,func,fn_10A62254
0x10A622B6,0x00000094,func,fn_10A622B6
0x10A6234A,0x00000123,func,fn_10A6234A
0x10A6246D,0x00000098,func,fn_10A6246D
0x10A62505,0x0000004F,func,fn_10A62505
0x10A62554,0x000000D4,func,fn_10A62554
0x10A62628,0x00000286,func,fn_10A62628
0x10A628AE,0x000000E4,func,fn_10A628AE
0x10A62992,0x00000392,func,fn_10A62992
0x10A62D24,0x0000008A,func,fn_10A62D24
0x10A62DAE,0x0000003A,func,fn_10A62DAE
0x10A62DE8,0x0000006F,func,fn_10A62DE8
0x10A62E57,0x00000043,func,fn_10A62E57
0x10A62E9A,0x00000093,func,fn_10A62E9A
0x10A62F2D,0x00000046,func,fn_10A62F2D
0x10A62F73,0x0000001E,func,fn_10A62F73
0x10A62F91,0x0000001E,func,fn_10A62F91
0x10A62FAF,0x00000082,func,fn_10A62FAF
0x10A63031,0x0000004C,func,fn_10A63031
0x10A6307D,0x0000017D,func,fn_10A6307D
0x10A631FA,0x00000165,func,fn_10A631FA
0x10A6335F,0x000000A3,func,fn_10A6335F
0x10A63402,0x0000005F,func,fn_10A63402
0x10A63461,0x00000247,func,fn_10A63461
0x10A636A8,0x000001AC,func,fn_10A636A8
0x10A63854,0x00000023,func,fn_10A63854
0x10A63877,0x00000049,func,fn_10A63877
0x10A638C0,0x000000D2,func,fn_10A638C0
0x10A63992,0x000000D3,func,fn_10A63992
0x10A63A65,0x0000010F,func,fn_10A63A65
0x10A63B74,0x00000054,func,fn_10A63B74
0x10A63BC8,0x0000006F,func,fn_10A63BC8
0x10A63C37,0x00000065,func,fn_10A63C37
0x10A63C9C,0x0000004E,func,fn_10A63C9C
0x10A63CEA,0x0000002E,func,fn_10A63CEA
0x10A63D18,0x00000007,func,fn_10A63D18
0x10A63D1F,0x00000008,func,fn_10A63D1F
0x10A63D27,0x00000017,func,fn_10A63D27
0x10A63D3E,0x00000017,func,fn_10A63D3E
0x10A63D55,0x00000069,func,fn_10A63D55
0x10A63DBF,0x00000074,func,fn_10A63DBF
0x10A63E33,0x0000001A,func,fn_10A63E33
0x10A63E4D,0x0000004C,func,fn_10A63E4D
0x10A63E99,0x00000016,func,fn_10A63E99
0x10A63EAF,0x0000000C,func,fn_10A63EAF
0x10A63ECD,0x0000000D,func,fn_10A63ECD
0x10A63EE3,0x0000004E,func,fn_10A63EE3
0x10A63F31,0x0000002E,func,fn_10A63F31
0x10A63F5F,0x0000002E,func,fn_10A63F5F
0x10A63F8D,0x0000001E,func,fn_10A63F8D
0x10A63FAB,0x00000023,func,fn_10A63FAB
0x10A63FCE,0x00000015,func,fn_10A63FCE
0x10A63FE3,0x00000059,func,fn_10A63FE3
0x10A6403C,0x0000009D,func,fn_10A6403C
0x10A640D9,0x00000149,func,fn_10A640D9
0x10A64250,0x00000010,func,fn_10A64250
0x10A64260,0x0000002F,func,fn_10A64260
0x10A6428F,0x0000000E,func,fn_10A6428F
0x10A6429D,0x0000001A,func,fn_10A6429D
0x10A642B7,0x0000001B,func,fn_10A642B7
0x10A642D2,0x00000004,func,fn_10A642D2
0x10A642F3,0x00000005,func,fn_10A642F3
0x10A642F8,0x00000040,func,fn_10A642F8
0x10A64338,0x00000033,func,fn_10A64338
0x10A6436B,0x00000056,func,fn_10A6436B
0x10A643C1,0x0000001B,func,fn_10A643C1
0x10A643DC,0x0000000F,func,fn_10A643DC
0x10A643EB,0x00000023,func,fn_10A643EB
0x10A64461,0x00000002,func,fn_10A64461
0x10A64473,0x0000000B,func,fn_10A64473
0x10A6447E,0x00000005,func,fn_10A6447E
0x10A64499,0x0000000C,func,fn_10A64499
0x10A644A5,0x00000005,func,fn_10A644A5
0x10A644C0,0x0000000C,func,fn_10A644C0
0x10A644CC,0x00000035,func,fn_10A644CC
0x10A64501,0x00000051,func,fn_10A64501
0x10A64552,0x0000005A,func,fn_10A64552
0x10A645AC,0x00000037,func,fn_10A645AC
0x10A645E3,0x00000048,func,fn_10A645E3
0x10A6465B,0x00000002,func,fn_10A6465B
0x10A6466D,0x0000000B,func,fn_10A6466D
0x10A64678,0x00000060,func,fn_10A64678
0x10A646D8,0x0000002A,func,fn_10A646D8
0x10A64702,0x0000007E,func,fn_10A64702
0x10A64780,0x00000044,func,fn_10A64780
0x10A647C4,0x0000001A,func,fn_10A647C4
0x10A647DE,0x00000012,func,fn_10A647DE
0x10A647F0,0x00000097,func,fn_10A647F0
0x10A64887,0x00000022,func,fn_10A64887
0x10A648E0,0x00000020,func,fn_10A648E0
0x10A64900,0x0000002A,func,fn_10A64900
0x10A6492A,0x00000012,func,fn_10A6492A
0x10A6493C,0x00000012,func,fn_10A6493C
0x10A6494E,0x00000012,func,fn_10A6494E
0x10A64960,0x00000046,func,fn_10A64960
0x10A649A6,0x000000AD,func,fn_10A649A6
0x10A64A53,0x00000078,func,fn_10A64A53
0x10A64ACB,0x0000004E,func,fn_10A64ACB
0x10A64B19,0x00000048,func,fn_10A64B19
0x10A64B61,0x00000019,func,fn_10A64B61
0x10A64B7A,0x0000001A,func,fn_10A64B7A
0x10A64B94,0x0000002D,func,fn_10A64B94
0x10A64BC1,0x00000058,func,fn_10A64BC1
0x10A64C51,0x00000063,func,fn_10A64C51
0x10A64CB4,0x00000044,func,fn_10A64CB4
0x10A64CF8,0x00000022,func,fn_10A64CF8
0x10A64D1A,0x0000005A,func,fn_10A64D1A
0x10A64D74,0x00000012,func,fn_10A64D74
0x10A64D86,0x000000A7,func,fn_10A64D86
0x10A64E2D,0x00000045,func,fn_10A64E2D
0x10A64E72,0x00000072,func,fn_10A64E72
0x10A64F41,0x00000029,func,fn_10A64F41
0x10A64F6A,0x00000144,func,fn_10A64F6A
0x10A650AE,0x000001F3,func,fn_10A650AE
0x10A652A1,0x00000021,func,fn_10A652A1
0x10A652C2,0x00000019,func,fn_10A652C2
0x10A652DB,0x00000024,func,fn_10A652DB
0x10A653C1,0x00000012,func,fn_10A653C1
0x10A653D3,0x00000068,func,fn_10A653D3
0x10A6543B,0x00000144,func,fn_10A6543B
0x10A6557F,0x00000036,func,fn_10A6557F
0x10A655B5,0x00000028,func,fn_10A655B5
0x10A65607,0x00000050,func,fn_10A65607
0x10A65657,0x00000012,func,fn_10A65657
0x10A65669,0x00000028,func,fn_10A65669
0x10A65691,0x0000002B,func,fn_10A65691
0x10A656BC,0x0000001F,func,fn_10A656BC
0x10A656DB,0x00000030,func,fn_10A656DB
0x10A6570B,0x0000003A,func,fn_10A6570B
0x10A65745,0x0000001C,func,fn_10A65745
0x10A65761,0x00000032,func,fn_10A65761
0x10A65793,0x0000001B,func,fn_10A65793
0x10A657AE,0x00000053,func,fn_10A657AE
0x10A65801,0x0000006F,func,fn_10A65801
0x10A65870,0x0000004F,func,fn_10A65870
0x10A658C0,0x0000002F,func,fn_10A658C0
0x10A658EF,0x00000026,func,fn_10A658EF
0x10A65915,0x0000001C,func,fn_10A65915
0x10A65931,0x00000043,func,fn_10A65931
0x10A65974,0x0000002A,func,fn_10A65974
0x10A6599E,0x0000001D,func,fn_10A6599E
0x10A659BB,0x00000026,func,fn_10A659BB
0x10A659E1,0x00000167,func,fn_10A659E1
0x10A65B7E,0x00000019,func,fn_10A65B7E
0x10A65B97,0x00000112,func,fn_10A65B97
0x10A65CA9,0x00000015,func,fn_10A65CA9
0x10A65CBE,0x00000612,func,fn_10A65CBE
0x10A662D0,0x00000072,func,fn_10A662D0
0x10A66342,0x00000004,func,fn_10A66342
0x10A66346,0x00000030,func,fn_10A66346
0x10A66376,0x00000033,func,fn_10A66376
0x10A663A9,0x00000019,func,fn_10A663A9
0x10A663C2,0x0000005D,func,fn_10A663C2
0x10A6641F,0x0000002C,func,fn_10A6641F
0x10A6644B,0x0000001E,func,fn_10A6644B
0x10A66469,0x0000003A,func,fn_10A66469
0x10A664A3,0x0000001C,func,fn_10A664A3
0x10A664BF,0x0000008B,func,fn_10A664BF
0x10A6654A,0x00000058,func,fn_10A6654A
0x10A665A2,0x000000D6,func,fn_10A665A2
0x10A66678,0x00000085,func,fn_10A66678
0x10A666FD,0x000000B0,func,fn_10A666FD
0x10A667AD,0x00000156,func,fn_10A667AD
0x10A66903,0x00000078,func,fn_10A66903
0x10A6697B,0x0000002D,func,fn_10A6697B
0x10A669A8,0x000001D0,func,fn_10A669A8
0x10A66B78,0x00000052,func,fn_10A66B78
0x10A66BCA,0x00000167,func,fn_10A66BCA
0x10A66D31,0x00000096,func,fn_10A66D31
0x10A66DC7,0x0000007E,func,fn_10A66DC7
0x10A66E45,0x0000005F,func,fn_10A66E45
0x10A66EA4,0x000000A0,func,fn_10A66EA4
0x10A66F44,0x00000057,func,fn_10A66F44
0x10A66F9B,0x00000085,func,fn_10A66F9B
0x10A67020,0x000001AA,func,fn_10A67020
0x10A671CA,0x00000085,func,fn_10A671CA
0x10A6724F,0x00000032,func,fn_10A6724F
0x10A67281,0x00000005,func,fn_10A67281
0x10A67286,0x00000080,func,fn_10A67286
0x10A67306,0x00000049,func,fn_10A67306
0x10A6734F,0x00000046,func,fn_10A6734F
0x10A67395,0x0000004E,func,fn_10A67395
0x10A673E3,0x0000020A,func,fn_10A673E3
0x10A675ED,0x0000010B,func,fn_10A675ED
0x10A676F8,0x0000000B,func,fn_10A676F8
0x10A67703,0x00000023,func,fn_10A67703
0x10A67726,0x00000021,func,fn_10A67726
0x10A67747,0x00000036,func,fn_10A67747
0x10A6777D,0x00000014,func,fn_10A6777D
0x10A67792,0x00000006,func,fn_10A67792
0x10A677A0,0x0000002B,func,fn_10A677A0
0x10A677D0,0x00000095,func,fn_10A677D0
0x10A67870,0x00000034,func,fn_10A67870
0x10A678A4,0x00000006,func,fn_10A678A4
0x10A678B0,0x0000001F,func,fn_10A678B0
0x10A678D0,0x0000001F,func,fn_10A678D0
0x10A678F0,0x00000021,func,fn_10A678F0
0x10A67920,0x000000B2,func,fn_10A67920
0x10A679E0,0x00000075,func,fn_10A679E0
0x10A67A60,0x000000AA,func,fn_10A67A60
0x10A67B10,0x00000068,func,fn_10A67B10
0x10A67B78,0x0000004C,func,fn_10A67B78
0x10A67BD0,0x00000045,func,fn_10A67BD0
0x10A67C15,0x00000014,func,fn_10A67C15
0x10A67C29,0x00000025,func,fn_10A67C29
0x10A67C50,0x000000AB,func,fn_10A67C50
0x10A67D00,0x00000048,func,fn_10A67D00
0x10A67D48,0x0000000F,func,fn_10A67D48
0x10A67D70,0x00000016,func,fn_10A67D70
0x10A67DA8,0x00000098,func,fn_10A67DA8
0x10A67E40,0x00000009,func,fn_10A67E40
0x10A67E49,0x00000017,func,fn_10A67E49
0x10A67E60,0x00000026,func,fn_10A67E60
0x10A67E86,0x00000026,func,fn_10A67E86
0x10A67EB0,0x00000035,func,fn_10A67EB0
0x10A67EF0,0x00000044,func,fn_10A67EF0
0x10A67F40,0x000000BC,func,fn_10A67F40
0x10A67FFC,0x000000B3,func,fn_10A67FFC
0x10A680AF,0x00000106,func,fn_10A680AF
0x10A681B5,0x0000005E,func,fn_10A681B5
0x10A68213,0x0000004B,func,fn_10A68213
0x10A6825E,0x00000018,func,fn_10A6825E
0x10A68276,0x00000016,func,fn_10A68276
0x10A6828C,0x00000051,func,fn_10A6828C
0x10A6861B,0x00000058,func,fn_10A6861B
0x10A68673,0x00000058,func,fn_10A68673
0x10A686CB,0x00000058,func,fn_10A686CB
0x10A68723,0x00000058,func,fn_10A68723
0x10A6877B,0x00000058,func,fn_10A6877B
0x10A688EC,0x0000000F,func,fn_10A688EC
0x10A689BA,0x00001260,func,fn_10A689BA
0x10A69DD5,0x00000015,func,fn_10A69DD5
0x10A01D9A,0x00000008,data,wstr_10A01D9A
0x10A01DD4,0x00000008,data,wstr_10A01DD4
0x10A01DE2,0x00000008,data,wstr_10A01DE2
0x10A01E14,0x00000008,data,wstr_10A01E14
0x10A01E30,0x00000008,data,wstr_10A01E30
0x10A01E46,0x00000008,data,wstr_10A01E46
0x10A03236,0x00000008,data,wstr_10A03236
0x10A03250,0x0000000A,data,wstr_10A03250
0x10A03278,0x0000000A,data,wstr_10A03278
0x10A03290,0x0000000E,data,wstr_10A03290
0x10A0329E,0x00000008,data,wstr_10A0329E
0x10A033BC,0x0000000C,data,wstr_10A033BC
0x10A033F0,0x00000008,data,wstr_10A033F0
0x10A0347C,0x0000000A,data,wstr_10A0347C
0x10A034A2,0x0000000A,data,wstr_10A034A2
0x10A034C8,0x0000000C,data,wstr_10A034C8
0x10A03818,0x00000011,data,str_10A03818
0x10A0382C,0x00000014,data,str_10A0382C
0x10A03840,0x00000009,data,str_10A03840
0x10A0384C,0x0000000C,data,str_10A0384C
0x10A0385C,0x0000000D,data,str_10A0385C
0x10A038A9,0x00000004,data,str_10A038A9
0x10A038B4,0x00000015,data,str_10A038B4
0x10A038D0,0x00000004,data,str_10A038D0
0x10A038D4,0x00000004,data,str_10A038D4
0x10A038F8,0x00000004,data,str_10A038F8
0x10A03908,0x00000005,data,str_10A03908
0x10A03910,0x00000004,data,str_10A03910
0x10A03914,0x00000005,data,str_10A03914
0x10A0391C,0x00000005,data,str_10A0391C
0x10A03924,0x00000004,data,str_10A03924
0x10A03928,0x00000006,data,str_10A03928
0x10A03930,0x00000005,data,str_10A03930
0x10A03938,0x00000006,data,str_10A03938
0x10A03940,0x00000005,data,str_10A03940
0x10A03948,0x00000005,data,str_10A03948
0x10A03950,0x00000004,data,str_10A03950
0x10A03954,0x00000005,data,str_10A03954
0x10A0395C,0x00000004,data,str_10A0395C
0x10A03960,0x00000005,data,str_10A03960
0x10A03968,0x00000004,data,str_10A03968
0x10A0396C,0x00000004,data,str_10A0396C
0x10A03970,0x00000004,data,str_10A03970
0x10A03974,0x00000005,data,str_10A03974
0x10A0397C,0x00000004,data,str_10A0397C
0x10A03980,0x00000005,data,str_10A03980
0x10A03988,0x00000004,data,str_10A03988
0x10A0398C,0x00000005,data,str_10A0398C
0x10A03994,0x00000004,data,str_10A03994
0x10A03998,0x00000005,data,str_10A03998
0x10A039A0,0x00000004,data,str_10A039A0
0x10A039A4,0x00000004,data,str_10A039A4
0x10A039AC,0x00000005,data,str_10A039AC
0x10A039B4,0x00000004,data,str_10A039B4
0x10A039B8,0x00000004,data,str_10A039B8
0x10A039BC,0x00000004,data,str_10A039BC
0x10A039C4,0x00000004,data,str_10A039C4
0x10A039C8,0x00000004,data,str_10A039C8
0x10A039D0,0x00000005,data,str_10A039D0
0x10A039D8,0x00000008,data,str_10A039D8
0x10A039E8,0x00000006,data,str_10A039E8
0x10A039F4,0x00000039,data,str_10A039F4
0x10A03A30,0x00000005,data,str_10A03A30
0x10A03A71,0x00000007,data,str_10A03A71
0x10A03A94,0x0000000D,data,str_10A03A94
0x10A03AA4,0x0000000B,data,str_10A03AA4
0x10A03AB0,0x0000000C,data,str_10A03AB0
0x10A03ABC,0x0000000A,data,str_10A03ABC
0x10A03AC8,0x0000000B,data,str_10A03AC8
0x10A03AD4,0x00000009,data,str_10A03AD4
0x10A03AE0,0x0000000A,data,str_10A03AE0
0x10A03AEC,0x00000008,data,str_10A03AEC
0x10A03AF4,0x0000000B,data,str_10A03AF4
0x10A03B00,0x00000009,data,str_10A03B00
0x10A03B0C,0x0000000A,data,str_10A03B0C
0x10A03B18,0x00000008,data,str_10A03B18
0x10A03B20,0x0000000A,data,str_10A03B20
0x10A03B2C,0x00000008,data,str_10A03B2C
0x10A03B34,0x00000009,data,str_10A03B34
0x10A03B40,0x00000007,data,str_10A03B40
0x10A03CB0,0x00000014,data,str_10A03CB0
0x10A03CC4,0x0000001C,data,str_10A03CC4
0x10A03D00,0x0000000A,data,str_10A03D00
0x10A03D0C,0x00000009,data,str_10A03D0C
0x10A03D18,0x00000008,data,str_10A03D18
0x10A03D20,0x0000000D,data,str_10A03D20
0x10A03D30,0x0000000A,data,str_10A03D30
0x10A03D3C,0x0000000A,data,str_10A03D3C
0x10A03D48,0x00000007,data,str_10A03D48
0x10A03D50,0x0000000C,data,str_10A03D50
0x10A03D5C,0x00000009,data,str_10A03D5C
0x10A03D68,0x0000000D,data,str_10A03D68
0x10A03D78,0x0000000D,data,str_10A03D78
0x10A03D88,0x0000000D,data,str_10A03D88
0x10A03D98,0x0000000D,data,str_10A03D98
0x10A03DA8,0x0000000C,data,str_10A03DA8
0x10A03DB4,0x0000000A,data,str_10A03DB4
0x10A03DC0,0x0000000B,data,str_10A03DC0
0x10A03DCC,0x00000007,data,str_10A03DCC
0x10A03DD4,0x0000000A,data,str_10A03DD4
0x10A03DE0,0x00000006,data,str_10A03DE0
0x10A03DE8,0x00000008,data,str_10A03DE8
0x10A03DF0,0x0000000A,data,str_10A03DF0
0x10A03DFC,0x0000000A,data,str_10A03DFC
0x10A03E08,0x0000000A,data,str_10A03E08
0x10A03E14,0x0000000A,data,str_10A03E14
0x10A03E20,0x0000000A,data,str_10A03E20
0x10A03E2C,0x00000009,data,str_10A03E2C
0x10A03E38,0x00000009,data,str_10A03E38
0x10A03E44,0x00000007,data,str_10A03E44
0x10A03E4C,0x00000007,data,str_10A03E4C
0x10A03E54,0x00000007,data,str_10A03E54
0x10A03E5C,0x00000007,data,str_10A03E5C
0x10A03E64,0x00000008,data,str_10A03E64
0x10A03E6C,0x00000008,data,str_10A03E6C
0x10A03E74,0x00000007,data,str_10A03E74
0x10A03E7C,0x00000007,data,str_10A03E7C
0x10A03E84,0x0000000A,data,str_10A03E84
0x10A03E90,0x00000007,data,str_10A03E90
0x10A03E98,0x0000000A,data,str_10A03E98
0x10A03EA4,0x00000008,data,str_10A03EA4
0x10A03EAC,0x00000007,data,str_10A03EAC
0x10A03EB4,0x00000007,data,str_10A03EB4
0x10A03EBC,0x00000007,data,str_10A03EBC
0x10A03EC4,0x00000006,data,str_10A03EC4
0x10A03ECC,0x00000007,data,str_10A03ECC
0x10A03ED4,0x00000007,data,str_10A03ED4
0x10A03EDC,0x00000007,data,str_10A03EDC
0x10A03EE4,0x00000006,data,str_10A03EE4
0x10A03EEC,0x00000006,data,str_10A03EEC
0x10A03EF4,0x00000006,data,str_10A03EF4
0x10A03EFC,0x00000006,data,str_10A03EFC
0x10A03F04,0x00000006,data,str_10A03F04
0x10A03F0C,0x00000006,data,str_10A03F0C
0x10A03F14,0x00000005,data,str_10A03F14
0x10A03F1C,0x00000019,data,str_10A03F1C
0x10A041E5,0x00000008,data,str_10A041E5
0x10A04284,0x00000011,data,str_10A04284
0x10A042A4,0x00000021,data,str_10A042A4
0x10A04314,0x00000019,data,str_10A04314
0x10A04330,0x00000017,data,str_10A04330
0x10A04348,0x00000018,data,str_10A04348
0x10A04360,0x00000015,data,str_10A04360
0x10A0438C,0x00000010,data,str_10A0438C
0x10A0439C,0x00000018,data,str_10A0439C
0x10A043C8,0x00000013,data,str_10A043C8
0x10A043EC,0x00000012,data,str_10A043EC
0x10A04444,0x00000011,data,str_10A04444
0x10A04458,0x00000011,data,str_10A04458
0x10A045A0,0x0000000D,data,str_10A045A0
0x10A0461D,0x0000000D,data,str_10A0461D
0x10A047C4,0x00000011,data,str_10A047C4
0x10A04E48,0x0000001A,data,str_10A04E48
0x10A04EAC,0x00000020,data,str_10A04EAC
0x10A04ED4,0x0000001A,data,str_10A04ED4
0x10A04F08,0x00000019,data,str_10A04F08
0x10A04F24,0x00000013,data,str_10A04F24
0x10A04F38,0x0000001F,data,str_10A04F38
0x10A04F58,0x00000005,data,str_10A04F58
0x10A050D4,0x0000000A,data,str_10A050D4
0x10A050E0,0x00000010,data,str_10A050E0
0x10A050F0,0x0000000C,data,str_10A050F0
0x10A050FC,0x00000011,data,str_10A050FC
0x10A0514C,0x00000013,data,str_10A0514C
0x10A05184,0x00000009,data,str_10A05184
0x10A051B0,0x00000008,data,str_10A051B0
0x10A0527C,0x0000000D,data,str_10A0527C
0x10A0536C,0x00000006,data,str_10A0536C
0x10A05420,0x0000001C,data,str_10A05420
0x10A0555C,0x00000012,data,str_10A0555C
0x10A0559C,0x00000015,data,str_10A0559C
0x10A055B4,0x00000014,data,str_10A055B4
0x10A055E4,0x0000000B,data,str_10A055E4
0x10A055F0,0x0000000A,data,str_10A055F0
0x10A055FC,0x0000000A,data,str_10A055FC
0x10A0567C,0x00000005,data,str_10A0567C
0x10A05694,0x00000016,data,str_10A05694
0x10A056C0,0x0000000C,data,str_10A056C0
0x10A05708,0x00000018,data,str_10A05708
0x10A05738,0x00000012,data,str_10A05738
0x10A05759,0x00000017,data,str_10A05759
0x10A05770,0x00000022,data,str_10A05770
0x10A057B0,0x00000013,data,str_10A057B0
0x10A057C4,0x00000013,data,str_10A057C4
0x10A057EC,0x00000024,data,str_10A057EC
0x10A05810,0x00000026,data,str_10A05810
0x10A05850,0x00000012,data,str_10A05850
0x10A0588C,0x00000006,data,str_10A0588C
0x10A05910,0x0000001E,data,str_10A05910
0x10A05958,0x00000006,data,str_10A05958
0x10A05960,0x00000007,data,str_10A05960
0x10A05968,0x00000006,data,str_10A05968
0x10A05970,0x00000006,data,str_10A05970
0x10A05978,0x00000006,data,str_10A05978
0x10A05980,0x00000006,data,str_10A05980
0x10A05988,0x00000009,data,str_10A05988
0x10A05A18,0x00000012,data,str_10A05A18
0x10A05A2C,0x00000012,data,str_10A05A2C
0x10A05AC4,0x00000024,data,wstr_10A05AC4
0x10A05B68,0x00000013,data,str_10A05B68
0x10A05C58,0x00000005,data,str_10A05C58
0x10A05C60,0x00000004,data,str_10A05C60
0x10A05C68,0x00000004,data,str_10A05C68
0x10A05C6C,0x00000004,data,str_10A05C6C
0x10A05C74,0x00000006,data,str_10A05C74
0x10A05C7C,0x00000012,data,str_10A05C7C
0x10A05C90,0x00000009,data,str_10A05C90
0x10A05C9C,0x00000008,data,str_10A05C9C
0x10A05CA4,0x00000006,data,str_10A05CA4
0x10A05CAC,0x0000000A,data,str_10A05CAC
0x10A05CB8,0x00000005,data,str_10A05CB8
0x10A05CC0,0x00000008,data,str_10A05CC0
0x10A05CC8,0x0000000A,data,str_10A05CC8
0x10A05CD4,0x00000004,data,str_10A05CD4
0x10A05CD8,0x00000006,data,str_10A05CD8
0x10A05CE0,0x00000007,data,str_10A05CE0
0x10A05CE8,0x00000009,data,str_10A05CE8
0x10A05CF4,0x0000000E,data,str_10A05CF4
0x10A05D04,0x00000011,data,str_10A05D04
0x10A05D18,0x0000000C,data,str_10A05D18
0x10A05D24,0x0000000C,data,str_10A05D24
0x10A05D30,0x00000010,data,str_10A05D30
0x10A05D40,0x0000000E,data,str_10A05D40
0x10A05D50,0x00000012,data,str_10A05D50
0x10A05D64,0x00000009,data,str_10A05D64
0x10A05D70,0x00000016,data,str_10A05D70
0x10A05D88,0x0000000A,data,str_10A05D88
0x10A05D94,0x00000017,data,str_10A05D94
0x10A05DAC,0x00000008,data,str_10A05DAC
0x10A05DB4,0x0000000C,data,str_10A05DB4
0x10A05DC0,0x0000000A,data,str_10A05DC0
0x10A05DCC,0x00000009,data,str_10A05DCC
0x10A05DD8,0x0000000D,data,str_10A05DD8
0x10A05DE8,0x0000000B,data,str_10A05DE8
0x10A05DF4,0x0000000F,data,str_10A05DF4
0x10A05E08,0x00000006,data,str_10A05E08
0x10A05E10,0x00000008,data,str_10A05E10
0x10A05E18,0x00000004,data,str_10A05E18
0x10A05E20,0x00000005,data,str_10A05E20
0x10A05E28,0x00000007,data,str_10A05E28
0x10A05E34,0x00000008,data,str_10A05E34
0x10A05E3C,0x0000000A,data,str_10A05E3C
0x10A05E48,0x00000008,data,str_10A05E48
0x10A05E50,0x0000000A,data,str_10A05E50
0x10A05E5C,0x00000006,data,str_10A05E5C
0x10A05E64,0x0000000A,data,str_10A05E64
0x10A05E70,0x00000006,data,str_10A05E70
0x10A05E78,0x00000007,data,str_10A05E78
0x10A05E84,0x0000002E,data,str_10A05E84
0x10A05EB4,0x00000007,data,str_10A05EB4
0x10A05EBC,0x00000006,data,str_10A05EBC
0x10A05EC4,0x00000007,data,str_10A05EC4
0x10A05ECC,0x00000004,data,str_10A05ECC
0x10A05ED0,0x00000004,data,str_10A05ED0
0x10A05ED4,0x00000004,data,str_10A05ED4
0x10A05ED8,0x0000000F,data,str_10A05ED8
0x10A05F00,0x0000000D,data,str_10A05F00
0x10A05F14,0x0000002C,data,str_10A05F14
0x10A05F68,0x0000002E,data,str_10A05F68
0x10A05F9C,0x00000008,data,wstr_10A05F9C
0x10A05FA4,0x00000004,data,str_10A05FA4
0x10A05FA8,0x0000000A,data,str_10A05FA8
0x10A05FB4,0x00000034,data,str_10A05FB4
0x10A05FEC,0x00000006,data,str_10A05FEC
0x10A05FF4,0x00000007,data,str_10A05FF4
0x10A05FFC,0x0000000A,data,str_10A05FFC
0x10A06008,0x00000008,data,str_10A06008
0x10A06010,0x00000007,data,str_10A06010
0x10A06018,0x00000009,data,str_10A06018
0x10A06024,0x00000007,data,str_10A06024
0x10A0602C,0x00000008,data,str_10A0602C
0x10A06034,0x00000006,data,str_10A06034
0x10A0603C,0x00000005,data,str_10A0603C
0x10A06044,0x00000005,data,str_10A06044
0x10A0604C,0x00000008,data,str_10A0604C
0x10A06054,0x00000005,data,str_10A06054
0x10A0605C,0x00000008,data,str_10A0605C
0x10A06064,0x00000006,data,str_10A06064
0x10A0606C,0x0000000C,data,str_10A0606C
0x10A06088,0x00000005,data,str_10A06088
0x10A060C3,0x00000005,data,str_10A060C3
0x10A06135,0x00000005,data,str_10A06135
0x10A06164,0x00000005,data,str_10A06164
0x10A062C0,0x00000004,data,str_10A062C0
0x10A062D4,0x00000004,data,str_10A062D4
0x10A062F0,0x00000005,data,str_10A062F0
0x10A062F8,0x00000005,data,str_10A062F8
0x10A06300,0x00000005,data,str_10A06300
0x10A063BC,0x0000000A,data,str_10A063BC
0x10A063C8,0x00000009,data,str_10A063C8
0x10A063D4,0x00000009,data,str_10A063D4
0x10A063E0,0x00000014,data,str_10A063E0
0x10A063F4,0x00000010,data,str_10A063F4
0x10A06404,0x00000014,data,str_10A06404
0x10A06418,0x00000006,data,str_10A06418
0x10A06420,0x0000001A,data,str_10A06420
0x10A0643C,0x00000016,data,str_10A0643C
0x10A06454,0x00000012,data,str_10A06454
0x10A06468,0x00000012,data,str_10A06468
0x10A0647C,0x00000013,data,str_10A0647C
0x10A06490,0x00000014,data,str_10A06490
0x10A064A4,0x00000014,data,str_10A064A4
0x10A064B8,0x00000011,data,str_10A064B8
0x10A064CC,0x00000008,data,str_10A064CC
0x10A064D4,0x00000004,data,str_10A064D4
0x10A064D8,0x00000005,data,str_10A064D8
0x10A064E0,0x0000000E,data,str_10A064E0
0x10A064F0,0x00000011,data,str_10A064F0
0x10A06504,0x0000000C,data,str_10A06504
0x10A06510,0x0000000A,data,str_10A06510
0x10A0651C,0x00000005,data,str_10A0651C
0x10A06524,0x0000000D,data,str_10A06524
0x10A06534,0x0000000C,data,str_10A06534
0x10A06540,0x0000000D,data,str_10A06540
0x10A06550,0x0000000E,data,str_10A06550
0x10A06560,0x00000004,data,str_10A06560
0x10A06564,0x00000004,data,str_10A06564
0x10A06568,0x00000008,data,str_10A06568
0x10A06570,0x0000000F,data,str_10A06570
0x10A06580,0x00000009,data,str_10A06580
0x10A0658C,0x00000023,data,str_10A0658C
0x10A065B0,0x0000000E,data,str_10A065B0
0x10A065C0,0x0000000E,data,str_10A065C0
0x10A065D0,0x00000018,data,str_10A065D0
0x10A065E8,0x00000010,data,str_10A065E8
0x10A065F8,0x0000000E,data,str_10A065F8
0x10A06608,0x00000009,data,str_10A06608
0x10A06614,0x00000005,data,str_10A06614
0x10A0661C,0x0000000A,data,str_10A0661C
0x10A06628,0x00000004,data,str_10A06628
0x10A0662C,0x00000009,data,str_10A0662C
0x10A06638,0x00000009,data,str_10A06638
0x10A06644,0x00000004,data,str_10A06644
0x10A06648,0x00000005,data,str_10A06648
0x10A06650,0x00000005,data,str_10A06650
0x10A06658,0x00000004,data,str_10A06658
0x10A0665C,0x00000004,data,str_10A0665C
0x10A06660,0x00000005,data,str_10A06660
0x10A06668,0x00000004,data,str_10A06668
0x10A0666C,0x00000005,data,str_10A0666C
0x10A06674,0x0000001A,data,str_10A06674
0x10A06690,0x0000000D,data,str_10A06690
0x10A066A0,0x00000006,data,str_10A066A0
0x10A066A8,0x00000006,data,str_10A066A8
0x10A066B0,0x00000006,data,str_10A066B0
0x10A066B8,0x0000000A,data,str_10A066B8
0x10A066C4,0x00000008,data,str_10A066C4
0x10A066CC,0x0000000A,data,str_10A066CC
0x10A066D8,0x00000004,data,str_10A066D8
0x10A066DC,0x00000004,data,str_10A066DC
0x10A066E0,0x00000004,data,str_10A066E0
0x10A066E4,0x00000004,data,str_10A066E4
0x10A066E8,0x00000004,data,str_10A066E8
0x10A066EC,0x00000004,data,str_10A066EC
0x10A066F0,0x00000004,data,str_10A066F0
0x10A066F4,0x00000004,data,str_10A066F4
0x10A066F8,0x00000005,data,str_10A066F8
0x10A06700,0x00000004,data,str_10A06700
0x10A06704,0x0000000A,data,str_10A06704
0x10A06710,0x00000004,data,str_10A06710
0x10A06714,0x00000005,data,str_10A06714
0x10A0671C,0x00000005,data,str_10A0671C
0x10A06724,0x00000004,data,str_10A06724
0x10A06728,0x00000005,data,str_10A06728
0x10A06730,0x00000005,data,str_10A06730
0x10A06738,0x00000005,data,str_10A06738
0x10A06740,0x00000004,data,str_10A06740
0x10A06744,0x00000004,data,str_10A06744
0x10A06748,0x00000004,data,str_10A06748
0x10A0674C,0x00000004,data,str_10A0674C
0x10A06750,0x00000004,data,str_10A06750
0x10A06754,0x00000004,data,str_10A06754
0x10A06758,0x00000005,data,str_10A06758
0x10A06760,0x00000011,data,str_10A06760
0x10A06774,0x0000000F,data,str_10A06774
0x10A06784,0x0000000E,data,str_10A06784
0x10A06794,0x0000000A,data,str_10A06794
0x10A067A0,0x00000009,data,str_10A067A0
0x10A067AC,0x0000000E,data,str_10A067AC
0x10A067BC,0x0000000D,data,str_10A067BC
0x10A067CC,0x00000004,data,str_10A067CC
0x10A067D0,0x00000005,data,str_10A067D0
0x10A067D8,0x00000004,data,str_10A067D8
0x10A067DC,0x00000005,data,str_10A067DC
0x10A067E4,0x00000005,data,str_10A067E4
0x10A067EC,0x00000004,data,str_10A067EC
0x10A067F0,0x00000005,data,str_10A067F0
0x10A067F8,0x00000005,data,str_10A067F8
0x10A06800,0x00000005,data,str_10A06800
0x10A06808,0x00000005,data,str_10A06808
0x10A06810,0x00000005,data,str_10A06810
0x10A06818,0x00000005,data,str_10A06818
0x10A06820,0x00000005,data,str_10A06820
0x10A06828,0x00000004,data,str_10A06828
0x10A0682C,0x00000005,data,str_10A0682C
0x10A06834,0x00000005,data,str_10A06834
0x10A0683C,0x00000004,data,str_10A0683C
0x10A06840,0x00000005,data,str_10A06840
0x10A06848,0x00000004,data,str_10A06848
0x10A0684C,0x00000006,data,str_10A0684C
0x10A06854,0x00000004,data,str_10A06854
0x10A06858,0x00000006,data,str_10A06858
0x10A06860,0x00000006,data,str_10A06860
0x10A06868,0x00000005,data,str_10A06868
0x10A06870,0x0000000C,data,str_10A06870
0x10A0687C,0x0000000C,data,str_10A0687C
0x10A06888,0x00000008,data,str_10A06888
0x10A06890,0x0000001C,data,str_10A06890
0x10A068AC,0x0000001B,data,str_10A068AC
0x10A068C8,0x00000005,data,str_10A068C8
0x10A068D0,0x00000005,data,str_10A068D0
0x10A068D8,0x00000005,data,str_10A068D8
0x10A068E0,0x00000005,data,str_10A068E0
0x10A068F0,0x00000005,data,str_10A068F0
0x10A068F8,0x00000004,data,str_10A068F8
0x10A068FC,0x00000005,data,str_10A068FC
0x10A06904,0x00000005,data,str_10A06904
0x10A0690C,0x00000005,data,str_10A0690C
0x10A06914,0x00000004,data,str_10A06914
0x10A06918,0x00000004,data,str_10A06918
0x10A06920,0x00000004,data,str_10A06920
0x10A06924,0x00000006,data,str_10A06924
0x10A06930,0x00000004,data,str_10A06930
0x10A06934,0x00000004,data,str_10A06934
0x10A06938,0x00000005,data,str_10A06938
0x10A06940,0x00000008,data,str_10A06940
0x10A0707C,0x0000000C,data,str_10A0707C
0x10A07370,0x0000001C,data,wstr_10A07370
0x10A073A0,0x00000011,data,str_10A073A0
0x10A073B4,0x00000011,data,str_10A073B4
0x10A073C8,0x00000019,data,str_10A073C8
0x10A073E4,0x00000014,data,str_10A073E4
0x10A073F8,0x00000016,data,str_10A073F8
0x10A07410,0x00000011,data,str_10A07410
0x10A07424,0x00000012,data,str_10A07424
0x10A07438,0x00000016,data,str_10A07438
0x10A07450,0x0000001E,data,str_10A07450
0x10A07470,0x00000012,data,str_10A07470
0x10A07484,0x00000012,data,str_10A07484
0x10A07498,0x00000010,data,str_10A07498
0x10A074A8,0x00000016,data,str_10A074A8
0x10A074C0,0x00000017,data,str_10A074C0
0x10A074D8,0x00000010,data,str_10A074D8
0x10A074E8,0x00000013,data,str_10A074E8
0x10A074FC,0x00000011,data,str_10A074FC
0x10A07514,0x00000013,data,str_10A07514
0x10A07528,0x00000015,data,str_10A07528
0x10A07540,0x00000032,data,str_10A07540
0x10A07574,0x00000029,data,str_10A07574
0x10A075A0,0x00000055,data,str_10A075A0
0x10A075F8,0x00000031,data,str_10A075F8
0x10A0762C,0x0000000D,data,str_10A0762C
0x10A0763C,0x00000030,data,str_10A0763C
0x10A0766C,0x00000019,data,str_10A0766C
0x10A07688,0x0000001B,data,str_10A07688
0x10A076A4,0x00000007,data,str_10A076A4
0x10A076AC,0x00000023,data,str_10A076AC
0x10A076D0,0x00000012,data,str_10A076D0
0x10A076E4,0x00000014,data,str_10A076E4
0x10A076F8,0x00000034,data,str_10A076F8
0x10A077C8,0x00000004,data,str_10A077C8
0x10A077CC,0x00000006,data,str_10A077CC
0x10A077D4,0x00000006,data,str_10A077D4
0x10A077DC,0x00000006,data,str_10A077DC
0x10A077E4,0x00000006,data,str_10A077E4
0x10A077EC,0x00000006,data,str_10A077EC
0x10A077F4,0x00000006,data,str_10A077F4
0x10A077FC,0x00000006,data,str_10A077FC
0x10A07804,0x00000006,data,str_10A07804
0x10A0780C,0x00000005,data,str_10A0780C
0x10A07814,0x00000004,data,str_10A07814
0x10A0781C,0x00000012,data,str_10A0781C
0x10A07830,0x00000014,data,str_10A07830
0x10A07844,0x0000000F,data,str_10A07844
0x10A07854,0x00000011,data,str_10A07854
0x10A07868,0x0000001B,data,str_10A07868
0x10A07884,0x0000001D,data,str_10A07884
0x10A078A4,0x00000015,data,str_10A078A4
0x10A078BC,0x00000017,data,str_10A078BC
0x10A078D4,0x00000014,data,str_10A078D4
0x10A078E8,0x00000016,data,str_10A078E8
0x10A07900,0x00000017,data,str_10A07900
0x10A07918,0x00000019,data,str_10A07918
0x10A07934,0x00000015,data,str_10A07934
0x10A0794C,0x00000017,data,str_10A0794C
0x10A07964,0x0000000E,data,str_10A07964
0x10A07974,0x00000010,data,str_10A07974
0x10A07984,0x0000000F,data,str_10A07984
0x10A07994,0x00000011,data,str_10A07994
0x10A079A8,0x0000000C,data,str_10A079A8
0x10A079B4,0x00000011,data,str_10A079B4
0x10A079C8,0x0000000E,data,str_10A079C8
0x10A079D8,0x0000000D,data,str_10A079D8
0x10A079E8,0x0000000B,data,str_10A079E8
0x10A079F4,0x0000000B,data,str_10A079F4
0x10A07A00,0x0000000C,data,str_10A07A00
0x10A07A0C,0x00000019,data,str_10A07A0C
0x10A07A28,0x00000018,data,str_10A07A28
0x10A07A40,0x00000018,data,str_10A07A40
0x10A07A58,0x0000000B,data,str_10A07A58
0x10A07A64,0x0000000B,data,str_10A07A64
0x10A07A70,0x0000000C,data,str_10A07A70
0x10A07A7C,0x00000006,data,str_10A07A7C
0x10A07A84,0x00000006,data,str_10A07A84
0x10A07A8C,0x00000007,data,str_10A07A8C
0x10A07A94,0x00000006,data,str_10A07A94
0x10A07A9C,0x00000006,data,str_10A07A9C
0x10A07AA4,0x00000009,data,str_10A07AA4
0x10A07AB0,0x0000000C,data,str_10A07AB0
0x10A07ABC,0x00000006,data,str_10A07ABC
0x10A07AC4,0x00000006,data,str_10A07AC4
0x10A07ACC,0x00000007,data,str_10A07ACC
0x10A07AD4,0x00000007,data,str_10A07AD4
0x10A07ADC,0x00000007,data,str_10A07ADC
0x10A07AE4,0x00000008,data,str_10A07AE4
0x10A07AEC,0x00000007,data,str_10A07AEC
0x10A07AF4,0x00000008,data,str_10A07AF4
0x10A07AFC,0x00000006,data,str_10A07AFC
0x10A07B04,0x00000006,data,str_10A07B04
0x10A07B0C,0x00000009,data,str_10A07B0C
0x10A07B18,0x00000006,data,str_10A07B18
0x10A07B20,0x00000007,data,str_10A07B20
0x10A07B28,0x00000007,data,str_10A07B28
0x10A07B30,0x00000008,data,str_10A07B30
0x10A07B38,0x00000008,data,str_10A07B38
0x10A07B40,0x0000000F,data,str_10A07B40
0x10A07B50,0x0000000F,data,str_10A07B50
0x10A07B60,0x0000000B,data,str_10A07B60
0x10A07B6C,0x0000000B,data,str_10A07B6C
0x10A07B78,0x00000010,data,str_10A07B78
0x10A07B88,0x00000012,data,str_10A07B88
0x10A07B9C,0x0000001B,data,str_10A07B9C
0x10A07BB8,0x0000001C,data,str_10A07BB8
0x10A07BD4,0x00000016,data,str_10A07BD4
0x10A07BEC,0x00000011,data,str_10A07BEC
0x10A07C00,0x00000016,data,str_10A07C00
0x10A07C18,0x00000017,data,str_10A07C18
0x10A07C30,0x00000011,data,str_10A07C30
0x10A07C44,0x00000023,data,str_10A07C44
0x10A07C68,0x00000024,data,str_10A07C68
0x10A07C8C,0x0000001E,data,str_10A07C8C
0x10A07CAC,0x0000001F,data,str_10A07CAC
0x10A07CCC,0x0000001D,data,str_10A07CCC
0x10A07CEC,0x0000001E,data,str_10A07CEC
0x10A07D0C,0x00000015,data,str_10A07D0C
0x10A07D24,0x00000016,data,str_10A07D24
0x10A07D3C,0x00000010,data,str_10A07D3C
0x10A07D4C,0x00000007,data,str_10A07D4C
0x10A07D54,0x00000010,data,str_10A07D54
0x10A07D64,0x00000007,data,str_10A07D64
0x10A07D6C,0x00000010,data,str_10A07D6C
0x10A07D7C,0x00000007,data,str_10A07D7C
0x10A07D84,0x00000010,data,str_10A07D84
0x10A07D94,0x00000006,data,str_10A07D94
0x10A07D9C,0x0000000F,data,str_10A07D9C
0x10A07DAC,0x00000006,data,str_10A07DAC
0x10A07DB4,0x0000000F,data,str_10A07DB4
0x10A07DC4,0x00000006,data,str_10A07DC4
0x10A07DCC,0x0000000F,data,str_10A07DCC
0x10A07DDC,0x00000006,data,str_10A07DDC
0x10A07DE4,0x0000000F,data,str_10A07DE4
0x10A07DF4,0x0000000E,data,str_10A07DF4
0x10A07E04,0x00000006,data,str_10A07E04
0x10A07E0C,0x00000006,data,str_10A07E0C
0x10A07E14,0x00000008,data,str_10A07E14
0x10A07E1C,0x0000000F,data,str_10A07E1C
0x10A07E2C,0x0000000F,data,str_10A07E2C
0x10A07E3C,0x0000000F,data,str_10A07E3C
0x10A07E4C,0x00000008,data,str_10A07E4C
0x10A07E54,0x00000011,data,str_10A07E54
0x10A07E68,0x00000013,data,str_10A07E68
0x10A07E7C,0x0000001C,data,str_10A07E7C
0x10A07E98,0x0000001D,data,str_10A07E98
0x10A07EB8,0x00000017,data,str_10A07EB8
0x10A07ED0,0x00000012,data,str_10A07ED0
0x10A07EE4,0x00000017,data,str_10A07EE4
0x10A07EFC,0x00000018,data,str_10A07EFC
0x10A07F14,0x00000012,data,str_10A07F14
0x10A07F28,0x00000024,data,str_10A07F28
0x10A07F4C,0x00000025,data,str_10A07F4C
0x10A07F74,0x0000001F,data,str_10A07F74
0x10A07F94,0x00000020,data,str_10A07F94
0x10A07FB4,0x0000001E,data,str_10A07FB4
0x10A07FD4,0x0000001F,data,str_10A07FD4
0x10A07FF4,0x00000016,data,str_10A07FF4
0x10A0800C,0x00000017,data,str_10A0800C
0x10A08024,0x00000011,data,str_10A08024
0x10A08038,0x00000008,data,str_10A08038
0x10A08040,0x00000011,data,str_10A08040
0x10A08054,0x00000008,data,str_10A08054
0x10A0805C,0x00000011,data,str_10A0805C
0x10A08070,0x00000008,data,str_10A08070
0x10A08078,0x00000011,data,str_10A08078
0x10A0808C,0x00000007,data,str_10A0808C
0x10A08094,0x00000010,data,str_10A08094
0x10A080A4,0x00000007,data,str_10A080A4
0x10A080AC,0x00000010,data,str_10A080AC
0x10A080BC,0x0000000F,data,str_10A080BC
0x10A080CC,0x00000004,data,str_10A080CC
0x10A080D0,0x00000005,data,str_10A080D0
0x10A080D8,0x00000004,data,str_10A080D8
0x10A080DC,0x00000005,data,str_10A080DC
0x10A080E4,0x0000000C,data,str_10A080E4
0x10A080F0,0x00000007,data,str_10A080F0
0x10A080F8,0x0000000A,data,str_10A080F8
0x10A08104,0x00000009,data,str_10A08104
0x10A08110,0x00000008,data,str_10A08110
0x10A08118,0x00000009,data,str_10A08118
0x10A08124,0x00000009,data,str_10A08124
0x10A08130,0x00000009,data,str_10A08130
0x10A0813C,0x00000009,data,str_10A0813C
0x10A08148,0x00000009,data,str_10A08148
0x10A08154,0x00000009,data,str_10A08154
0x10A08160,0x00000009,data,str_10A08160
0x10A0816C,0x00000009,data,str_10A0816C
0x10A08178,0x00000009,data,str_10A08178
0x10A08184,0x00000006,data,str_10A08184
0x10A0818C,0x00000007,data,str_10A0818C
0x10A08194,0x00000008,data,str_10A08194
0x10A0819C,0x00000008,data,str_10A0819C
0x10A081A4,0x00000008,data,str_10A081A4
0x10A081AC,0x00000008,data,str_10A081AC
0x10A081B4,0x00000008,data,str_10A081B4
0x10A081BC,0x00000008,data,str_10A081BC
0x10A081C4,0x00000007,data,str_10A081C4
0x10A081CC,0x00000007,data,str_10A081CC
0x10A081D4,0x00000009,data,str_10A081D4
0x10A081E0,0x0000000A,data,str_10A081E0
0x10A081EC,0x0000000A,data,str_10A081EC
0x10A081F8,0x0000000B,data,str_10A081F8
0x10A08204,0x0000000A,data,str_10A08204
0x10A08210,0x0000000B,data,str_10A08210
0x10A0821C,0x0000000A,data,str_10A0821C
0x10A08228,0x0000000B,data,str_10A08228
0x10A08234,0x0000000A,data,str_10A08234
0x10A08240,0x0000000B,data,str_10A08240
0x10A0824C,0x0000000A,data,str_10A0824C
0x10A08258,0x0000000B,data,str_10A08258
0x10A08264,0x0000000A,data,str_10A08264
0x10A08270,0x0000000B,data,str_10A08270
0x10A0827C,0x0000000A,data,str_10A0827C
0x10A08288,0x0000000B,data,str_10A08288
0x10A08294,0x0000000A,data,str_10A08294
0x10A082A0,0x0000000B,data,str_10A082A0
0x10A082AC,0x0000000A,data,str_10A082AC
0x10A082B8,0x0000000B,data,str_10A082B8
0x10A082C4,0x0000000A,data,str_10A082C4
0x10A082D0,0x0000000B,data,str_10A082D0
0x10A082DC,0x0000000A,data,str_10A082DC
0x10A082E8,0x0000000B,data,str_10A082E8
0x10A082F4,0x0000000A,data,str_10A082F4
0x10A08300,0x0000000B,data,str_10A08300
0x10A0830C,0x00000008,data,str_10A0830C
0x10A08314,0x00000008,data,str_10A08314
0x10A0831C,0x0000000A,data,str_10A0831C
0x10A08328,0x00000009,data,str_10A08328
0x10A08334,0x00000009,data,str_10A08334
0x10A08340,0x00000008,data,str_10A08340
0x10A08348,0x00000008,data,str_10A08348
0x10A08350,0x00000008,data,str_10A08350
0x10A08358,0x00000008,data,str_10A08358
0x10A08360,0x00000008,data,str_10A08360
0x10A08368,0x00000008,data,str_10A08368
0x10A08370,0x00000008,data,str_10A08370
0x10A08378,0x00000008,data,str_10A08378
0x10A08380,0x00000008,data,str_10A08380
0x10A08388,0x00000008,data,str_10A08388
0x10A08390,0x00000008,data,str_10A08390
0x10A08398,0x00000008,data,str_10A08398
0x10A083A0,0x00000008,data,str_10A083A0
0x10A083A8,0x00000008,data,str_10A083A8
0x10A083B0,0x00000008,data,str_10A083B0
0x10A083B8,0x00000008,data,str_10A083B8
0x10A083C0,0x00000008,data,str_10A083C0
0x10A083C8,0x00000008,data,str_10A083C8
0x10A083D0,0x00000008,data,str_10A083D0
0x10A083D8,0x00000008,data,str_10A083D8
0x10A083E0,0x0000000A,data,str_10A083E0
0x10A083EC,0x0000000A,data,str_10A083EC
0x10A083F8,0x00000008,data,str_10A083F8
0x10A08400,0x0000000A,data,str_10A08400
0x10A0840C,0x00000006,data,str_10A0840C
0x10A08414,0x00000005,data,str_10A08414
0x10A0841C,0x00000007,data,str_10A0841C
0x10A08424,0x00000009,data,str_10A08424
0x10A08430,0x00000008,data,str_10A08430
0x10A08438,0x00000007,data,str_10A08438
0x10A08440,0x00000009,data,str_10A08440
0x10A0844C,0x00000009,data,str_10A0844C
0x10A08458,0x00000009,data,str_10A08458
0x10A08464,0x00000009,data,str_10A08464
0x10A08470,0x00000009,data,str_10A08470
0x10A0847C,0x00000009,data,str_10A0847C
0x10A08488,0x00000009,data,str_10A08488
0x10A08494,0x00000009,data,str_10A08494
0x10A084A0,0x00000007,data,str_10A084A0
0x10A084A8,0x00000007,data,str_10A084A8
0x10A084B0,0x00000007,data,str_10A084B0
0x10A084B8,0x00000007,data,str_10A084B8
0x10A084C0,0x00000007,data,str_10A084C0
0x10A084C8,0x00000006,data,str_10A084C8
0x10A084D0,0x00000006,data,str_10A084D0
0x10A084D8,0x00000008,data,str_10A084D8
0x10A084E0,0x00000006,data,str_10A084E0
0x10A084E8,0x0000000B,data,str_10A084E8
0x10A084F4,0x00000006,data,str_10A084F4
0x10A084FC,0x00000005,data,str_10A084FC
0x10A08504,0x00000006,data,str_10A08504
0x10A0850C,0x00000008,data,str_10A0850C
0x10A08514,0x00000006,data,str_10A08514
0x10A0851C,0x00000006,data,str_10A0851C
0x10A08524,0x00000006,data,str_10A08524
0x10A0852C,0x00000008,data,str_10A0852C
0x10A08534,0x00000008,data,str_10A08534
0x10A0853C,0x0000000A,data,str_10A0853C
0x10A08548,0x0000000A,data,str_10A08548
0x10A08554,0x0000000A,data,str_10A08554
0x10A08560,0x00000008,data,str_10A08560
0x10A08568,0x00000005,data,str_10A08568
0x10A08570,0x00000007,data,str_10A08570
0x10A08578,0x00000007,data,str_10A08578
0x10A08580,0x00000007,data,str_10A08580
0x10A08588,0x00000006,data,str_10A08588
0x10A08590,0x00000006,data,str_10A08590
0x10A08598,0x00000006,data,str_10A08598
0x10A085A0,0x00000006,data,str_10A085A0
0x10A085A8,0x00000009,data,str_10A085A8
0x10A085B4,0x00000008,data,str_10A085B4
0x10A085BC,0x00000009,data,str_10A085BC
0x10A085C8,0x00000009,data,str_10A085C8
0x10A085D4,0x00000009,data,str_10A085D4
0x10A085E0,0x00000009,data,str_10A085E0
0x10A085EC,0x00000009,data,str_10A085EC
0x10A085F8,0x00000009,data,str_10A085F8
0x10A08604,0x00000009,data,str_10A08604
0x10A08610,0x00000009,data,str_10A08610
0x10A0861C,0x00000009,data,str_10A0861C
0x10A08628,0x00000009,data,str_10A08628
0x10A08634,0x00000009,data,str_10A08634
0x10A08640,0x00000009,data,str_10A08640
0x10A0864C,0x00000009,data,str_10A0864C
0x10A08658,0x00000009,data,str_10A08658
0x10A08664,0x00000009,data,str_10A08664
0x10A08670,0x00000009,data,str_10A08670
0x10A0867C,0x00000006,data,str_10A0867C
0x10A08684,0x00000007,data,str_10A08684
0x10A0868C,0x00000015,data,str_10A0868C
0x10A086A4,0x00000006,data,str_10A086A4
0x10A086AC,0x00000007,data,str_10A086AC
0x10A086B4,0x00000010,data,str_10A086B4
0x10A086C4,0x0000000F,data,str_10A086C4
0x10A086D4,0x00000010,data,str_10A086D4
0x10A086E4,0x00000008,data,str_10A086E4
0x10A086EC,0x00000007,data,str_10A086EC
0x10A086F4,0x0000000F,data,str_10A086F4
0x10A08704,0x0000000F,data,str_10A08704
0x10A08714,0x00000006,data,str_10A08714
0x10A0871C,0x00000006,data,str_10A0871C
0x10A08724,0x00000005,data,str_10A08724
0x10A0872C,0x00000007,data,str_10A0872C
0x10A08734,0x00000005,data,str_10A08734
0x10A0873C,0x00000007,data,str_10A0873C
0x10A08744,0x00000007,data,str_10A08744
0x10A0874C,0x00000009,data,str_10A0874C
0x10A08758,0x00000007,data,str_10A08758
0x10A0E8CC,0x00000008,data,wstr_10A0E8CC
0x10A0E8D8,0x00000012,data,wstr_10A0E8D8
0x10A0E8EC,0x0000000A,data,wstr_10A0E8EC
0x10A0E8F8,0x00000004,data,str_10A0E8F8
0x10A0E8FC,0x00000004,data,str_10A0E8FC
0x10A0E900,0x00000004,data,str_10A0E900
0x10A0E904,0x00000009,data,str_10A0E904
0x10A0E910,0x0000002D,data,str_10A0E910
0x10A0E954,0x00000024,data,str_10A0E954
0x10A0E978,0x00000004,data,str_10A0E978
0x10A0E97C,0x0000000A,data,str_10A0E97C
0x10A0E98C,0x00000013,data,str_10A0E98C
0x10A0E9A0,0x00000008,data,wstr_10A0E9A0
0x10A0E9B8,0x00000005,data,str_10A0E9B8
0x10A0E9C0,0x00000005,data,str_10A0E9C0
0x10A0EAD8,0x00000008,data,wstr_10A0EAD8
0x10A0EAE0,0x00000031,data,str_10A0EAE0
0x10A0EB14,0x00000008,data,wstr_10A0EB14
0x10A0EBE0,0x00000031,data,str_10A0EBE0
0x10A0EC14,0x00000016,data,str_10A0EC14
0x10A0EC2C,0x00000009,data,str_10A0EC2C
0x10A0EC38,0x00000006,data,str_10A0EC38
0x10A0EC40,0x00000005,data,str_10A0EC40
0x10A0EC48,0x00000004,data,str_10A0EC48
0x10A0EC4C,0x00000007,data,str_10A0EC4C
0x10A0EC54,0x00000009,data,str_10A0EC54
0x10A0EC60,0x00000008,data,str_10A0EC60
0x10A0EC80,0x00000009,data,str_10A0EC80
0x10A0EC8C,0x0000000A,data,str_10A0EC8C
0x10A0EC98,0x0000000C,data,str_10A0EC98
0x10A0ECA4,0x00000009,data,str_10A0ECA4
0x10A0ECB0,0x00000006,data,str_10A0ECB0
0x10A0ECCC,0x00000006,data,str_10A0ECCC
0x10A0ECD4,0x00000006,data,str_10A0ECD4
0x10A0ECDC,0x0000000E,data,str_10A0ECDC
0x10A0ECEC,0x00000013,data,str_10A0ECEC
0x10A0ED00,0x0000000C,data,str_10A0ED00
0x10A0ED0C,0x00000008,data,str_10A0ED0C
0x10A0ED14,0x00000009,data,str_10A0ED14
0x10A0ED20,0x00000009,data,str_10A0ED20
0x10A0ED2C,0x00000008,data,str_10A0ED2C
0x10A0ED34,0x00000009,data,str_10A0ED34
0x10A0ED44,0x00000006,data,str_10A0ED44
0x10A0ED4C,0x00000009,data,str_10A0ED4C
0x10A0ED58,0x00000016,data,str_10A0ED58
0x10A0ED70,0x0000000C,data,str_10A0ED70
0x10A0ED7C,0x00000010,data,str_10A0ED7C
0x10A0ED90,0x0000000D,data,str_10A0ED90
0x10A0EDA0,0x00000007,data,str_10A0EDA0
0x10A0EDA8,0x00000006,data,str_10A0EDA8
0x10A0EDB0,0x00000006,data,str_10A0EDB0
0x10A0EDB8,0x0000000A,data,str_10A0EDB8
0x10A0EDC4,0x0000000C,data,str_10A0EDC4
0x10A0EDD0,0x00000007,data,str_10A0EDD0
0x10A0EDD8,0x00000004,data,str_10A0EDD8
0x10A0EDDC,0x00000012,data,str_10A0EDDC
0x10A0EDF0,0x00000010,data,str_10A0EDF0
0x10A0EE00,0x0000000A,data,str_10A0EE00
0x10A0EE0C,0x0000000A,data,str_10A0EE0C
0x10A0EE18,0x0000000A,data,str_10A0EE18
0x10A0EE24,0x0000000A,data,str_10A0EE24
0x10A0EE30,0x0000000C,data,str_10A0EE30
0x10A0EE3C,0x0000000E,data,str_10A0EE3C
0x10A0EE4C,0x0000000D,data,str_10A0EE4C
0x10A0EE5C,0x0000000A,data,str_10A0EE5C
0x10A0EE68,0x00000007,data,str_10A0EE68
0x10A0EE70,0x0000000C,data,str_10A0EE70
0x10A0EE7C,0x0000000D,data,str_10A0EE7C
0x10A0EE8C,0x00000016,data,str_10A0EE8C
0x10A0EEA4,0x00000008,data,str_10A0EEA4
0x10A0EEAC,0x0000000A,data,str_10A0EEAC
0x10A0EEB8,0x00000008,data,str_10A0EEB8
0x10A0EEC0,0x0000001C,data,str_10A0EEC0
0x10A0EEDC,0x00000015,data,str_10A0EEDC
0x10A0EEF4,0x00000009,data,str_10A0EEF4
0x10A0EF04,0x0000000F,data,str_10A0EF04
0x10A0EF14,0x00000011,data,str_10A0EF14
0x10A0EF28,0x0000000E,data,str_10A0EF28
0x10A0EF38,0x00000013,data,str_10A0EF38
0x10A0EF4C,0x00000009,data,str_10A0EF4C
0x10A0EF58,0x00000006,data,str_10A0EF58
0x10A0EF60,0x00000008,data,str_10A0EF60
0x10A0EF68,0x00000008,data,str_10A0EF68
0x10A0EF70,0x00000005,data,str_10A0EF70
0x10A0EF78,0x00000014,data,str_10A0EF78
0x10A0EF8C,0x00000007,data,str_10A0EF8C
0x10A0EF94,0x00000008,data,str_10A0EF94
0x10A0EF9C,0x0000001B,data,str_10A0EF9C
0x10A0EFB8,0x0000001B,data,str_10A0EFB8
0x10A0EFD4,0x00000008,data,str_10A0EFD4
0x10A0EFDC,0x0000000A,data,str_10A0EFDC
0x10A0EFE8,0x0000000E,data,str_10A0EFE8
0x10A0EFF8,0x0000000C,data,str_10A0EFF8
0x10A0F004,0x0000001A,data,str_10A0F004
0x10A0F020,0x0000000F,data,str_10A0F020
0x10A0F030,0x00000014,data,str_10A0F030
0x10A0F044,0x00000008,data,str_10A0F044
0x10A0F04C,0x00000010,data,str_10A0F04C
0x10A0F05C,0x00000018,data,str_10A0F05C
0x10A0F074,0x00000014,data,str_10A0F074
0x10A0F088,0x00000008,data,str_10A0F088
0x10A0F090,0x0000000F,data,str_10A0F090
0x10A0F0A0,0x00000016,data,str_10A0F0A0
0x10A0F0B8,0x00000018,data,str_10A0F0B8
0x10A0F0D0,0x0000001B,data,str_10A0F0D0
0x10A0F0EC,0x00000018,data,str_10A0F0EC
0x10A0F104,0x0000001B,data,str_10A0F104
0x10A0F120,0x00000017,data,str_10A0F120
0x10A0F138,0x00000012,data,str_10A0F138
0x10A0F14C,0x00000016,data,str_10A0F14C
0x10A0F164,0x00000018,data,str_10A0F164
0x10A0F17C,0x00000007,data,str_10A0F17C
0x10A0F184,0x0000000F,data,str_10A0F184
0x10A0F194,0x0000000B,data,str_10A0F194
0x10A0F1A0,0x00000013,data,str_10A0F1A0
0x10A0F1B4,0x00000008,data,str_10A0F1B4
0x10A0F1BC,0x00000010,data,str_10A0F1BC
0x10A0F1CC,0x00000019,data,str_10A0F1CC
0x10A0F1E8,0x00000015,data,str_10A0F1E8
0x10A0F200,0x00000017,data,str_10A0F200
0x10A0F218,0x00000006,data,str_10A0F218
0x10A0F220,0x00000012,data,str_10A0F220
0x10A0F234,0x00000005,data,str_10A0F234
0x10A0F23C,0x00000016,data,str_10A0F23C
0x10A0F254,0x0000000C,data,str_10A0F254
0x10A0F260,0x00000006,data,str_10A0F260
0x10A0F268,0x00000008,data,str_10A0F268
0x10A0F270,0x00000007,data,str_10A0F270
0x10A0F278,0x0000000F,data,str_10A0F278
0x10A0F288,0x00000007,data,str_10A0F288
0x10A0F290,0x00000005,data,str_10A0F290
0x10A0F298,0x00000007,data,str_10A0F298
0x10A0F2A0,0x00000007,data,str_10A0F2A0
0x10A0F2A8,0x00000007,data,str_10A0F2A8
0x10A0F2B0,0x00000006,data,str_10A0F2B0
0x10A0F2B8,0x00000007,data,str_10A0F2B8
0x10A0F2C0,0x00000006,data,str_10A0F2C0
0x10A0F2C8,0x00000007,data,str_10A0F2C8
0x10A0F2D0,0x00000006,data,str_10A0F2D0
0x10A0F2D8,0x00000005,data,str_10A0F2D8
0x10A0F2E0,0x00000006,data,str_10A0F2E0
0x10A0F2E8,0x00000005,data,str_10A0F2E8
0x10A0F2F0,0x00000008,data,str_10A0F2F0
0x10A0F2F8,0x0000000D,data,str_10A0F2F8
0x10A0F6DF,0x00000009,data,str_10A0F6DF
0x10A0F6E8,0x0000000A,data,str_10A0F6E8
0x10A0F6F4,0x0000002D,data,str_10A0F6F4
0x10A0F724,0x0000000E,data,str_10A0F724
0x10A0F734,0x0000000C,data,str_10A0F734
0x10A0F740,0x0000000C,data,str_10A0F740
0x10A0F74C,0x0000000E,data,str_10A0F74C
0x10A0F75C,0x00000009,data,str_10A0F75C
0x10A0F768,0x00000009,data,str_10A0F768
0x10A0F774,0x00000009,data,str_10A0F774
0x10A0F780,0x00000009,data,str_10A0F780
0x10A0F78C,0x00000007,data,str_10A0F78C
0x10A0F794,0x00000008,data,str_10A0F794
0x10A0F79C,0x00000009,data,str_10A0F79C
0x10A0F7A8,0x00000008,data,str_10A0F7A8
0x10A0F7B0,0x0000000A,data,str_10A0F7B0
0x10A0F7BC,0x00000007,data,str_10A0F7BC
0x10A0F7C4,0x00000007,data,str_10A0F7C4
0x10A0F7CC,0x00000009,data,str_10A0F7CC
0x10A0F7D8,0x00000008,data,str_10A0F7D8
0x10A0F7E0,0x00000010,data,str_10A0F7E0
0x10A0F7F0,0x0000000F,data,str_10A0F7F0
0x10A0F800,0x0000000F,data,str_10A0F800
0x10A0F810,0x00000006,data,str_10A0F810
0x10A0F818,0x00000010,data,str_10A0F818
0x10A0F828,0x0000000E,data,str_10A0F828
0x10A0F838,0x00000004,data,str_10A0F838
0x10A0F83C,0x00000009,data,str_10A0F83C
0x10A0F848,0x00000013,data,str_10A0F848
0x10A0F860,0x00000009,data,str_10A0F860
0x10A0F86C,0x00000007,data,str_10A0F86C
0x10A0F874,0x00000004,data,str_10A0F874
0x10A0F878,0x0000000A,data,str_10A0F878
0x10A0F888,0x00000004,data,str_10A0F888
0x10A0F88C,0x00000008,data,str_10A0F88C
0x10A0F894,0x0000000B,data,str_10A0F894
0x10A0F8A0,0x00000007,data,str_10A0F8A0
0x10A0F8A8,0x00000007,data,str_10A0F8A8
0x10A0F8B0,0x00000004,data,str_10A0F8B0
0x10A0F8B4,0x00000012,data,str_10A0F8B4
0x10A0F8C8,0x0000000D,data,str_10A0F8C8
0x10A0F8D8,0x00000008,data,str_10A0F8D8
0x10A0F8E0,0x0000000C,data,str_10A0F8E0
0x10A0F8EC,0x00000010,data,str_10A0F8EC
0x10A0F8FC,0x00000009,data,str_10A0F8FC
0x10A0F908,0x00000007,data,str_10A0F908
0x10A0F910,0x0000000B,data,str_10A0F910
0x10A0F91C,0x0000000D,data,str_10A0F91C
0x10A0F92C,0x0000000B,data,str_10A0F92C
0x10A0F938,0x0000000B,data,str_10A0F938
0x10A0F944,0x00000008,data,str_10A0F944
0x10A0F94C,0x00000009,data,str_10A0F94C
0x10A0F958,0x00000008,data,str_10A0F958
0x10A0F960,0x0000000A,data,str_10A0F960
0x10A0F96C,0x0000000F,data,str_10A0F96C
0x10A0F97C,0x0000000B,data,str_10A0F97C
0x10A0F988,0x00000008,data,str_10A0F988
0x10A0F990,0x00000007,data,str_10A0F990
0x10A0F998,0x00000009,data,str_10A0F998
0x10A0F9A4,0x00000007,data,str_10A0F9A4
0x10A0F9AC,0x00000009,data,str_10A0F9AC
0x10A0F9B8,0x0000000E,data,str_10A0F9B8
0x10A0F9C8,0x00000007,data,str_10A0F9C8
0x10A0F9D0,0x00000016,data,str_10A0F9D0
0x10A0F9E8,0x00000013,data,str_10A0F9E8
0x10A0F9FC,0x0000000F,data,str_10A0F9FC
0x10A0FA0C,0x00000009,data,str_10A0FA0C
0x10A0FA18,0x0000000A,data,str_10A0FA18
0x10A0FA24,0x0000000B,data,str_10A0FA24
0x10A0FA30,0x00000005,data,str_10A0FA30
0x10A0FA38,0x00000005,data,str_10A0FA38
0x10A0FA40,0x00000006,data,str_10A0FA40
0x10A0FA48,0x00000004,data,str_10A0FA48
0x10A0FA4C,0x00000005,data,str_10A0FA4C
0x10A0FA58,0x00000005,data,str_10A0FA58
0x10A0FA60,0x00000006,data,str_10A0FA60
0x10A0FA68,0x00000006,data,str_10A0FA68
0x10A0FA70,0x00000007,data,str_10A0FA70
0x10A0FA78,0x0000000D,data,str_10A0FA78
0x10A0FA88,0x00000004,data,str_10A0FA88
0x10A0FA8C,0x00000004,data,str_10A0FA8C
0x10A0FA90,0x00000005,data,str_10A0FA90
0x10A0FA98,0x00000005,data,str_10A0FA98
0x10A0FAA0,0x00000006,data,str_10A0FAA0
0x10A0FAA8,0x0000000C,data,str_10A0FAA8
0x10A0FAB4,0x00000010,data,str_10A0FAB4
0x10A0FAC4,0x0000000D,data,str_10A0FAC4
0x10A0FAD4,0x00000008,data,str_10A0FAD4
0x10A0FADC,0x0000000A,data,str_10A0FADC
0x10A0FAE8,0x00000009,data,str_10A0FAE8
0x10A0FAF4,0x00000008,data,str_10A0FAF4
0x10A0FAFC,0x0000000B,data,str_10A0FAFC
0x10A0FB08,0x00000009,data,str_10A0FB08
0x10A0FB14,0x00000009,data,str_10A0FB14
0x10A0FB20,0x0000000A,data,str_10A0FB20
0x10A0FB2C,0x00000007,data,str_10A0FB2C
0x10A0FB34,0x00000006,data,str_10A0FB34
0x10A0FB3C,0x00000007,data,str_10A0FB3C
0x10A0FB44,0x0000000A,data,str_10A0FB44
0x10A0FB50,0x0000000A,data,str_10A0FB50
0x10A0FE52,0x00000010,data,str_10A0FE52
0x10A0FF5C,0x0000000B,data,str_10A0FF5C
0x10A0FF68,0x0000000E,data,str_10A0FF68
0x10A0FF78,0x00000016,data,str_10A0FF78
0x10A0FF90,0x0000000D,data,str_10A0FF90
0x10A0FFA0,0x0000000B,data,str_10A0FFA0
0x10A0FFAC,0x00000010,data,str_10A0FFAC
0x10A0FFBC,0x0000000C,data,str_10A0FFBC
0x10A0FFC8,0x0000000F,data,str_10A0FFC8
0x10A0FFD8,0x0000000E,data,str_10A0FFD8
0x10A0FFE8,0x00000015,data,str_10A0FFE8
0x10A10000,0x00000018,data,str_10A10000
0x10A10018,0x00000011,data,str_10A10018
0x10A1002C,0x0000000F,data,str_10A1002C
0x10A1003C,0x00000014,data,str_10A1003C
0x10A10050,0x0000000D,data,str_10A10050
0x10A10060,0x0000000E,data,str_10A10060
0x10A10070,0x00000009,data,str_10A10070
0x10A1007C,0x00000015,data,str_10A1007C
0x10A10094,0x00000013,data,str_10A10094
0x10A100A8,0x0000001A,data,str_10A100A8
0x10A100C4,0x00000019,data,str_10A100C4
0x10A100E0,0x00000019,data,str_10A100E0
0x10A100FC,0x00000015,data,str_10A100FC
0x10A10114,0x00000013,data,str_10A10114
0x10A10128,0x0000001A,data,str_10A10128
0x10A10144,0x0000000B,data,str_10A10144
0x10A10150,0x00000011,data,str_10A10150
0x10A10164,0x0000000A,data,str_10A10164
0x10A10170,0x0000000B,data,str_10A10170
0x10A1017C,0x0000000B,data,str_10A1017C
0x10A10188,0x00000010,data,str_10A10188
0x10A10198,0x0000000C,data,str_10A10198
0x10A101A4,0x00000008,data,str_10A101A4
0x10A101AC,0x00000009,data,str_10A101AC
0x10A101B8,0x00000009,data,str_10A101B8
0x10A101C4,0x00000007,data,str_10A101C4
0x10A101CC,0x00000008,data,str_10A101CC
0x10A101D4,0x00000008,data,str_10A101D4
0x10A101DC,0x0000000D,data,str_10A101DC
0x10A101EC,0x0000000C,data,str_10A101EC
0x10A101F8,0x0000000A,data,str_10A101F8
0x10A10204,0x00000008,data,str_10A10204
0x10A1020C,0x00000006,data,str_10A1020C
0x10A10214,0x00000006,data,str_10A10214
0x10A1021C,0x00000007,data,str_10A1021C
0x10A10224,0x00000005,data,str_10A10224
0x10A1022C,0x0000000B,data,str_10A1022C
0x10A10238,0x0000000B,data,str_10A10238
0x10A10244,0x00000009,data,str_10A10244
0x10A10250,0x0000000B,data,str_10A10250
0x10A1025C,0x0000000B,data,str_10A1025C
0x10A10268,0x0000000A,data,str_10A10268
0x10A10274,0x00000008,data,str_10A10274
0x10A1027C,0x00000009,data,str_10A1027C
0x10A10288,0x00000006,data,str_10A10288
0x10A10290,0x00000005,data,str_10A10290
0x10A10298,0x00000005,data,str_10A10298
0x10A102A0,0x00000007,data,str_10A102A0
0x10A102A8,0x00000004,data,str_10A102A8
0x10A102AC,0x00000006,data,str_10A102AC
0x10A102B4,0x00000007,data,str_10A102B4
0x10A102BC,0x00000004,data,str_10A102BC
0x10A102C0,0x00000006,data,str_10A102C0
0x10A102C8,0x00000006,data,str_10A102C8
0x10A102D4,0x00000007,data,str_10A102D4
0x10A102DC,0x00000007,data,str_10A102DC
0x10A102E4,0x00000004,data,str_10A102E4
0x10A102E8,0x00000009,data,str_10A102E8
0x10A102F4,0x00000008,data,str_10A102F4
0x10A102FC,0x00000008,data,str_10A102FC
0x10A10304,0x00000008,data,str_10A10304
0x10A1030C,0x00000007,data,str_10A1030C
0x10A10314,0x00000009,data,str_10A10314
0x10A10320,0x0000000E,data,str_10A10320
0x10A10330,0x00000006,data,str_10A10330
0x10A10338,0x00000007,data,str_10A10338
0x10A10340,0x00000007,data,str_10A10340
0x10A10348,0x00000008,data,str_10A10348
0x10A10350,0x00000008,data,str_10A10350
0x10A10358,0x0000000B,data,str_10A10358
0x10A10364,0x0000000A,data,str_10A10364
0x10A10370,0x00000012,data,str_10A10370
0x10A10384,0x0000000A,data,str_10A10384
0x10A10390,0x0000000C,data,str_10A10390
0x10A1039C,0x0000000B,data,str_10A1039C
0x10A103A8,0x00000008,data,str_10A103A8
0x10A103B0,0x0000000A,data,str_10A103B0
0x10A103BC,0x00000009,data,str_10A103BC
0x10A103C8,0x00000006,data,str_10A103C8
0x10A103D0,0x00000006,data,str_10A103D0
0x10A103D8,0x0000000B,data,str_10A103D8
0x10A103E4,0x00000009,data,str_10A103E4
0x10A103F0,0x00000009,data,str_10A103F0
0x10A103FC,0x0000000D,data,str_10A103FC
0x10A1040C,0x00000016,data,str_10A1040C
0x10A10424,0x00000017,data,str_10A10424
0x10A1043C,0x00000015,data,str_10A1043C
0x10A10454,0x00000008,data,str_10A10454
0x10A1045C,0x00000006,data,str_10A1045C
0x10A10464,0x00000007,data,str_10A10464
0x10A1046C,0x00000004,data,str_10A1046C
0x10A10470,0x00000006,data,str_10A10470
0x10A10478,0x00000005,data,str_10A10478
0x10A10480,0x00000009,data,str_10A10480
0x10A1048C,0x0000000C,data,str_10A1048C
0x10A10498,0x00000011,data,str_10A10498
0x10A104AC,0x00000007,data,str_10A104AC
0x10A104B4,0x0000000A,data,str_10A104B4
0x10A104C0,0x00000008,data,str_10A104C0
0x10A104C8,0x00000009,data,str_10A104C8
0x10A104D4,0x00000004,data,str_10A104D4
0x10A104D8,0x0000000A,data,str_10A104D8
0x10A104E4,0x00000008,data,str_10A104E4
0x10A104EC,0x00000007,data,str_10A104EC
0x10A104F4,0x00000007,data,str_10A104F4
0x10A104FC,0x00000009,data,str_10A104FC
0x10A10508,0x0000000D,data,str_10A10508
0x10A10518,0x00000007,data,str_10A10518
0x10A10520,0x0000000B,data,str_10A10520
0x10A1052C,0x00000006,data,str_10A1052C
0x10A10534,0x00000006,data,str_10A10534
0x10A1053C,0x00000004,data,str_10A1053C
0x10A10540,0x0000000B,data,str_10A10540
0x10A1054C,0x0000000B,data,str_10A1054C
0x10A10558,0x00000005,data,str_10A10558
0x10A10560,0x00000006,data,str_10A10560
0x10A10568,0x00000005,data,str_10A10568
0x10A10570,0x00000005,data,str_10A10570
0x10A10578,0x00000006,data,str_10A10578
0x10A10580,0x00000009,data,str_10A10580
0x10A1058C,0x00000008,data,str_10A1058C
0x10A10598,0x00000007,data,str_10A10598
0x10A105A0,0x00000005,data,str_10A105A0
0x10A105A8,0x00000005,data,str_10A105A8
0x10A105B0,0x00000007,data,str_10A105B0
0x10A105B8,0x00000006,data,str_10A105B8
0x10A105C0,0x00000004,data,str_10A105C0
0x10A105C4,0x00000005,data,str_10A105C4
0x10A105CC,0x00000005,data,str_10A105CC
0x10A105D4,0x00000009,data,str_10A105D4
0x10A105E0,0x00000007,data,str_10A105E0
0x10A105E8,0x00000006,data,str_10A105E8
0x10A105F0,0x00000007,data,str_10A105F0
0x10A105F8,0x00000007,data,str_10A105F8
0x10A10600,0x00000007,data,str_10A10600
0x10A10608,0x00000007,data,str_10A10608
0x10A10610,0x00000007,data,str_10A10610
0x10A10618,0x00000008,data,str_10A10618
0x10A10620,0x00000006,data,str_10A10620
0x10A10628,0x00000009,data,str_10A10628
0x10A10634,0x00000005,data,str_10A10634
0x10A1063C,0x00000009,data,str_10A1063C
0x10A10648,0x00000006,data,str_10A10648
0x10A10650,0x00000009,data,str_10A10650
0x10A1065C,0x00000008,data,str_10A1065C
0x10A10664,0x00000008,data,str_10A10664
0x10A1066C,0x0000000F,data,str_10A1066C
0x10A1067C,0x0000000D,data,str_10A1067C
0x10A1068C,0x0000000D,data,str_10A1068C
0x10A1069C,0x0000000B,data,str_10A1069C
0x10A106A8,0x0000000E,data,str_10A106A8
0x10A106B8,0x00000009,data,str_10A106B8
0x10A106C4,0x00000007,data,str_10A106C4
0x10A106CC,0x0000000A,data,str_10A106CC
0x10A106D8,0x0000000A,data,str_10A106D8
0x10A10710,0x00000031,data,str_10A10710
0x10A10748,0x00000009,data,str_10A10748
0x10A107AC,0x00000007,data,str_10A107AC
0x10A107B4,0x00000007,data,str_10A107B4
0x10A107BC,0x00000005,data,str_10A107BC
0x10A107C4,0x00000006,data,str_10A107C4
0x10A107CC,0x00000010,data,str_10A107CC
0x10A107DC,0x00000018,data,str_10A107DC
0x10A107F4,0x00000005,data,str_10A107F4
0x10A107FC,0x0000000E,data,str_10A107FC
0x10A1080C,0x00000008,data,str_10A1080C
0x10A10814,0x00000005,data,str_10A10814
0x10A1081C,0x00000008,data,str_10A1081C
0x10A10824,0x00000009,data,str_10A10824
0x10A10830,0x0000000A,data,str_10A10830
0x10A1083C,0x00000009,data,str_10A1083C
0x10A10848,0x00000008,data,str_10A10848
0x10A10850,0x00000004,data,str_10A10850
0x10A10858,0x0000000B,data,str_10A10858
0x10A10864,0x00000005,data,str_10A10864
0x10A1086C,0x00000004,data,str_10A1086C
0x10A10870,0x00000005,data,str_10A10870
0x10A10878,0x0000000B,data,str_10A10878
0x10A10884,0x00000009,data,str_10A10884
0x10A10890,0x0000000F,data,str_10A10890
0x10A108A0,0x0000000A,data,str_10A108A0
0x10A108AC,0x0000000B,data,str_10A108AC
0x10A108B8,0x00000031,data,str_10A108B8
0x10A108EC,0x00000007,data,str_10A108EC
0x10A108F4,0x00000008,data,str_10A108F4
0x10A108FC,0x0000000A,data,str_10A108FC
0x10A10908,0x00000009,data,str_10A10908
0x10A10914,0x0000000A,data,str_10A10914
0x10A10920,0x0000000A,data,str_10A10920
0x10A1092C,0x00000009,data,str_10A1092C
0x10A10938,0x00000008,data,str_10A10938
0x10A10940,0x0000000B,data,str_10A10940
0x10A1094C,0x0000000C,data,str_10A1094C
0x10A10958,0x0000000C,data,str_10A10958
0x10A10964,0x0000000A,data,str_10A10964
0x10A10970,0x00000008,data,str_10A10970
0x10A10978,0x0000000C,data,str_10A10978
0x10A10984,0x0000000B,data,str_10A10984
0x10A10990,0x00000008,data,str_10A10990
0x10A10998,0x00000009,data,str_10A10998
0x10A109A4,0x00000005,data,str_10A109A4
0x10A109AC,0x00000006,data,str_10A109AC
0x10A109B4,0x00000008,data,str_10A109B4
0x10A109BC,0x00000008,data,str_10A109BC
0x10A109C4,0x00000008,data,str_10A109C4
0x10A109CC,0x00000007,data,str_10A109CC
0x10A109D4,0x00000007,data,str_10A109D4
0x10A109DC,0x00000008,data,str_10A109DC
0x10A109E4,0x00000006,data,str_10A109E4
0x10A109EC,0x00000005,data,str_10A109EC
0x10A109F4,0x00000006,data,str_10A109F4
0x10A109FC,0x00000005,data,str_10A109FC
0x10A10A04,0x00000006,data,str_10A10A04
0x10A10A0C,0x00000007,data,str_10A10A0C
0x10A10A14,0x00000006,data,str_10A10A14
0x10A10A1C,0x00000005,data,str_10A10A1C
0x10A10A24,0x00000007,data,str_10A10A24
0x10A10A2C,0x00000004,data,str_10A10A2C
0x10A10A30,0x00000009,data,str_10A10A30
0x10A10A3C,0x0000000B,data,str_10A10A3C
0x10A10A48,0x00000004,data,str_10A10A48
0x10A10A50,0x00000009,data,str_10A10A50
0x10A10A59,0x00000008,data,str_10A10A59
0x10A10A62,0x00000007,data,str_10A10A62
0x10A10A6C,0x00000031,data,str_10A10A6C
0x10A10AA4,0x00000007,data,str_10A10AA4
0x10A10AAC,0x00000007,data,str_10A10AAC
0x10A10AB4,0x0000000B,data,str_10A10AB4
0x10A10AC0,0x00000028,data,str_10A10AC0
0x10A10AE8,0x0000002F,data,str_10A10AE8
0x10A10B20,0x00000030,data,str_10A10B20
0x10A10B50,0x00000030,data,str_10A10B50
0x10A10B80,0x0000000A,data,str_10A10B80
0x10A10B8C,0x0000000A,data,str_10A10B8C
0x10A10B98,0x0000000F,data,str_10A10B98
0x10A10BA8,0x00000005,data,str_10A10BA8
0x10A10BB0,0x00000004,data,str_10A10BB0
0x10A10BB4,0x00000004,data,str_10A10BB4
0x10A10BB8,0x00000005,data,str_10A10BB8
0x10A10BC0,0x0000000D,data,str_10A10BC0
0x10A10BD0,0x0000000A,data,str_10A10BD0
0x10A10BE4,0x00000004,data,str_10A10BE4
0x10A10BF4,0x00000007,data,str_10A10BF4
0x10A10C04,0x0000002C,data,str_10A10C04
0x10A10C30,0x00000004,data,str_10A10C30
0x10A10C34,0x00000004,data,str_10A10C34
0x10A10C38,0x00000004,data,str_10A10C38
0x10A10C3C,0x00000014,data,str_10A10C3C
0x10A10E38,0x00000012,data,str_10A10E38
0x10A10E4C,0x00000011,data,str_10A10E4C
0x10A11014,0x00000008,data,str_10A11014
0x10A1101C,0x00000009,data,str_10A1101C
0x10A11028,0x0000002D,data,str_10A11028
0x10A128AA,0x0000009F,data,str_10A128AA
0x10A13068,0x00000014,data,str_10A13068
0x10A1307C,0x00000011,data,str_10A1307C
0x10A13090,0x0000000E,data,str_10A13090
0x10A130AC,0x0000000D,data,str_10A130AC
0x10A130BC,0x00000012,data,str_10A130BC
0x10A130D0,0x0000000A,data,str_10A130D0
0x10A130DC,0x00000011,data,str_10A130DC
0x10A130F0,0x00000012,data,str_10A130F0
0x10A13104,0x0000001E,data,str_10A13104
0x10A13124,0x00000018,data,str_10A13124
0x10A1313C,0x00000013,data,str_10A1313C
0x10A13150,0x00000016,data,str_10A13150
0x10A13168,0x00000009,data,str_10A13168
0x10A13174,0x00000011,data,str_10A13174
0x10A13188,0x0000000F,data,str_10A13188
0x10A13198,0x00000018,data,str_10A13198
0x10A131B0,0x00000013,data,str_10A131B0
0x10A131C4,0x0000000C,data,str_10A131C4
0x10A131D0,0x0000000E,data,str_10A131D0
0x10A131E0,0x0000000F,data,str_10A131E0
0x10A131F0,0x00000010,data,str_10A131F0
0x10A13200,0x00000013,data,str_10A13200
0x10A13214,0x00000011,data,str_10A13214
0x10A13228,0x0000000E,data,str_10A13228
0x10A13238,0x00000016,data,str_10A13238
0x10A13250,0x00000018,data,str_10A13250
0x10A13268,0x00000017,data,str_10A13268
0x10A13280,0x00000013,data,str_10A13280
0x10A13294,0x00000011,data,str_10A13294
0x10A132A8,0x0000000E,data,str_10A132A8
0x10A132B8,0x00000017,data,str_10A132B8
0x10A132D0,0x0000000F,data,str_10A132D0
0x10A132E0,0x0000000C,data,str_10A132E0
0x10A132EC,0x00000015,data,str_10A132EC
0x10A13304,0x00000013,data,str_10A13304
0x10A13318,0x00000013,data,str_10A13318
0x10A1332C,0x0000000B,data,str_10A1332C
0x10A13338,0x00000011,data,str_10A13338
0x10A1334C,0x0000000F,data,str_10A1334C
0x10A1335C,0x00000012,data,str_10A1335C
0x10A13370,0x0000000F,data,str_10A13370
0x10A13380,0x00000016,data,str_10A13380
0x10A13398,0x00000011,data,str_10A13398
0x10A133AC,0x00000012,data,str_10A133AC
0x10A133C0,0x0000000F,data,str_10A133C0
0x10A133D0,0x0000001E,data,str_10A133D0
0x10A133F0,0x0000001B,data,str_10A133F0
0x10A1340C,0x00000017,data,str_10A1340C
0x10A13424,0x00000011,data,str_10A13424
0x10A13438,0x00000013,data,str_10A13438
0x10A1344C,0x0000001A,data,str_10A1344C
0x10A13468,0x00000017,data,str_10A13468
0x10A13480,0x00000018,data,str_10A13480
0x10A13498,0x00000011,data,str_10A13498
0x10A134AC,0x0000000F,data,str_10A134AC
0x10A134BC,0x0000000D,data,str_10A134BC
0x10A134CC,0x00000011,data,str_10A134CC
0x10A134E0,0x00000010,data,str_10A134E0
0x10A134F0,0x0000000C,data,str_10A134F0
0x10A134FC,0x0000000B,data,str_10A134FC
0x10A13508,0x0000000C,data,str_10A13508
0x10A13514,0x00000014,data,str_10A13514
0x10A13528,0x00000011,data,str_10A13528
0x10A1353C,0x0000000A,data,str_10A1353C
0x10A13548,0x00000011,data,str_10A13548
0x10A1355C,0x00000010,data,str_10A1355C
0x10A1356C,0x00000010,data,str_10A1356C
0x10A1357C,0x0000000F,data,str_10A1357C
0x10A1358C,0x0000000F,data,str_10A1358C
0x10A1359C,0x00000013,data,str_10A1359C
0x10A135B0,0x00000018,data,str_10A135B0
0x10A135C8,0x00000014,data,str_10A135C8
0x10A135DC,0x00000010,data,str_10A135DC
0x10A135EC,0x00000010,data,str_10A135EC
0x10A135FC,0x00000010,data,str_10A135FC
0x10A1360C,0x0000000F,data,str_10A1360C
0x10A1361C,0x0000000F,data,str_10A1361C
0x10A1362C,0x0000000F,data,str_10A1362C
0x10A1363C,0x00000011,data,str_10A1363C
0x10A13650,0x00000010,data,str_10A13650
0x10A13660,0x00000012,data,str_10A13660
0x10A13674,0x00000010,data,str_10A13674
0x10A13684,0x00000011,data,str_10A13684
0x10A13698,0x0000000C,data,str_10A13698
0x10A136A4,0x00000013,data,str_10A136A4
0x10A136B8,0x0000001E,data,str_10A136B8
0x10A136D8,0x00000025,data,str_10A136D8
0x10A13700,0x00000013,data,str_10A13700
0x10A13714,0x00000011,data,str_10A13714
0x10A13728,0x0000000F,data,str_10A13728
0x10A13738,0x0000000D,data,str_10A13738
0x10A13748,0x0000000E,data,str_10A13748
0x10A13758,0x0000000A,data,str_10A13758
0x10A13764,0x00000009,data,str_10A13764
0x10A13770,0x00000009,data,str_10A13770
0x10A1377C,0x00000010,data,str_10A1377C
0x10A1378C,0x00000013,data,str_10A1378C
0x10A137A0,0x00000012,data,str_10A137A0
0x10A137B4,0x00000004,data,str_10A137B4
0x10A137BC,0x00000018,data,str_10A137BC
0x10A137D4,0x0000000C,data,str_10A137D4
0x10A137E0,0x0000000B,data,str_10A137E0
0x10A13814,0x00000004,data,str_10A13814
0x10A13818,0x00000004,data,str_10A13818
0x10A1383C,0x0000000B,data,str_10A1383C
0x10A13848,0x00000007,data,str_10A13848
0x10A13850,0x0000000C,data,str_10A13850
0x10A1385C,0x0000000A,data,str_10A1385C
0x10A13868,0x00000007,data,str_10A13868
0x10A13870,0x00000014,data,str_10A13870
0x10A13884,0x00000014,data,str_10A13884
0x10A13898,0x00000012,data,str_10A13898
0x10A138AC,0x00000013,data,str_10A138AC
0x10A138C0,0x0000000E,data,str_10A138C0
0x10A138D0,0x00000011,data,str_10A138D0
0x10A138E4,0x00000008,data,str_10A138E4
0x10A138EC,0x00000013,data,str_10A138EC
0x10A13900,0x00000017,data,str_10A13900
0x10A13918,0x0000001A,data,str_10A13918
0x10A13934,0x00000014,data,str_10A13934
0x10A13948,0x00000012,data,str_10A13948
0x10A1395C,0x00000013,data,str_10A1395C
0x10A13970,0x00000014,data,str_10A13970
0x10A13984,0x00000015,data,str_10A13984
0x10A1399C,0x00000013,data,str_10A1399C
0x10A139B0,0x00000013,data,str_10A139B0
0x10A139C4,0x00000014,data,str_10A139C4
0x10A139D8,0x00000015,data,str_10A139D8
0x10A139F0,0x00000010,data,str_10A139F0
0x10A13A00,0x00000015,data,str_10A13A00
0x10A13A18,0x00000017,data,str_10A13A18
0x10A13A30,0x00000014,data,str_10A13A30
0x10A13A44,0x0000000F,data,str_10A13A44
0x10A13A54,0x0000000E,data,str_10A13A54
0x10A13A64,0x00000010,data,str_10A13A64
0x10A13A74,0x0000000D,data,str_10A13A74
0x10A13A84,0x0000000B,data,str_10A13A84
0x10A13A90,0x00000010,data,str_10A13A90
0x10A13AA0,0x00000010,data,str_10A13AA0
0x10A13AB0,0x0000000E,data,str_10A13AB0
0x10A13AC0,0x00000014,data,str_10A13AC0
0x10A13AD4,0x00000011,data,str_10A13AD4
0x10A13AE8,0x00000016,data,str_10A13AE8
0x10A13B00,0x00000012,data,str_10A13B00
0x10A13B14,0x00000010,data,str_10A13B14
0x10A13B24,0x00000011,data,str_10A13B24
0x10A13B38,0x00000012,data,str_10A13B38
0x10A13B4C,0x00000012,data,str_10A13B4C
0x10A13B60,0x00000012,data,str_10A13B60
0x10A13B74,0x00000012,data,str_10A13B74
0x10A13B88,0x00000012,data,str_10A13B88
0x10A13B9C,0x0000000D,data,str_10A13B9C
0x10A13BAC,0x00000008,data,str_10A13BAC
0x10A13BB4,0x00000011,data,str_10A13BB4
0x10A13BC8,0x00000013,data,str_10A13BC8
0x10A13BDC,0x00000010,data,str_10A13BDC
0x10A13BEC,0x00000018,data,str_10A13BEC
0x10A13C04,0x0000000C,data,str_10A13C04
0x10A13C10,0x0000000C,data,str_10A13C10
0x10A13C1C,0x0000000D,data,str_10A13C1C
0x10A13C2C,0x00000011,data,str_10A13C2C
0x10A13C40,0x00000011,data,str_10A13C40
0x10A13C58,0x0000000B,data,str_10A13C58
0x10A13C64,0x0000000C,data,str_10A13C64
0x10A13C70,0x00000011,data,str_10A13C70
0x10A13C84,0x00000010,data,str_10A13C84
0x10A13C94,0x00000006,data,str_10A13C94
0x10A13C9C,0x00000008,data,str_10A13C9C
0x10A13CA4,0x0000000E,data,str_10A13CA4
0x10A13CB4,0x0000000C,data,str_10A13CB4
0x10A13CC0,0x00000017,data,str_10A13CC0
0x10A13CD8,0x00000015,data,str_10A13CD8
0x10A13CF4,0x00000007,data,str_10A13CF4
0x10A13CFC,0x00000013,data,str_10A13CFC
0x10A13D10,0x0000000B,data,str_10A13D10
0x10A13D1C,0x00000006,data,str_10A13D1C
0x10A13D58,0x00000017,data,str_10A13D58
0x10A13D78,0x0000002E,data,str_10A13D78
0x10A13DB4,0x0000002D,data,str_10A13DB4
0x10A13E08,0x00000009,data,str_10A13E08
0x10A13E14,0x0000000C,data,str_10A13E14
0x10A13E20,0x0000000B,data,str_10A13E20
0x10A13E2C,0x0000000C,data,str_10A13E2C
0x10A13E38,0x0000000B,data,str_10A13E38
0x10A13E44,0x00000008,data,str_10A13E44
0x10A13E6C,0x0000000B,data,str_10A13E6C
0x10A13E78,0x0000000A,data,str_10A13E78
0x10A13E84,0x0000000C,data,str_10A13E84
0x10A13E90,0x00000006,data,str_10A13E90
0x10A13E9C,0x00000009,data,str_10A13E9C
0x10A13EA8,0x00000005,data,str_10A13EA8
0x10A13EB0,0x00000007,data,str_10A13EB0
0x10A13EB8,0x00000009,data,str_10A13EB8
0x10A13EC4,0x0000000C,data,str_10A13EC4
0x10A13ED0,0x0000000D,data,str_10A13ED0
0x10A13EE0,0x0000000A,data,str_10A13EE0
0x10A13EEC,0x00000007,data,str_10A13EEC
0x10A13EF8,0x0000000B,data,str_10A13EF8
0x10A13F04,0x0000000B,data,str_10A13F04
0x10A13F10,0x0000000B,data,str_10A13F10
0x10A13F1C,0x0000000D,data,str_10A13F1C
0x10A13F2C,0x00000014,data,str_10A13F2C
0x10A13F4C,0x00000004,data,str_10A13F4C
0x10A13F50,0x0000000E,data,str_10A13F50
0x10A13F60,0x0000000C,data,str_10A13F60
0x10A13F6C,0x0000000A,data,str_10A13F6C
0x10A13F78,0x0000000B,data,str_10A13F78
0x10A13F84,0x0000000A,data,str_10A13F84
0x10A13F90,0x0000000B,data,str_10A13F90
0x10A13F9C,0x0000000A,data,str_10A13F9C
0x10A13FA8,0x00000007,data,str_10A13FA8
0x10A13FB0,0x00000007,data,str_10A13FB0
0x10A13FB8,0x00000006,data,str_10A13FB8
0x10A13FC0,0x0000000B,data,str_10A13FC0
0x10A13FCC,0x00000008,data,str_10A13FCC
0x10A13FD4,0x00000007,data,str_10A13FD4
0x10A13FDC,0x0000000D,data,str_10A13FDC
0x10A13FEC,0x0000000C,data,str_10A13FEC
0x10A13FF8,0x00000006,data,str_10A13FF8
0x10A14000,0x00000008,data,str_10A14000
0x10A14008,0x00000008,data,str_10A14008
0x10A14010,0x00000008,data,str_10A14010
0x10A14018,0x00000007,data,str_10A14018
0x10A14020,0x0000000B,data,str_10A14020
0x10A1402C,0x00000009,data,str_10A1402C
0x10A140EC,0x0000001C,data,str_10A140EC
0x10A14108,0x00000005,data,str_10A14108
0x10A14110,0x0000000A,data,str_10A14110
0x10A1411C,0x00000025,data,str_10A1411C
0x10A14144,0x00000005,data,str_10A14144
0x10A1414C,0x00000016,data,str_10A1414C
0x10A14164,0x0000000D,data,str_10A14164
0x10A141CC,0x00000016,data,wstr_10A141CC
0x10A141E4,0x0000000C,data,wstr_10A141E4
0x10A141F0,0x00000008,data,wstr_10A141F0
0x10A141F8,0x00000014,data,str_10A141F8
0x10A1420C,0x00000011,data,str_10A1420C
0x10A14220,0x0000000E,data,str_10A14220
0x10A14230,0x00000013,data,str_10A14230
0x10A14248,0x00000056,data,wstr_10A14248
0x10A142A0,0x00000062,data,wstr_10A142A0
0x10A14308,0x0000005C,data,wstr_10A14308
0x10A14368,0x00000060,data,wstr_10A14368
0x10A143C8,0x00000022,data,wstr_10A143C8
0x10A143EC,0x00000016,data,str_10A143EC
0x10A14404,0x00000010,data,str_10A14404
0x10A14414,0x0000000C,data,str_10A14414
0x10A14420,0x0000000E,data,str_10A14420
0x10A14430,0x0000003A,data,wstr_10A14430
0x10A1446C,0x00000026,data,wstr_10A1446C
0x10A14494,0x00000013,data,str_10A14494
0x10A144A8,0x00000007,data,str_10A144A8
0x10A144B0,0x0000000A,data,str_10A144B0
0x10A144BC,0x0000000F,data,str_10A144BC
0x10A144CC,0x0000000A,data,str_10A144CC
0x10A144D8,0x0000000B,data,str_10A144D8
0x10A144E4,0x00000018,data,wstr_10A144E4
0x10A144FC,0x00000012,data,str_10A144FC
0x10A14510,0x00000018,data,str_10A14510
0x10A14526,0x00000010,data,wstr_10A14526
0x10A14538,0x00000014,data,str_10A14538
0x10A1454C,0x0000000C,data,str_10A1454C
0x10A14558,0x00000010,data,str_10A14558
0x10A14568,0x00000008,data,str_10A14568
0x10A14570,0x00000016,data,str_10A14570
0x10A14588,0x0000001B,data,str_10A14588
0x10A145A4,0x00000013,data,str_10A145A4
0x10A145B8,0x0000000F,data,str_10A145B8
0x10A145C8,0x00000009,data,str_10A145C8
0x10A145D4,0x00000005,data,str_10A145D4
0x10A145DC,0x0000000C,data,str_10A145DC
0x10A145E8,0x0000000C,data,str_10A145E8
0x10A145F4,0x0000000A,data,str_10A145F4
0x10A14600,0x00000014,data,wstr_10A14600
0x10A14614,0x00000014,data,str_10A14614
0x10A14628,0x0000000F,data,str_10A14628
0x10A14638,0x00000040,data,wstr_10A14638
0x10A14678,0x00000024,data,wstr_10A14678
0x10A1469C,0x0000000E,data,wstr_10A1469C
0x10A146AC,0x00000005,data,str_10A146AC
0x10A146BC,0x00000019,data,str_10A146BC
0x10A146E0,0x0000000E,data,str_10A146E0
0x10A146F0,0x0000000C,data,str_10A146F0
0x10A146FC,0x0000000A,data,str_10A146FC
0x10A14708,0x0000000C,data,str_10A14708
0x10A14714,0x0000001B,data,str_10A14714
0x10A14730,0x0000000D,data,str_10A14730
0x10A14740,0x00000015,data,str_10A14740
0x10A14758,0x00000010,data,str_10A14758
0x10A14774,0x00000004,data,str_10A14774
0x10A14778,0x00000005,data,str_10A14778
0x10A14780,0x0000000F,data,str_10A14780
0x10A14950,0x00000015,data,str_10A14950
0x10A14968,0x00000015,data,str_10A14968
0x10A14980,0x00000015,data,str_10A14980
0x10A14998,0x00000015,data,str_10A14998
0x10A149B0,0x00000015,data,str_10A149B0
0x10A149C8,0x00000015,data,str_10A149C8
0x10A149E0,0x00000015,data,str_10A149E0
0x10A149F8,0x00000015,data,str_10A149F8
0x10A14A10,0x00000016,data,str_10A14A10
0x10A14A28,0x00000016,data,str_10A14A28
0x10A14A40,0x00000016,data,str_10A14A40
0x10A14A58,0x00000016,data,str_10A14A58
0x10A14A70,0x00000015,data,str_10A14A70
0x10A14A88,0x00000015,data,str_10A14A88
0x10A14AA0,0x00000015,data,str_10A14AA0
0x10A14AB8,0x00000015,data,str_10A14AB8
0x10A14AD0,0x00000015,data,str_10A14AD0
0x10A14AE8,0x00000015,data,str_10A14AE8
0x10A14B00,0x00000015,data,str_10A14B00
0x10A14B18,0x00000015,data,str_10A14B18
0x10A14B30,0x00000014,data,str_10A14B30
0x10A14B44,0x00000014,data,str_10A14B44
0x10A14B58,0x00000014,data,str_10A14B58
0x10A14B6C,0x00000014,data,str_10A14B6C
0x10A14B80,0x00000015,data,str_10A14B80
0x10A14B98,0x00000015,data,str_10A14B98
0x10A14BB0,0x00000015,data,str_10A14BB0
0x10A14BC8,0x00000015,data,str_10A14BC8
0x10A14BE0,0x00000015,data,str_10A14BE0
0x10A14BF8,0x00000015,data,str_10A14BF8
0x10A14C10,0x00000015,data,str_10A14C10
0x10A14C28,0x00000015,data,str_10A14C28
0x10A14C40,0x00000016,data,str_10A14C40
0x10A14C58,0x00000016,data,str_10A14C58
0x10A14C70,0x00000016,data,str_10A14C70
0x10A14C88,0x00000016,data,str_10A14C88
0x10A14CA0,0x00000015,data,str_10A14CA0
0x10A14CB8,0x00000015,data,str_10A14CB8
0x10A14CD0,0x00000015,data,str_10A14CD0
0x10A14CE8,0x00000015,data,str_10A14CE8
0x10A14D00,0x00000015,data,str_10A14D00
0x10A14D18,0x00000015,data,str_10A14D18
0x10A14D30,0x00000015,data,str_10A14D30
0x10A14D48,0x00000015,data,str_10A14D48
0x10A14D60,0x00000015,data,str_10A14D60
0x10A14D78,0x00000015,data,str_10A14D78
0x10A14D90,0x00000015,data,str_10A14D90
0x10A14DA8,0x00000015,data,str_10A14DA8
0x10A14DC0,0x00000015,data,str_10A14DC0
0x10A14DD8,0x00000015,data,str_10A14DD8
0x10A14DF0,0x00000015,data,str_10A14DF0
0x10A14E08,0x00000015,data,str_10A14E08
0x10A14E20,0x0000000D,data,str_10A14E20
0x10A14E30,0x00000016,data,str_10A14E30
0x10A14E48,0x00000016,data,str_10A14E48
0x10A14E60,0x00000016,data,str_10A14E60
0x10A14E78,0x00000012,data,str_10A14E78
0x10A14E8C,0x00000014,data,str_10A14E8C
0x10A14EA0,0x0000001B,data,str_10A14EA0
0x10A14EBC,0x0000001D,data,str_10A14EBC
0x10A14EDC,0x00000014,data,str_10A14EDC
0x10A14EF0,0x00000014,data,str_10A14EF0
0x10A14F04,0x00000014,data,str_10A14F04
0x10A14F18,0x00000014,data,str_10A14F18
0x10A14F2C,0x00000014,data,str_10A14F2C
0x10A14F40,0x00000014,data,str_10A14F40
0x10A14F54,0x00000014,data,str_10A14F54
0x10A14F68,0x00000014,data,str_10A14F68
0x10A14F7C,0x00000014,data,str_10A14F7C
0x10A14F90,0x00000014,data,str_10A14F90
0x10A14FA4,0x00000012,data,str_10A14FA4
0x10A14FB8,0x00000014,data,str_10A14FB8
0x10A14FCC,0x00000015,data,str_10A14FCC
0x10A14FE4,0x00000015,data,str_10A14FE4
0x10A14FFC,0x0000001B,data,str_10A14FFC
0x10A15018,0x0000001B,data,str_10A15018
0x10A15034,0x0000001A,data,str_10A15034
0x10A15050,0x00000021,data,str_10A15050
0x10A15074,0x00000018,data,str_10A15074
0x10A1508C,0x00000013,data,str_10A1508C
0x10A150A0,0x00000015,data,str_10A150A0
0x10A150B8,0x00000018,data,str_10A150B8
0x10A150D0,0x00000018,data,str_10A150D0
0x10A150E8,0x00000016,data,str_10A150E8
0x10A15100,0x00000017,data,str_10A15100
0x10A15118,0x0000001E,data,str_10A15118
0x10A15138,0x00000016,data,str_10A15138
0x10A15150,0x0000000F,data,str_10A15150
0x10A15160,0x00000017,data,str_10A15160
0x10A15178,0x0000000C,data,str_10A15178
0x10A15184,0x0000000A,data,str_10A15184
0x10A15190,0x00000007,data,str_10A15190
0x10A15198,0x0000000C,data,str_10A15198
0x10A151A4,0x0000000D,data,str_10A151A4
0x10A151B4,0x0000000C,data,str_10A151B4
0x10A151C0,0x00000007,data,str_10A151C0
0x10A151C8,0x0000000E,data,str_10A151C8
0x10A151D8,0x00000007,data,str_10A151D8
0x10A151E0,0x00000009,data,str_10A151E0
0x10A151EC,0x00000009,data,str_10A151EC
0x10A151F8,0x00000008,data,str_10A151F8
0x10A15200,0x00000007,data,str_10A15200
0x10A15208,0x00000006,data,str_10A15208
0x10A15210,0x00000009,data,str_10A15210
0x10A1521C,0x00000008,data,str_10A1521C
0x10A15224,0x00000007,data,str_10A15224
0x10A15398,0x00000011,data,str_10A15398
0x10A153AC,0x00000005,data,str_10A153AC
0x10A153B4,0x00000008,data,str_10A153B4
0x10A153BC,0x00000007,data,str_10A153BC
0x10A153C4,0x00000008,data,str_10A153C4
0x10A153CC,0x00000012,data,str_10A153CC
0x10A153E0,0x0000000D,data,str_10A153E0
0x10A153F0,0x0000001B,data,str_10A153F0
0x10A1540C,0x00000010,data,str_10A1540C
0x10A15420,0x00000004,data,str_10A15420
0x10A1548C,0x0000001E,data,wstr_10A1548C
0x10A154AC,0x0000001A,data,str_10A154AC
0x10A154C8,0x0000001D,data,str_10A154C8
0x10A154E8,0x00000013,data,str_10A154E8
0x10A154FC,0x0000001C,data,str_10A154FC
0x10A15518,0x00000012,data,str_10A15518
0x10A1552C,0x0000001C,data,str_10A1552C
0x10A15548,0x0000002B,data,str_10A15548
0x10A15574,0x00000029,data,str_10A15574
0x10A155A0,0x00000023,data,str_10A155A0
0x10A155C4,0x00000021,data,str_10A155C4
0x10A155E8,0x0000001B,data,str_10A155E8
0x10A15604,0x0000002C,data,str_10A15604
0x10A15630,0x00000026,data,str_10A15630
0x10A15658,0x00000025,data,str_10A15658
0x10A15680,0x00000026,data,str_10A15680
0x10A156A8,0x0000001D,data,str_10A156A8
0x10A156C8,0x0000001B,data,str_10A156C8
0x10A156E4,0x0000000F,data,str_10A156E4
0x10A156F4,0x0000000A,data,str_10A156F4
0x10A15700,0x00000007,data,str_10A15700
0x10A15708,0x00000024,data,str_10A15708
0x10A1572C,0x00000010,data,str_10A1572C
0x10A1573C,0x00000006,data,str_10A1573C
0x10A15744,0x00000004,data,str_10A15744
0x10A15748,0x00000010,data,str_10A15748
0x10A15758,0x0000001B,data,str_10A15758
0x10A15774,0x00000027,data,str_10A15774
0x10A1579C,0x00000020,data,str_10A1579C
0x10A157BC,0x00000021,data,str_10A157BC
0x10A157E0,0x0000001B,data,str_10A157E0
0x10A157FC,0x00000024,data,str_10A157FC
0x10A15820,0x0000001D,data,str_10A15820
0x10A15840,0x0000001E,data,str_10A15840
0x10A15860,0x0000001D,data,str_10A15860
0x10A15880,0x0000001E,data,str_10A15880
0x10A158A0,0x0000001D,data,str_10A158A0
0x10A158C0,0x00000013,data,str_10A158C0
0x10A158D4,0x00000009,data,str_10A158D4
0x10A158E0,0x00000015,data,str_10A158E0
0x10A158F8,0x00000009,data,str_10A158F8
0x10A15904,0x00000008,data,str_10A15904
0x10A1590C,0x0000000A,data,str_10A1590C
0x10A15918,0x0000000A,data,str_10A15918
0x10A15928,0x00000008,data,str_10A15928
0x10A15930,0x00000005,data,str_10A15930
0x10A15938,0x00000009,data,str_10A15938
0x10A15B40,0x00000007,data,str_10A15B40
0x10A15B47,0x0000002C,data,str_10A15B47
0x10A16C48,0x00000004,data,str_10A16C48
0x10A1782D,0x00000004,data,str_10A1782D
0x10A17832,0x00000004,data,str_10A17832
0x10A17BE9,0x00000004,data,str_10A17BE9
0x10A17BEE,0x00000004,data,str_10A17BEE
0x10A196A4,0x00000004,data,str_10A196A4
0x10A1AB1E,0x00000004,data,str_10A1AB1E
0x10A1F8C7,0x00000004,data,str_10A1F8C7
0x10A201BD,0x00000004,data,str_10A201BD
0x10A2033E,0x00000004,data,str_10A2033E
0x10A211D0,0x00000004,data,str_10A211D0
0x10A22161,0x00000004,data,str_10A22161
0x10A2238C,0x00000004,data,str_10A2238C
0x10A27F49,0x00000004,data,str_10A27F49
0x10A28A9A,0x00000004,data,str_10A28A9A
0x10A29A61,0x00000004,data,str_10A29A61
0x10A29EFD,0x00000004,data,str_10A29EFD
0x10A2AAE7,0x00000004,data,str_10A2AAE7
0x10A2B380,0x00000004,data,str_10A2B380
0x10A2B384,0x00000004,data,str_10A2B384
0x10A2B49E,0x00000004,data,str_10A2B49E
0x10A2C673,0x00000004,data,str_10A2C673
0x10A2E845,0x00000004,data,str_10A2E845
0x10A2EC17,0x00000004,data,str_10A2EC17
0x10A2FC47,0x00000004,data,str_10A2FC47
0x10A2FDF6,0x00000004,data,str_10A2FDF6
0x10A2FFF4,0x00000004,data,str_10A2FFF4
0x10A31A31,0x00000005,data,str_10A31A31
0x10A31A49,0x00000005,data,str_10A31A49
0x10A3409E,0x00000004,data,str_10A3409E
0x10A3504F,0x00000005,data,str_10A3504F
0x10A3B2F9,0x00000004,data,str_10A3B2F9
0x10A3C0B2,0x00000004,data,str_10A3C0B2
0x10A456D6,0x00000004,data,str_10A456D6
0x10A47266,0x00000004,data,str_10A47266
0x10A47DCD,0x00000004,data,str_10A47DCD
0x10A47DDA,0x00000006,data,str_10A47DDA
0x10A48CDF,0x00000004,data,str_10A48CDF
0x10A49088,0x00000005,data,str_10A49088
0x10A490C6,0x00000005,data,str_10A490C6
0x10A4B6D3,0x00000004,data,str_10A4B6D3
0x10A4C7DE,0x00000004,data,str_10A4C7DE
0x10A4CC74,0x00000004,data,str_10A4CC74
0x10A4D599,0x00000004,data,str_10A4D599
0x10A4E9E1,0x00000004,data,str_10A4E9E1
0x10A510D6,0x00000004,data,str_10A510D6
0x10A51271,0x00000004,data,str_10A51271
0x10A51323,0x00000004,data,str_10A51323
0x10A52D6A,0x00000004,data,str_10A52D6A
0x10A54B68,0x00000004,data,str_10A54B68
0x10A554C4,0x00000005,data,str_10A554C4
0x10A56B92,0x00000004,data,str_10A56B92
0x10A56F23,0x00000004,data,str_10A56F23
0x10A5950E,0x00000004,data,str_10A5950E
0x10A59827,0x00000005,data,str_10A59827
0x10A59A6A,0x00000004,data,str_10A59A6A
0x10A5A434,0x00000004,data,str_10A5A434
0x10A5A5FD,0x00000005,data,str_10A5A5FD
0x10A5AF6E,0x00000004,data,str_10A5AF6E
0x10A5B058,0x00000004,data,str_10A5B058
0x10A5BC2C,0x00000004,data,str_10A5BC2C
0x10A5BF64,0x00000005,data,str_10A5BF64
0x10A5BF76,0x00000005,data,str_10A5BF76
0x10A5BF9A,0x00000005,data,str_10A5BF9A
0x10A5BFAC,0x00000005,data,str_10A5BFAC
0x10A5CCE5,0x00000004,data,str_10A5CCE5
0x10A5E781,0x00000004,data,str_10A5E781
0x10A61978,0x00000004,data,str_10A61978
0x10A61ECE,0x00000004,data,str_10A61ECE
0x10A67ECC,0x00000004,data,str_10A67ECC
0x10A6B07A,0x00000007,data,str_10A6B07A
0x10A6B084,0x00000005,data,str_10A6B084
0x10A6B08C,0x00000007,data,str_10A6B08C
0x10A6B096,0x00000007,data,str_10A6B096
0x10A6B0A0,0x00000013,data,str_10A6B0A0
0x10A6B0B6,0x00000013,data,str_10A6B0B6
0x10A6B0CC,0x00000008,data,str_10A6B0CC
0x10A6B0D6,0x0000000A,data,str_10A6B0D6
0x10A6B0E2,0x00000009,data,str_10A6B0E2
0x10A6B0EE,0x00000009,data,str_10A6B0EE
0x10A6B0FA,0x0000000B,data,str_10A6B0FA
0x10A6B108,0x00000007,data,str_10A6B108
0x10A6B112,0x00000007,data,str_10A6B112
0x10A6B11C,0x00000007,data,str_10A6B11C
0x10A6B126,0x00000008,data,str_10A6B126
0x10A6B130,0x00000008,data,str_10A6B130
0x10A6B13A,0x00000009,data,str_10A6B13A
0x10A6B146,0x0000000A,data,str_10A6B146
0x10A6B152,0x00000008,data,str_10A6B152
0x10A6B15C,0x0000000A,data,str_10A6B15C
0x10A6B168,0x00000005,data,str_10A6B168
0x10A6B170,0x00000006,data,str_10A6B170
0x10A6B178,0x00000006,data,str_10A6B178
0x10A6B180,0x00000006,data,str_10A6B180
0x10A6B188,0x0000000F,data,str_10A6B188
0x10A6B19A,0x00000008,data,str_10A6B19A
0x10A6B1A4,0x0000000B,data,str_10A6B1A4
0x10A6B1B2,0x00000007,data,str_10A6B1B2
0x10A6B1BC,0x00000008,data,str_10A6B1BC
0x10A6B1C6,0x00000009,data,str_10A6B1C6
0x10A6B1D2,0x00000009,data,str_10A6B1D2
0x10A6B1DE,0x00000008,data,str_10A6B1DE
0x10A6B1E8,0x00000008,data,str_10A6B1E8
0x10A6B1F2,0x00000008,data,str_10A6B1F2
0x10A6B1FC,0x00000007,data,str_10A6B1FC
0x10A6B206,0x00000007,data,str_10A6B206
0x10A6B210,0x0000000A,data,str_10A6B210
0x10A6B21C,0x0000000C,data,str_10A6B21C
0x10A6B22A,0x00000007,data,str_10A6B22A
0x10A6B234,0x00000005,data,str_10A6B234
0x10A6B23C,0x00000005,data,str_10A6B23C
0x10A6B244,0x00000009,data,str_10A6B244
0x10A6B250,0x00000009,data,str_10A6B250
0x10A6B25C,0x00000009,data,str_10A6B25C
0x10A6B268,0x0000000D,data,str_10A6B268
0x10A6B278,0x00000005,data,str_10A6B278
0x10A6B280,0x0000000B,data,str_10A6B280
0x10A6B28E,0x00000007,data,str_10A6B28E
0x10A6B298,0x00000006,data,str_10A6B298
0x10A6B2A0,0x0000000A,data,str_10A6B2A0
0x10A6B2AC,0x0000000A,data,str_10A6B2AC
0x10A6B2B8,0x00000008,data,str_10A6B2B8
0x10A6B2C2,0x00000007,data,str_10A6B2C2
0x10A6B2CC,0x00000007,data,str_10A6B2CC
0x10A6B2D6,0x00000009,data,str_10A6B2D6
0x10A6B2E2,0x00000006,data,str_10A6B2E2
0x10A6B2EA,0x00000008,data,str_10A6B2EA
0x10A6B2F4,0x0000000A,data,str_10A6B2F4
0x10A6B300,0x0000000A,data,str_10A6B300
0x10A6B30C,0x0000000B,data,str_10A6B30C
0x10A6B31A,0x0000000A,data,str_10A6B31A
0x10A6B326,0x00000006,data,str_10A6B326
0x10A6B32E,0x0000000A,data,str_10A6B32E
0x10A6B33A,0x00000009,data,str_10A6B33A
0x10A6B346,0x0000000C,data,str_10A6B346
0x10A6B354,0x00000005,data,str_10A6B354
0x10A6B35C,0x0000000E,data,str_10A6B35C
0x10A6B36C,0x00000006,data,str_10A6B36C
0x10A6B374,0x00000006,data,str_10A6B374
0x10A6B37C,0x00000008,data,str_10A6B37C
0x10A6B386,0x0000000C,data,str_10A6B386
0x10A6B394,0x00000006,data,str_10A6B394
0x10A6B39C,0x00000008,data,str_10A6B39C
0x10A6B3A6,0x00000007,data,str_10A6B3A6
0x10A6B3B0,0x00000007,data,str_10A6B3B0
0x10A6B3BA,0x00000006,data,str_10A6B3BA
0x10A6B3C2,0x00000007,data,str_10A6B3C2
0x10A6B3CC,0x00000006,data,str_10A6B3CC
0x10A6B3D4,0x0000000B,data,str_10A6B3D4
0x10A6B3E2,0x0000000B,data,str_10A6B3E2
0x10A6B3F0,0x0000000B,data,str_10A6B3F0
0x10A6B3FE,0x00000009,data,str_10A6B3FE
0x10A6B40A,0x0000000C,data,str_10A6B40A
0x10A6B418,0x00000009,data,str_10A6B418
0x10A6B424,0x0000000C,data,str_10A6B424
0x10A6B432,0x00000008,data,str_10A6B432
0x10A6B43C,0x00000006,data,str_10A6B43C
0x10A6B444,0x0000000A,data,str_10A6B444
0x10A6B450,0x0000000C,data,str_10A6B450
0x10A6B45E,0x00000007,data,str_10A6B45E
0x10A6B468,0x00000005,data,str_10A6B468
0x10A6B470,0x00000008,data,str_10A6B470
0x10A6B47A,0x0000000A,data,str_10A6B47A
0x10A6B486,0x00000009,data,str_10A6B486
0x10A6B492,0x00000009,data,str_10A6B492
0x10A6B49E,0x00000009,data,str_10A6B49E
0x10A6B4AA,0x0000000B,data,str_10A6B4AA
0x10A6B4B8,0x00000008,data,str_10A6B4B8
0x10A6B4C2,0x0000001E,data,str_10A6B4C2
0x10A6B4E2,0x0000001E,data,str_10A6B4E2
0x10A6B502,0x00000019,data,str_10A6B502
0x10A6B51E,0x0000001F,data,str_10A6B51E
0x10A6B540,0x00000008,data,str_10A6B540
0x10A6B54A,0x00000009,data,str_10A6B54A
0x10A6B556,0x0000000C,data,str_10A6B556
0x10A6B564,0x0000000E,data,str_10A6B564
0x10A6B574,0x0000000A,data,str_10A6B574
0x10A6B580,0x0000000C,data,str_10A6B580
0x10A6B58E,0x0000000B,data,str_10A6B58E
0x10A6B59C,0x00000010,data,str_10A6B59C
0x10A6B5AC,0x0000000D,data,str_10A6B5AC
0x10A6B5BC,0x00000018,data,str_10A6B5BC
0x10A6B5D6,0x00000021,data,str_10A6B5D6
0x10A6B5FA,0x00000008,data,str_10A6B5FA
0x10A6B604,0x0000000C,data,str_10A6B604
0x10A6B612,0x00000006,data,str_10A6B612
0x10A6B61A,0x00000008,data,str_10A6B61A
0x10A6B624,0x00000013,data,str_10A6B624
0x10A6B63A,0x00000012,data,str_10A6B63A
0x10A6B64E,0x00000033,data,str_10A6B64E
0x10A6B684,0x00000014,data,str_10A6B684
0x10A6B69A,0x00000007,data,str_10A6B69A
0x10A6B6A4,0x00000014,data,str_10A6B6A4
0x10A6B6BA,0x00000018,data,str_10A6B6BA
0x10A6B6D4,0x0000000F,data,str_10A6B6D4
0x10A6B6E6,0x0000000C,data,str_10A6B6E6
0x10A6B6F4,0x00000014,data,str_10A6B6F4
0x10A6B70A,0x0000000D,data,str_10A6B70A
0x10A6B71A,0x0000000D,data,str_10A6B71A
0x10A6B72A,0x0000000E,data,str_10A6B72A
0x10A6B73A,0x0000000A,data,str_10A6B73A
0x10A6B746,0x00000013,data,str_10A6B746
0x10A6B75C,0x0000000F,data,str_10A6B75C
0x10A6B76E,0x0000000D,data,str_10A6B76E
0x10A6B77E,0x0000000F,data,str_10A6B77E
0x10A6B790,0x0000000A,data,str_10A6B790
0x10A6B79C,0x0000000E,data,str_10A6B79C
0x10A6B7AC,0x0000000F,data,str_10A6B7AC
0x10A6B7BE,0x0000000F,data,str_10A6B7BE
0x10A6B7D0,0x00000019,data,str_10A6B7D0
0x10A6B7EC,0x00000013,data,str_10A6B7EC
0x10A6B802,0x00000013,data,str_10A6B802
0x10A6B818,0x00000011,data,str_10A6B818
0x10A6B82C,0x00000011,data,str_10A6B82C
0x10A6B840,0x0000000F,data,str_10A6B840
0x10A6B852,0x0000000C,data,str_10A6B852
0x10A6B860,0x0000000C,data,str_10A6B860
0x10A6B86E,0x00000011,data,str_10A6B86E
0x10A6B882,0x0000001A,data,str_10A6B882
0x10A6B89E,0x0000000E,data,str_10A6B89E
0x10A6B8AE,0x00000006,data,str_10A6B8AE
0x10A6B8B6,0x00000011,data,str_10A6B8B6
0x10A6B8CA,0x0000000D,data,str_10A6B8CA
0x10A6B8DA,0x00000010,data,str_10A6B8DA
0x10A6B8EC,0x0000000C,data,str_10A6B8EC
0x10A6B8FA,0x0000000D,data,str_10A6B8FA
0x10A6B90A,0x00000010,data,str_10A6B90A
0x10A6B91C,0x00000013,data,str_10A6B91C
0x10A6B932,0x00000009,data,str_10A6B932
0x10A6B93E,0x0000000F,data,str_10A6B93E
0x10A6B950,0x0000000C,data,str_10A6B950
0x10A6B95E,0x0000000C,data,str_10A6B95E
0x10A6B96C,0x0000000A,data,str_10A6B96C
0x10A6B978,0x0000000D,data,str_10A6B978
0x10A6B988,0x0000000B,data,str_10A6B988
0x10A6B996,0x00000011,data,str_10A6B996
0x10A6B9AA,0x0000000D,data,str_10A6B9AA
0x10A6B9BA,0x0000000C,data,str_10A6B9BA
0x10A6B9C8,0x0000000F,data,str_10A6B9C8
0x10A6B9DA,0x00000014,data,str_10A6B9DA
0x10A6B9F0,0x0000001B,data,str_10A6B9F0
0x10A6BA0E,0x0000000F,data,str_10A6BA0E
0x10A6BA20,0x0000000D,data,str_10A6BA20
0x10A6BA30,0x00000012,data,str_10A6BA30
0x10A6BA44,0x00000011,data,str_10A6BA44
0x10A6BA58,0x0000000E,data,str_10A6BA58
0x10A6BA68,0x0000000E,data,str_10A6BA68
0x10A6BA78,0x00000018,data,str_10A6BA78
0x10A6BA92,0x0000000D,data,str_10A6BA92
0x10A6BAA2,0x00000013,data,str_10A6BAA2
0x10A6BAB8,0x00000014,data,str_10A6BAB8
0x10A6BACE,0x00000018,data,str_10A6BACE
0x10A6BAE8,0x00000011,data,str_10A6BAE8
0x10A6BAFC,0x00000012,data,str_10A6BAFC
0x10A6BB10,0x00000019,data,str_10A6BB10
0x10A6BB2C,0x0000001C,data,str_10A6BB2C
0x10A6BB4A,0x00000012,data,str_10A6BB4A
0x10A6BB5E,0x0000001A,data,str_10A6BB5E
0x10A6BB78,0x0000000D,data,str_10A6BB78
0x10A6BB88,0x0000000F,data,str_10A6BB88
0x10A6BB9A,0x00000011,data,str_10A6BB9A
0x10A6BBAE,0x0000000D,data,str_10A6BBAE
0x10A6BBBC,0x0000000A,data,str_10A6BBBC
0x10A6BBC8,0x00000011,data,str_10A6BBC8
0x10A6BBDC,0x0000000E,data,str_10A6BBDC
0x10A6BBEC,0x00000012,data,str_10A6BBEC
0x10A6BC00,0x00000015,data,str_10A6BC00
0x10A6BC18,0x00000014,data,str_10A6BC18
0x10A6BC2E,0x0000000F,data,str_10A6BC2E
0x10A6BC40,0x00000010,data,str_10A6BC40
0x10A6BC50,0x0000000D,data,str_10A6BC50
0x10A6BC60,0x00000016,data,str_10A6BC60
0x10A6BC78,0x00000010,data,str_10A6BC78
0x10A6BC88,0x0000000C,data,str_10A6BC88
0x10A6BC96,0x0000001E,data,str_10A6BC96
0x10A6BCB6,0x0000001E,data,str_10A6BCB6
0x10A6BCD6,0x0000002A,data,str_10A6BCD6
0x10A6BD00,0x0000000D,data,str_10A6BD00
0x10A6BD10,0x0000001A,data,str_10A6BD10
0x10A6BD2C,0x0000000B,data,str_10A6BD2C
0x10A6BD3A,0x00000025,data,str_10A6BD3A
0x10A6BD62,0x0000000C,data,str_10A6BD62
0x10A6BD70,0x0000002D,data,str_10A6BD70
0x10A6BDA0,0x0000001B,data,str_10A6BDA0
0x10A6BDBC,0x0000000C,data,str_10A6BDBC
0x10A6BE16,0x00000007,data,str_10A6BE16
0x10A6BE1D,0x00000015,data,str_10A6BE1D
0x10A6BE32,0x00000016,data,str_10A6BE32
0x10A6BE48,0x00000018,data,str_10A6BE48
0x10A01368,0x00000008,data,jumptable_10A01368
0x10A05AAC,0x00000018,data,jumptable_10A05AAC
0x10A05B7C,0x0000000C,data,jumptable_10A05B7C
0x10A05EE8,0x00000018,data,jumptable_10A05EE8
0x10A0607C,0x0000000C,data,jumptable_10A0607C
0x10A06B78,0x00000008,data,jumptable_10A06B78
0x10A06B84,0x00000008,data,jumptable_10A06B84
0x10A06B90,0x00000008,data,jumptable_10A06B90
0x10A06B9C,0x00000008,data,jumptable_10A06B9C
0x10A06BA8,0x00000008,data,jumptable_10A06BA8
0x10A06BB4,0x00000008,data,jumptable_10A06BB4
0x10A06BC0,0x00000008,data,jumptable_10A06BC0
0x10A06EE4,0x00000008,data,jumptable_10A06EE4
0x10A06F98,0x00000008,data,jumptable_10A06F98
0x10A07730,0x0000003C,data,jumptable_10A07730
0x10A07770,0x00000050,data,jumptable_10A07770
0x10A08760,0x000004CC,data,jumptable_10A08760
0x10A0EA18,0x000000C0,data,jumptable_10A0EA18
0x10A0EBB0,0x00000030,data,jumptable_10A0EBB0
0x10A0FCB0,0x00000040,data,jumptable_10A0FCB0
0x10A0FD50,0x000000F4,data,jumptable_10A0FD50
0x10A13DE4,0x00000024,data,jumptable_10A13DE4
0x10A13E4C,0x00000020,data,jumptable_10A13E4C
0x10A14040,0x00000008,data,jumptable_10A14040
0x10A1404C,0x00000008,data,jumptable_10A1404C
0x10A14058,0x00000008,data,jumptable_10A14058
0x10A14064,0x00000008,data,jumptable_10A14064
0x10A14070,0x00000008,data,jumptable_10A14070
0x10A1407C,0x00000008,data,jumptable_10A1407C
0x10A14088,0x00000008,data,jumptable_10A14088
0x10A14094,0x00000008,data,jumptable_10A14094
0x10A140A0,0x00000008,data,jumptable_10A140A0
0x10A140AC,0x00000008,data,jumptable_10A140AC
0x10A140B8,0x00000008,data,jumptable_10A140B8
0x10A140C4,0x00000008,data,jumptable_10A140C4
0x10A140D0,0x00000008,data,jumptable_10A140D0
0x10A141C4,0x00000008,data,jumptable_10A141C4
0x10A14790,0x000000E4,data,jumptable_10A14790
0x10A14878,0x000000D8,data,jumptable_10A14878
0x10A15390,0x00000008,data,jumptable_10A15390
0x10A15430,0x0000005C,data,jumptable_10A15430
0x10A15948,0x00000184,data,jumptable_10A15948
0x10A15AD0,0x00000008,data,jumptable_10A15AD0
0x10A15B78,0x00000038,data,jumptable_10A15B78
0x10A15D5C,0x00000058,data,jumptable_10A15D5C
0x10A15DD8,0x00000008,data,jumptable_10A15DD8
0x10A18BE3,0x0000053C,data,jumptable_10A18BE3
0x10A1C77F,0x0000000C,data,jumptable_10A1C77F
0x10A1D89A,0x00000028,data,jumptable_10A1D89A
0x10A20DF6,0x0000003C,data,jumptable_10A20DF6
0x10A2D770,0x00000024,data,jumptable_10A2D770
0x10A3248E,0x0000002C,data,jumptable_10A3248E
0x10A3325F,0x000000A8,data,jumptable_10A3325F
0x10A3DDF1,0x000000A4,data,jumptable_10A3DDF1
0x10A3F5DF,0x00000044,data,jumptable_10A3F5DF
0x10A4EC0C,0x000000DC,data,jumptable_10A4EC0C
0x10A522EE,0x0000001C,data,jumptable_10A522EE
0x10A53210,0x00000018,data,jumptable_10A53210
0x10A54FF6,0x00000020,data,jumptable_10A54FF6
0x10A5501A,0x00000010,data,jumptable_10A5501A
0x10A56C42,0x00000020,data,jumptable_10A56C42
0x10A59A1E,0x00000014,data,jumptable_10A59A1E
0x10A60BDE,0x00000028,data,jumptable_10A60BDE
0x10A61D8E,0x00000018,data,jumptable_10A61D8E
0x10A61DB2,0x00000010,data,jumptable_10A61DB2
0x10A65B49,0x00000020,data,jumptable_10A65B49
0x10A6A26C,0x00000008,data,jumptable_10A6A26C
0x10A6A4EC,0x00000008,data,jumptable_10A6A4EC
0x10A6A50C,0x00000008,data,jumptable_10A6A50C
0x10A6A52C,0x00000008,data,jumptable_10A6A52C
0x10A6A54C,0x00000008,data,jumptable_10A6A54C
0x10A6A56C,0x00000008,data,jumptable_10A6A56C
0x10A6A598,0x00000008,data,jumptable_10A6A598
0x10A6AAB4,0x00000008,data,jumptable_10A6AAB4
0x10A6ABF8,0x00000008,data,jumptable_10A6ABF8
0x10A6AC34,0x00000008,data,jumptable_10A6AC34
0x10A6AC54,0x00000008,data,jumptable_10A6AC54
0x10A6C008,0x00000015,data,str_10A6C008
0x10A6D078,0x00000014,data,str_10A6D078
0x10A6D094,0x00000014,data,str_10A6D094
0x10A6D158,0x00000010,data,str_10A6D158
0x10A6D1B8,0x00000004,data,str_10A6D1B8
0x10A6D1E8,0x00000004,data,str_10A6D1E8
0x10A6FE16,0x0000000D,data,str_10A6FE16
0x10A70330,0x0000000C,data,str_10A70330
0x10A70370,0x00000007,data,str_10A70370
0x10A70384,0x00000014,data,str_10A70384
0x10A70490,0x00000019,data,str_10A70490
0x10A6C000,0x00000004,data,data_10A6C000
0x10A6C004,0x00000004,data,data_10A6C004
0x10A6C01D,0x00000003,data,data_10A6C01D
0x10A6C020,0x00000004,data,data_10A6C020
0x10A6C024,0x00000001,data,data_10A6C024
0x10A6C025,0x00000013,data,data_10A6C025
0x10A6C038,0x00000004,data,data_10A6C038
0x10A6C03C,0x00000001,data,data_10A6C03C
0x10A6C03D,0x00000013,data,data_10A6C03D
0x10A6C050,0x00000004,data,data_10A6C050
0x10A6C054,0x00000001,data,data_10A6C054
0x10A6C055,0x00000013,data,data_10A6C055
0x10A6C068,0x00000004,data,data_10A6C068
0x10A6C06C,0x00000001,data,data_10A6C06C
0x10A6C06D,0x00000013,data,data_10A6C06D
0x10A6C080,0x00000004,data,data_10A6C080
0x10A6C084,0x00000001,data,data_10A6C084
0x10A6C085,0x00000013,data,data_10A6C085
0x10A6C098,0x00000004,data,data_10A6C098
0x10A6C09C,0x00000001,data,data_10A6C09C
0x10A6C09D,0x00000013,data,data_10A6C09D
0x10A6C0B0,0x00000004,data,data_10A6C0B0
0x10A6C0B4,0x00000001,data,data_10A6C0B4
0x10A6C0B5,0x00000013,data,data_10A6C0B5
0x10A6C0C8,0x00000004,data,data_10A6C0C8
0x10A6C0CC,0x00000001,data,data_10A6C0CC
0x10A6C0CD,0x00000013,data,data_10A6C0CD
0x10A6C0E0,0x00000004,data,data_10A6C0E0
0x10A6C0E4,0x00000001,data,data_10A6C0E4
0x10A6C0E5,0x00000013,data,data_10A6C0E5
0x10A6C0F8,0x00000004,data,data_10A6C0F8
0x10A6C0FC,0x00000001,data,data_10A6C0FC
0x10A6C0FD,0x00000013,data,data_10A6C0FD
0x10A6C110,0x00000004,data,data_10A6C110
0x10A6C114,0x00000001,data,data_10A6C114
0x10A6C115,0x00000013,data,data_10A6C115
0x10A6C128,0x00000004,data,data_10A6C128
0x10A6C12C,0x00000001,data,data_10A6C12C
0x10A6C12D,0x00000013,data,data_10A6C12D
0x10A6C140,0x00000004,data,data_10A6C140
0x10A6C144,0x00000001,data,data_10A6C144
0x10A6C145,0x00000013,data,data_10A6C145
0x10A6C158,0x00000004,data,data_10A6C158
0x10A6C15C,0x00000001,data,data_10A6C15C
0x10A6C15D,0x00000013,data,data_10A6C15D
0x10A6C170,0x00000004,data,data_10A6C170
0x10A6C174,0x00000001,data,data_10A6C174
0x10A6C175,0x00000013,data,data_10A6C175
0x10A6C188,0x00000004,data,data_10A6C188
0x10A6C18C,0x00000001,data,data_10A6C18C
0x10A6C18D,0x00000013,data,data_10A6C18D
0x10A6C1A0,0x00000004,data,data_10A6C1A0
0x10A6C1A4,0x00000001,data,data_10A6C1A4
0x10A6C1A5,0x00000013,data,data_10A6C1A5
0x10A6C1B8,0x00000004,data,data_10A6C1B8
0x10A6C1BC,0x00000001,data,data_10A6C1BC
0x10A6C1BD,0x00000013,data,data_10A6C1BD
0x10A6C1D0,0x00000004,data,data_10A6C1D0
0x10A6C1D4,0x00000001,data,data_10A6C1D4
0x10A6C1D5,0x00000013,data,data_10A6C1D5
0x10A6C1E8,0x00000004,data,data_10A6C1E8
0x10A6C1EC,0x00000001,data,data_10A6C1EC
0x10A6C1ED,0x00000013,data,data_10A6C1ED
0x10A6C200,0x00000004,data,data_10A6C200
0x10A6C204,0x00000001,data,data_10A6C204
0x10A6C205,0x00000013,data,data_10A6C205
0x10A6C218,0x00000004,data,data_10A6C218
0x10A6C21C,0x00000001,data,data_10A6C21C
0x10A6C21D,0x00000013,data,data_10A6C21D
0x10A6C230,0x00000004,data,data_10A6C230
0x10A6C234,0x00000001,data,data_10A6C234
0x10A6C235,0x00000013,data,data_10A6C235
0x10A6C248,0x00000001,data,data_10A6C248
0x10A6C249,0x00000003,data,data_10A6C249
0x10A6C24C,0x00000001,data,data_10A6C24C
0x10A6C24D,0x00000013,data,data_10A6C24D
0x10A6C260,0x00000004,data,data_10A6C260
0x10A6C264,0x00000001,data,data_10A6C264
0x10A6C265,0x00000013,data,data_10A6C265
0x10A6C278,0x00000004,data,data_10A6C278
0x10A6C27C,0x00000001,data,data_10A6C27C
0x10A6C27D,0x00000013,data,data_10A6C27D
0x10A6C290,0x00000004,data,data_10A6C290
0x10A6C294,0x00000001,data,data_10A6C294
0x10A6C295,0x00000013,data,data_10A6C295
0x10A6C2A8,0x00000004,data,data_10A6C2A8
0x10A6C2AC,0x00000001,data,data_10A6C2AC
0x10A6C2AD,0x00000013,data,data_10A6C2AD
0x10A6C2C0,0x00000004,data,data_10A6C2C0
0x10A6C2C4,0x00000001,data,data_10A6C2C4
0x10A6C2C5,0x00000013,data,data_10A6C2C5
0x10A6C2D8,0x00000004,data,data_10A6C2D8
0x10A6C2DC,0x00000001,data,data_10A6C2DC
0x10A6C2DD,0x00000013,data,data_10A6C2DD
0x10A6C2F0,0x00000004,data,data_10A6C2F0
0x10A6C2F4,0x00000001,data,data_10A6C2F4
0x10A6C2F5,0x00000013,data,data_10A6C2F5
0x10A6C308,0x00000004,data,data_10A6C308
0x10A6C30C,0x00000001,data,data_10A6C30C
0x10A6C30D,0x00000013,data,data_10A6C30D
0x10A6C320,0x00000004,data,data_10A6C320
0x10A6C324,0x00000002,data,data_10A6C324
0x10A6C326,0x0000000E,data,data_10A6C326
0x10A6C334,0x00000004,data,data_10A6C334
0x10A6C338,0x00000004,data,data_10A6C338
0x10A6C33C,0x00000001,data,data_10A6C33C
0x10A6C33D,0x0000000F,data,data_10A6C33D
0x10A6C34C,0x00000004,data,data_10A6C34C
0x10A6C350,0x00000004,data,data_10A6C350
0x10A6C354,0x00000001,data,data_10A6C354
0x10A6C355,0x0000000F,data,data_10A6C355
0x10A6C364,0x00000004,data,data_10A6C364
0x10A6C368,0x00000004,data,data_10A6C368
0x10A6C36C,0x00000002,data,data_10A6C36C
0x10A6C36E,0x00000012,data,data_10A6C36E
0x10A6C380,0x00000004,data,data_10A6C380
0x10A6C384,0x00000002,data,data_10A6C384
0x10A6C386,0x00000012,data,data_10A6C386
0x10A6C398,0x00000004,data,data_10A6C398
0x10A6C39C,0x00000002,data,data_10A6C39C
0x10A6C39E,0x00000012,data,data_10A6C39E
0x10A6C3B0,0x00000004,data,data_10A6C3B0
0x10A6C3B4,0x00000002,data,data_10A6C3B4
0x10A6C3B6,0x00000012,data,data_10A6C3B6
0x10A6C3C8,0x00000004,data,data_10A6C3C8
0x10A6C3CC,0x00000002,data,data_10A6C3CC
0x10A6C3CE,0x00000012,data,data_10A6C3CE
0x10A6C3E0,0x00000004,data,data_10A6C3E0
0x10A6C3E4,0x00000002,data,data_10A6C3E4
0x10A6C3E6,0x00000012,data,data_10A6C3E6
0x10A6C3F8,0x00000004,data,data_10A6C3F8
0x10A6C3FC,0x00000001,data,data_10A6C3FC
0x10A6C3FD,0x00000007,data,data_10A6C3FD
0x10A6C404,0x00000005,data,data_10A6C404
0x10A6C409,0x00000007,data,data_10A6C409
0x10A6C410,0x00000004,data,data_10A6C410
0x10A6C414,0x00000001,data,data_10A6C414
0x10A6C415,0x0000000F,data,data_10A6C415
0x10A6C424,0x00000004,data,data_10A6C424
0x10A6C428,0x00000004,data,data_10A6C428
0x10A6C42C,0x00000002,data,data_10A6C42C
0x10A6C42E,0x00000100,data,data_10A6C42E
0x10A6C52E,0x00000100,data,data_10A6C52E
0x10A6C62E,0x00000100,data,data_10A6C62E
0x10A6C72E,0x00000100,data,data_10A6C72E
0x10A6C82E,0x00000100,data,data_10A6C82E
0x10A6C92E,0x00000100,data,data_10A6C92E
0x10A6CA2E,0x00000100,data,data_10A6CA2E
0x10A6CB2E,0x00000100,data,data_10A6CB2E
0x10A6CC2E,0x00000100,data,data_10A6CC2E
0x10A6CD2E,0x00000100,data,data_10A6CD2E
0x10A6CE2E,0x00000100,data,data_10A6CE2E
0x10A6CF2E,0x00000100,data,data_10A6CF2E
0x10A6D02E,0x00000042,data,data_10A6D02E
0x10A6D070,0x00000004,data,data_10A6D070
0x10A6D074,0x00000004,data,data_10A6D074
0x10A6D08C,0x00000004,data,data_10A6D08C
0x10A6D090,0x00000004,data,data_10A6D090
0x10A6D0A8,0x00000001,data,data_10A6D0A8
0x10A6D0A9,0x0000009F,data,data_10A6D0A9
0x10A6D148,0x00000008,data,data_10A6D148
0x10A6D150,0x00000004,data,data_10A6D150
0x10A6D154,0x00000004,data,data_10A6D154
0x10A6D168,0x00000008,data,data_10A6D168
0x10A6D170,0x0000000C,data,data_10A6D170
0x10A6D17C,0x00000010,data,data_10A6D17C
0x10A6D18C,0x00000004,data,data_10A6D18C
0x10A6D190,0x00000010,data,data_10A6D190
0x10A6D1A0,0x00000004,data,data_10A6D1A0
0x10A6D1A4,0x00000006,data,data_10A6D1A4
0x10A6D1AA,0x00000006,data,data_10A6D1AA
0x10A6D1B0,0x00000004,data,data_10A6D1B0
0x10A6D1B4,0x00000004,data,data_10A6D1B4
0x10A6D1BC,0x00000004,data,data_10A6D1BC
0x10A6D1C0,0x00000004,data,data_10A6D1C0
0x10A6D1C4,0x00000005,data,data_10A6D1C4
0x10A6D1C9,0x00000007,data,data_10A6D1C9
0x10A6D1D0,0x00000004,data,data_10A6D1D0
0x10A6D1D4,0x00000005,data,data_10A6D1D4
0x10A6D1D9,0x00000007,data,data_10A6D1D9
0x10A6D1E0,0x00000004,data,data_10A6D1E0
0x10A6D1E4,0x00000004,data,data_10A6D1E4
0x10A6D1EC,0x00000004,data,data_10A6D1EC
0x10A6D1F0,0x00000004,data,data_10A6D1F0
0x10A6D1F4,0x00000006,data,data_10A6D1F4
0x10A6D1FA,0x00000006,data,data_10A6D1FA
0x10A6D200,0x00000004,data,data_10A6D200
0x10A6D204,0x00000006,data,data_10A6D204
0x10A6D20A,0x00000006,data,data_10A6D20A
0x10A6D210,0x00000004,data,data_10A6D210
0x10A6D214,0x00000006,data,data_10A6D214
0x10A6D21A,0x00000006,data,data_10A6D21A
0x10A6D220,0x00000004,data,data_10A6D220
0x10A6D224,0x00000006,data,data_10A6D224
0x10A6D22A,0x00000006,data,data_10A6D22A
0x10A6D230,0x00000004,data,data_10A6D230
0x10A6D234,0x00000006,data,data_10A6D234
0x10A6D23A,0x00000006,data,data_10A6D23A
0x10A6D240,0x00000004,data,data_10A6D240
0x10A6D244,0x00000006,data,data_10A6D244
0x10A6D24A,0x00000006,data,data_10A6D24A
0x10A6D250,0x00000004,data,data_10A6D250
0x10A6D254,0x00000006,data,data_10A6D254
0x10A6D25A,0x00000006,data,data_10A6D25A
0x10A6D260,0x00000004,data,data_10A6D260
0x10A6D264,0x00000006,data,data_10A6D264
0x10A6D26A,0x00000006,data,data_10A6D26A
0x10A6D270,0x00000004,data,data_10A6D270
0x10A6D274,0x00000006,data,data_10A6D274
0x10A6D27A,0x00000006,data,data_10A6D27A
0x10A6D280,0x00000004,data,data_10A6D280
0x10A6D284,0x00000006,data,data_10A6D284
0x10A6D28A,0x00000006,data,data_10A6D28A
0x10A6D290,0x00000004,data,data_10A6D290
0x10A6D294,0x00000006,data,data_10A6D294
0x10A6D29A,0x00000006,data,data_10A6D29A
0x10A6D2A0,0x00000004,data,data_10A6D2A0
0x10A6D2A4,0x00000006,data,data_10A6D2A4
0x10A6D2AA,0x00000006,data,data_10A6D2AA
0x10A6D2B0,0x00000004,data,data_10A6D2B0
0x10A6D2B4,0x00000006,data,data_10A6D2B4
0x10A6D2BA,0x00000006,data,data_10A6D2BA
0x10A6D2C0,0x00000004,data,data_10A6D2C0
0x10A6D2C4,0x00000006,data,data_10A6D2C4
0x10A6D2CA,0x00000006,data,data_10A6D2CA
0x10A6D2D0,0x00000004,data,data_10A6D2D0
0x10A6D2D4,0x00000006,data,data_10A6D2D4
0x10A6D2DA,0x00000006,data,data_10A6D2DA
0x10A6D2E0,0x00000004,data,data_10A6D2E0
0x10A6D2E4,0x00000006,data,data_10A6D2E4
0x10A6D2EA,0x00000006,data,data_10A6D2EA
0x10A6D2F0,0x00000004,data,data_10A6D2F0
0x10A6D2F4,0x00000006,data,data_10A6D2F4
0x10A6D2FA,0x00000006,data,data_10A6D2FA
0x10A6D300,0x00000004,data,data_10A6D300
0x10A6D304,0x00000006,data,data_10A6D304
0x10A6D30A,0x00000006,data,data_10A6D30A
0x10A6D310,0x00000004,data,data_10A6D310
0x10A6D314,0x00000006,data,data_10A6D314
0x10A6D31A,0x00000006,data,data_10A6D31A
0x10A6D320,0x00000004,data,data_10A6D320
0x10A6D324,0x00000006,data,data_10A6D324
0x10A6D32A,0x00000006,data,data_10A6D32A
0x10A6D330,0x00000004,data,data_10A6D330
0x10A6D334,0x00000006,data,data_10A6D334
0x10A6D33A,0x00000006,data,data_10A6D33A
0x10A6D340,0x00000004,data,data_10A6D340
0x10A6D344,0x00000006,data,data_10A6D344
0x10A6D34A,0x00000006,data,data_10A6D34A
0x10A6D350,0x00000004,data,data_10A6D350
0x10A6D354,0x00000006,data,data_10A6D354
0x10A6D35A,0x00000006,data,data_10A6D35A
0x10A6D360,0x00000004,data,data_10A6D360
0x10A6D364,0x00000006,data,data_10A6D364
0x10A6D36A,0x00000006,data,data_10A6D36A
0x10A6D370,0x00000004,data,data_10A6D370
0x10A6D374,0x00000006,data,data_10A6D374
0x10A6D37A,0x00000006,data,data_10A6D37A
0x10A6D380,0x00000004,data,data_10A6D380
0x10A6D384,0x00000006,data,data_10A6D384
0x10A6D38A,0x00000006,data,data_10A6D38A
0x10A6D390,0x00000004,data,data_10A6D390
0x10A6D394,0x00000006,data,data_10A6D394
0x10A6D39A,0x00000006,data,data_10A6D39A
0x10A6D3A0,0x00000004,data,data_10A6D3A0
0x10A6D3A4,0x00000006,data,data_10A6D3A4
0x10A6D3AA,0x00000006,data,data_10A6D3AA
0x10A6D3B0,0x00000004,data,data_10A6D3B0
0x10A6D3B4,0x00000006,data,data_10A6D3B4
0x10A6D3BA,0x00000006,data,data_10A6D3BA
0x10A6D3C0,0x00000001,data,data_10A6D3C0
0x10A6D3C1,0x0000008C,data,data_10A6D3C1
0x10A6D44D,0x00000001,data,data_10A6D44D
0x10A6D44E,0x0000000E,data,data_10A6D44E
0x10A6D45C,0x00000005,data,data_10A6D45C
0x10A6D461,0x00000007,data,data_10A6D461
0x10A6D468,0x00000004,data,data_10A6D468
0x10A6D46C,0x00000004,data,data_10A6D46C
0x10A6D470,0x00000004,data,data_10A6D470
0x10A6D474,0x00000004,data,data_10A6D474
0x10A6D478,0x00000004,data,data_10A6D478
0x10A6D47C,0x00000004,data,data_10A6D47C
0x10A6D480,0x00000004,data,data_10A6D480
0x10A6D484,0x00000004,data,data_10A6D484
0x10A6D488,0x00000004,data,data_10A6D488
0x10A6D48C,0x00000004,data,data_10A6D48C
0x10A6D490,0x00000004,data,data_10A6D490
0x10A6D494,0x00000004,data,data_10A6D494
0x10A6D498,0x00000004,data,data_10A6D498
0x10A6D49C,0x00000004,data,data_10A6D49C
0x10A6D4A0,0x00000004,data,data_10A6D4A0
0x10A6D4A4,0x00000004,data,data_10A6D4A4
0x10A6D4A8,0x00000004,data,data_10A6D4A8
0x10A6D4AC,0x00000004,data,data_10A6D4AC
0x10A6D4B0,0x00000004,data,data_10A6D4B0
0x10A6D4B4,0x00000004,data,data_10A6D4B4
0x10A6D4B8,0x00000004,data,data_10A6D4B8
0x10A6D4BC,0x00000004,data,data_10A6D4BC
0x10A6D4C0,0x00000004,data,data_10A6D4C0
0x10A6D4C4,0x00000004,data,data_10A6D4C4
0x10A6D4C8,0x00000004,data,data_10A6D4C8
0x10A6D4CC,0x00000004,data,data_10A6D4CC
0x10A6D4D0,0x00000004,data,data_10A6D4D0
0x10A6D4D4,0x00000004,data,data_10A6D4D4
0x10A6D4D8,0x00000004,data,data_10A6D4D8
0x10A6D4DC,0x00000004,data,data_10A6D4DC
0x10A6D4E0,0x00000004,data,data_10A6D4E0
0x10A6D4E4,0x00000004,data,data_10A6D4E4
0x10A6D4E8,0x00000004,data,data_10A6D4E8
0x10A6D4EC,0x00000004,data,data_10A6D4EC
0x10A6D4F0,0x00000004,data,data_10A6D4F0
0x10A6D4F4,0x00000004,data,data_10A6D4F4
0x10A6D4F8,0x00000004,data,data_10A6D4F8
0x10A6D4FC,0x00000004,data,data_10A6D4FC
0x10A6D500,0x00000004,data,data_10A6D500
0x10A6D504,0x00000004,data,data_10A6D504
0x10A6D508,0x00000004,data,data_10A6D508
0x10A6D50C,0x00000004,data,data_10A6D50C
0x10A6D510,0x00000004,data,data_10A6D510
0x10A6D514,0x00000004,data,data_10A6D514
0x10A6D518,0x00000004,data,data_10A6D518
0x10A6D51C,0x00000004,data,data_10A6D51C
0x10A6D520,0x00000004,data,data_10A6D520
0x10A6D524,0x00000004,data,data_10A6D524
0x10A6D528,0x00000004,data,data_10A6D528
0x10A6D52C,0x00000004,data,data_10A6D52C
0x10A6D530,0x00000004,data,data_10A6D530
0x10A6D534,0x00000004,data,data_10A6D534
0x10A6D538,0x00000004,data,data_10A6D538
0x10A6D53C,0x00000004,data,data_10A6D53C
0x10A6D540,0x00000004,data,data_10A6D540
0x10A6D544,0x00000004,data,data_10A6D544
0x10A6D548,0x00000004,data,data_10A6D548
0x10A6D54C,0x00000004,data,data_10A6D54C
0x10A6D550,0x00000004,data,data_10A6D550
0x10A6D554,0x00000004,data,data_10A6D554
0x10A6D558,0x00000004,data,data_10A6D558
0x10A6D55C,0x00000004,data,data_10A6D55C
0x10A6D560,0x00000004,data,data_10A6D560
0x10A6D564,0x00000004,data,data_10A6D564
0x10A6D568,0x00000004,data,data_10A6D568
0x10A6D56C,0x00000004,data,data_10A6D56C
0x10A6D570,0x00000004,data,data_10A6D570
0x10A6D574,0x00000004,data,data_10A6D574
0x10A6D578,0x00000004,data,data_10A6D578
0x10A6D57C,0x00000004,data,data_10A6D57C
0x10A6D580,0x00000004,data,data_10A6D580
0x10A6D584,0x00000004,data,data_10A6D584
0x10A6D588,0x00000004,data,data_10A6D588
0x10A6D58C,0x00000004,data,data_10A6D58C
0x10A6D590,0x00000004,data,data_10A6D590
0x10A6D594,0x00000004,data,data_10A6D594
0x10A6D598,0x00000004,data,data_10A6D598
0x10A6D59C,0x00000004,data,data_10A6D59C
0x10A6D5A0,0x00000004,data,data_10A6D5A0
0x10A6D5A4,0x00000004,data,data_10A6D5A4
0x10A6D5A8,0x00000004,data,data_10A6D5A8
0x10A6D5AC,0x00000004,data,data_10A6D5AC
0x10A6D5B0,0x00000004,data,data_10A6D5B0
0x10A6D5B4,0x00000004,data,data_10A6D5B4
0x10A6D5B8,0x00000004,data,data_10A6D5B8
0x10A6D5BC,0x00000004,data,data_10A6D5BC
0x10A6D5C0,0x00000004,data,data_10A6D5C0
0x10A6D5C4,0x00000004,data,data_10A6D5C4
0x10A6D5C8,0x00000004,data,data_10A6D5C8
0x10A6D5CC,0x00000004,data,data_10A6D5CC
0x10A6D5D0,0x00000004,data,data_10A6D5D0
0x10A6D5D4,0x00000004,data,data_10A6D5D4
0x10A6D5D8,0x00000004,data,data_10A6D5D8
0x10A6D5DC,0x00000004,data,data_10A6D5DC
0x10A6D5E0,0x00000004,data,data_10A6D5E0
0x10A6D5E4,0x00000004,data,data_10A6D5E4
0x10A6D5E8,0x00000004,data,data_10A6D5E8
0x10A6D5EC,0x00000004,data,data_10A6D5EC
0x10A6D5F0,0x00000004,data,data_10A6D5F0
0x10A6D5F4,0x00000004,data,data_10A6D5F4
0x10A6D5F8,0x00000004,data,data_10A6D5F8
0x10A6D5FC,0x00000004,data,data_10A6D5FC
0x10A6D600,0x00000004,data,data_10A6D600
0x10A6D604,0x00000004,data,data_10A6D604
0x10A6D608,0x00000004,data,data_10A6D608
0x10A6D60C,0x00000004,data,data_10A6D60C
0x10A6D610,0x00000004,data,data_10A6D610
0x10A6D614,0x00000004,data,data_10A6D614
0x10A6D618,0x00000004,data,data_10A6D618
0x10A6D61C,0x00000004,data,data_10A6D61C
0x10A6D620,0x00000004,data,data_10A6D620
0x10A6D624,0x00000004,data,data_10A6D624
0x10A6D628,0x00000004,data,data_10A6D628
0x10A6D62C,0x00000004,data,data_10A6D62C
0x10A6D630,0x00000004,data,data_10A6D630
0x10A6D634,0x00000004,data,data_10A6D634
0x10A6D638,0x00000004,data,data_10A6D638
0x10A6D63C,0x00000004,data,data_10A6D63C
0x10A6D640,0x00000004,data,data_10A6D640
0x10A6D644,0x00000004,data,data_10A6D644
0x10A6D648,0x00000004,data,data_10A6D648
0x10A6D64C,0x00000004,data,data_10A6D64C
0x10A6D650,0x00000004,data,data_10A6D650
0x10A6D654,0x00000004,data,data_10A6D654
0x10A6D658,0x00000004,data,data_10A6D658
0x10A6D65C,0x00000004,data,data_10A6D65C
0x10A6D660,0x00000004,data,data_10A6D660
0x10A6D664,0x00000004,data,data_10A6D664
0x10A6D668,0x00000004,data,data_10A6D668
0x10A6D66C,0x00000004,data,data_10A6D66C
0x10A6D670,0x00000004,data,data_10A6D670
0x10A6D674,0x00000004,data,data_10A6D674
0x10A6D678,0x00000004,data,data_10A6D678
0x10A6D67C,0x00000004,data,data_10A6D67C
0x10A6D680,0x00000004,data,data_10A6D680
0x10A6D684,0x00000004,data,data_10A6D684
0x10A6D688,0x00000004,data,data_10A6D688
0x10A6D68C,0x00000004,data,data_10A6D68C
0x10A6D690,0x00000004,data,data_10A6D690
0x10A6D694,0x00000004,data,data_10A6D694
0x10A6D698,0x00000004,data,data_10A6D698
0x10A6D69C,0x00000004,data,data_10A6D69C
0x10A6D6A0,0x00000004,data,data_10A6D6A0
0x10A6D6A4,0x00000004,data,data_10A6D6A4
0x10A6D6A8,0x00000004,data,data_10A6D6A8
0x10A6D6AC,0x00000004,data,data_10A6D6AC
0x10A6D6B0,0x00000004,data,data_10A6D6B0
0x10A6D6B4,0x00000004,data,data_10A6D6B4
0x10A6D6B8,0x00000004,data,data_10A6D6B8
0x10A6D6BC,0x00000004,data,data_10A6D6BC
0x10A6D6C0,0x00000004,data,data_10A6D6C0
0x10A6D6C4,0x00000004,data,data_10A6D6C4
0x10A6D6C8,0x00000004,data,data_10A6D6C8
0x10A6D6CC,0x00000004,data,data_10A6D6CC
0x10A6D6D0,0x00000004,data,data_10A6D6D0
0x10A6D6D4,0x00000004,data,data_10A6D6D4
0x10A6D6D8,0x00000004,data,data_10A6D6D8
0x10A6D6DC,0x00000004,data,data_10A6D6DC
0x10A6D6E0,0x00000004,data,data_10A6D6E0
0x10A6D6E4,0x00000004,data,data_10A6D6E4
0x10A6D6E8,0x00000004,data,data_10A6D6E8
0x10A6D6EC,0x00000004,data,data_10A6D6EC
0x10A6D6F0,0x00000004,data,data_10A6D6F0
0x10A6D6F4,0x00000004,data,data_10A6D6F4
0x10A6D6F8,0x00000004,data,data_10A6D6F8
0x10A6D6FC,0x00000004,data,data_10A6D6FC
0x10A6D700,0x00000004,data,data_10A6D700
0x10A6D704,0x00000004,data,data_10A6D704
0x10A6D708,0x00000004,data,data_10A6D708
0x10A6D70C,0x00000004,data,data_10A6D70C
0x10A6D710,0x00000004,data,data_10A6D710
0x10A6D714,0x00000004,data,data_10A6D714
0x10A6D718,0x00000004,data,data_10A6D718
0x10A6D71C,0x00000004,data,data_10A6D71C
0x10A6D720,0x00000004,data,data_10A6D720
0x10A6D724,0x00000004,data,data_10A6D724
0x10A6D728,0x00000004,data,data_10A6D728
0x10A6D72C,0x00000004,data,data_10A6D72C
0x10A6D730,0x00000004,data,data_10A6D730
0x10A6D734,0x00000004,data,data_10A6D734
0x10A6D738,0x00000004,data,data_10A6D738
0x10A6D73C,0x00000004,data,data_10A6D73C
0x10A6D740,0x00000004,data,data_10A6D740
0x10A6D744,0x00000004,data,data_10A6D744
0x10A6D748,0x00000004,data,data_10A6D748
0x10A6D74C,0x00000004,data,data_10A6D74C
0x10A6D750,0x00000004,data,data_10A6D750
0x10A6D754,0x00000004,data,data_10A6D754
0x10A6D758,0x00000004,data,data_10A6D758
0x10A6D75C,0x00000004,data,data_10A6D75C
0x10A6D760,0x00000004,data,data_10A6D760
0x10A6D764,0x00000004,data,data_10A6D764
0x10A6D768,0x00000004,data,data_10A6D768
0x10A6D76C,0x00000004,data,data_10A6D76C
0x10A6D770,0x00000004,data,data_10A6D770
0x10A6D774,0x00000004,data,data_10A6D774
0x10A6D778,0x00000004,data,data_10A6D778
0x10A6D77C,0x00000004,data,data_10A6D77C
0x10A6D780,0x00000004,data,data_10A6D780
0x10A6D784,0x00000004,data,data_10A6D784
0x10A6D788,0x00000004,data,data_10A6D788
0x10A6D78C,0x00000004,data,data_10A6D78C
0x10A6D790,0x00000004,data,data_10A6D790
0x10A6D794,0x00000004,data,data_10A6D794
0x10A6D798,0x00000004,data,data_10A6D798
0x10A6D79C,0x00000004,data,data_10A6D79C
0x10A6D7A0,0x00000004,data,data_10A6D7A0
0x10A6D7A4,0x00000004,data,data_10A6D7A4
0x10A6D7A8,0x00000004,data,data_10A6D7A8
0x10A6D7AC,0x00000004,data,data_10A6D7AC
0x10A6D7B0,0x00000004,data,data_10A6D7B0
0x10A6D7B4,0x00000004,data,data_10A6D7B4
0x10A6D7B8,0x00000004,data,data_10A6D7B8
0x10A6D7BC,0x00000004,data,data_10A6D7BC
0x10A6D7C0,0x00000004,data,data_10A6D7C0
0x10A6D7C4,0x00000004,data,data_10A6D7C4
0x10A6D7C8,0x00000004,data,data_10A6D7C8
0x10A6D7CC,0x00000004,data,data_10A6D7CC
0x10A6D7D0,0x00000004,data,data_10A6D7D0
0x10A6D7D4,0x00000004,data,data_10A6D7D4
0x10A6D7D8,0x00000004,data,data_10A6D7D8
0x10A6D7DC,0x00000004,data,data_10A6D7DC
0x10A6D7E0,0x00000004,data,data_10A6D7E0
0x10A6D7E4,0x00000004,data,data_10A6D7E4
0x10A6D7E8,0x00000004,data,data_10A6D7E8
0x10A6D7EC,0x00000004,data,data_10A6D7EC
0x10A6D7F0,0x00000004,data,data_10A6D7F0
0x10A6D7F4,0x00000004,data,data_10A6D7F4
0x10A6D7F8,0x00000004,data,data_10A6D7F8
0x10A6D7FC,0x00000004,data,data_10A6D7FC
0x10A6D800,0x00000004,data,data_10A6D800
0x10A6D804,0x00000004,data,data_10A6D804
0x10A6D808,0x00000004,data,data_10A6D808
0x10A6D80C,0x00000004,data,data_10A6D80C
0x10A6D810,0x00000004,data,data_10A6D810
0x10A6D814,0x00000004,data,data_10A6D814
0x10A6D818,0x00000004,data,data_10A6D818
0x10A6D81C,0x00000004,data,data_10A6D81C
0x10A6D820,0x00000004,data,data_10A6D820
0x10A6D824,0x00000004,data,data_10A6D824
0x10A6D828,0x00000004,data,data_10A6D828
0x10A6D82C,0x00000004,data,data_10A6D82C
0x10A6D830,0x00000004,data,data_10A6D830
0x10A6D834,0x00000004,data,data_10A6D834
0x10A6D838,0x00000004,data,data_10A6D838
0x10A6D83C,0x00000004,data,data_10A6D83C
0x10A6D840,0x00000004,data,data_10A6D840
0x10A6D844,0x00000004,data,data_10A6D844
0x10A6D848,0x00000004,data,data_10A6D848
0x10A6D84C,0x00000004,data,data_10A6D84C
0x10A6D850,0x00000004,data,data_10A6D850
0x10A6D854,0x00000004,data,data_10A6D854
0x10A6D858,0x00000004,data,data_10A6D858
0x10A6D85C,0x00000004,data,data_10A6D85C
0x10A6D860,0x00000004,data,data_10A6D860
0x10A6D864,0x00000004,data,data_10A6D864
0x10A6D868,0x00000004,data,data_10A6D868
0x10A6D86C,0x00000004,data,data_10A6D86C
0x10A6D870,0x00000004,data,data_10A6D870
0x10A6D874,0x00000004,data,data_10A6D874
0x10A6D878,0x00000004,data,data_10A6D878
0x10A6D87C,0x00000004,data,data_10A6D87C
0x10A6D880,0x00000004,data,data_10A6D880
0x10A6D884,0x00000004,data,data_10A6D884
0x10A6D888,0x00000004,data,data_10A6D888
0x10A6D88C,0x00000004,data,data_10A6D88C
0x10A6D890,0x00000004,data,data_10A6D890
0x10A6D894,0x00000004,data,data_10A6D894
0x10A6D898,0x00000004,data,data_10A6D898
0x10A6D89C,0x00000004,data,data_10A6D89C
0x10A6D8A0,0x00000004,data,data_10A6D8A0
0x10A6D8A4,0x00000004,data,data_10A6D8A4
0x10A6D8A8,0x00000004,data,data_10A6D8A8
0x10A6D8AC,0x00000004,data,data_10A6D8AC
0x10A6D8B0,0x00000004,data,data_10A6D8B0
0x10A6D8B4,0x00000004,data,data_10A6D8B4
0x10A6D8B8,0x00000004,data,data_10A6D8B8
0x10A6D8BC,0x00000004,data,data_10A6D8BC
0x10A6D8C0,0x00000004,data,data_10A6D8C0
0x10A6D8C4,0x00000004,data,data_10A6D8C4
0x10A6D8C8,0x00000004,data,data_10A6D8C8
0x10A6D8CC,0x00000004,data,data_10A6D8CC
0x10A6D8D0,0x00000004,data,data_10A6D8D0
0x10A6D8D4,0x00000004,data,data_10A6D8D4
0x10A6D8D8,0x00000004,data,data_10A6D8D8
0x10A6D8DC,0x00000004,data,data_10A6D8DC
0x10A6D8E0,0x00000004,data,data_10A6D8E0
0x10A6D8E4,0x00000004,data,data_10A6D8E4
0x10A6D8E8,0x00000004,data,data_10A6D8E8
0x10A6D8EC,0x00000004,data,data_10A6D8EC
0x10A6D8F0,0x00000004,data,data_10A6D8F0
0x10A6D8F4,0x00000004,data,data_10A6D8F4
0x10A6D8F8,0x00000004,data,data_10A6D8F8
0x10A6D8FC,0x00000004,data,data_10A6D8FC
0x10A6D900,0x00000004,data,data_10A6D900
0x10A6D904,0x00000004,data,data_10A6D904
0x10A6D908,0x00000004,data,data_10A6D908
0x10A6D90C,0x00000004,data,data_10A6D90C
0x10A6D910,0x00000004,data,data_10A6D910
0x10A6D914,0x00000004,data,data_10A6D914
0x10A6D918,0x00000004,data,data_10A6D918
0x10A6D91C,0x00000004,data,data_10A6D91C
0x10A6D920,0x00000004,data,data_10A6D920
0x10A6D924,0x00000004,data,data_10A6D924
0x10A6D928,0x00000004,data,data_10A6D928
0x10A6D92C,0x00000004,data,data_10A6D92C
0x10A6D930,0x00000004,data,data_10A6D930
0x10A6D934,0x00000004,data,data_10A6D934
0x10A6D938,0x00000004,data,data_10A6D938
0x10A6D93C,0x00000004,data,data_10A6D93C
0x10A6D940,0x00000004,data,data_10A6D940
0x10A6D944,0x00000004,data,data_10A6D944
0x10A6D948,0x00000004,data,data_10A6D948
0x10A6D94C,0x00000004,data,data_10A6D94C
0x10A6D950,0x00000004,data,data_10A6D950
0x10A6D954,0x00000004,data,data_10A6D954
0x10A6D958,0x00000004,data,data_10A6D958
0x10A6D95C,0x00000004,data,data_10A6D95C
0x10A6D960,0x00000004,data,data_10A6D960
0x10A6D964,0x00000004,data,data_10A6D964
0x10A6D968,0x00000004,data,data_10A6D968
0x10A6D96C,0x00000004,data,data_10A6D96C
0x10A6D970,0x00000004,data,data_10A6D970
0x10A6D974,0x00000004,data,data_10A6D974
0x10A6D978,0x00000004,data,data_10A6D978
0x10A6D97C,0x00000004,data,data_10A6D97C
0x10A6D980,0x00000004,data,data_10A6D980
0x10A6D984,0x00000004,data,data_10A6D984
0x10A6D988,0x00000004,data,data_10A6D988
0x10A6D98C,0x00000004,data,data_10A6D98C
0x10A6D990,0x00000004,data,data_10A6D990
0x10A6D994,0x00000004,data,data_10A6D994
0x10A6D998,0x00000004,data,data_10A6D998
0x10A6D99C,0x00000004,data,data_10A6D99C
0x10A6D9A0,0x00000004,data,data_10A6D9A0
0x10A6D9A4,0x00000004,data,data_10A6D9A4
0x10A6D9A8,0x00000004,data,data_10A6D9A8
0x10A6D9AC,0x00000004,data,data_10A6D9AC
0x10A6D9B0,0x00000004,data,data_10A6D9B0
0x10A6D9B4,0x00000004,data,data_10A6D9B4
0x10A6D9B8,0x00000004,data,data_10A6D9B8
0x10A6D9BC,0x00000004,data,data_10A6D9BC
0x10A6D9C0,0x00000004,data,data_10A6D9C0
0x10A6D9C4,0x00000004,data,data_10A6D9C4
0x10A6D9C8,0x00000004,data,data_10A6D9C8
0x10A6D9CC,0x00000004,data,data_10A6D9CC
0x10A6D9D0,0x00000004,data,data_10A6D9D0
0x10A6D9D4,0x00000004,data,data_10A6D9D4
0x10A6D9D8,0x00000004,data,data_10A6D9D8
0x10A6D9DC,0x00000004,data,data_10A6D9DC
0x10A6D9E0,0x00000004,data,data_10A6D9E0
0x10A6D9E4,0x00000004,data,data_10A6D9E4
0x10A6D9E8,0x00000004,data,data_10A6D9E8
0x10A6D9EC,0x00000004,data,data_10A6D9EC
0x10A6D9F0,0x00000004,data,data_10A6D9F0
0x10A6D9F4,0x00000004,data,data_10A6D9F4
0x10A6D9F8,0x00000004,data,data_10A6D9F8
0x10A6D9FC,0x00000004,data,data_10A6D9FC
0x10A6DA00,0x00000004,data,data_10A6DA00
0x10A6DA04,0x00000004,data,data_10A6DA04
0x10A6DA08,0x00000004,data,data_10A6DA08
0x10A6DA0C,0x00000004,data,data_10A6DA0C
0x10A6DA10,0x00000004,data,data_10A6DA10
0x10A6DA14,0x00000004,data,data_10A6DA14
0x10A6DA18,0x00000004,data,data_10A6DA18
0x10A6DA1C,0x00000004,data,data_10A6DA1C
0x10A6DA20,0x00000004,data,data_10A6DA20
0x10A6DA24,0x00000004,data,data_10A6DA24
0x10A6DA28,0x00000004,data,data_10A6DA28
0x10A6DA2C,0x00000004,data,data_10A6DA2C
0x10A6DA30,0x00000004,data,data_10A6DA30
0x10A6DA34,0x00000004,data,data_10A6DA34
0x10A6DA38,0x00000004,data,data_10A6DA38
0x10A6DA3C,0x00000004,data,data_10A6DA3C
0x10A6DA40,0x00000002,data,data_10A6DA40
0x10A6DA42,0x00000006,data,data_10A6DA42
0x10A6DA48,0x00000002,data,data_10A6DA48
0x10A6DA4A,0x00000006,data,data_10A6DA4A
0x10A6DA50,0x00000002,data,data_10A6DA50
0x10A6DA52,0x00000006,data,data_10A6DA52
0x10A6DA58,0x00000002,data,data_10A6DA58
0x10A6DA5A,0x00000006,data,data_10A6DA5A
0x10A6DA60,0x00000002,data,data_10A6DA60
0x10A6DA62,0x00000006,data,data_10A6DA62
0x10A6DA68,0x00000002,data,data_10A6DA68
0x10A6DA6A,0x00000006,data,data_10A6DA6A
0x10A6DA70,0x00000002,data,data_10A6DA70
0x10A6DA72,0x00000006,data,data_10A6DA72
0x10A6DA78,0x00000002,data,data_10A6DA78
0x10A6DA7A,0x00000006,data,data_10A6DA7A
0x10A6DA80,0x00000002,data,data_10A6DA80
0x10A6DA82,0x00000006,data,data_10A6DA82
0x10A6DA88,0x00000002,data,data_10A6DA88
0x10A6DA8A,0x00000006,data,data_10A6DA8A
0x10A6DA90,0x00000002,data,data_10A6DA90
0x10A6DA92,0x00000006,data,data_10A6DA92
0x10A6DA98,0x00000002,data,data_10A6DA98
0x10A6DA9A,0x00000006,data,data_10A6DA9A
0x10A6DAA0,0x00000002,data,data_10A6DAA0
0x10A6DAA2,0x00000006,data,data_10A6DAA2
0x10A6DAA8,0x00000002,data,data_10A6DAA8
0x10A6DAAA,0x00000006,data,data_10A6DAAA
0x10A6DAB0,0x00000002,data,data_10A6DAB0
0x10A6DAB2,0x00000006,data,data_10A6DAB2
0x10A6DAB8,0x00000002,data,data_10A6DAB8
0x10A6DABA,0x00000006,data,data_10A6DABA
0x10A6DAC0,0x00000002,data,data_10A6DAC0
0x10A6DAC2,0x00000006,data,data_10A6DAC2
0x10A6DAC8,0x00000002,data,data_10A6DAC8
0x10A6DACA,0x00000006,data,data_10A6DACA
0x10A6DAD0,0x00000002,data,data_10A6DAD0
0x10A6DAD2,0x00000006,data,data_10A6DAD2
0x10A6DAD8,0x00000002,data,data_10A6DAD8
0x10A6DADA,0x00000006,data,data_10A6DADA
0x10A6DAE0,0x00000002,data,data_10A6DAE0
0x10A6DAE2,0x00000006,data,data_10A6DAE2
0x10A6DAE8,0x00000002,data,data_10A6DAE8
0x10A6DAEA,0x00000006,data,data_10A6DAEA
0x10A6DAF0,0x00000002,data,data_10A6DAF0
0x10A6DAF2,0x00000006,data,data_10A6DAF2
0x10A6DAF8,0x00000002,data,data_10A6DAF8
0x10A6DAFA,0x00000006,data,data_10A6DAFA
0x10A6DB00,0x00000002,data,data_10A6DB00
0x10A6DB02,0x00000006,data,data_10A6DB02
0x10A6DB08,0x00000002,data,data_10A6DB08
0x10A6DB0A,0x00000006,data,data_10A6DB0A
0x10A6DB10,0x00000002,data,data_10A6DB10
0x10A6DB12,0x00000006,data,data_10A6DB12
0x10A6DB18,0x00000002,data,data_10A6DB18
0x10A6DB1A,0x00000006,data,data_10A6DB1A
0x10A6DB20,0x00000002,data,data_10A6DB20
0x10A6DB22,0x00000006,data,data_10A6DB22
0x10A6DB28,0x00000002,data,data_10A6DB28
0x10A6DB2A,0x00000006,data,data_10A6DB2A
0x10A6DB30,0x00000002,data,data_10A6DB30
0x10A6DB32,0x00000006,data,data_10A6DB32
0x10A6DB38,0x00000002,data,data_10A6DB38
0x10A6DB3A,0x00000006,data,data_10A6DB3A
0x10A6DB40,0x00000002,data,data_10A6DB40
0x10A6DB42,0x00000006,data,data_10A6DB42
0x10A6DB48,0x00000002,data,data_10A6DB48
0x10A6DB4A,0x00000006,data,data_10A6DB4A
0x10A6DB50,0x00000002,data,data_10A6DB50
0x10A6DB52,0x00000006,data,data_10A6DB52
0x10A6DB58,0x00000002,data,data_10A6DB58
0x10A6DB5A,0x00000006,data,data_10A6DB5A
0x10A6DB60,0x00000002,data,data_10A6DB60
0x10A6DB62,0x00000006,data,data_10A6DB62
0x10A6DB68,0x00000002,data,data_10A6DB68
0x10A6DB6A,0x00000006,data,data_10A6DB6A
0x10A6DB70,0x00000002,data,data_10A6DB70
0x10A6DB72,0x00000006,data,data_10A6DB72
0x10A6DB78,0x00000002,data,data_10A6DB78
0x10A6DB7A,0x00000006,data,data_10A6DB7A
0x10A6DB80,0x00000002,data,data_10A6DB80
0x10A6DB82,0x00000006,data,data_10A6DB82
0x10A6DB88,0x00000002,data,data_10A6DB88
0x10A6DB8A,0x00000006,data,data_10A6DB8A
0x10A6DB90,0x00000002,data,data_10A6DB90
0x10A6DB92,0x00000006,data,data_10A6DB92
0x10A6DB98,0x00000002,data,data_10A6DB98
0x10A6DB9A,0x00000006,data,data_10A6DB9A
0x10A6DBA0,0x00000002,data,data_10A6DBA0
0x10A6DBA2,0x00000006,data,data_10A6DBA2
0x10A6DBA8,0x00000002,data,data_10A6DBA8
0x10A6DBAA,0x00000006,data,data_10A6DBAA
0x10A6DBB0,0x00000002,data,data_10A6DBB0
0x10A6DBB2,0x00000006,data,data_10A6DBB2
0x10A6DBB8,0x00000002,data,data_10A6DBB8
0x10A6DBBA,0x00000006,data,data_10A6DBBA
0x10A6DBC0,0x00000002,data,data_10A6DBC0
0x10A6DBC2,0x00000006,data,data_10A6DBC2
0x10A6DBC8,0x00000002,data,data_10A6DBC8
0x10A6DBCA,0x00000006,data,data_10A6DBCA
0x10A6DBD0,0x00000002,data,data_10A6DBD0
0x10A6DBD2,0x00000006,data,data_10A6DBD2
0x10A6DBD8,0x00000002,data,data_10A6DBD8
0x10A6DBDA,0x00000006,data,data_10A6DBDA
0x10A6DBE0,0x00000002,data,data_10A6DBE0
0x10A6DBE2,0x00000006,data,data_10A6DBE2
0x10A6DBE8,0x00000002,data,data_10A6DBE8
0x10A6DBEA,0x00000006,data,data_10A6DBEA
0x10A6DBF0,0x00000002,data,data_10A6DBF0
0x10A6DBF2,0x00000006,data,data_10A6DBF2
0x10A6DBF8,0x00000002,data,data_10A6DBF8
0x10A6DBFA,0x00000006,data,data_10A6DBFA
0x10A6DC00,0x00000002,data,data_10A6DC00
0x10A6DC02,0x00000006,data,data_10A6DC02
0x10A6DC08,0x00000002,data,data_10A6DC08
0x10A6DC0A,0x00000006,data,data_10A6DC0A
0x10A6DC10,0x00000002,data,data_10A6DC10
0x10A6DC12,0x00000006,data,data_10A6DC12
0x10A6DC18,0x00000002,data,data_10A6DC18
0x10A6DC1A,0x00000006,data,data_10A6DC1A
0x10A6DC20,0x00000002,data,data_10A6DC20
0x10A6DC22,0x00000006,data,data_10A6DC22
0x10A6DC28,0x00000002,data,data_10A6DC28
0x10A6DC2A,0x00000006,data,data_10A6DC2A
0x10A6DC30,0x00000002,data,data_10A6DC30
0x10A6DC32,0x00000006,data,data_10A6DC32
0x10A6DC38,0x00000002,data,data_10A6DC38
0x10A6DC3A,0x00000006,data,data_10A6DC3A
0x10A6DC40,0x00000002,data,data_10A6DC40
0x10A6DC42,0x00000006,data,data_10A6DC42
0x10A6DC48,0x00000002,data,data_10A6DC48
0x10A6DC4A,0x00000006,data,data_10A6DC4A
0x10A6DC50,0x00000002,data,data_10A6DC50
0x10A6DC52,0x00000006,data,data_10A6DC52
0x10A6DC58,0x00000002,data,data_10A6DC58
0x10A6DC5A,0x00000006,data,data_10A6DC5A
0x10A6DC60,0x00000002,data,data_10A6DC60
0x10A6DC62,0x00000006,data,data_10A6DC62
0x10A6DC68,0x00000002,data,data_10A6DC68
0x10A6DC6A,0x00000006,data,data_10A6DC6A
0x10A6DC70,0x00000002,data,data_10A6DC70
0x10A6DC72,0x00000006,data,data_10A6DC72
0x10A6DC78,0x00000002,data,data_10A6DC78
0x10A6DC7A,0x00000006,data,data_10A6DC7A
0x10A6DC80,0x00000002,data,data_10A6DC80
0x10A6DC82,0x00000006,data,data_10A6DC82
0x10A6DC88,0x00000002,data,data_10A6DC88
0x10A6DC8A,0x00000006,data,data_10A6DC8A
0x10A6DC90,0x00000002,data,data_10A6DC90
0x10A6DC92,0x00000006,data,data_10A6DC92
0x10A6DC98,0x00000002,data,data_10A6DC98
0x10A6DC9A,0x00000006,data,data_10A6DC9A
0x10A6DCA0,0x00000002,data,data_10A6DCA0
0x10A6DCA2,0x00000006,data,data_10A6DCA2
0x10A6DCA8,0x00000002,data,data_10A6DCA8
0x10A6DCAA,0x00000006,data,data_10A6DCAA
0x10A6DCB0,0x00000002,data,data_10A6DCB0
0x10A6DCB2,0x00000006,data,data_10A6DCB2
0x10A6DCB8,0x00000002,data,data_10A6DCB8
0x10A6DCBA,0x00000006,data,data_10A6DCBA
0x10A6DCC0,0x00000002,data,data_10A6DCC0
0x10A6DCC2,0x00000006,data,data_10A6DCC2
0x10A6DCC8,0x00000002,data,data_10A6DCC8
0x10A6DCCA,0x00000006,data,data_10A6DCCA
0x10A6DCD0,0x00000002,data,data_10A6DCD0
0x10A6DCD2,0x00000006,data,data_10A6DCD2
0x10A6DCD8,0x00000002,data,data_10A6DCD8
0x10A6DCDA,0x00000006,data,data_10A6DCDA
0x10A6DCE0,0x00000002,data,data_10A6DCE0
0x10A6DCE2,0x00000006,data,data_10A6DCE2
0x10A6DCE8,0x00000002,data,data_10A6DCE8
0x10A6DCEA,0x00000006,data,data_10A6DCEA
0x10A6DCF0,0x00000002,data,data_10A6DCF0
0x10A6DCF2,0x00000006,data,data_10A6DCF2
0x10A6DCF8,0x00000002,data,data_10A6DCF8
0x10A6DCFA,0x00000006,data,data_10A6DCFA
0x10A6DD00,0x00000002,data,data_10A6DD00
0x10A6DD02,0x00000006,data,data_10A6DD02
0x10A6DD08,0x00000002,data,data_10A6DD08
0x10A6DD0A,0x00000006,data,data_10A6DD0A
0x10A6DD10,0x00000002,data,data_10A6DD10
0x10A6DD12,0x00000006,data,data_10A6DD12
0x10A6DD18,0x00000002,data,data_10A6DD18
0x10A6DD1A,0x00000006,data,data_10A6DD1A
0x10A6DD20,0x00000002,data,data_10A6DD20
0x10A6DD22,0x00000006,data,data_10A6DD22
0x10A6DD28,0x00000002,data,data_10A6DD28
0x10A6DD2A,0x00000006,data,data_10A6DD2A
0x10A6DD30,0x00000002,data,data_10A6DD30
0x10A6DD32,0x00000006,data,data_10A6DD32
0x10A6DD38,0x00000002,data,data_10A6DD38
0x10A6DD3A,0x00000006,data,data_10A6DD3A
0x10A6DD40,0x00000002,data,data_10A6DD40
0x10A6DD42,0x00000006,data,data_10A6DD42
0x10A6DD48,0x00000002,data,data_10A6DD48
0x10A6DD4A,0x00000006,data,data_10A6DD4A
0x10A6DD50,0x00000002,data,data_10A6DD50
0x10A6DD52,0x00000006,data,data_10A6DD52
0x10A6DD58,0x00000002,data,data_10A6DD58
0x10A6DD5A,0x00000006,data,data_10A6DD5A
0x10A6DD60,0x00000002,data,data_10A6DD60
0x10A6DD62,0x00000006,data,data_10A6DD62
0x10A6DD68,0x00000002,data,data_10A6DD68
0x10A6DD6A,0x00000006,data,data_10A6DD6A
0x10A6DD70,0x00000002,data,data_10A6DD70
0x10A6DD72,0x00000006,data,data_10A6DD72
0x10A6DD78,0x00000002,data,data_10A6DD78
0x10A6DD7A,0x00000006,data,data_10A6DD7A
0x10A6DD80,0x00000002,data,data_10A6DD80
0x10A6DD82,0x00000006,data,data_10A6DD82
0x10A6DD88,0x00000002,data,data_10A6DD88
0x10A6DD8A,0x00000006,data,data_10A6DD8A
0x10A6DD90,0x00000002,data,data_10A6DD90
0x10A6DD92,0x00000006,data,data_10A6DD92
0x10A6DD98,0x00000002,data,data_10A6DD98
0x10A6DD9A,0x00000006,data,data_10A6DD9A
0x10A6DDA0,0x00000002,data,data_10A6DDA0
0x10A6DDA2,0x00000006,data,data_10A6DDA2
0x10A6DDA8,0x00000002,data,data_10A6DDA8
0x10A6DDAA,0x00000006,data,data_10A6DDAA
0x10A6DDB0,0x00000002,data,data_10A6DDB0
0x10A6DDB2,0x00000007,data,data_10A6DDB2
0x10A6DDB9,0x00000001,data,data_10A6DDB9
0x10A6DDBA,0x00000006,data,data_10A6DDBA
0x10A6DDC0,0x00000002,data,data_10A6DDC0
0x10A6DDC2,0x00000006,data,data_10A6DDC2
0x10A6DDC8,0x00000002,data,data_10A6DDC8
0x10A6DDCA,0x00000006,data,data_10A6DDCA
0x10A6DDD0,0x00000002,data,data_10A6DDD0
0x10A6DDD2,0x00000006,data,data_10A6DDD2
0x10A6DDD8,0x00000002,data,data_10A6DDD8
0x10A6DDDA,0x00000006,data,data_10A6DDDA
0x10A6DDE0,0x00000002,data,data_10A6DDE0
0x10A6DDE2,0x00000006,data,data_10A6DDE2
0x10A6DDE8,0x00000002,data,data_10A6DDE8
0x10A6DDEA,0x00000006,data,data_10A6DDEA
0x10A6DDF0,0x00000002,data,data_10A6DDF0
0x10A6DDF2,0x00000006,data,data_10A6DDF2
0x10A6DDF8,0x00000002,data,data_10A6DDF8
0x10A6DDFA,0x00000006,data,data_10A6DDFA
0x10A6DE00,0x00000002,data,data_10A6DE00
0x10A6DE02,0x00000006,data,data_10A6DE02
0x10A6DE08,0x00000002,data,data_10A6DE08
0x10A6DE0A,0x00000006,data,data_10A6DE0A
0x10A6DE10,0x00000002,data,data_10A6DE10
0x10A6DE12,0x00000006,data,data_10A6DE12
0x10A6DE18,0x00000002,data,data_10A6DE18
0x10A6DE1A,0x00000006,data,data_10A6DE1A
0x10A6DE20,0x00000002,data,data_10A6DE20
0x10A6DE22,0x00000006,data,data_10A6DE22
0x10A6DE28,0x00000002,data,data_10A6DE28
0x10A6DE2A,0x00000006,data,data_10A6DE2A
0x10A6DE30,0x00000002,data,data_10A6DE30
0x10A6DE32,0x00000006,data,data_10A6DE32
0x10A6DE38,0x00000002,data,data_10A6DE38
0x10A6DE3A,0x00000006,data,data_10A6DE3A
0x10A6DE40,0x00000002,data,data_10A6DE40
0x10A6DE42,0x00000006,data,data_10A6DE42
0x10A6DE48,0x00000002,data,data_10A6DE48
0x10A6DE4A,0x00000006,data,data_10A6DE4A
0x10A6DE50,0x00000002,data,data_10A6DE50
0x10A6DE52,0x00000006,data,data_10A6DE52
0x10A6DE58,0x00000002,data,data_10A6DE58
0x10A6DE5A,0x00000006,data,data_10A6DE5A
0x10A6DE60,0x00000002,data,data_10A6DE60
0x10A6DE62,0x00000006,data,data_10A6DE62
0x10A6DE68,0x00000002,data,data_10A6DE68
0x10A6DE6A,0x00000006,data,data_10A6DE6A
0x10A6DE70,0x00000002,data,data_10A6DE70
0x10A6DE72,0x00000006,data,data_10A6DE72
0x10A6DE78,0x00000002,data,data_10A6DE78
0x10A6DE7A,0x00000006,data,data_10A6DE7A
0x10A6DE80,0x00000002,data,data_10A6DE80
0x10A6DE82,0x00000006,data,data_10A6DE82
0x10A6DE88,0x00000002,data,data_10A6DE88
0x10A6DE8A,0x00000006,data,data_10A6DE8A
0x10A6DE90,0x00000002,data,data_10A6DE90
0x10A6DE92,0x00000006,data,data_10A6DE92
0x10A6DE98,0x00000002,data,data_10A6DE98
0x10A6DE9A,0x00000006,data,data_10A6DE9A
0x10A6DEA0,0x00000002,data,data_10A6DEA0
0x10A6DEA2,0x00000006,data,data_10A6DEA2
0x10A6DEA8,0x00000002,data,data_10A6DEA8
0x10A6DEAA,0x00000006,data,data_10A6DEAA
0x10A6DEB0,0x00000002,data,data_10A6DEB0
0x10A6DEB2,0x00000006,data,data_10A6DEB2
0x10A6DEB8,0x00000002,data,data_10A6DEB8
0x10A6DEBA,0x00000006,data,data_10A6DEBA
0x10A6DEC0,0x00000002,data,data_10A6DEC0
0x10A6DEC2,0x00000006,data,data_10A6DEC2
0x10A6DEC8,0x00000002,data,data_10A6DEC8
0x10A6DECA,0x00000006,data,data_10A6DECA
0x10A6DED0,0x00000002,data,data_10A6DED0
0x10A6DED2,0x00000006,data,data_10A6DED2
0x10A6DED8,0x00000002,data,data_10A6DED8
0x10A6DEDA,0x00000006,data,data_10A6DEDA
0x10A6DEE0,0x00000002,data,data_10A6DEE0
0x10A6DEE2,0x00000006,data,data_10A6DEE2
0x10A6DEE8,0x00000002,data,data_10A6DEE8
0x10A6DEEA,0x00000006,data,data_10A6DEEA
0x10A6DEF0,0x00000002,data,data_10A6DEF0
0x10A6DEF2,0x00000006,data,data_10A6DEF2
0x10A6DEF8,0x00000002,data,data_10A6DEF8
0x10A6DEFA,0x00000006,data,data_10A6DEFA
0x10A6DF00,0x00000002,data,data_10A6DF00
0x10A6DF02,0x00000006,data,data_10A6DF02
0x10A6DF08,0x00000002,data,data_10A6DF08
0x10A6DF0A,0x00000006,data,data_10A6DF0A
0x10A6DF10,0x00000002,data,data_10A6DF10
0x10A6DF12,0x00000006,data,data_10A6DF12
0x10A6DF18,0x00000002,data,data_10A6DF18
0x10A6DF1A,0x00000006,data,data_10A6DF1A
0x10A6DF20,0x00000002,data,data_10A6DF20
0x10A6DF22,0x00000006,data,data_10A6DF22
0x10A6DF28,0x00000002,data,data_10A6DF28
0x10A6DF2A,0x00000006,data,data_10A6DF2A
0x10A6DF30,0x00000002,data,data_10A6DF30
0x10A6DF32,0x00000006,data,data_10A6DF32
0x10A6DF38,0x00000002,data,data_10A6DF38
0x10A6DF3A,0x00000006,data,data_10A6DF3A
0x10A6DF40,0x00000002,data,data_10A6DF40
0x10A6DF42,0x00000006,data,data_10A6DF42
0x10A6DF48,0x00000002,data,data_10A6DF48
0x10A6DF4A,0x00000006,data,data_10A6DF4A
0x10A6DF50,0x00000002,data,data_10A6DF50
0x10A6DF52,0x00000006,data,data_10A6DF52
0x10A6DF58,0x00000002,data,data_10A6DF58
0x10A6DF5A,0x00000006,data,data_10A6DF5A
0x10A6DF60,0x00000002,data,data_10A6DF60
0x10A6DF62,0x00000006,data,data_10A6DF62
0x10A6DF68,0x00000002,data,data_10A6DF68
0x10A6DF6A,0x00000006,data,data_10A6DF6A
0x10A6DF70,0x00000002,data,data_10A6DF70
0x10A6DF72,0x00000006,data,data_10A6DF72
0x10A6DF78,0x00000002,data,data_10A6DF78
0x10A6DF7A,0x00000006,data,data_10A6DF7A
0x10A6DF80,0x00000002,data,data_10A6DF80
0x10A6DF82,0x00000006,data,data_10A6DF82
0x10A6DF88,0x00000002,data,data_10A6DF88
0x10A6DF8A,0x00000006,data,data_10A6DF8A
0x10A6DF90,0x00000002,data,data_10A6DF90
0x10A6DF92,0x00000006,data,data_10A6DF92
0x10A6DF98,0x00000002,data,data_10A6DF98
0x10A6DF9A,0x00000006,data,data_10A6DF9A
0x10A6DFA0,0x00000002,data,data_10A6DFA0
0x10A6DFA2,0x00000006,data,data_10A6DFA2
0x10A6DFA8,0x00000002,data,data_10A6DFA8
0x10A6DFAA,0x00000006,data,data_10A6DFAA
0x10A6DFB0,0x00000002,data,data_10A6DFB0
0x10A6DFB2,0x00000006,data,data_10A6DFB2
0x10A6DFB8,0x00000002,data,data_10A6DFB8
0x10A6DFBA,0x00000006,data,data_10A6DFBA
0x10A6DFC0,0x00000002,data,data_10A6DFC0
0x10A6DFC2,0x00000006,data,data_10A6DFC2
0x10A6DFC8,0x00000002,data,data_10A6DFC8
0x10A6DFCA,0x00000006,data,data_10A6DFCA
0x10A6DFD0,0x00000002,data,data_10A6DFD0
0x10A6DFD2,0x00000006,data,data_10A6DFD2
0x10A6DFD8,0x00000002,data,data_10A6DFD8
0x10A6DFDA,0x00000006,data,data_10A6DFDA
0x10A6DFE0,0x00000002,data,data_10A6DFE0
0x10A6DFE2,0x00000006,data,data_10A6DFE2
0x10A6DFE8,0x00000002,data,data_10A6DFE8
0x10A6DFEA,0x00000006,data,data_10A6DFEA
0x10A6DFF0,0x00000002,data,data_10A6DFF0
0x10A6DFF2,0x00000006,data,data_10A6DFF2
0x10A6DFF8,0x00000002,data,data_10A6DFF8
0x10A6DFFA,0x00000006,data,data_10A6DFFA
0x10A6E000,0x00000002,data,data_10A6E000
0x10A6E002,0x00000006,data,data_10A6E002
0x10A6E008,0x00000002,data,data_10A6E008
0x10A6E00A,0x00000006,data,data_10A6E00A
0x10A6E010,0x00000002,data,data_10A6E010
0x10A6E012,0x00000006,data,data_10A6E012
0x10A6E018,0x00000002,data,data_10A6E018
0x10A6E01A,0x00000006,data,data_10A6E01A
0x10A6E020,0x00000002,data,data_10A6E020
0x10A6E022,0x00000006,data,data_10A6E022
0x10A6E028,0x00000002,data,data_10A6E028
0x10A6E02A,0x00000006,data,data_10A6E02A
0x10A6E030,0x00000002,data,data_10A6E030
0x10A6E032,0x00000006,data,data_10A6E032
0x10A6E038,0x00000002,data,data_10A6E038
0x10A6E03A,0x00000006,data,data_10A6E03A
0x10A6E040,0x00000002,data,data_10A6E040
0x10A6E042,0x00000006,data,data_10A6E042
0x10A6E048,0x00000002,data,data_10A6E048
0x10A6E04A,0x00000006,data,data_10A6E04A
0x10A6E050,0x00000002,data,data_10A6E050
0x10A6E052,0x00000006,data,data_10A6E052
0x10A6E058,0x00000002,data,data_10A6E058
0x10A6E05A,0x00000006,data,data_10A6E05A
0x10A6E060,0x00000002,data,data_10A6E060
0x10A6E062,0x00000006,data,data_10A6E062
0x10A6E068,0x00000002,data,data_10A6E068
0x10A6E06A,0x00000006,data,data_10A6E06A
0x10A6E070,0x00000002,data,data_10A6E070
0x10A6E072,0x00000006,data,data_10A6E072
0x10A6E078,0x00000002,data,data_10A6E078
0x10A6E07A,0x00000006,data,data_10A6E07A
0x10A6E080,0x00000002,data,data_10A6E080
0x10A6E082,0x00000006,data,data_10A6E082
0x10A6E088,0x00000002,data,data_10A6E088
0x10A6E08A,0x00000006,data,data_10A6E08A
0x10A6E090,0x00000002,data,data_10A6E090
0x10A6E092,0x00000006,data,data_10A6E092
0x10A6E098,0x00000002,data,data_10A6E098
0x10A6E09A,0x00000006,data,data_10A6E09A
0x10A6E0A0,0x00000002,data,data_10A6E0A0
0x10A6E0A2,0x00000006,data,data_10A6E0A2
0x10A6E0A8,0x00000002,data,data_10A6E0A8
0x10A6E0AA,0x00000007,data,data_10A6E0AA
0x10A6E0B1,0x00000001,data,data_10A6E0B1
0x10A6E0B2,0x00000006,data,data_10A6E0B2
0x10A6E0B8,0x00000002,data,data_10A6E0B8
0x10A6E0BA,0x00000006,data,data_10A6E0BA
0x10A6E0C0,0x00000002,data,data_10A6E0C0
0x10A6E0C2,0x00000006,data,data_10A6E0C2
0x10A6E0C8,0x00000002,data,data_10A6E0C8
0x10A6E0CA,0x00000006,data,data_10A6E0CA
0x10A6E0D0,0x00000002,data,data_10A6E0D0
0x10A6E0D2,0x00000006,data,data_10A6E0D2
0x10A6E0D8,0x00000002,data,data_10A6E0D8
0x10A6E0DA,0x00000006,data,data_10A6E0DA
0x10A6E0E0,0x00000002,data,data_10A6E0E0
0x10A6E0E2,0x00000006,data,data_10A6E0E2
0x10A6E0E8,0x00000002,data,data_10A6E0E8
0x10A6E0EA,0x00000006,data,data_10A6E0EA
0x10A6E0F0,0x00000002,data,data_10A6E0F0
0x10A6E0F2,0x00000006,data,data_10A6E0F2
0x10A6E0F8,0x00000002,data,data_10A6E0F8
0x10A6E0FA,0x00000006,data,data_10A6E0FA
0x10A6E100,0x00000002,data,data_10A6E100
0x10A6E102,0x00000006,data,data_10A6E102
0x10A6E108,0x00000002,data,data_10A6E108
0x10A6E10A,0x00000006,data,data_10A6E10A
0x10A6E110,0x00000002,data,data_10A6E110
0x10A6E112,0x00000006,data,data_10A6E112
0x10A6E118,0x00000002,data,data_10A6E118
0x10A6E11A,0x00000006,data,data_10A6E11A
0x10A6E120,0x00000002,data,data_10A6E120
0x10A6E122,0x00000006,data,data_10A6E122
0x10A6E128,0x00000002,data,data_10A6E128
0x10A6E12A,0x00000006,data,data_10A6E12A
0x10A6E130,0x00000002,data,data_10A6E130
0x10A6E132,0x00000006,data,data_10A6E132
0x10A6E138,0x00000002,data,data_10A6E138
0x10A6E13A,0x00000006,data,data_10A6E13A
0x10A6E140,0x00000002,data,data_10A6E140
0x10A6E142,0x00000006,data,data_10A6E142
0x10A6E148,0x00000002,data,data_10A6E148
0x10A6E14A,0x00000006,data,data_10A6E14A
0x10A6E150,0x00000002,data,data_10A6E150
0x10A6E152,0x00000006,data,data_10A6E152
0x10A6E158,0x00000002,data,data_10A6E158
0x10A6E15A,0x00000006,data,data_10A6E15A
0x10A6E160,0x00000002,data,data_10A6E160
0x10A6E162,0x0000000F,data,data_10A6E162
0x10A6E171,0x00000004,data,data_10A6E171
0x10A6E175,0x00000007,data,data_10A6E175
0x10A6E17C,0x00000004,data,data_10A6E17C
0x10A6E180,0x00000004,data,data_10A6E180
0x10A6E184,0x00000001,data,data_10A6E184
0x10A6E185,0x00000100,data,data_10A6E185
0x10A6E285,0x00000100,data,data_10A6E285
0x10A6E385,0x00000100,data,data_10A6E385
0x10A6E485,0x00000100,data,data_10A6E485
0x10A6E585,0x00000100,data,data_10A6E585
0x10A6E685,0x00000100,data,data_10A6E685
0x10A6E785,0x00000100,data,data_10A6E785
0x10A6E885,0x00000100,data,data_10A6E885
0x10A6E985,0x00000100,data,data_10A6E985
0x10A6EA85,0x00000100,data,data_10A6EA85
0x10A6EB85,0x000000E7,data,data_10A6EB85
0x10A6EC6C,0x00000009,data,data_10A6EC6C
0x10A6EC75,0x0000000C,data,data_10A6EC75
0x10A6EC81,0x00000001,data,data_10A6EC81
0x10A6EC82,0x0000001F,data,data_10A6EC82
0x10A6ECA1,0x00000001,data,data_10A6ECA1
0x10A6ECA2,0x00000100,data,data_10A6ECA2
0x10A6EDA2,0x00000100,data,data_10A6EDA2
0x10A6EEA2,0x00000100,data,data_10A6EEA2
0x10A6EFA2,0x0000004C,data,data_10A6EFA2
0x10A6EFEE,0x00000003,data,data_10A6EFEE
0x10A6EFF1,0x00000007,data,data_10A6EFF1
0x10A6EFF8,0x00000001,data,data_10A6EFF8
0x10A6EFF9,0x0000000D,data,data_10A6EFF9
0x10A6F006,0x00000006,data,data_10A6F006
0x10A6F00C,0x00000024,data,data_10A6F00C
0x10A6F030,0x00000001,data,data_10A6F030
0x10A6F031,0x00000005,data,data_10A6F031
0x10A6F036,0x00000002,data,data_10A6F036
0x10A6F038,0x00000005,data,data_10A6F038
0x10A6F03D,0x00000001,data,data_10A6F03D
0x10A6F03E,0x00000100,data,data_10A6F03E
0x10A6F13E,0x00000100,data,data_10A6F13E
0x10A6F23E,0x00000100,data,data_10A6F23E
0x10A6F33E,0x00000100,data,data_10A6F33E
0x10A6F43E,0x00000100,data,data_10A6F43E
0x10A6F53E,0x00000100,data,data_10A6F53E
0x10A6F63E,0x00000100,data,data_10A6F63E
0x10A6F73E,0x00000100,data,data_10A6F73E
0x10A6F83E,0x00000100,data,data_10A6F83E
0x10A6F93E,0x00000049,data,data_10A6F93E
0x10A6F987,0x00000001,data,data_10A6F987
0x10A6F988,0x00000004,data,data_10A6F988
0x10A6F98C,0x00000001,data,data_10A6F98C
0x10A6F98D,0x00000011,data,data_10A6F98D
0x10A6F99E,0x00000001,data,data_10A6F99E
0x10A6F99F,0x00000005,data,data_10A6F99F
0x10A6F9A4,0x00000004,data,data_10A6F9A4
0x10A6F9A8,0x00000007,data,data_10A6F9A8
0x10A6F9AF,0x00000001,data,data_10A6F9AF
0x10A6F9B0,0x00000023,data,data_10A6F9B0
0x10A6F9D3,0x00000001,data,data_10A6F9D3
0x10A6F9D4,0x00000010,data,data_10A6F9D4
0x10A6F9E4,0x00000001,data,data_10A6F9E4
0x10A6F9E5,0x0000001F,data,data_10A6F9E5
0x10A6FA04,0x00000007,data,data_10A6FA04
0x10A6FA0B,0x00000009,data,data_10A6FA0B
0x10A6FA14,0x00000004,data,data_10A6FA14
0x10A6FA18,0x00000001,data,data_10A6FA18
0x10A6FA19,0x00000007,data,data_10A6FA19
0x10A6FA20,0x00000008,data,data_10A6FA20
0x10A6FA28,0x00000004,data,data_10A6FA28
0x10A6FA2C,0x00000004,data,data_10A6FA2C
0x10A6FA30,0x00000004,data,data_10A6FA30
0x10A6FA34,0x00000004,data,data_10A6FA34
0x10A6FA38,0x00000004,data,data_10A6FA38
0x10A6FA3C,0x00000022,data,data_10A6FA3C
0x10A6FA5E,0x00000001,data,data_10A6FA5E
0x10A6FA5F,0x00000007,data,data_10A6FA5F
0x10A6FA66,0x00000005,data,data_10A6FA66
0x10A6FA6B,0x00000012,data,data_10A6FA6B
0x10A6FA7D,0x0000001A,data,data_10A6FA7D
0x10A6FA97,0x00000045,data,data_10A6FA97
0x10A6FADC,0x00000004,data,data_10A6FADC
0x10A6FAE0,0x00000004,data,data_10A6FAE0
0x10A6FAE4,0x00000004,data,data_10A6FAE4
0x10A6FAE8,0x00000004,data,data_10A6FAE8
0x10A6FAEC,0x00000004,data,data_10A6FAEC
0x10A6FAF0,0x00000004,data,data_10A6FAF0
0x10A6FAF4,0x00000004,data,data_10A6FAF4
0x10A6FAF8,0x00000004,data,data_10A6FAF8
0x10A6FAFC,0x00000004,data,data_10A6FAFC
0x10A6FB00,0x00000004,data,data_10A6FB00
0x10A6FB04,0x00000004,data,data_10A6FB04
0x10A6FB08,0x00000030,data,data_10A6FB08
0x10A6FB38,0x00000004,data,data_10A6FB38
0x10A6FB3C,0x00000004,data,data_10A6FB3C
0x10A6FB40,0x00000004,data,data_10A6FB40
0x10A6FB44,0x00000004,data,data_10A6FB44
0x10A6FB48,0x00000004,data,data_10A6FB48
0x10A6FB4C,0x00000004,data,data_10A6FB4C
0x10A6FB50,0x00000004,data,data_10A6FB50
0x10A6FB54,0x00000004,data,data_10A6FB54
0x10A6FB58,0x00000004,data,data_10A6FB58
0x10A6FB5C,0x00000004,data,data_10A6FB5C
0x10A6FB60,0x00000004,data,data_10A6FB60
0x10A6FB64,0x00000004,data,data_10A6FB64
0x10A6FB68,0x00000004,data,data_10A6FB68
0x10A6FB6C,0x00000004,data,data_10A6FB6C
0x10A6FB70,0x00000004,data,data_10A6FB70
0x10A6FB74,0x00000004,data,data_10A6FB74
0x10A6FB78,0x00000004,data,data_10A6FB78
0x10A6FB7C,0x00000004,data,data_10A6FB7C
0x10A6FB80,0x00000004,data,data_10A6FB80
0x10A6FB84,0x00000004,data,data_10A6FB84
0x10A6FB88,0x00000004,data,data_10A6FB88
0x10A6FB8C,0x00000004,data,data_10A6FB8C
0x10A6FB90,0x00000004,data,data_10A6FB90
0x10A6FB94,0x00000004,data,data_10A6FB94
0x10A6FB98,0x00000004,data,data_10A6FB98
0x10A6FB9C,0x00000004,data,data_10A6FB9C
0x10A6FBA0,0x00000004,data,data_10A6FBA0
0x10A6FBA4,0x00000004,data,data_10A6FBA4
0x10A6FBA8,0x00000004,data,data_10A6FBA8
0x10A6FBAC,0x00000008,data,data_10A6FBAC
0x10A6FBB4,0x00000004,data,data_10A6FBB4
0x10A6FBB8,0x0000000C,data,data_10A6FBB8
0x10A6FBC4,0x00000004,data,data_10A6FBC4
0x10A6FBC8,0x00000014,data,data_10A6FBC8
0x10A6FBDC,0x00000004,data,data_10A6FBDC
0x10A6FBE0,0x00000004,data,data_10A6FBE0
0x10A6FBE4,0x00000004,data,data_10A6FBE4
0x10A6FBE8,0x00000004,data,data_10A6FBE8
0x10A6FBEC,0x00000004,data,data_10A6FBEC
0x10A6FBF0,0x00000004,data,data_10A6FBF0
0x10A6FBF4,0x00000004,data,data_10A6FBF4
0x10A6FBF8,0x00000008,data,data_10A6FBF8
0x10A6FC00,0x00000004,data,data_10A6FC00
0x10A6FC04,0x00000004,data,data_10A6FC04
0x10A6FC08,0x00000004,data,data_10A6FC08
0x10A6FC0C,0x00000004,data,data_10A6FC0C
0x10A6FC10,0x00000004,data,data_10A6FC10
0x10A6FC14,0x00000004,data,data_10A6FC14
0x10A6FC18,0x00000004,data,data_10A6FC18
0x10A6FC1C,0x00000008,data,data_10A6FC1C
0x10A6FC24,0x00000004,data,data_10A6FC24
0x10A6FC28,0x00000004,data,data_10A6FC28
0x10A6FC2C,0x00000004,data,data_10A6FC2C
0x10A6FC30,0x00000004,data,data_10A6FC30
0x10A6FC34,0x00000004,data,data_10A6FC34
0x10A6FC38,0x00000004,data,data_10A6FC38
0x10A6FC3C,0x00000004,data,data_10A6FC3C
0x10A6FC40,0x00000004,data,data_10A6FC40
0x10A6FC44,0x00000004,data,data_10A6FC44
0x10A6FC48,0x00000034,data,data_10A6FC48
0x10A6FC7C,0x00000004,data,data_10A6FC7C
0x10A6FC80,0x00000004,data,data_10A6FC80
0x10A6FC84,0x00000010,data,data_10A6FC84
0x10A6FC94,0x00000004,data,data_10A6FC94
0x10A6FC98,0x00000004,data,data_10A6FC98
0x10A6FC9C,0x00000004,data,data_10A6FC9C
0x10A6FCA0,0x00000004,data,data_10A6FCA0
0x10A6FCA4,0x00000004,data,data_10A6FCA4
0x10A6FCA8,0x00000004,data,data_10A6FCA8
0x10A6FCAC,0x00000004,data,data_10A6FCAC
0x10A6FCB0,0x0000000C,data,data_10A6FCB0
0x10A6FCBC,0x00000004,data,data_10A6FCBC
0x10A6FCC0,0x00000014,data,data_10A6FCC0
0x10A6FCD4,0x00000004,data,data_10A6FCD4
0x10A6FCD8,0x0000002C,data,data_10A6FCD8
0x10A6FD04,0x00000004,data,data_10A6FD04
0x10A6FD08,0x00000004,data,data_10A6FD08
0x10A6FD0C,0x00000004,data,data_10A6FD0C
0x10A6FD10,0x00000004,data,data_10A6FD10
0x10A6FD14,0x00000008,data,data_10A6FD14
0x10A6FD1C,0x00000004,data,data_10A6FD1C
0x10A6FD20,0x00000004,data,data_10A6FD20
0x10A6FD24,0x00000004,data,data_10A6FD24
0x10A6FD28,0x00000004,data,data_10A6FD28
0x10A6FD2C,0x00000058,data,data_10A6FD2C
0x10A6FD84,0x00000004,data,data_10A6FD84
0x10A6FD88,0x00000004,data,data_10A6FD88
0x10A6FD8C,0x00000004,data,data_10A6FD8C
0x10A6FD90,0x00000004,data,data_10A6FD90
0x10A6FD94,0x00000004,data,data_10A6FD94
0x10A6FD98,0x00000009,data,data_10A6FD98
0x10A6FDA1,0x00000001,data,data_10A6FDA1
0x10A6FDA2,0x00000016,data,data_10A6FDA2
0x10A6FDB8,0x00000005,data,data_10A6FDB8
0x10A6FDBD,0x00000027,data,data_10A6FDBD
0x10A6FDE4,0x00000001,data,data_10A6FDE4
0x10A6FDE5,0x0000001F,data,data_10A6FDE5
0x10A6FE04,0x00000001,data,data_10A6FE04
0x10A6FE05,0x00000004,data,data_10A6FE05
0x10A6FE09,0x0000000D,data,data_10A6FE09
0x10A6FE23,0x00000100,data,data_10A6FE23
0x10A6FF23,0x00000100,data,data_10A6FF23
0x10A70023,0x000000E2,data,data_10A70023
0x10A70105,0x00000004,data,data_10A70105
0x10A70109,0x00000100,data,data_10A70109
0x10A70209,0x00000100,data,data_10A70209
0x10A70309,0x00000017,data,data_10A70309
0x10A70320,0x00000008,data,data_10A70320
0x10A70328,0x00000008,data,data_10A70328
0x10A7033C,0x00000010,data,data_10A7033C
0x10A7034C,0x00000004,data,data_10A7034C
0x10A70350,0x00000004,data,data_10A70350
0x10A70354,0x00000004,data,data_10A70354
0x10A70358,0x00000008,data,data_10A70358
0x10A70360,0x00000004,data,data_10A70360
0x10A70364,0x0000000C,data,data_10A70364
0x10A70377,0x00000006,data,data_10A70377
0x10A7037D,0x00000007,data,data_10A7037D
0x10A70398,0x00000018,data,data_10A70398
0x10A703B0,0x00000002,data,data_10A703B0
0x10A703B2,0x00000042,data,data_10A703B2
0x10A703F4,0x00000004,data,data_10A703F4
0x10A703F8,0x00000009,data,data_10A703F8
0x10A70401,0x0000000F,data,data_10A70401
0x10A70410,0x00000004,data,data_10A70410
0x10A70414,0x0000001C,data,data_10A70414
0x10A70430,0x00000004,data,data_10A70430
0x10A70434,0x00000004,data,data_10A70434
0x10A70438,0x00000004,data,data_10A70438
0x10A7043C,0x00000010,data,data_10A7043C
0x10A7044C,0x00000004,data,data_10A7044C
0x10A70450,0x0000000C,data,data_10A70450
0x10A7045C,0x00000004,data,data_10A7045C
0x10A70460,0x00000010,data,data_10A70460
0x10A70470,0x00000004,data,data_10A70470
0x10A70474,0x00000004,data,data_10A70474
0x10A70478,0x00000004,data,data_10A70478
0x10A7047C,0x00000004,data,data_10A7047C
0x10A70480,0x00000004,data,data_10A70480
0x10A70484,0x00000004,data,data_10A70484
0x10A70488,0x00000004,data,data_10A70488
0x10A7048C,0x00000004,data,data_10A7048C
0x10A704A9,0x00000007,data,data_10A704A9
0x10A704B0,0x00000004,data,data_10A704B0
0x10A704B4,0x00000004,data,data_10A704B4
0x10A704B8,0x00000004,data,data_10A704B8
0x10A704BC,0x00000004,data,data_10A704BC
0x10A704C0,0x00000004,data,data_10A704C0
0x10A704C4,0x00000004,data,data_10A704C4
0x10A704C8,0x00000004,data,data_10A704C8
0x10A704CC,0x00000002,data,data_10A704CC
0x10A704CE,0x0000000E,data,data_10A704CE
0x10A704DC,0x00000059,data,data_10A704DC
0x10A70535,0x0000001B,data,data_10A70535
0x10A70550,0x00000061,data,data_10A70550
0x10A705B1,0x00000013,data,data_10A705B1
0x10A705C4,0x00000001,data,data_10A705C4
0x10A705C5,0x00000007,data,data_10A705C5
0x10A705CC,0x00000001,data,data_10A705CC
0x10A705CD,0x00000100,data,data_10A705CD
0x10A706CD,0x00000100,data,data_10A706CD
0x10A707CD,0x00000100,data,data_10A707CD
0x10A708CD,0x00000100,data,data_10A708CD
0x10A709CD,0x00000100,data,data_10A709CD
0x10A70ACD,0x00000100,data,data_10A70ACD
0x10A70BCD,0x00000100,data,data_10A70BCD
0x10A70CCD,0x0000002B,data,data_10A70CCD
0x10A70CF8,0x00000035,data,data_10A70CF8
0x10A70D2D,0x00000004,data,data_10A70D2D
0x10A70D31,0x0000000C,data,data_10A70D31
0x10A70D3D,0x0000000C,data,data_10A70D3D
0x10A70D49,0x0000002C,data,data_10A70D49
0x10A70D75,0x00000004,data,data_10A70D75
0x10A70D79,0x0000000C,data,data_10A70D79
0x10A70D85,0x00000027,data,data_10A70D85
0x10A70DAC,0x00000001,data,data_10A70DAC
0x10A70DAD,0x00000027,data,data_10A70DAD
0x10A70DD4,0x00000004,data,data_10A70DD4
0x10A70DD8,0x00000008,data,data_10A70DD8
0x10A70DE0,0x00000004,data,data_10A70DE0
0x10A70DE4,0x00000004,data,data_10A70DE4
0x10A70DE8,0x00000018,data,data_10A70DE8
0x10A70E00,0x00000004,data,data_10A70E00
0x10A70E04,0x0000000B,data,data_10A70E04
0x10A70E0F,0x00000009,data,data_10A70E0F
0x10A70E18,0x00000004,data,data_10A70E18
0x10A70E1C,0x00000005,data,data_10A70E1C
0x10A70E21,0x0000000F,data,data_10A70E21
0x10A70E30,0x00000004,data,data_10A70E30
0x10A70E34,0x00000003,data,data_10A70E34
0x10A70E37,0x00000011,data,data_10A70E37
0x10A70E48,0x00000004,data,data_10A70E48
0x10A70E4C,0x00000003,data,data_10A70E4C
0x10A70E4F,0x00000011,data,data_10A70E4F
0x10A70E60,0x00000004,data,data_10A70E60
0x10A70E64,0x0000000F,data,data_10A70E64
0x10A70E73,0x00000005,data,data_10A70E73
0x10A70E78,0x00000001,data,data_10A70E78
0x10A70E79,0x00000003,data,data_10A70E79
0x10A70E7C,0x00000014,data,data_10A70E7C
0x10A70E90,0x00000004,data,data_10A70E90
0x10A70E94,0x00000003,data,data_10A70E94
0x10A70E97,0x00000011,data,data_10A70E97
0x10A70EA8,0x00000004,data,data_10A70EA8
0x10A70EAC,0x0000000D,data,data_10A70EAC
0x10A70EB9,0x00000007,data,data_10A70EB9
0x10A70EC0,0x00000004,data,data_10A70EC0
0x10A70EC4,0x00000007,data,data_10A70EC4
0x10A70ECB,0x0000000D,data,data_10A70ECB
0x10A70ED8,0x00000004,data,data_10A70ED8
0x10A70EDC,0x00000003,data,data_10A70EDC
0x10A70EDF,0x00000011,data,data_10A70EDF
0x10A70EF0,0x00000004,data,data_10A70EF0
0x10A70EF4,0x00000003,data,data_10A70EF4
0x10A70EF7,0x00000011,data,data_10A70EF7
0x10A70F08,0x00000004,data,data_10A70F08
0x10A70F0C,0x00000003,data,data_10A70F0C
0x10A70F0F,0x00000011,data,data_10A70F0F
0x10A70F20,0x00000004,data,data_10A70F20
0x10A70F24,0x0000000F,data,data_10A70F24
0x10A70F33,0x00000005,data,data_10A70F33
0x10A70F38,0x00000004,data,data_10A70F38
0x10A70F3C,0x00000014,data,data_10A70F3C
0x10A70F50,0x00000004,data,data_10A70F50
0x10A70F54,0x0000000D,data,data_10A70F54
0x10A70F61,0x00000007,data,data_10A70F61
0x10A70F68,0x00000004,data,data_10A70F68
0x10A70F6C,0x00000007,data,data_10A70F6C
0x10A70F73,0x0000000D,data,data_10A70F73
0x10A70F80,0x00000004,data,data_10A70F80
0x10A70F84,0x00000005,data,data_10A70F84
0x10A70F89,0x0000000F,data,data_10A70F89
0x10A70F98,0x00000004,data,data_10A70F98
0x10A70F9C,0x00000003,data,data_10A70F9C
0x10A70F9F,0x00000011,data,data_10A70F9F
0x10A70FB0,0x00000004,data,data_10A70FB0
0x10A70FB4,0x00000005,data,data_10A70FB4
0x10A70FB9,0x0000000F,data,data_10A70FB9
0x10A70FC8,0x00000004,data,data_10A70FC8
0x10A70FCC,0x00000003,data,data_10A70FCC
0x10A70FCF,0x00000011,data,data_10A70FCF
0x10A70FE0,0x00000004,data,data_10A70FE0
0x10A70FE4,0x00000009,data,data_10A70FE4
0x10A70FED,0x0000000B,data,data_10A70FED
0x10A70FF8,0x00000004,data,data_10A70FF8
0x10A70FFC,0x00000009,data,data_10A70FFC
0x10A71005,0x0000000B,data,data_10A71005
0x10A71010,0x00000004,data,data_10A71010
0x10A71014,0x00000009,data,data_10A71014
0x10A7101D,0x0000000B,data,data_10A7101D
0x10A71028,0x00000004,data,data_10A71028
0x10A7102C,0x00000009,data,data_10A7102C
0x10A71035,0x0000000B,data,data_10A71035
0x10A71040,0x00000004,data,data_10A71040
0x10A71044,0x00000009,data,data_10A71044
0x10A7104D,0x0000000B,data,data_10A7104D
0x10A71058,0x00000004,data,data_10A71058
0x10A7105C,0x00000009,data,data_10A7105C
0x10A71065,0x0000000B,data,data_10A71065
0x10A71070,0x00000004,data,data_10A71070
0x10A71074,0x00000009,data,data_10A71074
0x10A7107D,0x0000000B,data,data_10A7107D
0x10A71088,0x00000004,data,data_10A71088
0x10A7108C,0x00000009,data,data_10A7108C
0x10A71095,0x0000000B,data,data_10A71095
0x10A710A0,0x00000004,data,data_10A710A0
0x10A710A4,0x00000009,data,data_10A710A4
0x10A710AD,0x0000000B,data,data_10A710AD
0x10A710B8,0x00000004,data,data_10A710B8
0x10A710BC,0x00000009,data,data_10A710BC
0x10A710C5,0x0000000B,data,data_10A710C5
0x10A710D0,0x00000004,data,data_10A710D0
0x10A710D4,0x00000007,data,data_10A710D4
0x10A710DB,0x0000000D,data,data_10A710DB
0x10A710E8,0x00000004,data,data_10A710E8
0x10A710EC,0x00000003,data,data_10A710EC
0x10A710EF,0x00000011,data,data_10A710EF
0x10A71100,0x00000004,data,data_10A71100
0x10A71104,0x00000003,data,data_10A71104
0x10A71107,0x00000011,data,data_10A71107
0x10A71118,0x00000004,data,data_10A71118
0x10A7111C,0x00000003,data,data_10A7111C
0x10A7111F,0x00000011,data,data_10A7111F
0x10A71130,0x00000004,data,data_10A71130
0x10A71134,0x00000005,data,data_10A71134
0x10A71139,0x0000000F,data,data_10A71139
0x10A71148,0x00000004,data,data_10A71148
0x10A7114C,0x00000005,data,data_10A7114C
0x10A71151,0x0000000F,data,data_10A71151
0x10A71160,0x00000004,data,data_10A71160
0x10A71164,0x00000003,data,data_10A71164
0x10A71167,0x00000011,data,data_10A71167
0x10A71178,0x00000004,data,data_10A71178
0x10A7117C,0x00000007,data,data_10A7117C
0x10A71183,0x0000000D,data,data_10A71183
0x10A71190,0x00000004,data,data_10A71190
0x10A71194,0x00000007,data,data_10A71194
0x10A7119B,0x0000000D,data,data_10A7119B
0x10A711A8,0x00000004,data,data_10A711A8
0x10A711AC,0x00000007,data,data_10A711AC
0x10A711B3,0x0000000D,data,data_10A711B3
0x10A711C0,0x00000004,data,data_10A711C0
0x10A711C4,0x00000007,data,data_10A711C4
0x10A711CB,0x0000000D,data,data_10A711CB
0x10A711D8,0x00000004,data,data_10A711D8
0x10A711DC,0x00000007,data,data_10A711DC
0x10A711E3,0x0000000D,data,data_10A711E3
0x10A711F0,0x00000004,data,data_10A711F0
0x10A711F4,0x00000007,data,data_10A711F4
0x10A711FB,0x0000000D,data,data_10A711FB
0x10A71208,0x00000004,data,data_10A71208
0x10A7120C,0x00000007,data,data_10A7120C
0x10A71213,0x0000000D,data,data_10A71213
0x10A71220,0x00000004,data,data_10A71220
0x10A71224,0x00000007,data,data_10A71224
0x10A7122B,0x0000000D,data,data_10A7122B
0x10A71238,0x00000004,data,data_10A71238
0x10A7123C,0x00000007,data,data_10A7123C
0x10A71243,0x0000000D,data,data_10A71243
0x10A71250,0x00000004,data,data_10A71250
0x10A71254,0x00000007,data,data_10A71254
0x10A7125B,0x0000000D,data,data_10A7125B
0x10A71268,0x00000004,data,data_10A71268
0x10A7126C,0x00000007,data,data_10A7126C
0x10A71273,0x0000000D,data,data_10A71273
0x10A71280,0x00000004,data,data_10A71280
0x10A71284,0x00000007,data,data_10A71284
0x10A7128B,0x0000000D,data,data_10A7128B
0x10A71298,0x00000001,data,data_10A71298
0x10A71299,0x00000003,data,data_10A71299
0x10A7129C,0x00000007,data,data_10A7129C
0x10A712A3,0x0000000D,data,data_10A712A3
0x10A712B0,0x00000004,data,data_10A712B0
0x10A712B4,0x00000007,data,data_10A712B4
0x10A712BB,0x0000000D,data,data_10A712BB
0x10A712C8,0x00000004,data,data_10A712C8
0x10A712CC,0x00000007,data,data_10A712CC
0x10A712D3,0x0000000D,data,data_10A712D3
0x10A712E0,0x00000004,data,data_10A712E0
0x10A712E4,0x00000007,data,data_10A712E4
0x10A712EB,0x0000000D,data,data_10A712EB
0x10A712F8,0x00000004,data,data_10A712F8
0x10A712FC,0x00000007,data,data_10A712FC
0x10A71303,0x0000000D,data,data_10A71303
0x10A71310,0x00000004,data,data_10A71310
0x10A71314,0x00000007,data,data_10A71314
0x10A7131B,0x0000000D,data,data_10A7131B
0x10A71328,0x00000004,data,data_10A71328
0x10A7132C,0x00000007,data,data_10A7132C
0x10A71333,0x0000000D,data,data_10A71333
0x10A71340,0x00000004,data,data_10A71340
0x10A71344,0x00000007,data,data_10A71344
0x10A7134B,0x0000000D,data,data_10A7134B
0x10A71358,0x00000004,data,data_10A71358
0x10A7135C,0x00000007,data,data_10A7135C
0x10A71363,0x0000000D,data,data_10A71363
0x10A71370,0x00000004,data,data_10A71370
0x10A71374,0x00000007,data,data_10A71374
0x10A7137B,0x0000000D,data,data_10A7137B
0x10A71388,0x00000004,data,data_10A71388
0x10A7138C,0x00000007,data,data_10A7138C
0x10A71393,0x0000000D,data,data_10A71393
0x10A713A0,0x00000004,data,data_10A713A0
0x10A713A4,0x00000007,data,data_10A713A4
0x10A713AB,0x0000000D,data,data_10A713AB
0x10A713B8,0x00000004,data,data_10A713B8
0x10A713BC,0x00000007,data,data_10A713BC
0x10A713C3,0x0000000D,data,data_10A713C3
0x10A713D0,0x00000004,data,data_10A713D0
0x10A713D4,0x00000007,data,data_10A713D4
0x10A713DB,0x0000000D,data,data_10A713DB
0x10A713E8,0x00000004,data,data_10A713E8
0x10A713EC,0x00000007,data,data_10A713EC
0x10A713F3,0x0000000D,data,data_10A713F3
0x10A71400,0x00000004,data,data_10A71400
0x10A71404,0x00000007,data,data_10A71404
0x10A7140B,0x0000000D,data,data_10A7140B
0x10A71418,0x00000004,data,data_10A71418
0x10A7141C,0x00000007,data,data_10A7141C
0x10A71423,0x0000000D,data,data_10A71423
0x10A71430,0x00000004,data,data_10A71430
0x10A71434,0x00000007,data,data_10A71434
0x10A7143B,0x0000000D,data,data_10A7143B
0x10A71448,0x00000004,data,data_10A71448
0x10A7144C,0x00000007,data,data_10A7144C
0x10A71453,0x0000000D,data,data_10A71453
0x10A71460,0x00000004,data,data_10A71460
0x10A71464,0x00000007,data,data_10A71464
0x10A7146B,0x0000000D,data,data_10A7146B
0x10A71478,0x00000004,data,data_10A71478
0x10A7147C,0x00000007,data,data_10A7147C
0x10A71483,0x0000000D,data,data_10A71483
0x10A71490,0x00000004,data,data_10A71490
0x10A71494,0x00000007,data,data_10A71494
0x10A7149B,0x0000000D,data,data_10A7149B
0x10A714A8,0x00000001,data,data_10A714A8
0x10A714A9,0x00000003,data,data_10A714A9
0x10A714AC,0x00000007,data,data_10A714AC
0x10A714B3,0x0000000D,data,data_10A714B3
0x10A714C0,0x00000004,data,data_10A714C0
0x10A714C4,0x00000007,data,data_10A714C4
0x10A714CB,0x0000000D,data,data_10A714CB
0x10A714D8,0x00000004,data,data_10A714D8
0x10A714DC,0x00000007,data,data_10A714DC
0x10A714E3,0x0000000D,data,data_10A714E3
0x10A714F0,0x00000004,data,data_10A714F0
0x10A714F4,0x00000007,data,data_10A714F4
0x10A714FB,0x0000000D,data,data_10A714FB
0x10A71508,0x00000004,data,data_10A71508
0x10A7150C,0x00000007,data,data_10A7150C
0x10A71513,0x0000000D,data,data_10A71513
0x10A71520,0x00000004,data,data_10A71520
0x10A71524,0x00000007,data,data_10A71524
0x10A7152B,0x0000000D,data,data_10A7152B
0x10A71538,0x00000004,data,data_10A71538
0x10A7153C,0x00000007,data,data_10A7153C
0x10A71543,0x0000000D,data,data_10A71543
0x10A71550,0x00000004,data,data_10A71550
0x10A71554,0x00000007,data,data_10A71554
0x10A7155B,0x0000000D,data,data_10A7155B
0x10A71568,0x00000004,data,data_10A71568
0x10A7156C,0x00000007,data,data_10A7156C
0x10A71573,0x0000000D,data,data_10A71573
0x10A71580,0x00000004,data,data_10A71580
0x10A71584,0x00000007,data,data_10A71584
0x10A7158B,0x0000000D,data,data_10A7158B
0x10A71598,0x00000004,data,data_10A71598
0x10A7159C,0x00000007,data,data_10A7159C
0x10A715A3,0x0000000D,data,data_10A715A3
0x10A715B0,0x00000004,data,data_10A715B0
0x10A715B4,0x00000007,data,data_10A715B4
0x10A715BB,0x0000000D,data,data_10A715BB
0x10A715C8,0x00000004,data,data_10A715C8
0x10A715CC,0x00000007,data,data_10A715CC
0x10A715D3,0x0000000D,data,data_10A715D3
0x10A715E0,0x00000004,data,data_10A715E0
0x10A715E4,0x00000007,data,data_10A715E4
0x10A715EB,0x0000000D,data,data_10A715EB
0x10A715F8,0x00000004,data,data_10A715F8
0x10A715FC,0x00000007,data,data_10A715FC
0x10A71603,0x0000000D,data,data_10A71603
0x10A71610,0x00000004,data,data_10A71610
0x10A71614,0x00000007,data,data_10A71614
0x10A7161B,0x0000000D,data,data_10A7161B
0x10A71628,0x00000004,data,data_10A71628
0x10A7162C,0x00000007,data,data_10A7162C
0x10A71633,0x0000000D,data,data_10A71633
0x10A71640,0x00000004,data,data_10A71640
0x10A71644,0x00000007,data,data_10A71644
0x10A7164B,0x0000000D,data,data_10A7164B
0x10A71658,0x00000004,data,data_10A71658
0x10A7165C,0x00000007,data,data_10A7165C
0x10A71663,0x0000000D,data,data_10A71663
0x10A71670,0x00000004,data,data_10A71670
0x10A71674,0x00000008,data,data_10A71674
0x10A7167C,0x00000004,data,data_10A7167C
0x10A71680,0x00000100,data,data_10A71680
0x10A71780,0x00000100,data,data_10A71780
0x10A71880,0x00000100,data,data_10A71880
0x10A71980,0x00000100,data,data_10A71980
0x10A71A80,0x00000100,data,data_10A71A80
0x10A71B80,0x00000100,data,data_10A71B80
0x10A71C80,0x00000100,data,data_10A71C80
0x10A71D80,0x00000100,data,data_10A71D80
0x10A71E80,0x00000100,data,data_10A71E80
0x10A71F80,0x00000100,data,data_10A71F80
0x10A72080,0x00000100,data,data_10A72080
0x10A72180,0x00000100,data,data_10A72180
0x10A72280,0x00000100,data,data_10A72280
0x10A72380,0x00000100,data,data_10A72380
0x10A72480,0x00000100,data,data_10A72480
0x10A72580,0x00000100,data,data_10A72580
0x10A72680,0x00000100,data,data_10A72680
0x10A72780,0x00000100,data,data_10A72780
0x10A72880,0x00000100,data,data_10A72880
0x10A72980,0x00000100,data,data_10A72980
0x10A72A80,0x00000100,data,data_10A72A80
0x10A72B80,0x00000100,data,data_10A72B80
0x10A72C80,0x00000100,data,data_10A72C80
0x10A72D80,0x00000100,data,data_10A72D80
0x10A72E80,0x00000100,data,data_10A72E80
0x10A72F80,0x00000100,data,data_10A72F80
0x10A73080,0x00000100,data,data_10A73080
0x10A73180,0x00000100,data,data_10A73180
0x10A73280,0x00000100,data,data_10A73280
0x10A73380,0x00000100,data,data_10A73380
0x10A73480,0x00000100,data,data_10A73480
0x10A73580,0x00000100,data,data_10A73580
0x10A73680,0x00000100,data,data_10A73680
0x10A73780,0x00000100,data,data_10A73780
0x10A73880,0x00000100,data,data_10A73880
0x10A73980,0x00000100,data,data_10A73980
0x10A73A80,0x00000100,data,data_10A73A80
0x10A73B80,0x00000100,data,data_10A73B80
0x10A73C80,0x00000100,data,data_10A73C80
0x10A73D80,0x00000100,data,data_10A73D80
0x10A73E80,0x00000100,data,data_10A73E80
0x10A73F80,0x00000100,data,data_10A73F80
0x10A74080,0x00000100,data,data_10A74080
0x10A74180,0x00000100,data,data_10A74180
0x10A74280,0x00000100,data,data_10A74280
0x10A74380,0x00000100,data,data_10A74380
0x10A74480,0x00000100,data,data_10A74480
0x10A74580,0x00000100,data,data_10A74580
0x10A74680,0x00000100,data,data_10A74680
0x10A74780,0x00000100,data,data_10A74780
0x10A74880,0x00000100,data,data_10A74880
0x10A74980,0x00000100,data,data_10A74980
0x10A74A80,0x00000100,data,data_10A74A80
0x10A74B80,0x00000100,data,data_10A74B80
0x10A74C80,0x00000100,data,data_10A74C80
0x10A74D80,0x00000100,data,data_10A74D80
0x10A74E80,0x00000100,data,data_10A74E80
0x10A74F80,0x00000100,data,data_10A74F80
0x10A75080,0x00000100,data,data_10A75080
0x10A75180,0x00000100,data,data_10A75180
0x10A75280,0x00000100,data,data_10A75280
0x10A75380,0x00000100,data,data_10A75380
0x10A75480,0x00000100,data,data_10A75480
0x10A75580,0x00000100,data,data_10A75580
0x10A75680,0x00000100,data,data_10A75680
0x10A75780,0x00000100,data,data_10A75780
0x10A75880,0x00000100,data,data_10A75880
0x10A75980,0x00000100,data,data_10A75980
0x10A75A80,0x00000100,data,data_10A75A80
0x10A75B80,0x00000100,data,data_10A75B80
0x10A75C80,0x00000100,data,data_10A75C80
0x10A75D80,0x00000100,data,data_10A75D80
0x10A75E80,0x00000100,data,data_10A75E80
0x10A75F80,0x00000100,data,data_10A75F80
0x10A76080,0x00000100,data,data_10A76080
0x10A76180,0x00000100,data,data_10A76180
0x10A76280,0x00000100,data,data_10A76280
0x10A76380,0x00000100,data,data_10A76380
0x10A76480,0x00000100,data,data_10A76480
0x10A76580,0x00000100,data,data_10A76580
0x10A76680,0x00000100,data,data_10A76680
0x10A76780,0x00000100,data,data_10A76780
0x10A76880,0x00000100,data,data_10A76880
0x10A76980,0x00000100,data,data_10A76980
0x10A76A80,0x00000100,data,data_10A76A80
0x10A76B80,0x00000100,data,data_10A76B80
0x10A76C80,0x00000100,data,data_10A76C80
0x10A76D80,0x00000100,data,data_10A76D80
0x10A76E80,0x00000100,data,data_10A76E80
0x10A76F80,0x00000100,data,data_10A76F80
0x10A77080,0x00000100,data,data_10A77080
0x10A77180,0x00000100,data,data_10A77180
0x10A77280,0x00000100,data,data_10A77280
0x10A77380,0x00000100,data,data_10A77380
0x10A77480,0x00000100,data,data_10A77480
0x10A77580,0x00000100,data,data_10A77580
0x10A77680,0x00000100,data,data_10A77680
0x10A77780,0x00000100,data,data_10A77780
0x10A77880,0x00000100,data,data_10A77880
0x10A77980,0x00000100,data,data_10A77980
0x10A77A80,0x00000100,data,data_10A77A80
0x10A77B80,0x00000100,data,data_10A77B80
0x10A77C80,0x00000100,data,data_10A77C80
0x10A77D80,0x00000100,data,data_10A77D80
0x10A77E80,0x00000100,data,data_10A77E80
0x10A77F80,0x00000100,data,data_10A77F80
0x10A78080,0x00000100,data,data_10A78080
0x10A78180,0x00000100,data,data_10A78180
0x10A78280,0x00000100,data,data_10A78280
0x10A78380,0x00000100,data,data_10A78380
0x10A78480,0x00000100,data,data_10A78480
0x10A78580,0x00000100,data,data_10A78580
0x10A78680,0x00000100,data,data_10A78680
0x10A78780,0x00000100,data,data_10A78780
0x10A78880,0x00000100,data,data_10A78880
0x10A78980,0x00000100,data,data_10A78980
0x10A78A80,0x00000100,data,data_10A78A80
0x10A78B80,0x00000100,data,data_10A78B80
0x10A78C80,0x00000100,data,data_10A78C80
0x10A78D80,0x00000100,data,data_10A78D80
0x10A78E80,0x00000100,data,data_10A78E80
0x10A78F80,0x00000100,data,data_10A78F80
0x10A79080,0x00000100,data,data_10A79080
0x10A79180,0x00000100,data,data_10A79180
0x10A79280,0x00000100,data,data_10A79280
0x10A79380,0x00000100,data,data_10A79380
0x10A79480,0x00000100,data,data_10A79480
0x10A79580,0x00000100,data,data_10A79580
0x10A79680,0x00000100,data,data_10A79680
0x10A79780,0x00000100,data,data_10A79780
0x10A79880,0x00000100,data,data_10A79880
0x10A79980,0x00000100,data,data_10A79980
0x10A79A80,0x00000100,data,data_10A79A80
0x10A79B80,0x00000100,data,data_10A79B80
0x10A79C80,0x00000100,data,data_10A79C80
0x10A79D80,0x00000100,data,data_10A79D80
0x10A79E80,0x00000100,data,data_10A79E80
0x10A79F80,0x00000100,data,data_10A79F80
0x10A7A080,0x00000100,data,data_10A7A080
0x10A7A180,0x00000100,data,data_10A7A180
0x10A7A280,0x00000100,data,data_10A7A280
0x10A7A380,0x00000100,data,data_10A7A380
0x10A7A480,0x00000100,data,data_10A7A480
0x10A7A580,0x00000100,data,data_10A7A580
0x10A7A680,0x00000100,data,data_10A7A680
0x10A7A780,0x00000100,data,data_10A7A780
0x10A7A880,0x00000100,data,data_10A7A880
0x10A7A980,0x00000100,data,data_10A7A980
0x10A7AA80,0x00000100,data,data_10A7AA80
0x10A7AB80,0x00000100,data,data_10A7AB80
0x10A7AC80,0x00000100,data,data_10A7AC80
0x10A7AD80,0x00000100,data,data_10A7AD80
0x10A7AE80,0x00000100,data,data_10A7AE80
0x10A7AF80,0x00000100,data,data_10A7AF80
0x10A7B080,0x00000100,data,data_10A7B080
0x10A7B180,0x00000100,data,data_10A7B180
0x10A7B280,0x00000100,data,data_10A7B280
0x10A7B380,0x00000100,data,data_10A7B380
0x10A7B480,0x00000100,data,data_10A7B480
0x10A7B580,0x00000100,data,data_10A7B580
0x10A7B680,0x00000100,data,data_10A7B680
0x10A7B780,0x00000100,data,data_10A7B780
0x10A7B880,0x00000100,data,data_10A7B880
0x10A7B980,0x00000100,data,data_10A7B980
0x10A7BA80,0x00000100,data,data_10A7BA80
0x10A7BB80,0x00000100,data,data_10A7BB80
0x10A7BC80,0x00000100,data,data_10A7BC80
0x10A7BD80,0x00000100,data,data_10A7BD80
0x10A7BE80,0x00000100,data,data_10A7BE80
0x10A7BF80,0x00000100,data,data_10A7BF80
0x10A7C080,0x00000100,data,data_10A7C080
0x10A7C180,0x00000100,data,data_10A7C180
0x10A7C280,0x00000100,data,data_10A7C280
0x10A7C380,0x00000100,data,data_10A7C380
0x10A7C480,0x00000100,data,data_10A7C480
0x10A7C580,0x00000100,data,data_10A7C580
0x10A7C680,0x00000100,data,data_10A7C680
0x10A7C780,0x00000100,data,data_10A7C780
0x10A7C880,0x00000100,data,data_10A7C880
0x10A7C980,0x00000100,data,data_10A7C980
0x10A7CA80,0x00000100,data,data_10A7CA80
0x10A7CB80,0x00000100,data,data_10A7CB80
0x10A7CC80,0x00000100,data,data_10A7CC80
0x10A7CD80,0x00000100,data,data_10A7CD80
0x10A7CE80,0x00000100,data,data_10A7CE80
0x10A7CF80,0x00000100,data,data_10A7CF80
0x10A7D080,0x00000100,data,data_10A7D080
0x10A7D180,0x00000100,data,data_10A7D180
0x10A7D280,0x00000100,data,data_10A7D280
0x10A7D380,0x00000100,data,data_10A7D380
0x10A7D480,0x00000100,data,data_10A7D480
0x10A7D580,0x00000100,data,data_10A7D580
0x10A7D680,0x00000100,data,data_10A7D680
0x10A7D780,0x00000100,data,data_10A7D780
0x10A7D880,0x00000100,data,data_10A7D880
0x10A7D980,0x00000100,data,data_10A7D980
0x10A7DA80,0x00000100,data,data_10A7DA80
0x10A7DB80,0x00000100,data,data_10A7DB80
0x10A7DC80,0x00000100,data,data_10A7DC80
0x10A7DD80,0x00000100,data,data_10A7DD80
0x10A7DE80,0x00000100,data,data_10A7DE80
0x10A7DF80,0x00000100,data,data_10A7DF80
0x10A7E080,0x00000100,data,data_10A7E080
0x10A7E180,0x00000100,data,data_10A7E180
0x10A7E280,0x00000100,data,data_10A7E280
0x10A7E380,0x00000100,data,data_10A7E380
0x10A7E480,0x00000100,data,data_10A7E480
0x10A7E580,0x00000100,data,data_10A7E580
0x10A7E680,0x00000100,data,data_10A7E680
0x10A7E780,0x00000100,data,data_10A7E780
0x10A7E880,0x00000100,data,data_10A7E880
0x10A7E980,0x00000100,data,data_10A7E980
0x10A7EA80,0x00000100,data,data_10A7EA80
0x10A7EB80,0x00000100,data,data_10A7EB80
0x10A7EC80,0x00000100,data,data_10A7EC80
0x10A7ED80,0x00000100,data,data_10A7ED80
0x10A7EE80,0x00000100,data,data_10A7EE80
0x10A7EF80,0x00000100,data,data_10A7EF80
0x10A7F080,0x00000100,data,data_10A7F080
0x10A7F180,0x00000100,data,data_10A7F180
0x10A7F280,0x00000100,data,data_10A7F280
0x10A7F380,0x00000100,data,data_10A7F380
0x10A7F480,0x00000100,data,data_10A7F480
0x10A7F580,0x00000100,data,data_10A7F580
0x10A7F680,0x00000100,data,data_10A7F680
0x10A7F780,0x00000100,data,data_10A7F780
0x10A7F880,0x00000100,data,data_10A7F880
0x10A7F980,0x00000100,data,data_10A7F980
0x10A7FA80,0x00000100,data,data_10A7FA80
0x10A7FB80,0x00000100,data,data_10A7FB80
0x10A7FC80,0x00000100,data,data_10A7FC80
0x10A7FD80,0x00000100,data,data_10A7FD80
0x10A7FE80,0x00000100,data,data_10A7FE80
0x10A7FF80,0x00000100,data,data_10A7FF80
0x10A80080,0x00000100,data,data_10A80080
0x10A80180,0x00000100,data,data_10A80180
0x10A80280,0x00000100,data,data_10A80280
0x10A80380,0x00000100,data,data_10A80380
0x10A80480,0x00000100,data,data_10A80480
0x10A80580,0x00000100,data,data_10A80580
0x10A80680,0x00000100,data,data_10A80680
0x10A80780,0x00000100,data,data_10A80780
0x10A80880,0x00000100,data,data_10A80880
0x10A80980,0x00000100,data,data_10A80980
0x10A80A80,0x00000100,data,data_10A80A80
0x10A80B80,0x00000100,data,data_10A80B80
0x10A80C80,0x00000100,data,data_10A80C80
0x10A80D80,0x00000100,data,data_10A80D80
0x10A80E80,0x00000100,data,data_10A80E80
0x10A80F80,0x00000100,data,data_10A80F80
0x10A81080,0x00000100,data,data_10A81080
0x10A81180,0x00000100,data,data_10A81180
0x10A81280,0x00000100,data,data_10A81280
0x10A81380,0x00000100,data,data_10A81380
0x10A81480,0x00000100,data,data_10A81480
0x10A81580,0x00000100,data,data_10A81580
0x10A81680,0x00000100,data,data_10A81680
0x10A81780,0x00000100,data,data_10A81780
0x10A81880,0x00000100,data,data_10A81880
0x10A81980,0x00000100,data,data_10A81980
0x10A81A80,0x00000100,data,data_10A81A80
0x10A81B80,0x00000100,data,data_10A81B80
0x10A81C80,0x00000100,data,data_10A81C80
0x10A81D80,0x00000100,data,data_10A81D80
0x10A81E80,0x00000100,data,data_10A81E80
0x10A81F80,0x00000100,data,data_10A81F80
0x10A82080,0x00000100,data,data_10A82080
0x10A82180,0x00000100,data,data_10A82180
0x10A82280,0x00000100,data,data_10A82280
0x10A82380,0x00000100,data,data_10A82380
0x10A82480,0x00000100,data,data_10A82480
0x10A82580,0x00000100,data,data_10A82580
0x10A82680,0x00000100,data,data_10A82680
0x10A82780,0x00000100,data,data_10A82780
0x10A82880,0x00000100,data,data_10A82880
0x10A82980,0x00000100,data,data_10A82980
0x10A82A80,0x00000100,data,data_10A82A80
0x10A82B80,0x00000100,data,data_10A82B80
0x10A82C80,0x00000100,data,data_10A82C80
0x10A82D80,0x00000100,data,data_10A82D80
0x10A82E80,0x00000100,data,data_10A82E80
0x10A82F80,0x00000100,data,data_10A82F80
0x10A83080,0x00000100,data,data_10A83080
0x10A83180,0x00000100,data,data_10A83180
0x10A83280,0x00000100,data,data_10A83280
0x10A83380,0x00000100,data,data_10A83380
0x10A83480,0x00000100,data,data_10A83480
0x10A83580,0x00000100,data,data_10A83580
0x10A83680,0x00000100,data,data_10A83680
0x10A83780,0x00000100,data,data_10A83780
0x10A83880,0x00000100,data,data_10A83880
0x10A83980,0x00000100,data,data_10A83980
0x10A83A80,0x00000100,data,data_10A83A80
0x10A83B80,0x00000100,data,data_10A83B80
0x10A83C80,0x00000100,data,data_10A83C80
0x10A83D80,0x00000100,data,data_10A83D80
0x10A83E80,0x00000100,data,data_10A83E80
0x10A83F80,0x00000100,data,data_10A83F80
0x10A84080,0x00000100,data,data_10A84080
0x10A84180,0x00000100,data,data_10A84180
0x10A84280,0x00000100,data,data_10A84280
0x10A84380,0x00000100,data,data_10A84380
0x10A84480,0x00000100,data,data_10A84480
0x10A84580,0x00000100,data,data_10A84580
0x10A84680,0x00000100,data,data_10A84680
0x10A84780,0x00000100,data,data_10A84780
0x10A84880,0x00000100,data,data_10A84880
0x10A84980,0x00000100,data,data_10A84980
0x10A84A80,0x00000100,data,data_10A84A80
0x10A84B80,0x00000100,data,data_10A84B80
0x10A84C80,0x00000100,data,data_10A84C80
0x10A84D80,0x00000100,data,data_10A84D80
0x10A84E80,0x00000100,data,data_10A84E80
0x10A84F80,0x00000100,data,data_10A84F80
0x10A85080,0x00000100,data,data_10A85080
0x10A85180,0x00000100,data,data_10A85180
0x10A85280,0x00000100,data,data_10A85280
0x10A85380,0x00000100,data,data_10A85380
0x10A85480,0x00000100,data,data_10A85480
0x10A85580,0x00000100,data,data_10A85580
0x10A85680,0x00000100,data,data_10A85680
0x10A85780,0x00000100,data,data_10A85780
0x10A85880,0x00000100,data,data_10A85880
0x10A85980,0x00000100,data,data_10A85980
0x10A85A80,0x00000100,data,data_10A85A80
0x10A85B80,0x00000100,data,data_10A85B80
0x10A85C80,0x00000100,data,data_10A85C80
0x10A85D80,0x00000100,data,data_10A85D80
0x10A85E80,0x00000100,data,data_10A85E80
0x10A85F80,0x00000100,data,data_10A85F80
0x10A86080,0x00000100,data,data_10A86080
0x10A86180,0x00000100,data,data_10A86180
0x10A86280,0x00000100,data,data_10A86280
0x10A86380,0x00000100,data,data_10A86380
0x10A86480,0x00000100,data,data_10A86480
0x10A86580,0x00000100,data,data_10A86580
0x10A86680,0x00000100,data,data_10A86680
0x10A86780,0x00000100,data,data_10A86780
0x10A86880,0x00000100,data,data_10A86880
0x10A86980,0x00000100,data,data_10A86980
0x10A86A80,0x00000100,data,data_10A86A80
0x10A86B80,0x00000100,data,data_10A86B80
0x10A86C80,0x00000100,data,data_10A86C80
0x10A86D80,0x00000100,data,data_10A86D80
0x10A86E80,0x00000100,data,data_10A86E80
0x10A86F80,0x00000100,data,data_10A86F80
0x10A87080,0x00000100,data,data_10A87080
0x10A87180,0x00000100,data,data_10A87180
0x10A87280,0x00000100,data,data_10A87280
0x10A87380,0x00000100,data,data_10A87380
0x10A87480,0x00000100,data,data_10A87480
0x10A87580,0x00000100,data,data_10A87580
0x10A87680,0x00000100,data,data_10A87680
0x10A87780,0x00000100,data,data_10A87780
0x10A87880,0x00000100,data,data_10A87880
0x10A87980,0x00000100,data,data_10A87980
0x10A87A80,0x00000100,data,data_10A87A80
0x10A87B80,0x00000100,data,data_10A87B80
0x10A87C80,0x00000100,data,data_10A87C80
0x10A87D80,0x00000100,data,data_10A87D80
0x10A87E80,0x00000100,data,data_10A87E80
0x10A87F80,0x00000100,data,data_10A87F80
0x10A88080,0x00000100,data,data_10A88080
0x10A88180,0x00000100,data,data_10A88180
0x10A88280,0x00000100,data,data_10A88280
0x10A88380,0x00000100,data,data_10A88380
0x10A88480,0x00000100,data,data_10A88480
0x10A88580,0x00000100,data,data_10A88580
0x10A88680,0x00000100,data,data_10A88680
0x10A88780,0x00000100,data,data_10A88780
0x10A88880,0x00000100,data,data_10A88880
0x10A88980,0x00000100,data,data_10A88980
0x10A88A80,0x00000100,data,data_10A88A80
0x10A88B80,0x00000100,data,data_10A88B80
0x10A88C80,0x00000100,data,data_10A88C80
0x10A88D80,0x00000100,data,data_10A88D80
0x10A88E80,0x00000100,data,data_10A88E80
0x10A88F80,0x00000100,data,data_10A88F80
0x10A89080,0x00000100,data,data_10A89080
0x10A89180,0x00000100,data,data_10A89180
0x10A89280,0x00000100,data,data_10A89280
0x10A89380,0x00000100,data,data_10A89380
0x10A89480,0x00000100,data,data_10A89480
0x10A89580,0x00000100,data,data_10A89580
0x10A89680,0x00000100,data,data_10A89680
0x10A89780,0x00000100,data,data_10A89780
0x10A89880,0x00000100,data,data_10A89880
0x10A89980,0x00000100,data,data_10A89980
0x10A89A80,0x00000100,data,data_10A89A80
0x10A89B80,0x00000100,data,data_10A89B80
0x10A89C80,0x00000100,data,data_10A89C80
0x10A89D80,0x00000100,data,data_10A89D80
0x10A89E80,0x00000100,data,data_10A89E80
0x10A89F80,0x00000100,data,data_10A89F80
0x10A8A080,0x00000100,data,data_10A8A080
0x10A8A180,0x00000100,data,data_10A8A180
0x10A8A280,0x00000100,data,data_10A8A280
0x10A8A380,0x00000100,data,data_10A8A380
0x10A8A480,0x00000100,data,data_10A8A480
0x10A8A580,0x00000100,data,data_10A8A580
0x10A8A680,0x00000100,data,data_10A8A680
0x10A8A780,0x00000100,data,data_10A8A780
0x10A8A880,0x00000100,data,data_10A8A880
0x10A8A980,0x00000100,data,data_10A8A980
0x10A8AA80,0x00000100,data,data_10A8AA80
0x10A8AB80,0x00000100,data,data_10A8AB80
0x10A8AC80,0x00000100,data,data_10A8AC80
0x10A8AD80,0x00000100,data,data_10A8AD80
0x10A8AE80,0x00000100,data,data_10A8AE80
0x10A8AF80,0x00000100,data,data_10A8AF80
0x10A8B080,0x00000100,data,data_10A8B080
0x10A8B180,0x00000100,data,data_10A8B180
0x10A8B280,0x00000100,data,data_10A8B280
0x10A8B380,0x00000100,data,data_10A8B380
0x10A8B480,0x00000100,data,data_10A8B480
0x10A8B580,0x00000100,data,data_10A8B580
0x10A8B680,0x00000100,data,data_10A8B680
0x10A8B780,0x00000100,data,data_10A8B780
0x10A8B880,0x00000100,data,data_10A8B880
0x10A8B980,0x00000100,data,data_10A8B980
0x10A8BA80,0x00000100,data,data_10A8BA80
0x10A8BB80,0x00000100,data,data_10A8BB80
0x10A8BC80,0x00000100,data,data_10A8BC80
0x10A8BD80,0x00000100,data,data_10A8BD80
0x10A8BE80,0x00000100,data,data_10A8BE80
0x10A8BF80,0x00000100,data,data_10A8BF80
0x10A8C080,0x00000100,data,data_10A8C080
0x10A8C180,0x00000100,data,data_10A8C180
0x10A8C280,0x00000100,data,data_10A8C280
0x10A8C380,0x00000100,data,data_10A8C380
0x10A8C480,0x00000100,data,data_10A8C480
0x10A8C580,0x00000100,data,data_10A8C580
0x10A8C680,0x00000100,data,data_10A8C680
0x10A8C780,0x00000100,data,data_10A8C780
0x10A8C880,0x00000100,data,data_10A8C880
0x10A8C980,0x00000100,data,data_10A8C980
0x10A8CA80,0x00000100,data,data_10A8CA80
0x10A8CB80,0x00000100,data,data_10A8CB80
0x10A8CC80,0x00000100,data,data_10A8CC80
0x10A8CD80,0x00000100,data,data_10A8CD80
0x10A8CE80,0x00000100,data,data_10A8CE80
0x10A8CF80,0x00000100,data,data_10A8CF80
0x10A8D080,0x00000100,data,data_10A8D080
0x10A8D180,0x00000100,data,data_10A8D180
0x10A8D280,0x00000100,data,data_10A8D280
0x10A8D380,0x00000100,data,data_10A8D380
0x10A8D480,0x00000100,data,data_10A8D480
0x10A8D580,0x00000100,data,data_10A8D580
0x10A8D680,0x00000100,data,data_10A8D680
0x10A8D780,0x00000100,data,data_10A8D780
0x10A8D880,0x00000100,data,data_10A8D880
0x10A8D980,0x00000100,data,data_10A8D980
0x10A8DA80,0x00000100,data,data_10A8DA80
0x10A8DB80,0x00000100,data,data_10A8DB80
0x10A8DC80,0x00000100,data,data_10A8DC80
0x10A8DD80,0x00000100,data,data_10A8DD80
0x10A8DE80,0x00000100,data,data_10A8DE80
0x10A8DF80,0x00000100,data,data_10A8DF80
0x10A8E080,0x00000100,data,data_10A8E080
0x10A8E180,0x00000100,data,data_10A8E180
0x10A8E280,0x00000100,data,data_10A8E280
0x10A8E380,0x00000100,data,data_10A8E380
0x10A8E480,0x00000100,data,data_10A8E480
0x10A8E580,0x00000100,data,data_10A8E580
0x10A8E680,0x00000100,data,data_10A8E680
0x10A8E780,0x00000100,data,data_10A8E780
0x10A8E880,0x00000100,data,data_10A8E880
0x10A8E980,0x00000100,data,data_10A8E980
0x10A8EA80,0x00000100,data,data_10A8EA80
0x10A8EB80,0x00000100,data,data_10A8EB80
0x10A8EC80,0x00000100,data,data_10A8EC80
0x10A8ED80,0x00000100,data,data_10A8ED80
0x10A8EE80,0x00000100,data,data_10A8EE80
0x10A8EF80,0x00000100,data,data_10A8EF80
0x10A8F080,0x00000100,data,data_10A8F080
0x10A8F180,0x00000100,data,data_10A8F180
0x10A8F280,0x00000100,data,data_10A8F280
0x10A8F380,0x00000100,data,data_10A8F380
0x10A8F480,0x00000100,data,data_10A8F480
0x10A8F580,0x00000100,data,data_10A8F580
0x10A8F680,0x00000100,data,data_10A8F680
0x10A8F780,0x00000100,data,data_10A8F780
0x10A8F880,0x00000100,data,data_10A8F880
0x10A8F980,0x00000100,data,data_10A8F980
0x10A8FA80,0x00000100,data,data_10A8FA80
0x10A8FB80,0x00000100,data,data_10A8FB80
0x10A8FC80,0x00000100,data,data_10A8FC80
0x10A8FD80,0x00000100,data,data_10A8FD80
0x10A8FE80,0x00000100,data,data_10A8FE80
0x10A8FF80,0x00000100,data,data_10A8FF80
0x10A90080,0x00000100,data,data_10A90080
0x10A90180,0x00000100,data,data_10A90180
0x10A90280,0x00000100,data,data_10A90280
0x10A90380,0x00000100,data,data_10A90380
0x10A90480,0x00000100,data,data_10A90480
0x10A90580,0x00000100,data,data_10A90580
0x10A90680,0x00000100,data,data_10A90680
0x10A90780,0x00000100,data,data_10A90780
0x10A90880,0x00000100,data,data_10A90880
0x10A90980,0x00000100,data,data_10A90980
0x10A90A80,0x00000100,data,data_10A90A80
0x10A90B80,0x00000100,data,data_10A90B80
0x10A90C80,0x00000100,data,data_10A90C80
0x10A90D80,0x00000100,data,data_10A90D80
0x10A90E80,0x00000100,data,data_10A90E80
0x10A90F80,0x00000100,data,data_10A90F80
0x10A91080,0x00000100,data,data_10A91080
0x10A91180,0x00000100,data,data_10A91180
0x10A91280,0x00000100,data,data_10A91280
0x10A91380,0x00000100,data,data_10A91380
0x10A91480,0x00000100,data,data_10A91480
0x10A91580,0x00000100,data,data_10A91580
0x10A91680,0x00000100,data,data_10A91680
0x10A91780,0x00000100,data,data_10A91780
0x10A91880,0x00000100,data,data_10A91880
0x10A91980,0x00000100,data,data_10A91980
0x10A91A80,0x00000100,data,data_10A91A80
0x10A91B80,0x00000100,data,data_10A91B80
0x10A91C80,0x00000100,data,data_10A91C80
0x10A91D80,0x00000100,data,data_10A91D80
0x10A91E80,0x00000100,data,data_10A91E80
0x10A91F80,0x00000100,data,data_10A91F80
0x10A92080,0x00000100,data,data_10A92080
0x10A92180,0x00000100,data,data_10A92180
0x10A92280,0x00000100,data,data_10A92280
0x10A92380,0x00000100,data,data_10A92380
0x10A92480,0x00000100,data,data_10A92480
0x10A92580,0x00000100,data,data_10A92580
0x10A92680,0x00000100,data,data_10A92680
0x10A92780,0x00000100,data,data_10A92780
0x10A92880,0x00000100,data,data_10A92880
0x10A92980,0x00000100,data,data_10A92980
0x10A92A80,0x00000100,data,data_10A92A80
0x10A92B80,0x00000100,data,data_10A92B80
0x10A92C80,0x00000100,data,data_10A92C80
0x10A92D80,0x00000100,data,data_10A92D80
0x10A92E80,0x00000100,data,data_10A92E80
0x10A92F80,0x00000100,data,data_10A92F80
0x10A93080,0x00000100,data,data_10A93080
0x10A93180,0x00000100,data,data_10A93180
0x10A93280,0x00000100,data,data_10A93280
0x10A93380,0x00000100,data,data_10A93380
0x10A93480,0x00000100,data,data_10A93480
0x10A93580,0x00000100,data,data_10A93580
0x10A93680,0x00000100,data,data_10A93680
0x10A93780,0x00000100,data,data_10A93780
0x10A93880,0x00000100,data,data_10A93880
0x10A93980,0x00000100,data,data_10A93980
0x10A93A80,0x00000100,data,data_10A93A80
0x10A93B80,0x00000100,data,data_10A93B80
0x10A93C80,0x00000100,data,data_10A93C80
0x10A93D80,0x00000100,data,data_10A93D80
0x10A93E80,0x00000100,data,data_10A93E80
0x10A93F80,0x00000100,data,data_10A93F80
0x10A94080,0x00000100,data,data_10A94080
0x10A94180,0x00000100,data,data_10A94180
0x10A94280,0x00000100,data,data_10A94280
0x10A94380,0x00000100,data,data_10A94380
0x10A94480,0x00000100,data,data_10A94480
0x10A94580,0x00000100,data,data_10A94580
0x10A94680,0x00000100,data,data_10A94680
0x10A94780,0x00000100,data,data_10A94780
0x10A94880,0x00000100,data,data_10A94880
0x10A94980,0x00000100,data,data_10A94980
0x10A94A80,0x00000100,data,data_10A94A80
0x10A94B80,0x00000100,data,data_10A94B80
0x10A94C80,0x00000100,data,data_10A94C80
0x10A94D80,0x00000100,data,data_10A94D80
0x10A94E80,0x00000100,data,data_10A94E80
0x10A94F80,0x00000100,data,data_10A94F80
0x10A95080,0x00000100,data,data_10A95080
0x10A95180,0x00000100,data,data_10A95180
0x10A95280,0x00000100,data,data_10A95280
0x10A95380,0x00000100,data,data_10A95380
0x10A95480,0x00000100,data,data_10A95480
0x10A95580,0x00000100,data,data_10A95580
0x10A95680,0x00000100,data,data_10A95680
0x10A95780,0x00000100,data,data_10A95780
0x10A95880,0x00000100,data,data_10A95880
0x10A95980,0x00000100,data,data_10A95980
0x10A95A80,0x00000100,data,data_10A95A80
0x10A95B80,0x00000100,data,data_10A95B80
0x10A95C80,0x00000100,data,data_10A95C80
0x10A95D80,0x00000100,data,data_10A95D80
0x10A95E80,0x00000100,data,data_10A95E80
0x10A95F80,0x00000100,data,data_10A95F80
0x10A96080,0x00000100,data,data_10A96080
0x10A96180,0x00000100,data,data_10A96180
0x10A96280,0x00000100,data,data_10A96280
0x10A96380,0x00000100,data,data_10A96380
0x10A96480,0x00000100,data,data_10A96480
0x10A96580,0x00000100,data,data_10A96580
0x10A96680,0x00000100,data,data_10A96680
0x10A96780,0x00000100,data,data_10A96780
0x10A96880,0x00000100,data,data_10A96880
0x10A96980,0x00000100,data,data_10A96980
0x10A96A80,0x00000100,data,data_10A96A80
0x10A96B80,0x00000100,data,data_10A96B80
0x10A96C80,0x00000100,data,data_10A96C80
0x10A96D80,0x00000100,data,data_10A96D80
0x10A96E80,0x00000100,data,data_10A96E80
0x10A96F80,0x00000100,data,data_10A96F80
0x10A97080,0x00000100,data,data_10A97080
0x10A97180,0x00000100,data,data_10A97180
0x10A97280,0x00000100,data,data_10A97280
0x10A97380,0x00000100,data,data_10A97380
0x10A97480,0x00000100,data,data_10A97480
0x10A97580,0x00000100,data,data_10A97580
0x10A97680,0x00000100,data,data_10A97680
0x10A97780,0x00000100,data,data_10A97780
0x10A97880,0x00000100,data,data_10A97880
0x10A97980,0x00000100,data,data_10A97980
0x10A97A80,0x00000100,data,data_10A97A80
0x10A97B80,0x00000100,data,data_10A97B80
0x10A97C80,0x00000100,data,data_10A97C80
0x10A97D80,0x00000100,data,data_10A97D80
0x10A97E80,0x00000100,data,data_10A97E80
0x10A97F80,0x00000100,data,data_10A97F80
0x10A98080,0x00000100,data,data_10A98080
0x10A98180,0x00000100,data,data_10A98180
0x10A98280,0x00000100,data,data_10A98280
0x10A98380,0x00000100,data,data_10A98380
0x10A98480,0x00000100,data,data_10A98480
0x10A98580,0x00000100,data,data_10A98580
0x10A98680,0x00000100,data,data_10A98680
0x10A98780,0x00000100,data,data_10A98780
0x10A98880,0x00000100,data,data_10A98880
0x10A98980,0x00000100,data,data_10A98980
0x10A98A80,0x00000100,data,data_10A98A80
0x10A98B80,0x00000100,data,data_10A98B80
0x10A98C80,0x00000100,data,data_10A98C80
0x10A98D80,0x00000100,data,data_10A98D80
0x10A98E80,0x00000100,data,data_10A98E80
0x10A98F80,0x00000100,data,data_10A98F80
0x10A99080,0x00000100,data,data_10A99080
0x10A99180,0x00000100,data,data_10A99180
0x10A99280,0x00000100,data,data_10A99280
0x10A99380,0x00000100,data,data_10A99380
0x10A99480,0x00000100,data,data_10A99480
0x10A99580,0x00000100,data,data_10A99580
0x10A99680,0x00000100,data,data_10A99680
0x10A99780,0x00000100,data,data_10A99780
0x10A99880,0x00000100,data,data_10A99880
0x10A99980,0x00000100,data,data_10A99980
0x10A99A80,0x00000100,data,data_10A99A80
0x10A99B80,0x00000100,data,data_10A99B80
0x10A99C80,0x00000100,data,data_10A99C80
0x10A99D80,0x00000100,data,data_10A99D80
0x10A99E80,0x00000100,data,data_10A99E80
0x10A99F80,0x00000100,data,data_10A99F80
0x10A9A080,0x00000100,data,data_10A9A080
0x10A9A180,0x00000100,data,data_10A9A180
0x10A9A280,0x00000100,data,data_10A9A280
0x10A9A380,0x00000100,data,data_10A9A380
0x10A9A480,0x00000100,data,data_10A9A480
0x10A9A580,0x00000100,data,data_10A9A580
0x10A9A680,0x00000100,data,data_10A9A680
0x10A9A780,0x00000100,data,data_10A9A780
0x10A9A880,0x00000100,data,data_10A9A880
0x10A9A980,0x00000100,data,data_10A9A980
0x10A9AA80,0x00000100,data,data_10A9AA80
0x10A9AB80,0x00000100,data,data_10A9AB80
0x10A9AC80,0x00000100,data,data_10A9AC80
0x10A9AD80,0x00000100,data,data_10A9AD80
0x10A9AE80,0x00000100,data,data_10A9AE80
0x10A9AF80,0x00000100,data,data_10A9AF80
0x10A9B080,0x00000100,data,data_10A9B080
0x10A9B180,0x00000100,data,data_10A9B180
0x10A9B280,0x00000100,data,data_10A9B280
0x10A9B380,0x00000100,data,data_10A9B380
0x10A9B480,0x00000100,data,data_10A9B480
0x10A9B580,0x00000100,data,data_10A9B580
0x10A9B680,0x00000100,data,data_10A9B680
0x10A9B780,0x00000100,data,data_10A9B780
0x10A9B880,0x00000100,data,data_10A9B880
0x10A9B980,0x00000100,data,data_10A9B980
0x10A9BA80,0x00000100,data,data_10A9BA80
0x10A9BB80,0x00000100,data,data_10A9BB80
0x10A9BC80,0x00000100,data,data_10A9BC80
0x10A9BD80,0x00000100,data,data_10A9BD80
0x10A9BE80,0x00000100,data,data_10A9BE80
0x10A9BF80,0x00000100,data,data_10A9BF80
0x10A9C080,0x00000100,data,data_10A9C080
0x10A9C180,0x00000100,data,data_10A9C180
0x10A9C280,0x00000100,data,data_10A9C280
0x10A9C380,0x00000100,data,data_10A9C380
0x10A9C480,0x00000100,data,data_10A9C480
0x10A9C580,0x00000100,data,data_10A9C580
0x10A9C680,0x00000014,data,data_10A9C680
