Address,Size,Type,Symbol
0x10501054,0x00000053,func,fn_10501054
0x105010C0,0x00000023,func,fn_105010C0
0x10501138,0x00000044,func,fn_10501138
0x10501468,0x00000040,func,fn_10501468
0x10511BEC,0x00000006,func,fn_10511BEC
0x105157DC,0x0000029B,func,fn_105157DC
0x10515EC8,0x00000744,func,fn_10515EC8
0x10516810,0x00000536,func,fn_10516810
0x10538364,0x00000017,func,fn_10538364
0x1053CBAC,0x0000000A,func,fn_1053CBAC
0x1053E670,0x00000016,func,fn_1053E670
0x1053E686,0x00000016,func,fn_1053E686
0x1053E69C,0x00000017,func,fn_1053E69C
0x1053E6B3,0x0000000E,func,fn_1053E6B3
0x1053E6C1,0x00000023,func,fn_1053E6C1
0x1053E6E4,0x0000001A,func,fn_1053E6E4
0x1053E6FE,0x0000004D,func,fn_1053E6FE
0x1053E74B,0x00000073,func,fn_1053E74B
0x1053E7BE,0x00000043,func,fn_1053E7BE
0x1053E801,0x0000006A,func,fn_1053E801
0x1053E86B,0x00000047,func,fn_1053E86B
0x1053E8B2,0x00000019,func,fn_1053E8B2
0x1053E8CB,0x0000003E,func,fn_1053E8CB
0x1053E909,0x0000000F,func,fn_1053E909
0x1053E918,0x00000028,func,fn_1053E918
0x1053E940,0x0000001D,func,fn_1053E940
0x1053E95D,0x00000024,func,fn_1053E95D
0x1053E981,0x0000003F,func,fn_1053E981
0x1053E9C0,0x00000006,func,fn_1053E9C0
0x1053E9C6,0x00000004,func,fn_1053E9C6
0x1053E9CA,0x00000007,func,fn_1053E9CA
0x1053E9D1,0x00000024,func,fn_1053E9D1
0x1053E9F5,0x00000025,func,fn_1053E9F5
0x1053EA1A,0x00000035,func,fn_1053EA1A
0x1053EA4F,0x00000027,func,fn_1053EA4F
0x1053EA76,0x0000002F,func,fn_1053EA76
0x1053EAA5,0x0000002C,func,fn_1053EAA5
0x1053EAD1,0x00000019,func,fn_1053EAD1
0x1053EAEA,0x000000CB,func,fn_1053EAEA
0x1053EBB5,0x0000001A,func,fn_1053EBB5
0x1053EBCF,0x0000006A,func,fn_1053EBCF
0x1053EC39,0x0000001F,func,fn_1053EC39
0x1053EC58,0x0000001D,func,fn_1053EC58
0x1053EC75,0x00000021,func,fn_1053EC75
0x1053EC96,0x0000001B,func,fn_1053EC96
0x1053ECB1,0x0000001B,func,fn_1053ECB1
0x1053ECCC,0x00000017,func,fn_1053ECCC
0x1053ECE3,0x00000017,func,fn_1053ECE3
0x1053ECFA,0x00000019,func,fn_1053ECFA
0x1053ED13,0x00000017,func,fn_1053ED13
0x1053ED2A,0x00000021,func,fn_1053ED2A
0x1053ED4B,0x0000000F,func,fn_1053ED4B
0x1053ED5A,0x00000016,func,fn_1053ED5A
0x1053ED70,0x0000001D,func,fn_1053ED70
0x1053ED8D,0x00000028,func,fn_1053ED8D
0x1053EDB5,0x0000001D,func,fn_1053EDB5
0x1053EDD2,0x00000043,func,fn_1053EDD2
0x1053EE15,0x00000017,func,fn_1053EE15
0x1053EE2C,0x00000017,func,fn_1053EE2C
0x1053EE43,0x0000001F,func,fn_1053EE43
0x1053EE62,0x0000002F,func,fn_1053EE62
0x1053EE91,0x00000079,func,fn_1053EE91
0x1053EF0A,0x0000002C,func,fn_1053EF0A
0x1053EF36,0x00000026,func,fn_1053EF36
0x1053EF5C,0x00000018,func,fn_1053EF5C
0x1053EF74,0x00000023,func,fn_1053EF74
0x1053EF97,0x00000019,func,fn_1053EF97
0x1053EFB0,0x00000034,func,fn_1053EFB0
0x1053EFE4,0x0000001F,func,fn_1053EFE4
0x1053F003,0x00000035,func,fn_1053F003
0x1053F038,0x0000001F,func,fn_1053F038
0x1053F057,0x0000001B,func,fn_1053F057
0x1053F072,0x00000039,func,fn_1053F072
0x1053F0AB,0x00000044,func,fn_1053F0AB
0x1053F0EF,0x00000106,func,fn_1053F0EF
0x1053F1F5,0x00000053,func,fn_1053F1F5
0x1053F248,0x00000075,func,fn_1053F248
0x1053F2BD,0x0000003A,func,fn_1053F2BD
0x1053F2F7,0x0000005E,func,fn_1053F2F7
0x1053F355,0x00000030,func,fn_1053F355
0x1053F385,0x00000022,func,fn_1053F385
0x1053F3A7,0x0000002E,func,fn_1053F3A7
0x1053F3D5,0x00000020,func,fn_1053F3D5
0x1053F3F5,0x00000064,func,fn_1053F3F5
0x1053F459,0x0000003C,func,fn_1053F459
0x1053F495,0x0000004C,func,fn_1053F495
0x1053F4E1,0x00000022,func,fn_1053F4E1
0x1053F503,0x00000046,func,fn_1053F503
0x1053F549,0x0000005A,func,fn_1053F549
0x1053F5C5,0x00000028,func,fn_1053F5C5
0x1053F5ED,0x00000024,func,fn_1053F5ED
0x1053F611,0x0000002C,func,fn_1053F611
0x1053F63D,0x00000040,func,fn_1053F63D
0x1053F67D,0x0000001D,func,fn_1053F67D
0x1053F69A,0x00000054,func,fn_1053F69A
0x1053F6EE,0x0000000B,func,fn_1053F6EE
0x1053F6F9,0x0000003B,func,fn_1053F6F9
0x1053F734,0x00000092,func,fn_1053F734
0x1053F7CA,0x0000001E,func,fn_1053F7CA
0x1053F7E8,0x0000002A,func,fn_1053F7E8
0x1053F812,0x00000020,func,fn_1053F812
0x1053F832,0x00000011,func,fn_1053F832
0x1053F843,0x00000017,func,fn_1053F843
0x1053F85A,0x00000012,func,fn_1053F85A
0x1053F86C,0x00000022,func,fn_1053F86C
0x1053F88E,0x0000000F,func,fn_1053F88E
0x1053F89D,0x00000012,func,fn_1053F89D
0x1053F8AF,0x0000003D,func,fn_1053F8AF
0x1053F8EC,0x0000001F,func,fn_1053F8EC
0x1053F90B,0x00000017,func,fn_1053F90B
0x1053F922,0x00000032,func,fn_1053F922
0x1053F954,0x0000001B,func,fn_1053F954
0x1053F96F,0x00000015,func,fn_1053F96F
0x1053F984,0x0000002B,func,fn_1053F984
0x1053F9AF,0x00000078,func,fn_1053F9AF
0x1053FA27,0x00000015,func,fn_1053FA27
0x1053FA3C,0x0000003B,func,fn_1053FA3C
0x1053FA77,0x0000001D,func,fn_1053FA77
0x1053FA94,0x0000001E,func,fn_1053FA94
0x1053FAB2,0x0000001C,func,fn_1053FAB2
0x1053FACE,0x00000016,func,fn_1053FACE
0x1053FAE4,0x00000044,func,fn_1053FAE4
0x1053FB28,0x00000022,func,fn_1053FB28
0x1053FB4A,0x00000045,func,fn_1053FB4A
0x1053FB8F,0x00000055,func,fn_1053FB8F
0x1053FBE4,0x00000072,func,fn_1053FBE4
0x1053FC56,0x00000183,func,fn_1053FC56
0x1053FDD9,0x00000072,func,fn_1053FDD9
0x1053FE4B,0x0000007F,func,fn_1053FE4B
0x1053FECA,0x000000C1,func,fn_1053FECA
0x1053FF8B,0x00000054,func,fn_1053FF8B
0x1053FFDF,0x00000060,func,fn_1053FFDF
0x1054003F,0x0000005D,func,fn_1054003F
0x1054009C,0x0000000F,func,fn_1054009C
0x105400AB,0x00000042,func,fn_105400AB
0x105400ED,0x00000023,func,fn_105400ED
0x10540110,0x0000004C,func,fn_10540110
0x1054015C,0x0000004B,func,fn_1054015C
0x105401A7,0x00000075,func,fn_105401A7
0x1054021C,0x00000068,func,fn_1054021C
0x10540284,0x0000008F,func,fn_10540284
0x10540313,0x0000007D,func,fn_10540313
0x10540390,0x00000023,func,fn_10540390
0x105403B3,0x00000054,func,fn_105403B3
0x10540407,0x00000376,func,fn_10540407
0x1054077D,0x00000020,func,fn_1054077D
0x1054079D,0x0000002B,func,fn_1054079D
0x105407C8,0x0000001C,func,fn_105407C8
0x105407E4,0x00000043,func,fn_105407E4
0x10540827,0x0000003B,func,fn_10540827
0x10540862,0x00000036,func,fn_10540862
0x105408B3,0x0000000F,func,fn_105408B3
0x105408C2,0x0000007F,func,fn_105408C2
0x10540945,0x0000002D,func,fn_10540945
0x10540972,0x00000021,func,fn_10540972
0x10540993,0x00000038,func,fn_10540993
0x105409CB,0x00000019,func,fn_105409CB
0x105409E4,0x0000011F,func,fn_105409E4
0x10540B03,0x00000017,func,fn_10540B03
0x10540B1A,0x00000026,func,fn_10540B1A
0x10540B79,0x00000020,func,fn_10540B79
0x10540BE6,0x00000043,func,fn_10540BE6
0x10540C29,0x0000001B,func,fn_10540C29
0x10540C44,0x00000022,func,fn_10540C44
0x10540C66,0x00000047,func,fn_10540C66
0x10540CAD,0x000000CB,func,fn_10540CAD
0x10540D78,0x00000022,func,fn_10540D78
0x10540D9A,0x00000049,func,fn_10540D9A
0x10540DE3,0x000000E3,func,fn_10540DE3
0x10540EC6,0x0000006C,func,fn_10540EC6
0x10540F32,0x000000D5,func,fn_10540F32
0x10541007,0x0000005F,func,fn_10541007
0x10541066,0x000002F0,func,fn_10541066
0x10541356,0x00000040,func,fn_10541356
0x10541396,0x0000002A,func,fn_10541396
0x105413C0,0x0000008D,func,fn_105413C0
0x1054144D,0x00000031,func,fn_1054144D
0x1054147E,0x0000002B,func,fn_1054147E
0x105414A9,0x00000019,func,fn_105414A9
0x105414C2,0x00000053,func,fn_105414C2
0x10541546,0x00000046,func,fn_10541546
0x1054158C,0x00000031,func,fn_1054158C
0x105415BD,0x00000067,func,fn_105415BD
0x10541624,0x0000004D,func,fn_10541624
0x10541671,0x00000033,func,fn_10541671
0x105416A4,0x00000016,func,fn_105416A4
0x105416BA,0x000000E3,func,fn_105416BA
0x1054179D,0x0000001C,func,fn_1054179D
0x105417B9,0x00000064,func,fn_105417B9
0x1054181D,0x0000007A,func,fn_1054181D
0x10541897,0x00000019,func,fn_10541897
0x105418B0,0x0000001F,func,fn_105418B0
0x105418CF,0x0000002A,func,fn_105418CF
0x105418F9,0x00000024,func,fn_105418F9
0x1054191D,0x00000244,func,fn_1054191D
0x10541B61,0x00000027,func,fn_10541B61
0x10541B88,0x000000A2,func,fn_10541B88
0x10541C2A,0x00000063,func,fn_10541C2A
0x10541C8D,0x00000053,func,fn_10541C8D
0x10541CE0,0x00000049,func,fn_10541CE0
0x10541D29,0x0000003C,func,fn_10541D29
0x10541D65,0x000003C9,func,fn_10541D65
0x1054212E,0x0000002B,func,fn_1054212E
0x10542159,0x000000C7,func,fn_10542159
0x10542220,0x0000006B,func,fn_10542220
0x1054228B,0x000001BC,func,fn_1054228B
0x10542447,0x00000067,func,fn_10542447
0x105424AE,0x00000041,func,fn_105424AE
0x105424EF,0x00000042,func,fn_105424EF
0x10542531,0x0000009E,func,fn_10542531
0x105425CF,0x00000075,func,fn_105425CF
0x10542644,0x0000005E,func,fn_10542644
0x105426A2,0x00000048,func,fn_105426A2
0x105426EA,0x0000012C,func,fn_105426EA
0x10542816,0x0000006A,func,fn_10542816
0x10542880,0x00000232,func,fn_10542880
0x10542AB2,0x00000141,func,fn_10542AB2
0x10542BF3,0x00000041,func,fn_10542BF3
0x10542C67,0x0000004E,func,fn_10542C67
0x10542D03,0x00000075,func,fn_10542D03
0x10542D78,0x00000074,func,fn_10542D78
0x10542DEC,0x0000004F,func,fn_10542DEC
0x10542E3B,0x00000048,func,fn_10542E3B
0x10542E83,0x0000002F,func,fn_10542E83
0x10542EB2,0x00000070,func,fn_10542EB2
0x10542F22,0x00000080,func,fn_10542F22
0x10542FA2,0x0000009B,func,fn_10542FA2
0x10543041,0x00000057,func,fn_10543041
0x10543098,0x00000027,func,fn_10543098
0x105432BF,0x00000032,func,fn_105432BF
0x105432F1,0x0000003E,func,fn_105432F1
0x1054332F,0x0000009C,func,fn_1054332F
0x105433CB,0x0000008E,func,fn_105433CB
0x10543459,0x000000BC,func,fn_10543459
0x10543515,0x00000014,func,fn_10543515
0x10543529,0x00000036,func,fn_10543529
0x1054355F,0x0000005E,func,fn_1054355F
0x105435BD,0x00000126,func,fn_105435BD
0x105436E3,0x00000227,func,fn_105436E3
0x1054390A,0x000001F5,func,fn_1054390A
0x10543AFF,0x00000066,func,fn_10543AFF
0x10543B65,0x0000002F,func,fn_10543B65
0x10543B94,0x00000258,func,fn_10543B94
0x10543DEC,0x00000045,func,fn_10543DEC
0x10543E31,0x000000B6,func,fn_10543E31
0x10543EE7,0x00000265,func,fn_10543EE7
0x1054414C,0x00000250,func,fn_1054414C
0x1054439C,0x0000004A,func,fn_1054439C
0x105443E6,0x0000010C,func,fn_105443E6
0x105444F2,0x000000C3,func,fn_105444F2
0x105445B5,0x00000172,func,fn_105445B5
0x10544727,0x000000E1,func,fn_10544727
0x10544808,0x00000076,func,fn_10544808
0x1054487E,0x00000076,func,fn_1054487E
0x105448F4,0x000000E6,func,fn_105448F4
0x105449DA,0x0000003F,func,fn_105449DA
0x10544A19,0x00000075,func,fn_10544A19
0x10544A8E,0x00000069,func,fn_10544A8E
0x10544AF7,0x00000042,func,fn_10544AF7
0x10544B39,0x0000000A,func,fn_10544B39
0x10544B43,0x00000067,func,fn_10544B43
0x10544BAA,0x0000001A,func,fn_10544BAA
0x10544BC4,0x00000010,func,fn_10544BC4
0x10544BD4,0x00000041,func,fn_10544BD4
0x10544C15,0x00000124,func,fn_10544C15
0x10544D39,0x0000005E,func,fn_10544D39
0x10544D97,0x00000085,func,fn_10544D97
0x10544E1C,0x00000034,func,fn_10544E1C
0x10544E50,0x000000C4,func,fn_10544E50
0x10544F14,0x0000000B,func,fn_10544F14
0x10545137,0x00000019,func,fn_10545137
0x10545150,0x00000095,func,fn_10545150
0x105451E5,0x00000083,func,fn_105451E5
0x10545268,0x00000071,func,fn_10545268
0x105452D9,0x000000E7,func,fn_105452D9
0x105453C0,0x000000C3,func,fn_105453C0
0x10545483,0x0000003F,func,fn_10545483
0x105454C2,0x00000022,func,fn_105454C2
0x105454E4,0x0000001A,func,fn_105454E4
0x105454FE,0x0000000E,func,fn_105454FE
0x1054550C,0x00000033,func,fn_1054550C
0x1054553F,0x00000070,func,fn_1054553F
0x105455AF,0x00000010,func,fn_105455AF
0x105455BF,0x0000002B,func,fn_105455BF
0x105455EA,0x00000028,func,fn_105455EA
0x10545612,0x00000092,func,fn_10545612
0x105456C2,0x0000001F,func,fn_105456C2
0x105456E1,0x0000006B,func,fn_105456E1
0x1054577A,0x00000046,func,fn_1054577A
0x105457C0,0x0000002B,func,fn_105457C0
0x105457EB,0x00000020,func,fn_105457EB
0x1054580B,0x00000019,func,fn_1054580B
0x10545824,0x00000016,func,fn_10545824
0x1054583A,0x00000018,func,fn_1054583A
0x10545852,0x00000026,func,fn_10545852
0x10545878,0x00000059,func,fn_10545878
0x105458D1,0x0000003B,func,fn_105458D1
0x1054590C,0x00000054,func,fn_1054590C
0x10545960,0x0000008F,func,fn_10545960
0x105459EF,0x00000037,func,fn_105459EF
0x10545A26,0x00000055,func,fn_10545A26
0x10545A7B,0x0000002B,func,fn_10545A7B
0x10545AA6,0x00000022,func,fn_10545AA6
0x10545AC8,0x00000028,func,fn_10545AC8
0x10545AF0,0x00000020,func,fn_10545AF0
0x10545B10,0x00000022,func,fn_10545B10
0x10545B32,0x0000002B,func,fn_10545B32
0x10545B5D,0x00000054,func,fn_10545B5D
0x10545BB1,0x000000BB,func,fn_10545BB1
0x10545C6C,0x00000131,func,fn_10545C6C
0x10545D9D,0x0000001E,func,fn_10545D9D
0x10545DBB,0x00000020,func,fn_10545DBB
0x10545DDB,0x00000089,func,fn_10545DDB
0x10545E64,0x0000004F,func,fn_10545E64
0x10545EB3,0x00000070,func,fn_10545EB3
0x10545F23,0x00000039,func,fn_10545F23
0x10545F5C,0x00000064,func,fn_10545F5C
0x10545FC0,0x00000015,func,fn_10545FC0
0x10545FD5,0x000000AE,func,fn_10545FD5
0x10546083,0x00000070,func,fn_10546083
0x105460F3,0x00000206,func,fn_105460F3
0x105462F9,0x00000029,func,fn_105462F9
0x10546322,0x00000035,func,fn_10546322
0x10546357,0x0000002F,func,fn_10546357
0x10546386,0x00000031,func,fn_10546386
0x105463B7,0x0000003E,func,fn_105463B7
0x105463F5,0x00000095,func,fn_105463F5
0x1054648A,0x00000016,func,fn_1054648A
0x105464A0,0x00000017,func,fn_105464A0
0x105464B7,0x000000DE,func,fn_105464B7
0x10546595,0x00000138,func,fn_10546595
0x105466CD,0x000001A9,func,fn_105466CD
0x1054690E,0x00000143,func,fn_1054690E
0x10546A51,0x000000AF,func,fn_10546A51
0x10546B00,0x00000082,func,fn_10546B00
0x10546B82,0x00000028,func,fn_10546B82
0x10546BAA,0x00000071,func,fn_10546BAA
0x10546C1B,0x0000001C,func,fn_10546C1B
0x10546C37,0x00000061,func,fn_10546C37
0x10546C98,0x00000054,func,fn_10546C98
0x10546CEC,0x00000028,func,fn_10546CEC
0x10546D14,0x0000001D,func,fn_10546D14
0x10546D31,0x000000A2,func,fn_10546D31
0x10546DD3,0x00000064,func,fn_10546DD3
0x10546E37,0x0000001C,func,fn_10546E37
0x10546E53,0x0000000F,func,fn_10546E53
0x10546E7D,0x00000025,func,fn_10546E7D
0x10546EA2,0x00000028,func,fn_10546EA2
0x10546ECF,0x00000028,func,fn_10546ECF
0x10546EF7,0x00000081,func,fn_10546EF7
0x10546F78,0x00000021,func,fn_10546F78
0x10546F99,0x000000F3,func,fn_10546F99
0x1054708C,0x00000031,func,fn_1054708C
0x105470BD,0x0000009C,func,fn_105470BD
0x10547159,0x0000003C,func,fn_10547159
0x10547195,0x00000075,func,fn_10547195
0x1054720A,0x0000010C,func,fn_1054720A
0x10547316,0x00000033,func,fn_10547316
0x10547349,0x0000003F,func,fn_10547349
0x10547388,0x00000033,func,fn_10547388
0x10547438,0x000000A3,func,fn_10547438
0x105474DB,0x0000000C,func,fn_105474DB
0x105474E7,0x00000027,func,fn_105474E7
0x1054750E,0x0000001D,func,fn_1054750E
0x1054752B,0x0000002A,func,fn_1054752B
0x10547555,0x00000116,func,fn_10547555
0x1054766B,0x000000CC,func,fn_1054766B
0x10547737,0x000000F8,func,fn_10547737
0x1054782F,0x000000BC,func,fn_1054782F
0x105478EB,0x000000D1,func,fn_105478EB
0x105479BC,0x00000113,func,fn_105479BC
0x10547ACF,0x00000040,func,fn_10547ACF
0x10547B0F,0x0000004A,func,fn_10547B0F
0x10547B59,0x00000145,func,fn_10547B59
0x10547C9E,0x000001D6,func,fn_10547C9E
0x10547E74,0x0000006C,func,fn_10547E74
0x10547EE0,0x00000134,func,fn_10547EE0
0x10548014,0x00000076,func,fn_10548014
0x1054808A,0x000000AE,func,fn_1054808A
0x10548138,0x0000015C,func,fn_10548138
0x10548294,0x0000005F,func,fn_10548294
0x105482F3,0x000000FA,func,fn_105482F3
0x105483ED,0x000000B5,func,fn_105483ED
0x105484A2,0x00000106,func,fn_105484A2
0x105485A8,0x00000152,func,fn_105485A8
0x105486FA,0x000001AD,func,fn_105486FA
0x105488A7,0x0000002E,func,fn_105488A7
0x105488D5,0x00000048,func,fn_105488D5
0x1054891D,0x000000AF,func,fn_1054891D
0x105489CC,0x000000B2,func,fn_105489CC
0x10548A7E,0x0000009C,func,fn_10548A7E
0x10548B1A,0x000000A4,func,fn_10548B1A
0x10548BBE,0x0000007B,func,fn_10548BBE
0x10548C39,0x00000078,func,fn_10548C39
0x10548CB1,0x00000061,func,fn_10548CB1
0x10548D12,0x00000152,func,fn_10548D12
0x10548E64,0x000000B4,func,fn_10548E64
0x10548F18,0x00000189,func,fn_10548F18
0x105490A1,0x00000183,func,fn_105490A1
0x10549224,0x00000182,func,fn_10549224
0x105493A6,0x0000017B,func,fn_105493A6
0x10549521,0x000001F7,func,fn_10549521
0x10549718,0x000001FF,func,fn_10549718
0x10549917,0x00000153,func,fn_10549917
0x10549A6A,0x000000D1,func,fn_10549A6A
0x10549B3B,0x000000E2,func,fn_10549B3B
0x10549C1D,0x00000081,func,fn_10549C1D
0x10549C9E,0x00000046,func,fn_10549C9E
0x10549CE4,0x0000001F,func,fn_10549CE4
0x10549D03,0x0000001F,func,fn_10549D03
0x10549D22,0x0000002F,func,fn_10549D22
0x10549D51,0x0000001F,func,fn_10549D51
0x10549D70,0x0000000E,func,fn_10549D70
0x10549EA4,0x0000000F,func,fn_10549EA4
0x10549EB3,0x00000037,func,fn_10549EB3
0x10549EEA,0x00000006,func,fn_10549EEA
0x10549EFC,0x0000002C,func,fn_10549EFC
0x10549F28,0x00000017,func,fn_10549F28
0x10549F3F,0x00000019,func,fn_10549F3F
0x10549F58,0x00000014,func,fn_10549F58
0x10549F6C,0x0000001C,func,fn_10549F6C
0x10549F88,0x00000021,func,fn_10549F88
0x10549FA9,0x00000030,func,fn_10549FA9
0x10549FD9,0x0000002D,func,fn_10549FD9
0x1054A006,0x00000020,func,fn_1054A006
0x1054A026,0x00000047,func,fn_1054A026
0x1054A06D,0x00000025,func,fn_1054A06D
0x1054A092,0x0000006D,func,fn_1054A092
0x1054A0FF,0x00000069,func,fn_1054A0FF
0x1054A168,0x00000065,func,fn_1054A168
0x1054A1CD,0x0000004F,func,fn_1054A1CD
0x1054A21C,0x00000055,func,fn_1054A21C
0x1054A271,0x0000002A,func,fn_1054A271
0x1054A29B,0x00000042,func,fn_1054A29B
0x1054A2DD,0x00000019,func,fn_1054A2DD
0x1054A2F6,0x00000020,func,fn_1054A2F6
0x1054A316,0x00000028,func,fn_1054A316
0x1054A33E,0x00000024,func,fn_1054A33E
0x1054A362,0x00000016,func,fn_1054A362
0x1054A378,0x0000001C,func,fn_1054A378
0x1054A394,0x00000020,func,fn_1054A394
0x1054A3B4,0x00000024,func,fn_1054A3B4
0x1054A3D8,0x00000038,func,fn_1054A3D8
0x1054A410,0x00000020,func,fn_1054A410
0x1054A430,0x0000001B,func,fn_1054A430
0x1054A44B,0x00000017,func,fn_1054A44B
0x1054A462,0x00000016,func,fn_1054A462
0x1054A478,0x00000026,func,fn_1054A478
0x1054A49E,0x0000002B,func,fn_1054A49E
0x1054A4C9,0x00000029,func,fn_1054A4C9
0x1054A4F2,0x0000001F,func,fn_1054A4F2
0x1054A511,0x00000019,func,fn_1054A511
0x1054A52A,0x00000016,func,fn_1054A52A
0x1054A540,0x0000002E,func,fn_1054A540
0x1054A56E,0x00000026,func,fn_1054A56E
0x1054A594,0x00000030,func,fn_1054A594
0x1054A5C4,0x00000161,func,fn_1054A5C4
0x1054A725,0x00000061,func,fn_1054A725
0x1054A786,0x00000078,func,fn_1054A786
0x1054A7FE,0x00000018,func,fn_1054A7FE
0x1054A816,0x00000010,func,fn_1054A816
0x1054A826,0x00000014,func,fn_1054A826
0x1054A83A,0x00000087,func,fn_1054A83A
0x1054A8C1,0x0000001C,func,fn_1054A8C1
0x1054A8DD,0x00000021,func,fn_1054A8DD
0x1054A8FE,0x00000024,func,fn_1054A8FE
0x1054A922,0x00000021,func,fn_1054A922
0x1054A943,0x00000027,func,fn_1054A943
0x1054A96A,0x00000020,func,fn_1054A96A
0x1054A98A,0x00000033,func,fn_1054A98A
0x1054A9BD,0x00000021,func,fn_1054A9BD
0x1054A9DE,0x0000004B,func,fn_1054A9DE
0x1054AA29,0x000000A2,func,fn_1054AA29
0x1054AACB,0x0000008B,func,fn_1054AACB
0x1054AB56,0x00000014,func,fn_1054AB56
0x1054AB6A,0x000000A6,func,fn_1054AB6A
0x1054AC10,0x000000EF,func,fn_1054AC10
0x1054ACFF,0x0000002D,func,fn_1054ACFF
0x1054AD4C,0x00000021,func,fn_1054AD4C
0x1054AD6D,0x0000003B,func,fn_1054AD6D
0x1054ADA8,0x0000004A,func,fn_1054ADA8
0x1054ADF2,0x0000007A,func,fn_1054ADF2
0x1054AE6C,0x0000002C,func,fn_1054AE6C
0x1054AE98,0x0000004A,func,fn_1054AE98
0x1054AEE2,0x00000047,func,fn_1054AEE2
0x1054AF29,0x00000012,func,fn_1054AF29
0x1054AF3B,0x00000026,func,fn_1054AF3B
0x1054AF61,0x00000052,func,fn_1054AF61
0x1054AFB3,0x000000BA,func,fn_1054AFB3
0x1054B06D,0x00000090,func,fn_1054B06D
0x1054B118,0x00000036,func,fn_1054B118
0x1054B14E,0x000000DA,func,fn_1054B14E
0x1054B228,0x000000D5,func,fn_1054B228
0x1054B2FD,0x000000B1,func,fn_1054B2FD
0x1054B3AE,0x0000051E,func,fn_1054B3AE
0x1054B8CC,0x000000C6,func,fn_1054B8CC
0x1054B992,0x00000047,func,fn_1054B992
0x1054B9D9,0x00000033,func,fn_1054B9D9
0x1054BA0C,0x00000009,func,fn_1054BA0C
0x1054BA16,0x000000CF,func,fn_1054BA16
0x1054BAE5,0x00000012,func,fn_1054BAE5
0x1054BAF7,0x00000014,func,fn_1054BAF7
0x1054BB1F,0x0000008E,func,fn_1054BB1F
0x1054BBAD,0x00000011,func,fn_1054BBAD
0x1054BBBE,0x00000011,func,fn_1054BBBE
0x1054BBCF,0x00000011,func,fn_1054BBCF
0x1054BBE0,0x000000A4,func,fn_1054BBE0
0x1054BC84,0x00000036,func,fn_1054BC84
0x1054BCBA,0x0000000E,func,fn_1054BCBA
0x1054BCC8,0x0000000E,func,fn_1054BCC8
0x1054BCD6,0x00000035,func,fn_1054BCD6
0x1054BD0B,0x00000009,func,fn_1054BD0B
0x1054BD15,0x00000033,func,fn_1054BD15
0x1054BD48,0x00000014,func,fn_1054BD48
0x1054BD5C,0x00000173,func,fn_1054BD5C
0x1054BECF,0x00000047,func,fn_1054BECF
0x1054BF16,0x0000005B,func,fn_1054BF16
0x1054BF71,0x00000044,func,fn_1054BF71
0x1054BFB5,0x00000060,func,fn_1054BFB5
0x1054C015,0x00000041,func,fn_1054C015
0x1054C056,0x000000E3,func,fn_1054C056
0x1054C139,0x00000037,func,fn_1054C139
0x1054C170,0x0000009A,func,fn_1054C170
0x1054C20A,0x0000010C,func,fn_1054C20A
0x1054C316,0x0000008E,func,fn_1054C316
0x1054C3A4,0x00000031,func,fn_1054C3A4
0x1054C3D5,0x00000100,func,fn_1054C3D5
0x1054C4D5,0x00000216,func,fn_1054C4D5
0x1054C6EB,0x000000E3,func,fn_1054C6EB
0x1054C7CE,0x0000003B,func,fn_1054C7CE
0x1054C832,0x0000016B,func,fn_1054C832
0x1054CD76,0x000000FC,func,fn_1054CD76
0x1054CE72,0x000000B2,func,fn_1054CE72
0x1054CF24,0x00000144,func,fn_1054CF24
0x1054D068,0x00000058,func,fn_1054D068
0x1054D0C0,0x00000046,func,fn_1054D0C0
0x1054D106,0x0000016D,func,fn_1054D106
0x1054D273,0x000000A6,func,fn_1054D273
0x1054D319,0x00000026,func,fn_1054D319
0x1054D3D6,0x00000006,func,fn_1054D3D6
0x1054D5DD,0x000000BD,func,fn_1054D5DD
0x1054D69A,0x0000003E,func,fn_1054D69A
0x1054D6D8,0x000001CC,func,fn_1054D6D8
0x1054D8A4,0x0000006E,func,fn_1054D8A4
0x1054D912,0x000000DA,func,fn_1054D912
0x1054D9EC,0x00000125,func,fn_1054D9EC
0x1054DB87,0x00000010,func,fn_1054DB87
0x1054DBE3,0x000001C0,func,fn_1054DBE3
0x1054DDA3,0x00000077,func,fn_1054DDA3
0x1054DE1A,0x000000C6,func,fn_1054DE1A
0x1054DEE0,0x00000060,func,fn_1054DEE0
0x1054DF40,0x000000CD,func,fn_1054DF40
0x1054E00D,0x000000C0,func,fn_1054E00D
0x1054E0CD,0x00000028,func,fn_1054E0CD
0x1054E25C,0x000002AC,func,fn_1054E25C
0x1054E508,0x00000066,func,fn_1054E508
0x1054E56E,0x000000FC,func,fn_1054E56E
0x1054E66A,0x00000070,func,fn_1054E66A
0x1054E6DA,0x000000CB,func,fn_1054E6DA
0x1054E7A5,0x00000608,func,fn_1054E7A5
0x1054EDAD,0x00000014,func,fn_1054EDAD
0x1054EDC1,0x0000000F,func,fn_1054EDC1
0x1054EDD0,0x00000015,func,fn_1054EDD0
0x1054EDE5,0x0000001F,func,fn_1054EDE5
0x1054EE04,0x0000001C,func,fn_1054EE04
0x1054EE20,0x00000036,func,fn_1054EE20
0x1054EE56,0x00000021,func,fn_1054EE56
0x1054EE77,0x0000001F,func,fn_1054EE77
0x1054EE96,0x00000019,func,fn_1054EE96
0x1054EEAF,0x00000053,func,fn_1054EEAF
0x1054EF32,0x0000002B,func,fn_1054EF32
0x1054EF5D,0x0000001C,func,fn_1054EF5D
0x1054EF79,0x0000002C,func,fn_1054EF79
0x1054EFA5,0x00000103,func,fn_1054EFA5
0x1054F0A8,0x00000039,func,fn_1054F0A8
0x1054F0E1,0x00000028,func,fn_1054F0E1
0x1054F109,0x0000001A,func,fn_1054F109
0x1054F123,0x00000047,func,fn_1054F123
0x1054F16A,0x00000086,func,fn_1054F16A
0x1054F1F0,0x0000003F,func,fn_1054F1F0
0x1054F22F,0x000001AE,func,fn_1054F22F
0x1054F3DD,0x00000025,func,fn_1054F3DD
0x1054F402,0x0000005C,func,fn_1054F402
0x1054F45E,0x0000004D,func,fn_1054F45E
0x1054F4AB,0x00000028,func,fn_1054F4AB
0x1054F4D3,0x00000059,func,fn_1054F4D3
0x1054F52C,0x0000001D,func,fn_1054F52C
0x1054F549,0x00000036,func,fn_1054F549
0x1054F590,0x00000017,func,fn_1054F590
0x1054F5A7,0x00000020,func,fn_1054F5A7
0x1054F5D8,0x00000033,func,fn_1054F5D8
0x1054F636,0x00000035,func,fn_1054F636
0x1054F66B,0x00000013,func,fn_1054F66B
0x1054F67E,0x000000A1,func,fn_1054F67E
0x1054F71F,0x00000037,func,fn_1054F71F
0x1054F756,0x000000FE,func,fn_1054F756
0x1054F854,0x00000173,func,fn_1054F854
0x1054F9C7,0x00000144,func,fn_1054F9C7
0x1054FB0B,0x0000005B,func,fn_1054FB0B
0x1054FB66,0x000000DA,func,fn_1054FB66
0x1054FC40,0x000000B5,func,fn_1054FC40
0x1054FCF5,0x0000003C,func,fn_1054FCF5
0x1054FD31,0x00000234,func,fn_1054FD31
0x1054FF65,0x0000005C,func,fn_1054FF65
0x1054FFC1,0x00000104,func,fn_1054FFC1
0x105500C5,0x00000033,func,fn_105500C5
0x105500F8,0x00000007,func,fn_105500F8
0x10550167,0x000000DF,func,fn_10550167
0x10550246,0x00000028,func,fn_10550246
0x1055026E,0x00000047,func,fn_1055026E
0x105502B5,0x0000005A,func,fn_105502B5
0x1055030F,0x0000001C,func,fn_1055030F
0x1055032B,0x000000B8,func,fn_1055032B
0x105503E3,0x0000002F,func,fn_105503E3
0x10550412,0x0000001B,func,fn_10550412
0x1055042D,0x00000035,func,fn_1055042D
0x10550462,0x000000A1,func,fn_10550462
0x10550503,0x00000046,func,fn_10550503
0x10550549,0x0000001D,func,fn_10550549
0x10550566,0x000000C4,func,fn_10550566
0x1055062A,0x0000003E,func,fn_1055062A
0x10550668,0x0000004F,func,fn_10550668
0x105506B7,0x000000E9,func,fn_105506B7
0x105507A0,0x0000013B,func,fn_105507A0
0x105508DB,0x00000023,func,fn_105508DB
0x105508FE,0x0000004F,func,fn_105508FE
0x1055094D,0x0000003C,func,fn_1055094D
0x10550989,0x0000001C,func,fn_10550989
0x105509A5,0x000002C9,func,fn_105509A5
0x10550C6E,0x0000005A,func,fn_10550C6E
0x10550CC8,0x0000001F,func,fn_10550CC8
0x10550CE7,0x00000116,func,fn_10550CE7
0x10550DFD,0x00000058,func,fn_10550DFD
0x10550E55,0x0000012A,func,fn_10550E55
0x10550F7F,0x0000011D,func,fn_10550F7F
0x1055109C,0x00000029,func,fn_1055109C
0x105510C5,0x00000025,func,fn_105510C5
0x105510EA,0x00000095,func,fn_105510EA
0x1055117F,0x000000F5,func,fn_1055117F
0x10551274,0x0000001B,func,fn_10551274
0x1055134A,0x0000001C,func,fn_1055134A
0x10551366,0x00000065,func,fn_10551366
0x10551439,0x00000086,func,fn_10551439
0x105514BF,0x0000006C,func,fn_105514BF
0x1055152B,0x00000021,func,fn_1055152B
0x1055154C,0x00000021,func,fn_1055154C
0x1055156D,0x00000047,func,fn_1055156D
0x105515B4,0x00000040,func,fn_105515B4
0x105515F4,0x0000003B,func,fn_105515F4
0x1055162F,0x00000037,func,fn_1055162F
0x10551666,0x0000004E,func,fn_10551666
0x105516B4,0x00000025,func,fn_105516B4
0x105516D9,0x00000050,func,fn_105516D9
0x10551729,0x00000040,func,fn_10551729
0x10551769,0x00000079,func,fn_10551769
0x105517E2,0x0000007D,func,fn_105517E2
0x1055185F,0x0000003A,func,fn_1055185F
0x10551899,0x000000B8,func,fn_10551899
0x10551951,0x0000026B,func,fn_10551951
0x10551BBC,0x0000008F,func,fn_10551BBC
0x10551C4B,0x0000005A,func,fn_10551C4B
0x10551CA5,0x00000046,func,fn_10551CA5
0x10551CEB,0x0000001A,func,fn_10551CEB
0x10551D05,0x00000016,func,fn_10551D05
0x10551D45,0x00000021,func,fn_10551D45
0x10551D66,0x0000001D,func,fn_10551D66
0x10551D83,0x00000035,func,fn_10551D83
0x10551DB8,0x00000035,func,fn_10551DB8
0x10551DED,0x00000040,func,fn_10551DED
0x10551E2D,0x0000002F,func,fn_10551E2D
0x10551E5C,0x00000082,func,fn_10551E5C
0x10551EDE,0x0000002D,func,fn_10551EDE
0x10551F0B,0x00000044,func,fn_10551F0B
0x10551F4F,0x00000028,func,fn_10551F4F
0x10551F77,0x00000028,func,fn_10551F77
0x10551F9F,0x00000017,func,fn_10551F9F
0x10551FB6,0x00000033,func,fn_10551FB6
0x10551FE9,0x00000127,func,fn_10551FE9
0x10552110,0x00000038,func,fn_10552110
0x10552148,0x00000029,func,fn_10552148
0x10552171,0x00000038,func,fn_10552171
0x105521A9,0x00000029,func,fn_105521A9
0x105521D2,0x0000006E,func,fn_105521D2
0x10552240,0x0000002B,func,fn_10552240
0x1055226B,0x0000002F,func,fn_1055226B
0x1055229A,0x0000001C,func,fn_1055229A
0x105522B6,0x00000065,func,fn_105522B6
0x1055231B,0x000000C6,func,fn_1055231B
0x105523E1,0x0000015E,func,fn_105523E1
0x1055253F,0x00000096,func,fn_1055253F
0x105525D5,0x00000077,func,fn_105525D5
0x1055264C,0x00000016,func,fn_1055264C
0x10552662,0x0000003F,func,fn_10552662
0x105526A1,0x00000009,func,fn_105526A1
0x105526AB,0x0000001D,func,fn_105526AB
0x105526C8,0x00000234,func,fn_105526C8
0x105528FC,0x000001B1,func,fn_105528FC
0x10552AAD,0x00000061,func,fn_10552AAD
0x10552B0E,0x00000047,func,fn_10552B0E
0x10552B55,0x00000035,func,fn_10552B55
0x10552B8A,0x00000009,func,fn_10552B8A
0x10552B94,0x00000054,func,fn_10552B94
0x10552BE8,0x00000057,func,fn_10552BE8
0x10552C3F,0x0000007C,func,fn_10552C3F
0x10552CBB,0x000000E9,func,fn_10552CBB
0x10552DA4,0x00000019,func,fn_10552DA4
0x10552DBD,0x00000030,func,fn_10552DBD
0x10552DED,0x00000075,func,fn_10552DED
0x10552E62,0x00000010,func,fn_10552E62
0x10552E72,0x0000001E,func,fn_10552E72
0x10552E90,0x00000035,func,fn_10552E90
0x10552EC5,0x00000009,func,fn_10552EC5
0x10552ECF,0x00000009,func,fn_10552ECF
0x10552EF6,0x00000167,func,fn_10552EF6
0x1055305D,0x00000033,func,fn_1055305D
0x10553090,0x000000A3,func,fn_10553090
0x10553133,0x000000A3,func,fn_10553133
0x105531D6,0x00000009,func,fn_105531D6
0x105531E0,0x00000053,func,fn_105531E0
0x10553233,0x00000081,func,fn_10553233
0x105532B4,0x00000051,func,fn_105532B4
0x10553305,0x00000059,func,fn_10553305
0x1055335E,0x00000085,func,fn_1055335E
0x105533E3,0x00000009,func,fn_105533E3
0x105533ED,0x00000049,func,fn_105533ED
0x10553436,0x000000E0,func,fn_10553436
0x10553516,0x0000004C,func,fn_10553516
0x10553562,0x00000058,func,fn_10553562
0x105535BA,0x00000095,func,fn_105535BA
0x1055364F,0x00000058,func,fn_1055364F
0x105536A7,0x0000019E,func,fn_105536A7
0x10553845,0x000000E0,func,fn_10553845
0x10553925,0x0000002B,func,fn_10553925
0x10553950,0x0000004D,func,fn_10553950
0x1055399D,0x00000020,func,fn_1055399D
0x105539BD,0x00000033,func,fn_105539BD
0x105539F0,0x0000002E,func,fn_105539F0
0x10553A1E,0x0000001C,func,fn_10553A1E
0x10553A3A,0x00000022,func,fn_10553A3A
0x10553A64,0x0000001E,func,fn_10553A64
0x10553A82,0x00000015,func,fn_10553A82
0x10553A97,0x00000040,func,fn_10553A97
0x10553AD7,0x00000019,func,fn_10553AD7
0x10553AF0,0x0000001F,func,fn_10553AF0
0x10553B0F,0x0000002C,func,fn_10553B0F
0x10553B3B,0x00000062,func,fn_10553B3B
0x10553B9D,0x000000B6,func,fn_10553B9D
0x10553C53,0x0000002F,func,fn_10553C53
0x10553CCF,0x00000045,func,fn_10553CCF
0x10553D14,0x0000006C,func,fn_10553D14
0x10553D80,0x0000001B,func,fn_10553D80
0x10553D9B,0x0000002F,func,fn_10553D9B
0x10553DCA,0x00000021,func,fn_10553DCA
0x10553DEB,0x00000046,func,fn_10553DEB
0x10553E31,0x00000094,func,fn_10553E31
0x10553EC5,0x00000171,func,fn_10553EC5
0x10554036,0x000001D1,func,fn_10554036
0x10554207,0x00000074,func,fn_10554207
0x1055427B,0x0000029A,func,fn_1055427B
0x10554515,0x0000018D,func,fn_10554515
0x105546A2,0x00000055,func,fn_105546A2
0x105546F7,0x0000008F,func,fn_105546F7
0x10554786,0x00000392,func,fn_10554786
0x10554B18,0x0000010D,func,fn_10554B18
0x10554C25,0x00000316,func,fn_10554C25
0x10554F3B,0x00000058,func,fn_10554F3B
0x10554F93,0x0000001B,func,fn_10554F93
0x10554FAE,0x00000007,func,fn_10554FAE
0x10554FB5,0x00000007,func,fn_10554FB5
0x10554FBC,0x00000009,func,fn_10554FBC
0x10554FC5,0x00000074,func,fn_10554FC5
0x1055503A,0x00000053,func,fn_1055503A
0x1055508D,0x0000006F,func,fn_1055508D
0x105550FC,0x00000184,func,fn_105550FC
0x10555280,0x0000003C,func,fn_10555280
0x105552BC,0x00000013,func,fn_105552BC
0x105552CF,0x000000A8,func,fn_105552CF
0x10555377,0x00000014,func,fn_10555377
0x1055538B,0x0000001F,func,fn_1055538B
0x105553AA,0x00000017,func,fn_105553AA
0x105553C1,0x00000023,func,fn_105553C1
0x105553E4,0x0000004E,func,fn_105553E4
0x10555432,0x000000D4,func,fn_10555432
0x10555506,0x00000063,func,fn_10555506
0x10555569,0x00000047,func,fn_10555569
0x105555B0,0x000000CC,func,fn_105555B0
0x1055567C,0x000001BF,func,fn_1055567C
0x1055583B,0x000000B5,func,fn_1055583B
0x10555936,0x0000003B,func,fn_10555936
0x10555971,0x0000001E,func,fn_10555971
0x1055598F,0x000001FA,func,fn_1055598F
0x10555B89,0x000001B6,func,fn_10555B89
0x10555D3F,0x0000033F,func,fn_10555D3F
0x1055607E,0x00000159,func,fn_1055607E
0x105561D7,0x00000238,func,fn_105561D7
0x1055640F,0x00000021,func,fn_1055640F
0x10556430,0x0000001F,func,fn_10556430
0x1055644F,0x00000115,func,fn_1055644F
0x10556564,0x000000AF,func,fn_10556564
0x10556613,0x000000B9,func,fn_10556613
0x105566CC,0x0000001C,func,fn_105566CC
0x105566E8,0x00000055,func,fn_105566E8
0x1055673D,0x000000C4,func,fn_1055673D
0x10556801,0x00000024,func,fn_10556801
0x10556825,0x00000087,func,fn_10556825
0x105568AC,0x00000055,func,fn_105568AC
0x10556901,0x0000004C,func,fn_10556901
0x1055694D,0x00000088,func,fn_1055694D
0x105569D5,0x0000010A,func,fn_105569D5
0x10556ADF,0x000000AA,func,fn_10556ADF
0x10556B89,0x000000B5,func,fn_10556B89
0x10556C3E,0x000000B4,func,fn_10556C3E
0x10556CF2,0x0000009D,func,fn_10556CF2
0x10556D8F,0x00000065,func,fn_10556D8F
0x10556DF4,0x00000015,func,fn_10556DF4
0x10556E09,0x0000000C,func,fn_10556E09
0x10556E15,0x00000032,func,fn_10556E15
0x10556E47,0x00000010,func,fn_10556E47
0x10556E57,0x0000001B,func,fn_10556E57
0x10556E72,0x00000004,func,fn_10556E72
0x10556E76,0x0000000A,func,fn_10556E76
0x10556E80,0x00000032,func,fn_10556E80
0x10556EB2,0x00000032,func,fn_10556EB2
0x10556EE4,0x00000007,func,fn_10556EE4
0x10556EEB,0x00000008,func,fn_10556EEB
0x10556EF3,0x0000002C,func,fn_10556EF3
0x10556F1F,0x0000003F,func,fn_10556F1F
0x10556F5E,0x00000038,func,fn_10556F5E
0x10556F96,0x0000002A,func,fn_10556F96
0x10556FC0,0x0000002C,func,fn_10556FC0
0x10556FEC,0x0000001B,func,fn_10556FEC
0x10557007,0x0000002F,func,fn_10557007
0x10557036,0x0000001D,func,fn_10557036
0x10557053,0x00000016,func,fn_10557053
0x10557069,0x0000003C,func,fn_10557069
0x105570A5,0x00000049,func,fn_105570A5
0x105570EE,0x00000010,func,fn_105570EE
0x105570FE,0x00000028,func,fn_105570FE
0x10557140,0x0000002B,func,fn_10557140
0x1055716B,0x0000000E,func,fn_1055716B
0x10557179,0x00000092,func,fn_10557179
0x1055720B,0x00000023,func,fn_1055720B
0x1055722E,0x0000001A,func,fn_1055722E
0x10557248,0x0000002D,func,fn_10557248
0x10557275,0x00000042,func,fn_10557275
0x105572B7,0x0000002B,func,fn_105572B7
0x105572E2,0x0000004F,func,fn_105572E2
0x10557331,0x0000004F,func,fn_10557331
0x10557380,0x00000019,func,fn_10557380
0x10557399,0x00000016,func,fn_10557399
0x105573AF,0x00000015,func,fn_105573AF
0x105573C4,0x00000020,func,fn_105573C4
0x105573E4,0x00000023,func,fn_105573E4
0x10557407,0x00000021,func,fn_10557407
0x10557428,0x0000001D,func,fn_10557428
0x10557445,0x00000028,func,fn_10557445
0x1055747F,0x00000027,func,fn_1055747F
0x105574BB,0x00000028,func,fn_105574BB
0x105574F7,0x00000028,func,fn_105574F7
0x10557533,0x0000001F,func,fn_10557533
0x10557552,0x00000018,func,fn_10557552
0x1055756A,0x00000028,func,fn_1055756A
0x10557592,0x0000001E,func,fn_10557592
0x105575B0,0x00000029,func,fn_105575B0
0x105575D9,0x00000044,func,fn_105575D9
0x1055761D,0x00000088,func,fn_1055761D
0x105576A5,0x0000017B,func,fn_105576A5
0x10557820,0x0000000D,func,fn_10557820
0x1055782D,0x0000002A,func,fn_1055782D
0x10557857,0x0000002E,func,fn_10557857
0x10557885,0x00000016,func,fn_10557885
0x1055789B,0x0000003A,func,fn_1055789B
0x105578D5,0x00000033,func,fn_105578D5
0x10557908,0x0000006A,func,fn_10557908
0x10557972,0x000000C1,func,fn_10557972
0x10557A33,0x0000003A,func,fn_10557A33
0x10557A6D,0x00000053,func,fn_10557A6D
0x10557AC0,0x0000001A,func,fn_10557AC0
0x10557ADA,0x0000001C,func,fn_10557ADA
0x10557AF6,0x00000025,func,fn_10557AF6
0x10557B1B,0x0000001B,func,fn_10557B1B
0x10557B36,0x00000052,func,fn_10557B36
0x10557B88,0x0000005E,func,fn_10557B88
0x10557BE6,0x00000013,func,fn_10557BE6
0x10557BF9,0x00000020,func,fn_10557BF9
0x10557C19,0x0000003F,func,fn_10557C19
0x10557C58,0x0000003E,func,fn_10557C58
0x10557C96,0x0000006A,func,fn_10557C96
0x10557D00,0x00000016,func,fn_10557D00
0x10557D16,0x00000041,func,fn_10557D16
0x10557D57,0x0000001E,func,fn_10557D57
0x10557D75,0x00000015,func,fn_10557D75
0x10557D8A,0x00000023,func,fn_10557D8A
0x10557DAD,0x00000025,func,fn_10557DAD
0x10557DD2,0x00000028,func,fn_10557DD2
0x10557DFA,0x0000001C,func,fn_10557DFA
0x10557E16,0x00000033,func,fn_10557E16
0x10557E49,0x00000039,func,fn_10557E49
0x10557E82,0x0000002D,func,fn_10557E82
0x10557EAF,0x0000006B,func,fn_10557EAF
0x10557F1A,0x00000016,func,fn_10557F1A
0x10557F30,0x00000037,func,fn_10557F30
0x10557F67,0x00000014,func,fn_10557F67
0x10557F7B,0x00000019,func,fn_10557F7B
0x10557F94,0x00000016,func,fn_10557F94
0x10557FAA,0x0000001C,func,fn_10557FAA
0x10557FC6,0x0000003A,func,fn_10557FC6
0x10558000,0x00000034,func,fn_10558000
0x10558034,0x0000005A,func,fn_10558034
0x1055808E,0x0000003B,func,fn_1055808E
0x105580C9,0x00000063,func,fn_105580C9
0x1055812C,0x0000002B,func,fn_1055812C
0x10558157,0x0000002B,func,fn_10558157
0x10558182,0x00000032,func,fn_10558182
0x105581B4,0x0000002A,func,fn_105581B4
0x105581DE,0x0000002C,func,fn_105581DE
0x1055820A,0x00000020,func,fn_1055820A
0x1055822A,0x00000046,func,fn_1055822A
0x10558270,0x00000041,func,fn_10558270
0x105582B1,0x0000007B,func,fn_105582B1
0x1055832C,0x00000090,func,fn_1055832C
0x105583BC,0x0000001F,func,fn_105583BC
0x105583DB,0x00000077,func,fn_105583DB
0x10558453,0x00000073,func,fn_10558453
0x105584C6,0x00000031,func,fn_105584C6
0x105584F7,0x00000065,func,fn_105584F7
0x1055855C,0x000001BA,func,fn_1055855C
0x10558716,0x00000002,func,fn_10558716
0x10558727,0x0000000A,func,fn_10558727
0x10558731,0x00000036,func,fn_10558731
0x10558767,0x00000028,func,fn_10558767
0x1055878F,0x00000061,func,fn_1055878F
0x105587F0,0x000000E9,func,fn_105587F0
0x105588D9,0x0000004D,func,fn_105588D9
0x10558926,0x000000C1,func,fn_10558926
0x105589E7,0x000000A4,func,fn_105589E7
0x10558A8B,0x00000039,func,fn_10558A8B
0x10558B26,0x00000065,func,fn_10558B26
0x10558B8B,0x0000007F,func,fn_10558B8B
0x10558C0A,0x00000035,func,fn_10558C0A
0x10558C3F,0x00000159,func,fn_10558C3F
0x10558D98,0x00000034,func,fn_10558D98
0x10558DCC,0x00000027,func,fn_10558DCC
0x10558DF3,0x00000032,func,fn_10558DF3
0x10558E25,0x00000022,func,fn_10558E25
0x10558E47,0x00000038,func,fn_10558E47
0x10558E7F,0x0000021A,func,fn_10558E7F
0x105590C2,0x00000027,func,fn_105590C2
0x105590E9,0x00000030,func,fn_105590E9
0x10559119,0x00000036,func,fn_10559119
0x1055914F,0x0000003E,func,fn_1055914F
0x1055918D,0x0000003E,func,fn_1055918D
0x105591CB,0x0000001F,func,fn_105591CB
0x105591EA,0x0000007A,func,fn_105591EA
0x10559264,0x00000021,func,fn_10559264
0x10559285,0x000000C2,func,fn_10559285
0x10559347,0x00000034,func,fn_10559347
0x1055937B,0x0000001B,func,fn_1055937B
0x10559396,0x0000001C,func,fn_10559396
0x105593B2,0x00000036,func,fn_105593B2
0x105593E8,0x00000022,func,fn_105593E8
0x1055940A,0x00000021,func,fn_1055940A
0x1055942B,0x00000042,func,fn_1055942B
0x1055946D,0x00000028,func,fn_1055946D
0x10559495,0x0000001C,func,fn_10559495
0x105594B1,0x00000032,func,fn_105594B1
0x105594E3,0x0000001F,func,fn_105594E3
0x10559502,0x0000001F,func,fn_10559502
0x10559521,0x00000016,func,fn_10559521
0x10559537,0x00000020,func,fn_10559537
0x10559557,0x0000004D,func,fn_10559557
0x105595A4,0x00000071,func,fn_105595A4
0x10559615,0x00000046,func,fn_10559615
0x1055965B,0x00000021,func,fn_1055965B
0x1055967C,0x0000007B,func,fn_1055967C
0x105596F7,0x00000033,func,fn_105596F7
0x1055972A,0x0000003F,func,fn_1055972A
0x10559769,0x0000004F,func,fn_10559769
0x105597B8,0x000000BC,func,fn_105597B8
0x10559874,0x00000039,func,fn_10559874
0x105598AD,0x00000199,func,fn_105598AD
0x10559A46,0x000000CC,func,fn_10559A46
0x10559B12,0x00000056,func,fn_10559B12
0x10559B68,0x00000079,func,fn_10559B68
0x10559BE1,0x00000015,func,fn_10559BE1
0x10559BF6,0x00000026,func,fn_10559BF6
0x10559C1C,0x0000007B,func,fn_10559C1C
0x10559C97,0x0000021E,func,fn_10559C97
0x10559EDE,0x00000030,func,fn_10559EDE
0x10559F0E,0x00000175,func,fn_10559F0E
0x1055A083,0x0000014A,func,fn_1055A083
0x1055A1CD,0x0000014A,func,fn_1055A1CD
0x1055A317,0x0000014A,func,fn_1055A317
0x1055A461,0x00000086,func,fn_1055A461
0x1055A4F7,0x00000029,func,fn_1055A4F7
0x1055A520,0x00000022,func,fn_1055A520
0x1055A542,0x00000025,func,fn_1055A542
0x1055A567,0x0000002C,func,fn_1055A567
0x1055A593,0x00000078,func,fn_1055A593
0x1055A60B,0x00000117,func,fn_1055A60B
0x1055A722,0x0000002A,func,fn_1055A722
0x1055A74C,0x0000001C,func,fn_1055A74C
0x1055A768,0x0000002A,func,fn_1055A768
0x1055A792,0x0000002B,func,fn_1055A792
0x1055A7BD,0x00000039,func,fn_1055A7BD
0x1055A7F6,0x00000019,func,fn_1055A7F6
0x1055A80F,0x00000028,func,fn_1055A80F
0x1055A837,0x00000028,func,fn_1055A837
0x1055A85F,0x00000014,func,fn_1055A85F
0x1055A873,0x00000015,func,fn_1055A873
0x1055A888,0x0000004A,func,fn_1055A888
0x1055A8D2,0x0000001A,func,fn_1055A8D2
0x1055A8EC,0x00000029,func,fn_1055A8EC
0x1055A915,0x00000089,func,fn_1055A915
0x1055A9B7,0x0000000A,func,fn_1055A9B7
0x1055A9C1,0x00000078,func,fn_1055A9C1
0x1055AA39,0x0000017B,func,fn_1055AA39
0x1055ABB4,0x0000022F,func,fn_1055ABB4
0x1055ADE3,0x00000069,func,fn_1055ADE3
0x1055AE4C,0x000002ED,func,fn_1055AE4C
0x1055B139,0x00000049,func,fn_1055B139
0x1055B182,0x000000BD,func,fn_1055B182
0x1055B23F,0x00000141,func,fn_1055B23F
0x1055B380,0x00000005,func,fn_1055B380
0x1055B385,0x00000110,func,fn_1055B385
0x1055B495,0x0000009C,func,fn_1055B495
0x1055B531,0x0000000D,func,fn_1055B531
0x1055B53E,0x00000082,func,fn_1055B53E
0x1055B5C0,0x00000071,func,fn_1055B5C0
0x1055B631,0x00000209,func,fn_1055B631
0x1055B83A,0x0000026D,func,fn_1055B83A
0x1055BAA7,0x00000024,func,fn_1055BAA7
0x1055BACB,0x00000016,func,fn_1055BACB
0x1055BAE1,0x00000077,func,fn_1055BAE1
0x1055BB58,0x00000031,func,fn_1055BB58
0x1055BB89,0x0000016D,func,fn_1055BB89
0x1055BCF6,0x00000067,func,fn_1055BCF6
0x1055BD5D,0x0000002D,func,fn_1055BD5D
0x1055BD8A,0x000000EB,func,fn_1055BD8A
0x1055BE75,0x00000036,func,fn_1055BE75
0x1055BEAB,0x000000C2,func,fn_1055BEAB
0x1055BF6D,0x00000118,func,fn_1055BF6D
0x1055C085,0x000001E8,func,fn_1055C085
0x1055C26D,0x00000057,func,fn_1055C26D
0x1055C2C4,0x00000015,func,fn_1055C2C4
0x1055C2D9,0x0000003A,func,fn_1055C2D9
0x1055C313,0x0000004F,func,fn_1055C313
0x1055C362,0x00000047,func,fn_1055C362
0x1055C3A9,0x00000009,func,fn_1055C3A9
0x1055C3B3,0x00000015,func,fn_1055C3B3
0x1055C3C8,0x00000023,func,fn_1055C3C8
0x1055C3EB,0x000000D0,func,fn_1055C3EB
0x1055C4BB,0x00000052,func,fn_1055C4BB
0x1055C50D,0x0000006B,func,fn_1055C50D
0x1055C578,0x00000019,func,fn_1055C578
0x1055C591,0x0000001E,func,fn_1055C591
0x1055C5AF,0x0000002C,func,fn_1055C5AF
0x1055C5DB,0x00000049,func,fn_1055C5DB
0x1055C624,0x00000058,func,fn_1055C624
0x1055C67C,0x0000000A,func,fn_1055C67C
0x1055C686,0x00000031,func,fn_1055C686
0x1055C6B7,0x0000003F,func,fn_1055C6B7
0x1055C6F6,0x00000098,func,fn_1055C6F6
0x1055C78E,0x00000057,func,fn_1055C78E
0x1055C7E5,0x00000014,func,fn_1055C7E5
0x1055C7F9,0x00000022,func,fn_1055C7F9
0x1055C81B,0x00000038,func,fn_1055C81B
0x1055C853,0x00000015,func,fn_1055C853
0x1055C868,0x000000CB,func,fn_1055C868
0x1055C933,0x0000002B,func,fn_1055C933
0x1055C95E,0x000000BA,func,fn_1055C95E
0x1055CA18,0x000000DA,func,fn_1055CA18
0x1055CAF2,0x000000C6,func,fn_1055CAF2
0x1055CBB8,0x00000013,func,fn_1055CBB8
0x1055CBCB,0x000000F4,func,fn_1055CBCB
0x1055CCBF,0x00000066,func,fn_1055CCBF
0x1055CD25,0x00000164,func,fn_1055CD25
0x1055CE89,0x00000176,func,fn_1055CE89
0x1055CFFF,0x00000083,func,fn_1055CFFF
0x1055D082,0x0000034C,func,fn_1055D082
0x1055D3CE,0x00000013,func,fn_1055D3CE
0x1055D3E1,0x00000137,func,fn_1055D3E1
0x1055D518,0x00000012,func,fn_1055D518
0x1055D7DC,0x000000A1,func,fn_1055D7DC
0x1055D96E,0x00000207,func,fn_1055D96E
0x1055DB9D,0x00000030,func,fn_1055DB9D
0x1055DBCD,0x00000035,func,fn_1055DBCD
0x1055DC02,0x00000009,func,fn_1055DC02
0x1055DC0C,0x0000003E,func,fn_1055DC0C
0x1055DC4A,0x00000309,func,fn_1055DC4A
0x1055DF53,0x000001CD,func,fn_1055DF53
0x1055E120,0x000001CD,func,fn_1055E120
0x1055E2ED,0x000001CD,func,fn_1055E2ED
0x1055E4BA,0x000001CD,func,fn_1055E4BA
0x1055E687,0x000001CD,func,fn_1055E687
0x1055E854,0x00000032,func,fn_1055E854
0x1055E886,0x00000068,func,fn_1055E886
0x1055E8EE,0x0000001D,func,fn_1055E8EE
0x1055E90B,0x00000020,func,fn_1055E90B
0x1055E92B,0x000000E8,func,fn_1055E92B
0x1055EA13,0x00000403,func,fn_1055EA13
0x1055EE16,0x00000120,func,fn_1055EE16
0x1055EF36,0x0000002B,func,fn_1055EF36
0x1055EF61,0x0000003B,func,fn_1055EF61
0x1055EF9C,0x00000095,func,fn_1055EF9C
0x1055F031,0x00000009,func,fn_1055F031
0x1055F03B,0x00000021,func,fn_1055F03B
0x1055F05C,0x00000022,func,fn_1055F05C
0x1055F07E,0x000000E4,func,fn_1055F07E
0x1055F162,0x00000048,func,fn_1055F162
0x1055F1AA,0x00000328,func,fn_1055F1AA
0x1055F4D2,0x00000038,func,fn_1055F4D2
0x1055F50A,0x00000049,func,fn_1055F50A
0x1055F553,0x00000037,func,fn_1055F553
0x1055F58A,0x0000007E,func,fn_1055F58A
0x1055F608,0x0000005E,func,fn_1055F608
0x1055F666,0x00000053,func,fn_1055F666
0x1055F6B9,0x000003DB,func,fn_1055F6B9
0x1055FA94,0x00000330,func,fn_1055FA94
0x1055FDC4,0x0000004F,func,fn_1055FDC4
0x1055FE13,0x000000E4,func,fn_1055FE13
0x1055FEF7,0x00000067,func,fn_1055FEF7
0x1055FF5E,0x000001AF,func,fn_1055FF5E
0x1056010D,0x000001ED,func,fn_1056010D
0x105602FA,0x0000001D,func,fn_105602FA
0x10560360,0x00000031,func,fn_10560360
0x10560391,0x000000A9,func,fn_10560391
0x1056043A,0x00000039,func,fn_1056043A
0x10560473,0x0000004C,func,fn_10560473
0x105606F5,0x00000193,func,fn_105606F5
0x10560888,0x000002B8,func,fn_10560888
0x10560B40,0x000000C0,func,fn_10560B40
0x10560C00,0x0000025D,func,fn_10560C00
0x10560E5D,0x000000FC,func,fn_10560E5D
0x10560F59,0x0000006A,func,fn_10560F59
0x10560FC3,0x00000353,func,fn_10560FC3
0x10561316,0x0000008D,func,fn_10561316
0x105613A3,0x000000BE,func,fn_105613A3
0x10561461,0x0000073F,func,fn_10561461
0x10561BA0,0x0000000C,func,fn_10561BA0
0x10561BB6,0x00000083,func,fn_10561BB6
0x10561C39,0x0000003E,func,fn_10561C39
0x10561C77,0x00000019,func,fn_10561C77
0x10561C90,0x00000111,func,fn_10561C90
0x10561DCB,0x00000111,func,fn_10561DCB
0x10561F06,0x0000001E,func,fn_10561F06
0x10561F24,0x0000004B,func,fn_10561F24
0x10561F6F,0x00000601,func,fn_10561F6F
0x10562570,0x0000003B,func,fn_10562570
0x105625AB,0x00000113,func,fn_105625AB
0x105626E6,0x00000111,func,fn_105626E6
0x10562821,0x00000038,func,fn_10562821
0x10562859,0x00000092,func,fn_10562859
0x105628EB,0x00000092,func,fn_105628EB
0x1056297D,0x00000038,func,fn_1056297D
0x105629B5,0x000000A1,func,fn_105629B5
0x10562A56,0x000000A1,func,fn_10562A56
0x10562AF7,0x00000038,func,fn_10562AF7
0x10562B2F,0x00000038,func,fn_10562B2F
0x10562B67,0x000000A1,func,fn_10562B67
0x10562C08,0x0000014A,func,fn_10562C08
0x10562D52,0x0000014A,func,fn_10562D52
0x10562E9C,0x00000159,func,fn_10562E9C
0x10562FF5,0x00000151,func,fn_10562FF5
0x10563146,0x00000019,func,fn_10563146
0x1056315F,0x0000001F,func,fn_1056315F
0x1056317E,0x00000028,func,fn_1056317E
0x105631A6,0x00000159,func,fn_105631A6
0x105632FF,0x0000007C,func,fn_105632FF
0x1056337B,0x00000072,func,fn_1056337B
0x105633ED,0x00000111,func,fn_105633ED
0x10563528,0x00000038,func,fn_10563528
0x10563560,0x00000019,func,fn_10563560
0x10563579,0x00000019,func,fn_10563579
0x10563592,0x000000E6,func,fn_10563592
0x10563678,0x000002B1,func,fn_10563678
0x10563929,0x00000092,func,fn_10563929
0x105639BB,0x000004AC,func,fn_105639BB
0x10563E67,0x00000048,func,fn_10563E67
0x10563EAF,0x0000009B,func,fn_10563EAF
0x10563F4A,0x000002AC,func,fn_10563F4A
0x105641F6,0x00000111,func,fn_105641F6
0x10564307,0x0000006B,func,fn_10564307
0x10564372,0x00000391,func,fn_10564372
0x10564703,0x00000074,func,fn_10564703
0x10564777,0x00000092,func,fn_10564777
0x10564809,0x00000092,func,fn_10564809
0x1056489B,0x00000072,func,fn_1056489B
0x1056490D,0x00000111,func,fn_1056490D
0x10564A48,0x00000038,func,fn_10564A48
0x10564A80,0x0000002E,func,fn_10564A80
0x10564AAE,0x00000694,func,fn_10564AAE
0x10565142,0x000000D7,func,fn_10565142
0x10565219,0x00000390,func,fn_10565219
0x105655A9,0x00000016,func,fn_105655A9
0x105655BF,0x000007A4,func,fn_105655BF
0x10565D63,0x00000202,func,fn_10565D63
0x10565F65,0x000001CD,func,fn_10565F65
0x10566132,0x0000010A,func,fn_10566132
0x1056623C,0x00000083,func,fn_1056623C
0x105662BF,0x00000382,func,fn_105662BF
0x10566641,0x00000023,func,fn_10566641
0x10566664,0x0000004C,func,fn_10566664
0x105666B0,0x000000A1,func,fn_105666B0
0x10566751,0x000000AF,func,fn_10566751
0x10566800,0x00000128,func,fn_10566800
0x10566928,0x0000001E,func,fn_10566928
0x10566946,0x0000008D,func,fn_10566946
0x105669D3,0x000000AB,func,fn_105669D3
0x10566A7E,0x00000064,func,fn_10566A7E
0x10566AE2,0x0000014B,func,fn_10566AE2
0x10566C55,0x00000038,func,fn_10566C55
0x10566C8D,0x0000001E,func,fn_10566C8D
0x10566CAB,0x000000B1,func,fn_10566CAB
0x10566D5C,0x000000A8,func,fn_10566D5C
0x10566E04,0x00000078,func,fn_10566E04
0x10566E7C,0x00000084,func,fn_10566E7C
0x10566F00,0x000000AA,func,fn_10566F00
0x10566FAA,0x00000427,func,fn_10566FAA
0x105673D1,0x0000048E,func,fn_105673D1
0x1056785F,0x000000B7,func,fn_1056785F
0x10567916,0x00000104,func,fn_10567916
0x10567A1A,0x0000019D,func,fn_10567A1A
0x10567BB7,0x00000025,func,fn_10567BB7
0x10567BDC,0x00000037,func,fn_10567BDC
0x10567C13,0x0000037B,func,fn_10567C13
0x10567F8E,0x0000034B,func,fn_10567F8E
0x105682D9,0x00000409,func,fn_105682D9
0x105686E2,0x00000122,func,fn_105686E2
0x10568804,0x00000019,func,fn_10568804
0x1056881D,0x00000025,func,fn_1056881D
0x10568842,0x00000036,func,fn_10568842
0x10568878,0x00000067,func,fn_10568878
0x105688DF,0x0000000C,func,fn_105688DF
0x105688EB,0x0000001E,func,fn_105688EB
0x10568909,0x00000016,func,fn_10568909
0x10568A1E,0x0000002D,func,fn_10568A1E
0x10568A4B,0x00000026,func,fn_10568A4B
0x10568A71,0x000000AA,func,fn_10568A71
0x10568B1B,0x0000002C,func,fn_10568B1B
0x10568B47,0x000000F4,func,fn_10568B47
0x10568C3B,0x00000043,func,fn_10568C3B
0x10568C7E,0x000000EA,func,fn_10568C7E
0x10568D68,0x00000099,func,fn_10568D68
0x10568E01,0x00000028,func,fn_10568E01
0x10568E29,0x0000003C,func,fn_10568E29
0x10568E65,0x00000028,func,fn_10568E65
0x10568E8D,0x00000040,func,fn_10568E8D
0x10568ECD,0x00000092,func,fn_10568ECD
0x10568F5F,0x00000107,func,fn_10568F5F
0x10569066,0x00000044,func,fn_10569066
0x105690AA,0x00000039,func,fn_105690AA
0x105690E3,0x00000033,func,fn_105690E3
0x10569116,0x00000021,func,fn_10569116
0x10569137,0x00000019,func,fn_10569137
0x10569150,0x00000020,func,fn_10569150
0x10569170,0x0000001A,func,fn_10569170
0x1056918A,0x000000E6,func,fn_1056918A
0x10569270,0x00000066,func,fn_10569270
0x105692D6,0x0000002C,func,fn_105692D6
0x10569302,0x00000041,func,fn_10569302
0x10569343,0x00000023,func,fn_10569343
0x10569366,0x0000007C,func,fn_10569366
0x105693E2,0x00000025,func,fn_105693E2
0x10569407,0x0000002E,func,fn_10569407
0x10569435,0x0000008E,func,fn_10569435
0x105694C3,0x000002D9,func,fn_105694C3
0x1056979C,0x0000006D,func,fn_1056979C
0x10569809,0x00000019,func,fn_10569809
0x10569822,0x00000102,func,fn_10569822
0x10569924,0x000000F2,func,fn_10569924
0x10569A16,0x00000036,func,fn_10569A16
0x10569A4C,0x000000DF,func,fn_10569A4C
0x10569B2B,0x0000006C,func,fn_10569B2B
0x10569B97,0x00000020,func,fn_10569B97
0x10569BB7,0x00000012,func,fn_10569BB7
0x10569BC9,0x00000025,func,fn_10569BC9
0x10569BEE,0x00000035,func,fn_10569BEE
0x10569C4C,0x0000005D,func,fn_10569C4C
0x10569CA9,0x000000EA,func,fn_10569CA9
0x10569D93,0x0000002B,func,fn_10569D93
0x10569DBE,0x0000028F,func,fn_10569DBE
0x1056A04D,0x00000026,func,fn_1056A04D
0x1056A073,0x000003E9,func,fn_1056A073
0x1056A45C,0x000000CA,func,fn_1056A45C
0x1056A526,0x000001E5,func,fn_1056A526
0x1056A70B,0x0000001F,func,fn_1056A70B
0x1056A72A,0x000000FD,func,fn_1056A72A
0x1056A827,0x0000024D,func,fn_1056A827
0x1056AA75,0x00000085,func,fn_1056AA75
0x1056AAFA,0x0000004F,func,fn_1056AAFA
0x1056AB49,0x0000004D,func,fn_1056AB49
0x1056AB96,0x00000254,func,fn_1056AB96
0x1056ADEA,0x0000003D,func,fn_1056ADEA
0x1056AE27,0x000000F4,func,fn_1056AE27
0x1056AF1B,0x000000C6,func,fn_1056AF1B
0x1056AFE1,0x00000400,func,fn_1056AFE1
0x1056B3E1,0x000000D9,func,fn_1056B3E1
0x1056B4BA,0x00000092,func,fn_1056B4BA
0x1056B54C,0x000002CD,func,fn_1056B54C
0x1056B819,0x00000156,func,fn_1056B819
0x1056B96F,0x00000010,func,fn_1056B96F
0x1056B97F,0x00000010,func,fn_1056B97F
0x1056B98F,0x00000746,func,fn_1056B98F
0x1056C0D5,0x000002B1,func,fn_1056C0D5
0x1056C386,0x0000005E,func,fn_1056C386
0x1056C3E4,0x00000047,func,fn_1056C3E4
0x1056C42B,0x000001CF,func,fn_1056C42B
0x1056C5FA,0x0000000B,func,fn_1056C5FA
0x1056C605,0x00000029,func,fn_1056C605
0x1056C62E,0x00000017,func,fn_1056C62E
0x1056C645,0x00000021,func,fn_1056C645
0x1056C666,0x00000015,func,fn_1056C666
0x1056C67B,0x0000001E,func,fn_1056C67B
0x1056C699,0x00000023,func,fn_1056C699
0x1056C6BC,0x00000019,func,fn_1056C6BC
0x1056C6D5,0x00000017,func,fn_1056C6D5
0x1056C6EC,0x00000016,func,fn_1056C6EC
0x1056C702,0x00000022,func,fn_1056C702
0x1056C724,0x00000014,func,fn_1056C724
0x1056C738,0x0000001C,func,fn_1056C738
0x1056C754,0x00000053,func,fn_1056C754
0x1056C7A7,0x00000022,func,fn_1056C7A7
0x1056C7C9,0x00000026,func,fn_1056C7C9
0x1056C7EF,0x00000021,func,fn_1056C7EF
0x1056C810,0x00000060,func,fn_1056C810
0x1056C870,0x00000069,func,fn_1056C870
0x1056C8D9,0x0000004B,func,fn_1056C8D9
0x1056C924,0x00000011,func,fn_1056C924
0x1056C935,0x00000042,func,fn_1056C935
0x1056C977,0x00000015,func,fn_1056C977
0x1056C98C,0x00000017,func,fn_1056C98C
0x1056C9A3,0x00000046,func,fn_1056C9A3
0x1056C9E9,0x00000025,func,fn_1056C9E9
0x1056CA0E,0x00000006,func,fn_1056CA0E
0x1056CA14,0x00000007,func,fn_1056CA14
0x1056CA1B,0x00000009,func,fn_1056CA1B
0x1056CA24,0x00000009,func,fn_1056CA24
0x1056CA2D,0x0000004A,func,fn_1056CA2D
0x1056CA77,0x0000001A,func,fn_1056CA77
0x1056CA91,0x00000077,func,fn_1056CA91
0x1056CB08,0x00000022,func,fn_1056CB08
0x1056CB2A,0x0000001B,func,fn_1056CB2A
0x1056CB45,0x00000015,func,fn_1056CB45
0x1056CB5A,0x00000016,func,fn_1056CB5A
0x1056CB70,0x0000002F,func,fn_1056CB70
0x1056CB9F,0x00000014,func,fn_1056CB9F
0x1056CBB3,0x00000014,func,fn_1056CBB3
0x1056CBC7,0x0000006E,func,fn_1056CBC7
0x1056CC35,0x0000004F,func,fn_1056CC35
0x1056CC84,0x00000027,func,fn_1056CC84
0x1056CCAB,0x0000003E,func,fn_1056CCAB
0x1056CCE9,0x0000002F,func,fn_1056CCE9
0x1056CD18,0x0000006E,func,fn_1056CD18
0x1056CD86,0x0000003A,func,fn_1056CD86
0x1056CDC0,0x000001DA,func,fn_1056CDC0
0x1056CF9A,0x00000046,func,fn_1056CF9A
0x1056CFE0,0x00000020,func,fn_1056CFE0
0x1056D000,0x0000006E,func,fn_1056D000
0x1056D06E,0x00000033,func,fn_1056D06E
0x1056D0A1,0x0000003C,func,fn_1056D0A1
0x1056D0DD,0x00000022,func,fn_1056D0DD
0x1056D0FF,0x00000027,func,fn_1056D0FF
0x1056D126,0x000000BD,func,fn_1056D126
0x1056D1E3,0x00000060,func,fn_1056D1E3
0x1056D243,0x0000002E,func,fn_1056D243
0x1056D271,0x00000043,func,fn_1056D271
0x1056D2B4,0x0000001F,func,fn_1056D2B4
0x1056D2D3,0x0000027B,func,fn_1056D2D3
0x1056D54E,0x00000043,func,fn_1056D54E
0x1056D591,0x000001A4,func,fn_1056D591
0x1056D735,0x00000013,func,fn_1056D735
0x1056D748,0x00000047,func,fn_1056D748
0x1056D78F,0x00000009,func,fn_1056D78F
0x1056D799,0x0000004F,func,fn_1056D799
0x1056D7E8,0x00000060,func,fn_1056D7E8
0x1056D848,0x00000013,func,fn_1056D848
0x1056D85B,0x000000A0,func,fn_1056D85B
0x1056D8FB,0x0000036F,func,fn_1056D8FB
0x1056DC6A,0x00000018,func,fn_1056DC6A
0x1056DC82,0x0000003B,func,fn_1056DC82
0x1056DCBD,0x00000028,func,fn_1056DCBD
0x1056DCE5,0x00000246,func,fn_1056DCE5
0x1056DF2B,0x00000078,func,fn_1056DF2B
0x1056DFA3,0x00000192,func,fn_1056DFA3
0x1056E135,0x00000193,func,fn_1056E135
0x1056E2C8,0x0000007C,func,fn_1056E2C8
0x1056E344,0x00000030,func,fn_1056E344
0x1056E374,0x00000056,func,fn_1056E374
0x1056E3CA,0x00000027,func,fn_1056E3CA
0x1056E3F1,0x0000003E,func,fn_1056E3F1
0x1056E42F,0x00000039,func,fn_1056E42F
0x1056E468,0x00000017,func,fn_1056E468
0x1056E47F,0x00000116,func,fn_1056E47F
0x1056E595,0x0000024B,func,fn_1056E595
0x1056E7E0,0x0000009F,func,fn_1056E7E0
0x1056E87F,0x00000149,func,fn_1056E87F
0x1056E9C8,0x0000016C,func,fn_1056E9C8
0x1056EB34,0x000001A9,func,fn_1056EB34
0x1056ECDD,0x0000006B,func,fn_1056ECDD
0x1056ED48,0x00000077,func,fn_1056ED48
0x1056EDBF,0x00000063,func,fn_1056EDBF
0x1056EE22,0x000000D6,func,fn_1056EE22
0x1056EEF8,0x00000015,func,fn_1056EEF8
0x1056EF0D,0x0000000F,func,fn_1056EF0D
0x1056EF1C,0x0000009C,func,fn_1056EF1C
0x1056EFB8,0x000000C8,func,fn_1056EFB8
0x1056F080,0x00000079,func,fn_1056F080
0x1056F0F9,0x00000009,func,fn_1056F0F9
0x1056F103,0x00000049,func,fn_1056F103
0x1056F14C,0x00000058,func,fn_1056F14C
0x1056F1A4,0x00000010,func,fn_1056F1A4
0x1056F1B4,0x00006AC0,func,fn_1056F1B4
0x10576AB4,0x000000C3,func,fn_10576AB4
0x10576B77,0x0000003B,func,fn_10576B77
0x10576BB2,0x00000040,func,fn_10576BB2
0x10576BF2,0x00000037,func,fn_10576BF2
0x10576C2A,0x00000043,func,fn_10576C2A
0x10576C6D,0x00000020,func,fn_10576C6D
0x10576C8D,0x00000017,func,fn_10576C8D
0x10576CA4,0x00000023,func,fn_10576CA4
0x10576CC7,0x0000001E,func,fn_10576CC7
0x10576CE5,0x00000025,func,fn_10576CE5
0x10576D0A,0x0000001D,func,fn_10576D0A
0x10576D27,0x00000020,func,fn_10576D27
0x10576D47,0x00000028,func,fn_10576D47
0x10576D6F,0x0000002F,func,fn_10576D6F
0x10576D9E,0x00000028,func,fn_10576D9E
0x10576DDD,0x00000028,func,fn_10576DDD
0x10576E1C,0x0000002F,func,fn_10576E1C
0x10576E5F,0x00000054,func,fn_10576E5F
0x10576EB3,0x00000028,func,fn_10576EB3
0x10576F09,0x00000028,func,fn_10576F09
0x10576F31,0x0000002F,func,fn_10576F31
0x10576F60,0x00000032,func,fn_10576F60
0x10576FB0,0x00000032,func,fn_10576FB0
0x10576FE2,0x00000052,func,fn_10576FE2
0x10577034,0x00000036,func,fn_10577034
0x1057706A,0x0000003A,func,fn_1057706A
0x105770A4,0x0000001E,func,fn_105770A4
0x105770C2,0x0000000F,func,fn_105770C2
0x105770D1,0x00000015,func,fn_105770D1
0x105770E6,0x0000002D,func,fn_105770E6
0x10577113,0x00000081,func,fn_10577113
0x10577194,0x0000001E,func,fn_10577194
0x105771B2,0x0000002D,func,fn_105771B2
0x105771DF,0x00000029,func,fn_105771DF
0x10577208,0x0000002D,func,fn_10577208
0x10577235,0x0000002D,func,fn_10577235
0x10577262,0x00000028,func,fn_10577262
0x1057728A,0x0000002A,func,fn_1057728A
0x105772B4,0x0000004C,func,fn_105772B4
0x10577300,0x00000032,func,fn_10577300
0x10577332,0x0000002B,func,fn_10577332
0x1057735D,0x00000020,func,fn_1057735D
0x1057737D,0x00000030,func,fn_1057737D
0x105773AD,0x00000026,func,fn_105773AD
0x105773D3,0x00000027,func,fn_105773D3
0x105773FA,0x00000027,func,fn_105773FA
0x10577421,0x0000003B,func,fn_10577421
0x1057745C,0x0000001A,func,fn_1057745C
0x10577476,0x00000019,func,fn_10577476
0x1057748F,0x00000052,func,fn_1057748F
0x105774E1,0x00000034,func,fn_105774E1
0x10577515,0x0000006C,func,fn_10577515
0x10577581,0x0000007D,func,fn_10577581
0x105775FE,0x00000026,func,fn_105775FE
0x10577624,0x00000047,func,fn_10577624
0x1057766B,0x00000030,func,fn_1057766B
0x1057769B,0x000000FA,func,fn_1057769B
0x10577795,0x0000007B,func,fn_10577795
0x10577810,0x000000B7,func,fn_10577810
0x105778C7,0x00000056,func,fn_105778C7
0x1057791D,0x00000052,func,fn_1057791D
0x1057796F,0x00000051,func,fn_1057796F
0x105779C0,0x00000038,func,fn_105779C0
0x105779F8,0x00000030,func,fn_105779F8
0x10577A28,0x00000033,func,fn_10577A28
0x10577A5B,0x00000053,func,fn_10577A5B
0x10577AAE,0x00000074,func,fn_10577AAE
0x10577B2C,0x00000014,func,fn_10577B2C
0x10577B40,0x00000021,func,fn_10577B40
0x10577B61,0x0000002E,func,fn_10577B61
0x10577B8F,0x00000030,func,fn_10577B8F
0x10577BBF,0x0000002D,func,fn_10577BBF
0x10577BEC,0x00000030,func,fn_10577BEC
0x10577C1C,0x00000057,func,fn_10577C1C
0x10577C73,0x00000051,func,fn_10577C73
0x10577CC4,0x00000035,func,fn_10577CC4
0x10577CF9,0x00000009,func,fn_10577CF9
0x10577D03,0x0000002E,func,fn_10577D03
0x10577D31,0x000001B1,func,fn_10577D31
0x10577EE2,0x0000004B,func,fn_10577EE2
0x10577F2D,0x00000017,func,fn_10577F2D
0x10577F44,0x00000062,func,fn_10577F44
0x10577FA6,0x00000123,func,fn_10577FA6
0x105780C9,0x0000007F,func,fn_105780C9
0x10578148,0x00000224,func,fn_10578148
0x1057836C,0x000002E2,func,fn_1057836C
0x1057864E,0x00000022,func,fn_1057864E
0x10578670,0x00000011,func,fn_10578670
0x10578681,0x00000047,func,fn_10578681
0x105786C8,0x00000040,func,fn_105786C8
0x10578708,0x00000009,func,fn_10578708
0x10578712,0x0000003F,func,fn_10578712
0x10578751,0x00000009,func,fn_10578751
0x1057875B,0x00000040,func,fn_1057875B
0x1057879B,0x00000009,func,fn_1057879B
0x105787A5,0x0000003F,func,fn_105787A5
0x105787E4,0x00000009,func,fn_105787E4
0x105787EE,0x0000003F,func,fn_105787EE
0x1057882D,0x00000009,func,fn_1057882D
0x10578837,0x00000061,func,fn_10578837
0x105788C1,0x0000001D,func,fn_105788C1
0x105788DE,0x00000078,func,fn_105788DE
0x10578956,0x00000050,func,fn_10578956
0x105789A6,0x0000004C,func,fn_105789A6
0x105789F2,0x0000002E,func,fn_105789F2
0x10578A20,0x00000021,func,fn_10578A20
0x10578A41,0x00000041,func,fn_10578A41
0x10578A82,0x00000019,func,fn_10578A82
0x10578AF2,0x00000022,func,fn_10578AF2
0x10578B14,0x00000025,func,fn_10578B14
0x10578B39,0x00000052,func,fn_10578B39
0x10578B8B,0x00000022,func,fn_10578B8B
0x10578BAD,0x00000037,func,fn_10578BAD
0x10578BE4,0x0000001F,func,fn_10578BE4
0x10578C03,0x000000AC,func,fn_10578C03
0x10578CAF,0x00000096,func,fn_10578CAF
0x10578D45,0x00000083,func,fn_10578D45
0x10578DC8,0x00000089,func,fn_10578DC8
0x10578E51,0x000000F9,func,fn_10578E51
0x10578F4A,0x00000198,func,fn_10578F4A
0x105790E2,0x0000006C,func,fn_105790E2
0x1057914E,0x00000040,func,fn_1057914E
0x1057918E,0x00000068,func,fn_1057918E
0x105791F6,0x000001F7,func,fn_105791F6
0x105793ED,0x000001DB,func,fn_105793ED
0x105795C8,0x0000010B,func,fn_105795C8
0x105796D3,0x00000087,func,fn_105796D3
0x1057975A,0x0000008D,func,fn_1057975A
0x105797E7,0x000000C1,func,fn_105797E7
0x105798A8,0x000000A6,func,fn_105798A8
0x1057994E,0x00000156,func,fn_1057994E
0x10579AA4,0x000000A9,func,fn_10579AA4
0x10579B4D,0x0000011D,func,fn_10579B4D
0x10579C6A,0x0000002F,func,fn_10579C6A
0x10579C99,0x00000060,func,fn_10579C99
0x10579CF9,0x00000037,func,fn_10579CF9
0x10579D30,0x00000015,func,fn_10579D30
0x10579D45,0x00000087,func,fn_10579D45
0x10579DCC,0x00000065,func,fn_10579DCC
0x10579E31,0x0000003D,func,fn_10579E31
0x10579E6E,0x0000001B,func,fn_10579E6E
0x10579E89,0x00000044,func,fn_10579E89
0x10579ECD,0x00000023,func,fn_10579ECD
0x10579EF0,0x00000026,func,fn_10579EF0
0x10579F16,0x00000129,func,fn_10579F16
0x1057A03F,0x00000073,func,fn_1057A03F
0x1057A0B2,0x00000031,func,fn_1057A0B2
0x1057A0E3,0x00000031,func,fn_1057A0E3
0x1057A114,0x000000FF,func,fn_1057A114
0x1057A213,0x0000017F,func,fn_1057A213
0x1057A392,0x00000005,func,fn_1057A392
0x1057A397,0x00000080,func,fn_1057A397
0x1057A417,0x000001BC,func,fn_1057A417
0x1057A5D3,0x000007DE,func,fn_1057A5D3
0x1057AE0D,0x00000012,func,fn_1057AE0D
0x1057B378,0x0000071E,func,fn_1057B378
0x1057BA96,0x0000005E,func,fn_1057BA96
0x1057BAF4,0x0000008A,func,fn_1057BAF4
0x1057BB7E,0x0000001E,func,fn_1057BB7E
0x1057BB9C,0x0000001E,func,fn_1057BB9C
0x1057BBBA,0x0000001E,func,fn_1057BBBA
0x1057BBD8,0x00000037,func,fn_1057BBD8
0x1057BC0F,0x00000035,func,fn_1057BC0F
0x1057BC44,0x00000009,func,fn_1057BC44
0x1057BC4E,0x0000017E,func,fn_1057BC4E
0x1057BDCC,0x0000003E,func,fn_1057BDCC
0x1057BE0A,0x0000002A,func,fn_1057BE0A
0x1057BE34,0x00000009,func,fn_1057BE34
0x1057BE5B,0x0000013B,func,fn_1057BE5B
0x1057BF96,0x00000086,func,fn_1057BF96
0x1057C01C,0x00000073,func,fn_1057C01C
0x1057C08F,0x00000026,func,fn_1057C08F
0x1057C0B5,0x00000123,func,fn_1057C0B5
0x1057C1D8,0x00000023,func,fn_1057C1D8
0x1057C216,0x000000F7,func,fn_1057C216
0x1057C30D,0x00000039,func,fn_1057C30D
0x1057C346,0x00000406,func,fn_1057C346
0x1057C74C,0x00000061,func,fn_1057C74C
0x1057C7AD,0x000001AF,func,fn_1057C7AD
0x1057C95C,0x00000088,func,fn_1057C95C
0x1057C9E4,0x0000005D,func,fn_1057C9E4
0x1057CA53,0x000000A1,func,fn_1057CA53
0x1057CAF4,0x00000009,func,fn_1057CAF4
0x1057CAFE,0x00000057,func,fn_1057CAFE
0x1057CB67,0x00000090,func,fn_1057CB67
0x1057CBF7,0x00000009,func,fn_1057CBF7
0x1057CC01,0x00000053,func,fn_1057CC01
0x1057CC54,0x00000047,func,fn_1057CC54
0x1057CC9B,0x00000038,func,fn_1057CC9B
0x1057CCD3,0x000000A3,func,fn_1057CCD3
0x1057CD76,0x00000009,func,fn_1057CD76
0x1057CD80,0x0000002F,func,fn_1057CD80
0x1057CDAF,0x000001A9,func,fn_1057CDAF
0x1057CF58,0x00000026,func,fn_1057CF58
0x1057CF7E,0x0000001C,func,fn_1057CF7E
0x1057CFA2,0x00000095,func,fn_1057CFA2
0x1057D037,0x000000AB,func,fn_1057D037
0x1057D0E2,0x000001DB,func,fn_1057D0E2
0x1057D2BD,0x000000B2,func,fn_1057D2BD
0x1057D36F,0x0000003A,func,fn_1057D36F
0x1057D3A9,0x00000114,func,fn_1057D3A9
0x1057D4BD,0x00000045,func,fn_1057D4BD
0x1057D502,0x000000F0,func,fn_1057D502
0x1057D5F2,0x000000B5,func,fn_1057D5F2
0x1057D6A7,0x00000068,func,fn_1057D6A7
0x1057D70F,0x00000046,func,fn_1057D70F
0x1057D755,0x00000085,func,fn_1057D755
0x1057D7DA,0x00000046,func,fn_1057D7DA
0x1057D820,0x000000D8,func,fn_1057D820
0x1057D8F8,0x00000045,func,fn_1057D8F8
0x1057DC39,0x00000039,func,fn_1057DC39
0x1057DEA4,0x0000007D,func,fn_1057DEA4
0x1057DF21,0x00000074,func,fn_1057DF21
0x1057DF95,0x00000059,func,fn_1057DF95
0x1057DFEE,0x0000005A,func,fn_1057DFEE
0x1057E048,0x00000053,func,fn_1057E048
0x1057E09B,0x0000003F,func,fn_1057E09B
0x1057E0EC,0x0000003D,func,fn_1057E0EC
0x1057E129,0x0000003C,func,fn_1057E129
0x1057E165,0x000000C5,func,fn_1057E165
0x1057E22A,0x00000428,func,fn_1057E22A
0x1057E652,0x00000258,func,fn_1057E652
0x1057E8AA,0x000003FB,func,fn_1057E8AA
0x1057ECA5,0x000001D2,func,fn_1057ECA5
0x1057EE77,0x000000A4,func,fn_1057EE77
0x1057EF1B,0x00000090,func,fn_1057EF1B
0x1057EFAB,0x00000059,func,fn_1057EFAB
0x1057F004,0x000000AE,func,fn_1057F004
0x1057F0B2,0x00000041,func,fn_1057F0B2
0x1057F0F3,0x00000042,func,fn_1057F0F3
0x1057F135,0x0000009A,func,fn_1057F135
0x1057F1CF,0x0000002A,func,fn_1057F1CF
0x1057F1F9,0x000000A0,func,fn_1057F1F9
0x1057F299,0x000000C0,func,fn_1057F299
0x1057F359,0x00000064,func,fn_1057F359
0x1057F3BD,0x000000B9,func,fn_1057F3BD
0x1057F476,0x00000031,func,fn_1057F476
0x1057F4A7,0x00000079,func,fn_1057F4A7
0x1057F520,0x00000064,func,fn_1057F520
0x1057F584,0x00000054,func,fn_1057F584
0x1057F5D8,0x0000004B,func,fn_1057F5D8
0x1057F623,0x000001BF,func,fn_1057F623
0x1057F7E2,0x00000110,func,fn_1057F7E2
0x1057F8F2,0x000000C1,func,fn_1057F8F2
0x1057F9B3,0x000000D4,func,fn_1057F9B3
0x1057FA87,0x00000028,func,fn_1057FA87
0x1057FAAF,0x00000043,func,fn_1057FAAF
0x1057FAF2,0x0000001C,func,fn_1057FAF2
0x1057FB0E,0x0000017A,func,fn_1057FB0E
0x1057FC88,0x000000B9,func,fn_1057FC88
0x1057FD41,0x00000009,func,fn_1057FD41
0x1057FD4A,0x0000070C,func,fn_1057FD4A
0x10580456,0x0000002A,func,fn_10580456
0x10580480,0x0000005F,func,fn_10580480
0x105804DF,0x000001E1,func,fn_105804DF
0x105806C0,0x00000016,func,fn_105806C0
0x105806D6,0x000000EC,func,fn_105806D6
0x105807C2,0x00000325,func,fn_105807C2
0x10580AE7,0x000001BC,func,fn_10580AE7
0x10580CA3,0x000001C0,func,fn_10580CA3
0x10580E63,0x0000018D,func,fn_10580E63
0x10580FF0,0x000002F5,func,fn_10580FF0
0x105812E5,0x00000054,func,fn_105812E5
0x10581339,0x0000011A,func,fn_10581339
0x10581453,0x00000079,func,fn_10581453
0x105814CC,0x00000383,func,fn_105814CC
0x1058184F,0x00000227,func,fn_1058184F
0x10581A76,0x000004E3,func,fn_10581A76
0x10581F59,0x000001AF,func,fn_10581F59
0x10582108,0x00000110,func,fn_10582108
0x10582218,0x000005C7,func,fn_10582218
0x105827DF,0x0000000C,func,fn_105827DF
0x105827EB,0x00000044,func,fn_105827EB
0x10582836,0x0000003C,func,fn_10582836
0x10582872,0x0000003F,func,fn_10582872
0x105828B1,0x0000004A,func,fn_105828B1
0x105828FB,0x00000036,func,fn_105828FB
0x10582931,0x0000002C,func,fn_10582931
0x1058295D,0x000000B3,func,fn_1058295D
0x10582A10,0x0000007F,func,fn_10582A10
0x10582A8F,0x00000041,func,fn_10582A8F
0x10582AD0,0x00000089,func,fn_10582AD0
0x10582B59,0x0000016B,func,fn_10582B59
0x10582CC4,0x0000005E,func,fn_10582CC4
0x10582D22,0x0000001B,func,fn_10582D22
0x10582D3D,0x00000019,func,fn_10582D3D
0x10582D56,0x0000006E,func,fn_10582D56
0x10582DC4,0x0000002D,func,fn_10582DC4
0x10582DF1,0x00000015,func,fn_10582DF1
0x10582E06,0x00000153,func,fn_10582E06
0x10582F59,0x0000004A,func,fn_10582F59
0x10582FA3,0x000000B0,func,fn_10582FA3
0x10583053,0x00000094,func,fn_10583053
0x105830E7,0x0000001C,func,fn_105830E7
0x10583103,0x00000019,func,fn_10583103
0x1058311C,0x00000024,func,fn_1058311C
0x10583140,0x00000021,func,fn_10583140
0x10583161,0x0000002B,func,fn_10583161
0x1058318C,0x000000E8,func,fn_1058318C
0x10583274,0x0000016F,func,fn_10583274
0x105833E3,0x000000B6,func,fn_105833E3
0x10583499,0x0000006B,func,fn_10583499
0x10583504,0x00000072,func,fn_10583504
0x10583576,0x000000EC,func,fn_10583576
0x10583662,0x00000056,func,fn_10583662
0x105836B8,0x000000E6,func,fn_105836B8
0x1058379E,0x000000B8,func,fn_1058379E
0x10583856,0x00000014,func,fn_10583856
0x1058386A,0x000000C0,func,fn_1058386A
0x1058392A,0x00000064,func,fn_1058392A
0x1058398E,0x000000DD,func,fn_1058398E
0x10583A6B,0x000001CC,func,fn_10583A6B
0x10583C37,0x00000047,func,fn_10583C37
0x10583C7E,0x000000C9,func,fn_10583C7E
0x10583D47,0x000001F6,func,fn_10583D47
0x10583F3D,0x00000151,func,fn_10583F3D
0x1058408E,0x00000140,func,fn_1058408E
0x105841CE,0x000002F1,func,fn_105841CE
0x105844BF,0x0000042D,func,fn_105844BF
0x105848EC,0x0000007D,func,fn_105848EC
0x10584969,0x000001B6,func,fn_10584969
0x10584B1F,0x0000003C,func,fn_10584B1F
0x10584B5B,0x00000036,func,fn_10584B5B
0x10584B91,0x00000038,func,fn_10584B91
0x10584BC9,0x00000017,func,fn_10584BC9
0x10584BE0,0x0000004B,func,fn_10584BE0
0x10584C2B,0x00000058,func,fn_10584C2B
0x10584C83,0x00000099,func,fn_10584C83
0x10584D1C,0x00000039,func,fn_10584D1C
0x10584D55,0x00000017,func,fn_10584D55
0x10584D6C,0x0000001F,func,fn_10584D6C
0x10584D8B,0x000000C6,func,fn_10584D8B
0x10584E51,0x0000004D,func,fn_10584E51
0x10584E9E,0x00000043,func,fn_10584E9E
0x10584EE1,0x00000052,func,fn_10584EE1
0x10584F41,0x000000A1,func,fn_10584F41
0x10584FE2,0x000000A2,func,fn_10584FE2
0x10585084,0x0000004B,func,fn_10585084
0x105850CF,0x00000133,func,fn_105850CF
0x10585202,0x0000006C,func,fn_10585202
0x1058526E,0x00000081,func,fn_1058526E
0x105852EF,0x00000058,func,fn_105852EF
0x10585347,0x00000087,func,fn_10585347
0x105853CE,0x000002A5,func,fn_105853CE
0x105857A0,0x0000012B,func,fn_105857A0
0x105858CB,0x0000001D,func,fn_105858CB
0x105858E8,0x00000040,func,fn_105858E8
0x10585928,0x00000035,func,fn_10585928
0x1058595D,0x0000002A,func,fn_1058595D
0x10585987,0x000001DF,func,fn_10585987
0x10585B66,0x00000020,func,fn_10585B66
0x10585B86,0x000000A6,func,fn_10585B86
0x10585C2C,0x000000E0,func,fn_10585C2C
0x10585D0C,0x00000022,func,fn_10585D0C
0x10585D2E,0x00000080,func,fn_10585D2E
0x10585DAE,0x0000009E,func,fn_10585DAE
0x10585E4C,0x0000041D,func,fn_10585E4C
0x10586269,0x0000001A,func,fn_10586269
0x10586283,0x0000004E,func,fn_10586283
0x105862D1,0x0000000D,func,fn_105862D1
0x105862DE,0x0000003C,func,fn_105862DE
0x1058631A,0x0000001B,func,fn_1058631A
0x10586335,0x00000067,func,fn_10586335
0x1058639C,0x0000003C,func,fn_1058639C
0x105863D8,0x00000042,func,fn_105863D8
0x1058641A,0x0000000C,func,fn_1058641A
0x10586426,0x000000A9,func,fn_10586426
0x105864CF,0x00000022,func,fn_105864CF
0x105864F1,0x00000015,func,fn_105864F1
0x10586506,0x00000087,func,fn_10586506
0x1058658D,0x000000DE,func,fn_1058658D
0x1058666B,0x00000076,func,fn_1058666B
0x105866E1,0x00000080,func,fn_105866E1
0x10586761,0x00000002,func,fn_10586761
0x10586773,0x0000008B,func,fn_10586773
0x105867FE,0x000000B9,func,fn_105867FE
0x105868B7,0x00000109,func,fn_105868B7
0x105869C0,0x00000026,func,fn_105869C0
0x105869E6,0x000000B2,func,fn_105869E6
0x10586A98,0x000000C6,func,fn_10586A98
0x10586B5E,0x000000A9,func,fn_10586B5E
0x10586C07,0x0000004A,func,fn_10586C07
0x10586C51,0x00000169,func,fn_10586C51
0x10586DBA,0x000001C6,func,fn_10586DBA
0x10586F80,0x00000164,func,fn_10586F80
0x105870E4,0x00000030,func,fn_105870E4
0x10587114,0x00000069,func,fn_10587114
0x1058717D,0x00000074,func,fn_1058717D
0x105871F1,0x0000005C,func,fn_105871F1
0x1058724D,0x00000057,func,fn_1058724D
0x105872A4,0x000000C9,func,fn_105872A4
0x1058736D,0x000000BA,func,fn_1058736D
0x10587427,0x000000A6,func,fn_10587427
0x105874CD,0x000000A5,func,fn_105874CD
0x10587628,0x0000002B,func,fn_10587628
0x10587653,0x00000529,func,fn_10587653
0x10587B7C,0x000002F8,func,fn_10587B7C
0x10587E74,0x0000002F,func,fn_10587E74
0x10587EA3,0x00000396,func,fn_10587EA3
0x10588239,0x00000110,func,fn_10588239
0x10588349,0x0000020D,func,fn_10588349
0x10588556,0x0000003C,func,fn_10588556
0x10588592,0x0000064D,func,fn_10588592
0x10588BDF,0x00000D65,func,fn_10588BDF
0x10589944,0x00000891,func,fn_10589944
0x1058A1D5,0x00000068,func,fn_1058A1D5
0x1058A23D,0x000001F8,func,fn_1058A23D
0x1058A435,0x00000022,func,fn_1058A435
0x1058A457,0x000000AE,func,fn_1058A457
0x1058A505,0x000001B2,func,fn_1058A505
0x1058A6B7,0x000000BC,func,fn_1058A6B7
0x1058A773,0x0000004F,func,fn_1058A773
0x1058A7C2,0x00000053,func,fn_1058A7C2
0x1058A815,0x00000054,func,fn_1058A815
0x1058A869,0x00000053,func,fn_1058A869
0x1058A94A,0x00000056,func,fn_1058A94A
0x1058A9A0,0x0000032C,func,fn_1058A9A0
0x1058ACCC,0x000000EE,func,fn_1058ACCC
0x1058ADBA,0x000000E3,func,fn_1058ADBA
0x1058AE9D,0x00000033,func,fn_1058AE9D
0x1058AED0,0x0000001E,func,fn_1058AED0
0x1058AEEE,0x000000A9,func,fn_1058AEEE
0x1058AF97,0x00000062,func,fn_1058AF97
0x1058AFF9,0x00000020,func,fn_1058AFF9
0x1058B019,0x0000007A,func,fn_1058B019
0x1058B093,0x00000015,func,fn_1058B093
0x1058B0A8,0x00000014,func,fn_1058B0A8
0x1058B0BC,0x0000001E,func,fn_1058B0BC
0x1058B0DA,0x00000032,func,fn_1058B0DA
0x1058B10C,0x00000040,func,fn_1058B10C
0x1058B14C,0x00000016,func,fn_1058B14C
0x1058B162,0x00000060,func,fn_1058B162
0x1058B1C2,0x0000002D,func,fn_1058B1C2
0x1058B1EF,0x000000D3,func,fn_1058B1EF
0x1058B2C2,0x00000093,func,fn_1058B2C2
0x1058B355,0x0000006D,func,fn_1058B355
0x1058B3C2,0x00000031,func,fn_1058B3C2
0x1058B3F3,0x00000026,func,fn_1058B3F3
0x1058B419,0x0000002F,func,fn_1058B419
0x1058B448,0x00000048,func,fn_1058B448
0x1058B490,0x0000006B,func,fn_1058B490
0x1058B4FB,0x00000027,func,fn_1058B4FB
0x1058B522,0x00000056,func,fn_1058B522
0x1058B578,0x00000033,func,fn_1058B578
0x1058B5AB,0x00000064,func,fn_1058B5AB
0x1058B60F,0x00000051,func,fn_1058B60F
0x1058B660,0x0000003D,func,fn_1058B660
0x1058B69D,0x00000027,func,fn_1058B69D
0x1058B6C4,0x00000077,func,fn_1058B6C4
0x1058B73B,0x0000004F,func,fn_1058B73B
0x1058B78A,0x00000029,func,fn_1058B78A
0x1058B7B3,0x00000060,func,fn_1058B7B3
0x1058B813,0x000002DF,func,fn_1058B813
0x1058BAF2,0x00000042,func,fn_1058BAF2
0x1058BB34,0x00000011,func,fn_1058BB34
0x1058BB45,0x00000176,func,fn_1058BB45
0x1058BCBB,0x00000041,func,fn_1058BCBB
0x1058BCFC,0x00000196,func,fn_1058BCFC
0x1058BE92,0x00000088,func,fn_1058BE92
0x1058BF1A,0x0000003E,func,fn_1058BF1A
0x1058BF58,0x00000058,func,fn_1058BF58
0x1058BFB0,0x000006DC,func,fn_1058BFB0
0x1058C68C,0x0000015A,func,fn_1058C68C
0x1058C7E6,0x00000079,func,fn_1058C7E6
0x1058C85F,0x000002B4,func,fn_1058C85F
0x1058CB13,0x00000108,func,fn_1058CB13
0x1058CC1B,0x00000AC6,func,fn_1058CC1B
0x1058D727,0x000006E8,func,fn_1058D727
0x1058DE0F,0x000007D6,func,fn_1058DE0F
0x1058E5E5,0x00000093,func,fn_1058E5E5
0x1058E678,0x000000BB,func,fn_1058E678
0x1058E733,0x000002D5,func,fn_1058E733
0x1058EA08,0x00000329,func,fn_1058EA08
0x1058ED31,0x0000017C,func,fn_1058ED31
0x1058EEAD,0x00000550,func,fn_1058EEAD
0x1058F3FD,0x00000126,func,fn_1058F3FD
0x1058F523,0x00000006,func,fn_1058F523
0x1058F60D,0x000000C1,func,fn_1058F60D
0x1058F7C4,0x000001B8,func,fn_1058F7C4
0x1058F97C,0x0000017E,func,fn_1058F97C
0x1058FAFB,0x00000098,func,fn_1058FAFB
0x1058FB93,0x00000112,func,fn_1058FB93
0x1058FCA5,0x000005DE,func,fn_1058FCA5
0x10590283,0x00000717,func,fn_10590283
0x1059099A,0x00000658,func,fn_1059099A
0x10590FF3,0x00001D4F,func,fn_10590FF3
0x10592D42,0x00000033,func,fn_10592D42
0x10592D75,0x00000155,func,fn_10592D75
0x10592ECA,0x00000229,func,fn_10592ECA
0x105930F3,0x00000183,func,fn_105930F3
0x10593276,0x00000022,func,fn_10593276
0x10593298,0x00000017,func,fn_10593298
0x105932AF,0x0000002B,func,fn_105932AF
0x105932DA,0x00000035,func,fn_105932DA
0x1059330F,0x0000002E,func,fn_1059330F
0x1059333D,0x00000036,func,fn_1059333D
0x10593373,0x00000020,func,fn_10593373
0x10593393,0x00000395,func,fn_10593393
0x10593A98,0x00000073,func,fn_10593A98
0x10593B0B,0x00000333,func,fn_10593B0B
0x10593E3E,0x00000019,func,fn_10593E3E
0x10593E57,0x00000011,func,fn_10593E57
0x10593E68,0x00000012,func,fn_10593E68
0x10593E7A,0x00000102,func,fn_10593E7A
0x10593F7C,0x00000045,func,fn_10593F7C
0x10593FC1,0x000000D4,func,fn_10593FC1
0x10594095,0x0000008E,func,fn_10594095
0x10594123,0x00000045,func,fn_10594123
0x10594168,0x0000001A,func,fn_10594168
0x10594182,0x00000021,func,fn_10594182
0x105941A3,0x0000001C,func,fn_105941A3
0x105941BF,0x0000009C,func,fn_105941BF
0x105944A5,0x00000148,func,fn_105944A5
0x105945ED,0x00000097,func,fn_105945ED
0x10594684,0x000000AB,func,fn_10594684
0x1059472F,0x000000B6,func,fn_1059472F
0x105947E5,0x000000BB,func,fn_105947E5
0x105948A0,0x000000D7,func,fn_105948A0
0x10594977,0x0000007E,func,fn_10594977
0x105949F5,0x00000072,func,fn_105949F5
0x10594A67,0x000000F0,func,fn_10594A67
0x10594B57,0x00000021,func,fn_10594B57
0x10594B78,0x000003A6,func,fn_10594B78
0x10594F1E,0x00000016,func,fn_10594F1E
0x10594F34,0x00000014,func,fn_10594F34
0x10594F48,0x00000009,func,fn_10594F48
0x10594F51,0x00000042,func,fn_10594F51
0x10594F93,0x00000029,func,fn_10594F93
0x10594FBC,0x00000068,func,fn_10594FBC
0x10595024,0x00000049,func,fn_10595024
0x1059506D,0x00000034,func,fn_1059506D
0x105950A1,0x000000B4,func,fn_105950A1
0x10595155,0x00000040,func,fn_10595155
0x10595195,0x0000005D,func,fn_10595195
0x105951F2,0x000000A4,func,fn_105951F2
0x10595296,0x00000081,func,fn_10595296
0x10595317,0x00000073,func,fn_10595317
0x1059538A,0x000000ED,func,fn_1059538A
0x10595477,0x0000002D,func,fn_10595477
0x105954A9,0x00000004,func,fn_105954A9
0x105954B2,0x00000037,func,fn_105954B2
0x105954E9,0x00000039,func,fn_105954E9
0x10595522,0x00000034,func,fn_10595522
0x10595556,0x00000019,func,fn_10595556
0x1059556F,0x00000010,func,fn_1059556F
0x1059557F,0x00000007,func,fn_1059557F
0x10595586,0x00000006,func,fn_10595586
0x1059558C,0x0000002D,func,fn_1059558C
0x105955B9,0x00000025,func,fn_105955B9
0x105955DE,0x00000034,func,fn_105955DE
0x10595651,0x00000040,func,fn_10595651
0x105956D1,0x0000003E,func,fn_105956D1
0x1059570F,0x00000060,func,fn_1059570F
0x1059576F,0x0000004D,func,fn_1059576F
0x105957BC,0x00000026,func,fn_105957BC
0x105957E2,0x00000023,func,fn_105957E2
0x10595805,0x00000044,func,fn_10595805
0x10595849,0x00000028,func,fn_10595849
0x10595871,0x00000077,func,fn_10595871
0x105958E8,0x00000021,func,fn_105958E8
0x10595909,0x0000005D,func,fn_10595909
0x10595966,0x00000077,func,fn_10595966
0x105959DD,0x00000064,func,fn_105959DD
0x10595A41,0x00000048,func,fn_10595A41
0x10595A89,0x00000012,func,fn_10595A89
0x10595A9B,0x00000037,func,fn_10595A9B
0x10595AD2,0x0000006E,func,fn_10595AD2
0x10595B51,0x0000003C,func,fn_10595B51
0x10595B8D,0x0000002B,func,fn_10595B8D
0x10595BB8,0x00000036,func,fn_10595BB8
0x10595BEE,0x0000002E,func,fn_10595BEE
0x10595C1C,0x0000001C,func,fn_10595C1C
0x10595C38,0x0000002E,func,fn_10595C38
0x10595C66,0x00000034,func,fn_10595C66
0x10595C9A,0x00000027,func,fn_10595C9A
0x10595CC1,0x0000034B,func,fn_10595CC1
0x1059600C,0x00000072,func,fn_1059600C
0x1059607E,0x000001EF,func,fn_1059607E
0x1059626D,0x00000018,func,fn_1059626D
0x10596285,0x00000054,func,fn_10596285
0x105962D9,0x00000055,func,fn_105962D9
0x1059632E,0x00000079,func,fn_1059632E
0x105963A7,0x000001AF,func,fn_105963A7
0x10596556,0x0000036C,func,fn_10596556
0x105968C2,0x0000002A,func,fn_105968C2
0x105968EC,0x00000024,func,fn_105968EC
0x10596951,0x00000025,func,fn_10596951
0x10596976,0x00000010,func,fn_10596976
0x10596986,0x000000CE,func,fn_10596986
0x10596A54,0x0000005E,func,fn_10596A54
0x10596AB2,0x000000BF,func,fn_10596AB2
0x10596B71,0x00000323,func,fn_10596B71
0x10596E94,0x00000040,func,fn_10596E94
0x10596EE0,0x00000062,func,fn_10596EE0
0x10596F42,0x00000024,func,fn_10596F42
0x10596F66,0x0000005C,func,fn_10596F66
0x10596FC2,0x00000020,func,fn_10596FC2
0x10596FE2,0x0000001A,func,fn_10596FE2
0x10596FFC,0x0000019E,func,fn_10596FFC
0x1059719A,0x000000CD,func,fn_1059719A
0x10597267,0x000000D3,func,fn_10597267
0x1059733A,0x0000011E,func,fn_1059733A
0x10597458,0x00000051,func,fn_10597458
0x105974B7,0x00000054,func,fn_105974B7
0x1059750B,0x00000106,func,fn_1059750B
0x10597611,0x000001DA,func,fn_10597611
0x105977EB,0x00000040,func,fn_105977EB
0x1059782B,0x00000080,func,fn_1059782B
0x105978B7,0x0000009E,func,fn_105978B7
0x10597955,0x00000097,func,fn_10597955
0x105979EC,0x00000103,func,fn_105979EC
0x10597AEF,0x00000011,func,fn_10597AEF
0x10597B00,0x00000403,func,fn_10597B00
0x10597F03,0x00000064,func,fn_10597F03
0x10597F67,0x00000226,func,fn_10597F67
0x1059818D,0x00000018,func,fn_1059818D
0x105981A5,0x0000005E,func,fn_105981A5
0x10598203,0x00000105,func,fn_10598203
0x10598308,0x000001AA,func,fn_10598308
0x105984B2,0x00000192,func,fn_105984B2
0x10598688,0x00000243,func,fn_10598688
0x105988CB,0x000000D3,func,fn_105988CB
0x1059899E,0x0000005F,func,fn_1059899E
0x105989FD,0x0000001D,func,fn_105989FD
0x10598A1A,0x00000042,func,fn_10598A1A
0x10598A5C,0x0000003A,func,fn_10598A5C
0x10598A96,0x00000012,func,fn_10598A96
0x10598AA8,0x0000000F,func,fn_10598AA8
0x10598AB7,0x00000020,func,fn_10598AB7
0x10598AD7,0x000000CA,func,fn_10598AD7
0x10598BA1,0x00000036,func,fn_10598BA1
0x10598BD7,0x0000007A,func,fn_10598BD7
0x10598C51,0x00000016,func,fn_10598C51
0x10598C67,0x00000022,func,fn_10598C67
0x10598C89,0x0000006B,func,fn_10598C89
0x10598CF4,0x00000059,func,fn_10598CF4
0x10598D4D,0x00000048,func,fn_10598D4D
0x10598D95,0x00000081,func,fn_10598D95
0x10598E16,0x0000002D,func,fn_10598E16
0x10598E43,0x0000020F,func,fn_10598E43
0x10599052,0x0000002F,func,fn_10599052
0x10599081,0x0000014A,func,fn_10599081
0x105991CB,0x0000080B,func,fn_105991CB
0x10599A12,0x00000029,func,fn_10599A12
0x10599A3B,0x00000027,func,fn_10599A3B
0x10599A62,0x000000C5,func,fn_10599A62
0x10599B27,0x00000026,func,fn_10599B27
0x10599B4D,0x00000022,func,fn_10599B4D
0x10599B6F,0x00000095,func,fn_10599B6F
0x10599C04,0x0000006A,func,fn_10599C04
0x10599C6E,0x00000089,func,fn_10599C6E
0x10599CF7,0x00000029,func,fn_10599CF7
0x10599D20,0x0000001C,func,fn_10599D20
0x10599D3C,0x0000002E,func,fn_10599D3C
0x10599D6A,0x0000005A,func,fn_10599D6A
0x10599DC4,0x0000001A,func,fn_10599DC4
0x10599DDE,0x00000028,func,fn_10599DDE
0x10599E06,0x00000027,func,fn_10599E06
0x10599E2D,0x0000001C,func,fn_10599E2D
0x10599E91,0x0000001A,func,fn_10599E91
0x10599EAB,0x0000001C,func,fn_10599EAB
0x10599EC7,0x00000063,func,fn_10599EC7
0x10599F2A,0x00000030,func,fn_10599F2A
0x10599F5A,0x0000001A,func,fn_10599F5A
0x10599F74,0x00000038,func,fn_10599F74
0x10599FAC,0x00000014,func,fn_10599FAC
0x10599FC0,0x00000023,func,fn_10599FC0
0x10599FE3,0x00000011,func,fn_10599FE3
0x10599FF4,0x00000015,func,fn_10599FF4
0x1059A009,0x00000076,func,fn_1059A009
0x1059A07F,0x00000050,func,fn_1059A07F
0x1059A0CF,0x00000092,func,fn_1059A0CF
0x1059A161,0x00000024,func,fn_1059A161
0x1059A185,0x0000002B,func,fn_1059A185
0x1059A1B0,0x0000003C,func,fn_1059A1B0
0x1059A1EC,0x00000043,func,fn_1059A1EC
0x1059A22F,0x00000055,func,fn_1059A22F
0x1059A284,0x00000039,func,fn_1059A284
0x1059A2BD,0x0000011F,func,fn_1059A2BD
0x1059A3DC,0x00000038,func,fn_1059A3DC
0x1059A414,0x00000080,func,fn_1059A414
0x1059A494,0x00000090,func,fn_1059A494
0x1059A524,0x000000A1,func,fn_1059A524
0x1059A5C5,0x000000E2,func,fn_1059A5C5
0x1059A6A7,0x00000051,func,fn_1059A6A7
0x1059A6F8,0x0000017E,func,fn_1059A6F8
0x1059A876,0x00000022,func,fn_1059A876
0x1059A898,0x000001B5,func,fn_1059A898
0x1059AA4D,0x00000047,func,fn_1059AA4D
0x1059AA94,0x00000009,func,fn_1059AA94
0x1059AA9E,0x00000073,func,fn_1059AA9E
0x1059AB11,0x0000004B,func,fn_1059AB11
0x1059AB5C,0x000000B8,func,fn_1059AB5C
0x1059AC14,0x0000003F,func,fn_1059AC14
0x1059AC53,0x00000030,func,fn_1059AC53
0x1059AC83,0x00000029,func,fn_1059AC83
0x1059ACAC,0x00000046,func,fn_1059ACAC
0x1059ACF2,0x000001B1,func,fn_1059ACF2
0x1059AEA3,0x00000067,func,fn_1059AEA3
0x1059AF0A,0x000000C2,func,fn_1059AF0A
0x1059AFCC,0x00000076,func,fn_1059AFCC
0x1059B042,0x000000BD,func,fn_1059B042
0x1059B0FF,0x000000F6,func,fn_1059B0FF
0x1059B1F5,0x000000A3,func,fn_1059B1F5
0x1059B298,0x0000007D,func,fn_1059B298
0x1059B316,0x00000036,func,fn_1059B316
0x1059B34C,0x00000067,func,fn_1059B34C
0x1059B3B3,0x00000032,func,fn_1059B3B3
0x1059B3E5,0x000000B9,func,fn_1059B3E5
0x1059B49E,0x000002AC,func,fn_1059B49E
0x1059B74A,0x00000069,func,fn_1059B74A
0x1059B7B3,0x0000002A,func,fn_1059B7B3
0x1059B7DD,0x00000003,func,fn_1059B7DD
0x1059B808,0x00000019,func,fn_1059B808
0x1059B821,0x00000138,func,fn_1059B821
0x1059B959,0x000000C1,func,fn_1059B959
0x1059BA1A,0x00000059,func,fn_1059BA1A
0x1059BA73,0x0000008C,func,fn_1059BA73
0x1059BAFF,0x0000006C,func,fn_1059BAFF
0x1059BB6B,0x000001BD,func,fn_1059BB6B
0x1059BD28,0x0000007A,func,fn_1059BD28
0x1059BDA2,0x0000010C,func,fn_1059BDA2
0x1059BEAE,0x00000074,func,fn_1059BEAE
0x1059BF22,0x00000045,func,fn_1059BF22
0x1059BF67,0x0000009A,func,fn_1059BF67
0x1059C001,0x0000004C,func,fn_1059C001
0x1059C04D,0x0000006D,func,fn_1059C04D
0x1059C0BA,0x00000033,func,fn_1059C0BA
0x1059C0ED,0x000000A4,func,fn_1059C0ED
0x1059C191,0x00000028,func,fn_1059C191
0x1059C1B9,0x0000004E,func,fn_1059C1B9
0x1059C207,0x00000036,func,fn_1059C207
0x1059C23D,0x0000003B,func,fn_1059C23D
0x1059C278,0x000000BF,func,fn_1059C278
0x1059C337,0x0000048C,func,fn_1059C337
0x1059C7C3,0x0000003D,func,fn_1059C7C3
0x1059C800,0x00000362,func,fn_1059C800
0x1059CB62,0x00000252,func,fn_1059CB62
0x1059CDB4,0x00000022,func,fn_1059CDB4
0x1059CDD6,0x00000008,func,fn_1059CDD6
0x1059CDDE,0x00000044,func,fn_1059CDDE
0x1059CE22,0x00000063,func,fn_1059CE22
0x1059CE85,0x00000040,func,fn_1059CE85
0x1059CEC5,0x00000014,func,fn_1059CEC5
0x1059CED9,0x00000019,func,fn_1059CED9
0x1059CEF2,0x00000074,func,fn_1059CEF2
0x1059CF66,0x00000029,func,fn_1059CF66
0x1059CF8F,0x00000038,func,fn_1059CF8F
0x1059CFC7,0x00000038,func,fn_1059CFC7
0x1059CFFF,0x00000027,func,fn_1059CFFF
0x1059D026,0x00000060,func,fn_1059D026
0x1059D086,0x00000016,func,fn_1059D086
0x1059D09C,0x00000027,func,fn_1059D09C
0x1059D0C3,0x0000002A,func,fn_1059D0C3
0x1059D0ED,0x0000022B,func,fn_1059D0ED
0x1059D318,0x00000187,func,fn_1059D318
0x1059D540,0x0000026D,func,fn_1059D540
0x1059D7AD,0x000000B1,func,fn_1059D7AD
0x1059D85E,0x0000010C,func,fn_1059D85E
0x1059D96A,0x0000002A,func,fn_1059D96A
0x1059D994,0x000000CF,func,fn_1059D994
0x1059DA63,0x000003EE,func,fn_1059DA63
0x1059DE51,0x00000052,func,fn_1059DE51
0x1059DEA3,0x0000001B,func,fn_1059DEA3
0x1059DEBE,0x00000038,func,fn_1059DEBE
0x1059DEF6,0x00000004,func,fn_1059DEF6
0x1059DF10,0x0000000B,func,fn_1059DF10
0x1059DF1B,0x00000041,func,fn_1059DF1B
0x1059DF5C,0x00000071,func,fn_1059DF5C
0x1059DFCD,0x00000027,func,fn_1059DFCD
0x1059DFF4,0x00000040,func,fn_1059DFF4
0x1059E034,0x00000049,func,fn_1059E034
0x1059E07D,0x00000060,func,fn_1059E07D
0x1059E0DD,0x0000002E,func,fn_1059E0DD
0x1059E129,0x00000026,func,fn_1059E129
0x1059E14F,0x0000001D,func,fn_1059E14F
0x1059E16C,0x0000004E,func,fn_1059E16C
0x1059E1BA,0x0000004A,func,fn_1059E1BA
0x1059E236,0x00000018,func,fn_1059E236
0x1059E24E,0x00000011,func,fn_1059E24E
0x1059E25F,0x00000014,func,fn_1059E25F
0x1059E273,0x0000001A,func,fn_1059E273
0x1059E28D,0x000000C4,func,fn_1059E28D
0x1059E351,0x000001EB,func,fn_1059E351
0x1059E579,0x0000008F,func,fn_1059E579
0x1059E608,0x00000004,func,fn_1059E608
0x1059E60C,0x00000007,func,fn_1059E60C
0x1059E613,0x0000008F,func,fn_1059E613
0x1059E6A2,0x0000000C,func,fn_1059E6A2
0x1059E6AE,0x0000000A,func,fn_1059E6AE
0x1059E6B8,0x0000000A,func,fn_1059E6B8
0x1059E6C2,0x00000022,func,fn_1059E6C2
0x1059E6E4,0x00000022,func,fn_1059E6E4
0x1059E706,0x00000019,func,fn_1059E706
0x1059E71F,0x00000016,func,fn_1059E71F
0x1059E735,0x0000001E,func,fn_1059E735
0x1059E753,0x0000007B,func,fn_1059E753
0x1059E7CE,0x0000003B,func,fn_1059E7CE
0x1059E809,0x0000005B,func,fn_1059E809
0x1059E864,0x0000002F,func,fn_1059E864
0x1059E893,0x0000000A,func,fn_1059E893
0x1059E8DC,0x00000053,func,fn_1059E8DC
0x1059E92F,0x0000001C,func,fn_1059E92F
0x1059E94B,0x00000032,func,fn_1059E94B
0x1059E97D,0x00000015,func,fn_1059E97D
0x1059E992,0x00000026,func,fn_1059E992
0x1059E9B8,0x00000017,func,fn_1059E9B8
0x1059E9CF,0x00000042,func,fn_1059E9CF
0x1059EA11,0x00000028,func,fn_1059EA11
0x1059EA39,0x00000027,func,fn_1059EA39
0x1059EA60,0x00000020,func,fn_1059EA60
0x1059EA80,0x00000020,func,fn_1059EA80
0x1059EAA0,0x0000002C,func,fn_1059EAA0
0x1059EACC,0x00000025,func,fn_1059EACC
0x1059EAF1,0x0000001E,func,fn_1059EAF1
0x1059EB0F,0x0000000F,func,fn_1059EB0F
0x1059EB1E,0x0000008C,func,fn_1059EB1E
0x1059EBAA,0x0000000F,func,fn_1059EBAA
0x1059EBB9,0x0000002D,func,fn_1059EBB9
0x1059EBE6,0x0000013B,func,fn_1059EBE6
0x1059ED21,0x0000004E,func,fn_1059ED21
0x1059ED6F,0x0000003A,func,fn_1059ED6F
0x1059EDA9,0x00000041,func,fn_1059EDA9
0x1059EDEA,0x0000001B,func,fn_1059EDEA
0x1059EE05,0x00000037,func,fn_1059EE05
0x1059EE3C,0x00000032,func,fn_1059EE3C
0x1059EE6E,0x0000004C,func,fn_1059EE6E
0x1059EEBA,0x00000022,func,fn_1059EEBA
0x1059EEDC,0x00000029,func,fn_1059EEDC
0x1059EF05,0x0000000F,func,fn_1059EF05
0x1059EF14,0x00000012,func,fn_1059EF14
0x1059EF26,0x00000011,func,fn_1059EF26
0x1059EF37,0x00000029,func,fn_1059EF37
0x1059EF60,0x0000003C,func,fn_1059EF60
0x1059EF9C,0x00000023,func,fn_1059EF9C
0x1059EFBF,0x0000001E,func,fn_1059EFBF
0x1059EFDD,0x00000040,func,fn_1059EFDD
0x1059F01D,0x000000A1,func,fn_1059F01D
0x1059F0BE,0x0000003D,func,fn_1059F0BE
0x1059F0FB,0x00000009,func,fn_1059F0FB
0x1059F105,0x00000061,func,fn_1059F105
0x1059F166,0x00000009,func,fn_1059F166
0x1059F170,0x0000003C,func,fn_1059F170
0x1059F1AC,0x00000009,func,fn_1059F1AC
0x1059F1B6,0x000000C6,func,fn_1059F1B6
0x1059F27C,0x00000029,func,fn_1059F27C
0x1059F2A5,0x00000070,func,fn_1059F2A5
0x1059F315,0x00000032,func,fn_1059F315
0x1059F347,0x00001096,func,fn_1059F347
0x105A03DD,0x00000051,func,fn_105A03DD
0x105A042E,0x00000069,func,fn_105A042E
0x105A0497,0x0000003A,func,fn_105A0497
0x105A04D1,0x00000047,func,fn_105A04D1
0x105A0518,0x00000009,func,fn_105A0518
0x105A0522,0x00000058,func,fn_105A0522
0x105A057A,0x0000002D,func,fn_105A057A
0x105A05A7,0x00000075,func,fn_105A05A7
0x105A061C,0x00000155,func,fn_105A061C
0x105A0771,0x000000A6,func,fn_105A0771
0x105A0817,0x00000031,func,fn_105A0817
0x105A0848,0x0000003A,func,fn_105A0848
0x105A0882,0x00000030,func,fn_105A0882
0x105A08B2,0x00000029,func,fn_105A08B2
0x105A08DB,0x0000001E,func,fn_105A08DB
0x105A08F9,0x00000017,func,fn_105A08F9
0x105A0910,0x0000004F,func,fn_105A0910
0x105A095F,0x0000002D,func,fn_105A095F
0x105A098C,0x0000018A,func,fn_105A098C
0x105A0B16,0x0000004F,func,fn_105A0B16
0x105A0B65,0x00000055,func,fn_105A0B65
0x105A0CA6,0x00000037,func,fn_105A0CA6
0x105A0CDD,0x0000003B,func,fn_105A0CDD
0x105A0D18,0x00000022,func,fn_105A0D18
0x105A0D3A,0x0000002F,func,fn_105A0D3A
0x105A0D69,0x0000002C,func,fn_105A0D69
0x105A0D95,0x00000111,func,fn_105A0D95
0x105A0EA6,0x0000000E,func,fn_105A0EA6
0x105A0F0A,0x00000052,func,fn_105A0F0A
0x105A0F5C,0x000000C9,func,fn_105A0F5C
0x105A1025,0x0000001A,func,fn_105A1025
0x105A103F,0x00000017,func,fn_105A103F
0x105A1056,0x00000043,func,fn_105A1056
0x105A1099,0x00000059,func,fn_105A1099
0x105A10F2,0x00000034,func,fn_105A10F2
0x105A1126,0x00000027,func,fn_105A1126
0x105A114D,0x00000077,func,fn_105A114D
0x105A11C4,0x0000006C,func,fn_105A11C4
0x105A1230,0x00000018,func,fn_105A1230
0x105A1248,0x00000059,func,fn_105A1248
0x105A12A1,0x00000089,func,fn_105A12A1
0x105A132A,0x00000084,func,fn_105A132A
0x105A13AE,0x00000065,func,fn_105A13AE
0x105A1413,0x00000090,func,fn_105A1413
0x105A14A4,0x0000000A,func,fn_105A14A4
0x105A14AE,0x00000013,func,fn_105A14AE
0x105A14C2,0x00000011,func,fn_105A14C2
0x105A14D4,0x00000084,func,fn_105A14D4
0x105A1558,0x0000003D,func,fn_105A1558
0x105A1595,0x0000002F,func,fn_105A1595
0x105A15C4,0x00000009,func,fn_105A15C4
0x105A15CE,0x0000001D,func,fn_105A15CE
0x105A15EB,0x0000001B,func,fn_105A15EB
0x105A1606,0x0000001B,func,fn_105A1606
0x105A1621,0x00000193,func,fn_105A1621
0x105A17B4,0x0000003D,func,fn_105A17B4
0x105A17F1,0x00000020,func,fn_105A17F1
0x105A1811,0x00000019,func,fn_105A1811
0x105A182A,0x00000017,func,fn_105A182A
0x105A1841,0x00000124,func,fn_105A1841
0x105A1965,0x00000038,func,fn_105A1965
0x105A199D,0x00000037,func,fn_105A199D
0x105A19D4,0x00000046,func,fn_105A19D4
0x105A1A1A,0x000000A2,func,fn_105A1A1A
0x105A1ABC,0x00000029,func,fn_105A1ABC
0x105A1AE5,0x00000006,func,fn_105A1AE5
0x105A1AEB,0x000000B0,func,fn_105A1AEB
0x105A1B9B,0x0000001C,func,fn_105A1B9B
0x105A1BB7,0x00000022,func,fn_105A1BB7
0x105A1BD9,0x00000051,func,fn_105A1BD9
0x105A1C2A,0x00000115,func,fn_105A1C2A
0x105A1D4D,0x0000001A,func,fn_105A1D4D
0x105A1D7C,0x00000015,func,fn_105A1D7C
0x105A1D91,0x0000001F,func,fn_105A1D91
0x105A1DB0,0x00000066,func,fn_105A1DB0
0x105A1E16,0x00000059,func,fn_105A1E16
0x105A1E6F,0x0000004F,func,fn_105A1E6F
0x105A1EBE,0x00000014,func,fn_105A1EBE
0x105A1ED2,0x0000007F,func,fn_105A1ED2
0x105A1F51,0x00000031,func,fn_105A1F51
0x105A1F82,0x0000004F,func,fn_105A1F82
0x105A1FD1,0x00000086,func,fn_105A1FD1
0x105A2057,0x0000000B,func,fn_105A2057
0x105A2062,0x00000038,func,fn_105A2062
0x105A209A,0x0000002A,func,fn_105A209A
0x105A20C4,0x00000028,func,fn_105A20C4
0x105A20EC,0x00000021,func,fn_105A20EC
0x105A2291,0x00000014,func,fn_105A2291
0x105A22A5,0x0000002C,func,fn_105A22A5
0x105A22D1,0x00000016,func,fn_105A22D1
0x105A22E7,0x00000048,func,fn_105A22E7
0x105A232F,0x00000045,func,fn_105A232F
0x105A2374,0x00000094,func,fn_105A2374
0x105A2408,0x0000003B,func,fn_105A2408
0x105A2443,0x00000026,func,fn_105A2443
0x105A2469,0x00000087,func,fn_105A2469
0x105A259A,0x000002CC,func,fn_105A259A
0x105A2983,0x0000010C,func,fn_105A2983
0x105A2A8F,0x00000181,func,fn_105A2A8F
0x105A2CB3,0x00000088,func,fn_105A2CB3
0x105A2F2D,0x000000F7,func,fn_105A2F2D
0x105A3061,0x00000077,func,fn_105A3061
0x105A3136,0x00000041,func,fn_105A3136
0x105A323F,0x00000B5F,func,fn_105A323F
0x105A3D9E,0x000000AD,func,fn_105A3D9E
0x105A3E4C,0x00000031,func,fn_105A3E4C
0x105A3E8E,0x0000002A,func,fn_105A3E8E
0x105A3ED2,0x00000021,func,fn_105A3ED2
0x105A3EF3,0x00000161,func,fn_105A3EF3
0x105A4090,0x00000045,func,fn_105A4090
0x105A40D5,0x00000045,func,fn_105A40D5
0x105A411A,0x00000167,func,fn_105A411A
0x105A4281,0x00000073,func,fn_105A4281
0x105A42F4,0x00000079,func,fn_105A42F4
0x105A436D,0x00000048,func,fn_105A436D
0x105A43B5,0x00000020,func,fn_105A43B5
0x105A43D5,0x0000003A,func,fn_105A43D5
0x105A440F,0x00000054,func,fn_105A440F
0x105A4463,0x0000004B,func,fn_105A4463
0x105A44AE,0x00000038,func,fn_105A44AE
0x105A44E6,0x0000002C,func,fn_105A44E6
0x105A4512,0x0000002C,func,fn_105A4512
0x105A453E,0x0000010C,func,fn_105A453E
0x105A464A,0x0000005B,func,fn_105A464A
0x105A46A5,0x00000016,func,fn_105A46A5
0x105A46BB,0x00000054,func,fn_105A46BB
0x105A470F,0x0000008F,func,fn_105A470F
0x105A479E,0x00000126,func,fn_105A479E
0x105A48C4,0x00000057,func,fn_105A48C4
0x105A491B,0x00000036,func,fn_105A491B
0x105A4951,0x0000001F,func,fn_105A4951
0x105A4970,0x00000029,func,fn_105A4970
0x105A4999,0x00000060,func,fn_105A4999
0x105A49F9,0x000000A9,func,fn_105A49F9
0x105A4AA2,0x000000AF,func,fn_105A4AA2
0x105A4B51,0x0000004B,func,fn_105A4B51
0x105A4B9C,0x00000047,func,fn_105A4B9C
0x105A4BE3,0x00000068,func,fn_105A4BE3
0x105A4C4B,0x00000203,func,fn_105A4C4B
0x105A4E4E,0x0000004E,func,fn_105A4E4E
0x105A4E9C,0x00000088,func,fn_105A4E9C
0x105A4F24,0x00000081,func,fn_105A4F24
0x105A4FA5,0x00000059,func,fn_105A4FA5
0x105A4FFE,0x0000003C,func,fn_105A4FFE
0x105A503A,0x0000008A,func,fn_105A503A
0x105A50C4,0x000001B5,func,fn_105A50C4
0x105A5281,0x00000056,func,fn_105A5281
0x105A52D7,0x00000027,func,fn_105A52D7
0x105A52FE,0x00000031,func,fn_105A52FE
0x105A532F,0x00000065,func,fn_105A532F
0x105A5394,0x0000002F,func,fn_105A5394
0x105A53C3,0x00000060,func,fn_105A53C3
0x105A5423,0x0000019F,func,fn_105A5423
0x105A55C2,0x00000084,func,fn_105A55C2
0x105A5646,0x000000D1,func,fn_105A5646
0x105A5717,0x0000005C,func,fn_105A5717
0x105A5773,0x00000037,func,fn_105A5773
0x105A57AA,0x00000029,func,fn_105A57AA
0x105A57D3,0x00000071,func,fn_105A57D3
0x105A5844,0x0000008F,func,fn_105A5844
0x105A58D3,0x00000078,func,fn_105A58D3
0x105A594B,0x000000FA,func,fn_105A594B
0x105A5A45,0x000001A4,func,fn_105A5A45
0x105A5BE9,0x0000014D,func,fn_105A5BE9
0x105A5D36,0x00000104,func,fn_105A5D36
0x105A5E3A,0x0000009B,func,fn_105A5E3A
0x105A5ED5,0x000000B6,func,fn_105A5ED5
0x105A5F8B,0x00000117,func,fn_105A5F8B
0x105A60A2,0x00000086,func,fn_105A60A2
0x105A6128,0x000000CF,func,fn_105A6128
0x105A61F7,0x0000009A,func,fn_105A61F7
0x105A6291,0x0000016E,func,fn_105A6291
0x105A63FF,0x000004D6,func,fn_105A63FF
0x105A68D5,0x0000033B,func,fn_105A68D5
0x105A6C10,0x0000000F,func,fn_105A6C10
0x105A6C1F,0x00000013,func,fn_105A6C1F
0x105A6C32,0x000000E5,func,fn_105A6C32
0x105A6D17,0x00000244,func,fn_105A6D17
0x105A6F5B,0x0000003A,func,fn_105A6F5B
0x105A6F95,0x000000A2,func,fn_105A6F95
0x105A7037,0x00000217,func,fn_105A7037
0x105A724E,0x0000026F,func,fn_105A724E
0x105A74BD,0x00000062,func,fn_105A74BD
0x105A751F,0x000001A6,func,fn_105A751F
0x105A76C5,0x0000006F,func,fn_105A76C5
0x105A7734,0x00000082,func,fn_105A7734
0x105A77B6,0x0000006C,func,fn_105A77B6
0x105A7822,0x000000BD,func,fn_105A7822
0x105A78DF,0x000000DD,func,fn_105A78DF
0x105A79BC,0x00000064,func,fn_105A79BC
0x105A7A20,0x000002BC,func,fn_105A7A20
0x105A7CDC,0x00000163,func,fn_105A7CDC
0x105A7E3F,0x0000042D,func,fn_105A7E3F
0x105A826C,0x00000051,func,fn_105A826C
0x105A82BD,0x00000009,func,fn_105A82BD
0x105A82C7,0x0000002D,func,fn_105A82C7
0x105A82F4,0x0000004F,func,fn_105A82F4
0x105A8343,0x0000002E,func,fn_105A8343
0x105A8371,0x0000027C,func,fn_105A8371
0x105A85ED,0x00000023,func,fn_105A85ED
0x105A8610,0x000002EC,func,fn_105A8610
0x105A88FC,0x00000367,func,fn_105A88FC
0x105A8C63,0x00000375,func,fn_105A8C63
0x105A8FD8,0x00000073,func,fn_105A8FD8
0x105A904B,0x000002EF,func,fn_105A904B
0x105A933A,0x00000301,func,fn_105A933A
0x105A9670,0x0000009F,func,fn_105A9670
0x105A970F,0x00000063,func,fn_105A970F
0x105A9772,0x00000105,func,fn_105A9772
0x105A9877,0x00000273,func,fn_105A9877
0x105A9AEB,0x000000C8,func,fn_105A9AEB
0x105A9BB3,0x0000009C,func,fn_105A9BB3
0x105A9C4F,0x000000B1,func,fn_105A9C4F
0x105A9D00,0x00000134,func,fn_105A9D00
0x105A9E34,0x000003CE,func,fn_105A9E34
0x105AA202,0x00000094,func,fn_105AA202
0x105AA296,0x000002AF,func,fn_105AA296
0x105AA545,0x0000077C,func,fn_105AA545
0x105AACC1,0x00000138,func,fn_105AACC1
0x105AADF9,0x0000007C,func,fn_105AADF9
0x105AAE75,0x00000019,func,fn_105AAE75
0x105AAEA2,0x00000405,func,fn_105AAEA2
0x105AB2A7,0x000000A0,func,fn_105AB2A7
0x105AB347,0x00000059,func,fn_105AB347
0x105AB3A0,0x00000113,func,fn_105AB3A0
0x105AB4B3,0x0000025D,func,fn_105AB4B3
0x105AB710,0x00000145,func,fn_105AB710
0x105AB855,0x0000008A,func,fn_105AB855
0x105AB8DF,0x000001BF,func,fn_105AB8DF
0x105ABA9E,0x000001BF,func,fn_105ABA9E
0x105ABC5D,0x0000003A,func,fn_105ABC5D
0x105ABF13,0x0000001F,func,fn_105ABF13
0x105ABF32,0x000000D0,func,fn_105ABF32
0x105AC002,0x0000001E,func,fn_105AC002
0x105AC077,0x00000142,func,fn_105AC077
0x105AC1B9,0x000008CF,func,fn_105AC1B9
0x105ACAEF,0x00000015,func,fn_105ACAEF
0x105ACB04,0x00000005,func,fn_105ACB04
0x105ACB09,0x0000003B,func,fn_105ACB09
0x105ACB44,0x00000265,func,fn_105ACB44
0x105ACDA9,0x0000005B,func,fn_105ACDA9
0x105ACE04,0x00000026,func,fn_105ACE04
0x105ACE2A,0x00000026,func,fn_105ACE2A
0x105ACE50,0x00000014,func,fn_105ACE50
0x105ACE64,0x00000021,func,fn_105ACE64
0x105ACE85,0x00000021,func,fn_105ACE85
0x105ACEA6,0x00000020,func,fn_105ACEA6
0x105ACEC6,0x00000021,func,fn_105ACEC6
0x105ACEE7,0x0000004F,func,fn_105ACEE7
0x105ACF36,0x0000001D,func,fn_105ACF36
0x105ACF53,0x00000252,func,fn_105ACF53
0x105AD1A5,0x00000066,func,fn_105AD1A5
0x105AD20B,0x0000002E,func,fn_105AD20B
0x105AD239,0x0000005B,func,fn_105AD239
0x105AD294,0x00000039,func,fn_105AD294
0x105AD2CD,0x0000002D,func,fn_105AD2CD
0x105AD2FA,0x000000A4,func,fn_105AD2FA
0x105AD39E,0x00000035,func,fn_105AD39E
0x105AD3D3,0x0000001D,func,fn_105AD3D3
0x105AD3F0,0x0000001A,func,fn_105AD3F0
0x105AD40A,0x00000018,func,fn_105AD40A
0x105AD422,0x0000001C,func,fn_105AD422
0x105AD43E,0x0000008C,func,fn_105AD43E
0x105AD4CA,0x00000078,func,fn_105AD4CA
0x105AD542,0x0000042D,func,fn_105AD542
0x105AD96F,0x0000010F,func,fn_105AD96F
0x105ADA7E,0x000000DB,func,fn_105ADA7E
0x105ADB59,0x00000022,func,fn_105ADB59
0x105ADB7B,0x00000121,func,fn_105ADB7B
0x105ADC9C,0x0000007B,func,fn_105ADC9C
0x105ADD17,0x00000046,func,fn_105ADD17
0x105ADD5D,0x0000004F,func,fn_105ADD5D
0x105ADDAC,0x000000D2,func,fn_105ADDAC
0x105ADE7E,0x00000083,func,fn_105ADE7E
0x105ADF01,0x00000053,func,fn_105ADF01
0x105ADF54,0x0000006F,func,fn_105ADF54
0x105ADFC3,0x00000002,func,fn_105ADFC3
0x105ADFDA,0x0000000F,func,fn_105ADFDA
0x105ADFE9,0x00000026,func,fn_105ADFE9
0x105AE00F,0x00000061,func,fn_105AE00F
0x105AE070,0x00000035,func,fn_105AE070
0x105AE0A5,0x00000052,func,fn_105AE0A5
0x105AE0F7,0x00000086,func,fn_105AE0F7
0x105AE17D,0x000001EA,func,fn_105AE17D
0x105AE367,0x000000A3,func,fn_105AE367
0x105AE40A,0x00000076,func,fn_105AE40A
0x105AE480,0x000001A8,func,fn_105AE480
0x105AE628,0x00000035,func,fn_105AE628
0x105AE65D,0x00000084,func,fn_105AE65D
0x105AE6E1,0x00000134,func,fn_105AE6E1
0x105AE815,0x000000FE,func,fn_105AE815
0x105AE913,0x0000005F,func,fn_105AE913
0x105AE972,0x00000102,func,fn_105AE972
0x105AEA74,0x00000013,func,fn_105AEA74
0x105AEA87,0x000000F4,func,fn_105AEA87
0x105AEB7B,0x00000101,func,fn_105AEB7B
0x105AEE5B,0x00000092,func,fn_105AEE5B
0x105AEEED,0x00000071,func,fn_105AEEED
0x105AEF5E,0x0000004B,func,fn_105AEF5E
0x105AEFA9,0x0000005D,func,fn_105AEFA9
0x105AF006,0x000001D1,func,fn_105AF006
0x105AF1D7,0x00000061,func,fn_105AF1D7
0x105AF238,0x00000219,func,fn_105AF238
0x105AF451,0x000001DD,func,fn_105AF451
0x105AF62E,0x00000188,func,fn_105AF62E
0x105AF7B6,0x000001A9,func,fn_105AF7B6
0x105AF95F,0x000000EC,func,fn_105AF95F
0x105AFA4B,0x000000A2,func,fn_105AFA4B
0x105AFAED,0x000002F4,func,fn_105AFAED
0x105AFDE1,0x00000070,func,fn_105AFDE1
0x105AFE51,0x00000050,func,fn_105AFE51
0x105AFEA1,0x00000041,func,fn_105AFEA1
0x105AFEE2,0x00000103,func,fn_105AFEE2
0x105AFFE5,0x0000000C,func,fn_105AFFE5
0x105AFFF1,0x000000A4,func,fn_105AFFF1
0x105B0095,0x00000204,func,fn_105B0095
0x105B0299,0x0000007F,func,fn_105B0299
0x105B0318,0x00000084,func,fn_105B0318
0x105B039C,0x000000C1,func,fn_105B039C
0x105B045D,0x0000007E,func,fn_105B045D
0x105B04DB,0x00000045,func,fn_105B04DB
0x105B0520,0x000000A2,func,fn_105B0520
0x105B05C2,0x000000C2,func,fn_105B05C2
0x105B0684,0x0000043B,func,fn_105B0684
0x105B0ABF,0x000000A0,func,fn_105B0ABF
0x105B0B5F,0x00000022,func,fn_105B0B5F
0x105B0B81,0x0000046B,func,fn_105B0B81
0x105B0FEC,0x000000E0,func,fn_105B0FEC
0x105B10CC,0x000000B3,func,fn_105B10CC
0x105B117F,0x00000282,func,fn_105B117F
0x105B1401,0x00000215,func,fn_105B1401
0x105B1616,0x00000701,func,fn_105B1616
0x105B1D17,0x00000045,func,fn_105B1D17
0x105B1D5C,0x0000004C,func,fn_105B1D5C
0x105B1DA8,0x00000092,func,fn_105B1DA8
0x105B1E3A,0x00000024,func,fn_105B1E3A
0x105B1E5E,0x0000179F,func,fn_105B1E5E
0x105B35FD,0x000002B2,func,fn_105B35FD
0x105B38AF,0x000003BD,func,fn_105B38AF
0x105B3C6C,0x0000000D,func,fn_105B3C6C
0x105B3C79,0x0000004C,func,fn_105B3C79
0x105B3CC5,0x0000002F,func,fn_105B3CC5
0x105B3CF4,0x000000A2,func,fn_105B3CF4
0x105B3D96,0x0000000C,func,fn_105B3D96
0x105B3DA2,0x000000EA,func,fn_105B3DA2
0x105B3E8C,0x00000079,func,fn_105B3E8C
0x105B3F05,0x0000005D,func,fn_105B3F05
0x105B3F62,0x00000016,func,fn_105B3F62
0x105B3F78,0x00000019,func,fn_105B3F78
0x105B3F91,0x00000018,func,fn_105B3F91
0x105B3FA9,0x00000023,func,fn_105B3FA9
0x105B3FE9,0x0000001C,func,fn_105B3FE9
0x105B4005,0x00000015,func,fn_105B4005
0x105B401A,0x0000004C,func,fn_105B401A
0x105B4066,0x00000066,func,fn_105B4066
0x105B40CC,0x00000040,func,fn_105B40CC
0x105B410C,0x0000002D,func,fn_105B410C
0x105B4139,0x00000019,func,fn_105B4139
0x105B4152,0x00000026,func,fn_105B4152
0x105B4178,0x00000076,func,fn_105B4178
0x105B41EE,0x00000091,func,fn_105B41EE
0x105B427F,0x00000032,func,fn_105B427F
0x105B42B1,0x0000008C,func,fn_105B42B1
0x105B433D,0x000001CD,func,fn_105B433D
0x105B450A,0x00000091,func,fn_105B450A
0x105B459B,0x00000035,func,fn_105B459B
0x105B45D0,0x00000041,func,fn_105B45D0
0x105B4611,0x00000026,func,fn_105B4611
0x105B4637,0x0000000E,func,fn_105B4637
0x105B4645,0x0000002A,func,fn_105B4645
0x105B466F,0x0000002F,func,fn_105B466F
0x105B469E,0x0000002A,func,fn_105B469E
0x105B46C8,0x0000000C,func,fn_105B46C8
0x105B46D4,0x00000007,func,fn_105B46D4
0x105B46DB,0x0000000C,func,fn_105B46DB
0x105B46E7,0x00000008,func,fn_105B46E7
0x105B46EF,0x0000001D,func,fn_105B46EF
0x105B470C,0x00000038,func,fn_105B470C
0x105B4744,0x00000051,func,fn_105B4744
0x105B4795,0x00000022,func,fn_105B4795
0x105B47B7,0x00000024,func,fn_105B47B7
0x105B47DB,0x0000006C,func,fn_105B47DB
0x105B4847,0x0000007B,func,fn_105B4847
0x105B48C2,0x0000001C,func,fn_105B48C2
0x105B48DE,0x000000C0,func,fn_105B48DE
0x105B499E,0x00000044,func,fn_105B499E
0x105B49E2,0x00000005,func,fn_105B49E2
0x105B49FA,0x00000018,func,fn_105B49FA
0x105B4A12,0x00000083,func,fn_105B4A12
0x105B4A95,0x0000002E,func,fn_105B4A95
0x105B4AC3,0x00000082,func,fn_105B4AC3
0x105B4B45,0x00000046,func,fn_105B4B45
0x105B4B8B,0x0000004D,func,fn_105B4B8B
0x105B4BD8,0x00000095,func,fn_105B4BD8
0x105B4C6D,0x0000008A,func,fn_105B4C6D
0x105B4CF7,0x0000001C,func,fn_105B4CF7
0x105B4D13,0x00000022,func,fn_105B4D13
0x105B4D35,0x00000023,func,fn_105B4D35
0x105B4D58,0x0000003B,func,fn_105B4D58
0x105B4D93,0x00000023,func,fn_105B4D93
0x105B4DB6,0x000000A3,func,fn_105B4DB6
0x105B4E59,0x00000100,func,fn_105B4E59
0x105B4F59,0x0000004F,func,fn_105B4F59
0x105B4FA8,0x00000027,func,fn_105B4FA8
0x105B4FCF,0x00000015,func,fn_105B4FCF
0x105B4FE4,0x000000FE,func,fn_105B4FE4
0x105B50E2,0x00000080,func,fn_105B50E2
0x105B5162,0x00000102,func,fn_105B5162
0x105B5264,0x000000A2,func,fn_105B5264
0x105B5306,0x0000005C,func,fn_105B5306
0x105B5362,0x00000105,func,fn_105B5362
0x105B555F,0x0000001C,func,fn_105B555F
0x105B557B,0x000001B1,func,fn_105B557B
0x105B572C,0x00000068,func,fn_105B572C
0x105B5794,0x000000D5,func,fn_105B5794
0x105B5869,0x00000091,func,fn_105B5869
0x105B58FA,0x0000031E,func,fn_105B58FA
0x105B5C18,0x00000022,func,fn_105B5C18
0x105B5C3A,0x0000001C,func,fn_105B5C3A
0x105B5C56,0x00000027,func,fn_105B5C56
0x105B5C7D,0x00000044,func,fn_105B5C7D
0x105B5CC1,0x00000022,func,fn_105B5CC1
0x105B5CE3,0x00000030,func,fn_105B5CE3
0x105B5D13,0x000000D7,func,fn_105B5D13
0x105B5DEA,0x00000021,func,fn_105B5DEA
0x105B5E0B,0x00000021,func,fn_105B5E0B
0x105B5E2C,0x0000002E,func,fn_105B5E2C
0x105B5E5A,0x0000002E,func,fn_105B5E5A
0x105B5E88,0x00000045,func,fn_105B5E88
0x105B5FFD,0x0000004D,func,fn_105B5FFD
0x105B604A,0x000000BA,func,fn_105B604A
0x105B6104,0x0000007B,func,fn_105B6104
0x105B617F,0x00000088,func,fn_105B617F
0x105B6207,0x0000008A,func,fn_105B6207
0x105B6291,0x000003B0,func,fn_105B6291
0x105B6641,0x0000007D,func,fn_105B6641
0x105B66BE,0x0000002C,func,fn_105B66BE
0x105B66EA,0x0000003B,func,fn_105B66EA
0x105B6725,0x00000053,func,fn_105B6725
0x105B6778,0x000000DF,func,fn_105B6778
0x105B6857,0x0000004C,func,fn_105B6857
0x105B68A3,0x00000115,func,fn_105B68A3
0x105B69B8,0x00000150,func,fn_105B69B8
0x105B6B08,0x0000017F,func,fn_105B6B08
0x105B6C87,0x00000082,func,fn_105B6C87
0x105B6D09,0x00000055,func,fn_105B6D09
0x105B6D5E,0x00000057,func,fn_105B6D5E
0x105B6DB5,0x00000111,func,fn_105B6DB5
0x105B6EC6,0x00000020,func,fn_105B6EC6
0x105B6EE6,0x00000026,func,fn_105B6EE6
0x105B6F0C,0x00000120,func,fn_105B6F0C
0x105B702C,0x00000012,func,fn_105B702C
0x105B703E,0x000000AD,func,fn_105B703E
0x105B70EB,0x0000002D,func,fn_105B70EB
0x105B7118,0x00000024,func,fn_105B7118
0x105B713C,0x0000001B,func,fn_105B713C
0x105B7157,0x00000191,func,fn_105B7157
0x105B7311,0x00000142,func,fn_105B7311
0x105B7453,0x00000016,func,fn_105B7453
0x105B7469,0x0000007B,func,fn_105B7469
0x105B74E4,0x000001F8,func,fn_105B74E4
0x105B76DC,0x00000059,func,fn_105B76DC
0x105B7735,0x00000141,func,fn_105B7735
0x105B7876,0x00000023,func,fn_105B7876
0x105B7899,0x00000919,func,fn_105B7899
0x105B81B2,0x000000FA,func,fn_105B81B2
0x105B82AC,0x00000048,func,fn_105B82AC
0x105B82F4,0x00000017,func,fn_105B82F4
0x105B830B,0x00000003,func,fn_105B830B
0x105B835A,0x0000003A,func,fn_105B835A
0x105B8394,0x0000005B,func,fn_105B8394
0x105B83EF,0x00000026,func,fn_105B83EF
0x105B8415,0x00000027,func,fn_105B8415
0x105B843C,0x0000000F,func,fn_105B843C
0x105B844B,0x0000001E,func,fn_105B844B
0x105B8469,0x0000002C,func,fn_105B8469
0x105B8495,0x00000043,func,fn_105B8495
0x105B84D8,0x00000043,func,fn_105B84D8
0x105B851B,0x00000043,func,fn_105B851B
0x105B855E,0x00000058,func,fn_105B855E
0x105B85B6,0x0000004D,func,fn_105B85B6
0x105B8603,0x00000074,func,fn_105B8603
0x105B8677,0x00000016,func,fn_105B8677
0x105B868D,0x00000016,func,fn_105B868D
0x105B86A3,0x00000045,func,fn_105B86A3
0x105B86E8,0x00000035,func,fn_105B86E8
0x105B871D,0x0000002B,func,fn_105B871D
0x105B8748,0x00000049,func,fn_105B8748
0x105B8791,0x0000001D,func,fn_105B8791
0x105B87AE,0x000000A8,func,fn_105B87AE
0x105B8856,0x00000004,func,fn_105B8856
0x105B8870,0x00000008,func,fn_105B8870
0x105B8878,0x00000026,func,fn_105B8878
0x105B889E,0x0000002B,func,fn_105B889E
0x105B88C9,0x00000028,func,fn_105B88C9
0x105B88F1,0x00000039,func,fn_105B88F1
0x105B892A,0x0000001F,func,fn_105B892A
0x105B8949,0x00000030,func,fn_105B8949
0x105B8979,0x0000001F,func,fn_105B8979
0x105B8998,0x00000096,func,fn_105B8998
0x105B8A2E,0x00000081,func,fn_105B8A2E
0x105B8AAF,0x00000068,func,fn_105B8AAF
0x105B8B17,0x00000036,func,fn_105B8B17
0x105B8B4D,0x0000003C,func,fn_105B8B4D
0x105B8B89,0x00000066,func,fn_105B8B89
0x105B8BEF,0x000000F5,func,fn_105B8BEF
0x105B8CE4,0x0000015F,func,fn_105B8CE4
0x105B8E43,0x000001B6,func,fn_105B8E43
0x105B8FF9,0x00000063,func,fn_105B8FF9
0x105B905C,0x00000055,func,fn_105B905C
0x105B90B1,0x00000037,func,fn_105B90B1
0x105B90E8,0x0000002D,func,fn_105B90E8
0x105B9115,0x0000002C,func,fn_105B9115
0x105B9141,0x00000026,func,fn_105B9141
0x105B9167,0x0000002D,func,fn_105B9167
0x105B9194,0x00000020,func,fn_105B9194
0x105B91B4,0x0000056A,func,fn_105B91B4
0x105B971E,0x00000111,func,fn_105B971E
0x105B982F,0x000001A3,func,fn_105B982F
0x105B99D2,0x00000083,func,fn_105B99D2
0x105B9A55,0x000000EC,func,fn_105B9A55
0x105B9B41,0x000000C8,func,fn_105B9B41
0x105B9C09,0x00000079,func,fn_105B9C09
0x105B9C82,0x00000156,func,fn_105B9C82
0x105B9DD8,0x0000185F,func,fn_105B9DD8
0x105BB637,0x00000058,func,fn_105BB637
0x105BB68F,0x000000AF,func,fn_105BB68F
0x105BB835,0x000000FC,func,fn_105BB835
0x105BB954,0x000003F0,func,fn_105BB954
0x105BBD44,0x00000025,func,fn_105BBD44
0x105BBD69,0x00000035,func,fn_105BBD69
0x105BBD9E,0x00000052,func,fn_105BBD9E
0x105BBDF0,0x00000052,func,fn_105BBDF0
0x105BBE42,0x0000023A,func,fn_105BBE42
0x105BC07C,0x000000D8,func,fn_105BC07C
0x105BC154,0x000001E2,func,fn_105BC154
0x105BC336,0x00000202,func,fn_105BC336
0x105BC538,0x00000031,func,fn_105BC538
0x105BC569,0x00000097,func,fn_105BC569
0x105BC600,0x000000B6,func,fn_105BC600
0x105BC6B6,0x000000B6,func,fn_105BC6B6
0x105BC76C,0x00000088,func,fn_105BC76C
0x105BC7F4,0x00000206,func,fn_105BC7F4
0x105BC9FA,0x0000005A,func,fn_105BC9FA
0x105BCA54,0x000000E0,func,fn_105BCA54
0x105BCB85,0x00000040,func,fn_105BCB85
0x105BCBC5,0x000000F1,func,fn_105BCBC5
0x105BCCB6,0x00000018,func,fn_105BCCB6
0x105BCCCE,0x0000005B,func,fn_105BCCCE
0x105BCD29,0x0000005B,func,fn_105BCD29
0x105BCD84,0x000000AD,func,fn_105BCD84
0x105BCE31,0x00000171,func,fn_105BCE31
0x105BCFA2,0x00000144,func,fn_105BCFA2
0x105BD0E6,0x00000061,func,fn_105BD0E6
0x105BD147,0x00000523,func,fn_105BD147
0x105BD66A,0x0000005D,func,fn_105BD66A
0x105BD6C7,0x00000188,func,fn_105BD6C7
0x105BD84F,0x00000123,func,fn_105BD84F
0x105BD972,0x0000014D,func,fn_105BD972
0x105BDABF,0x00000333,func,fn_105BDABF
0x105BDDF2,0x000000C1,func,fn_105BDDF2
0x105BDEB3,0x00000085,func,fn_105BDEB3
0x105BDF38,0x000000EF,func,fn_105BDF38
0x105BE027,0x00000113,func,fn_105BE027
0x105BE18E,0x0000019F,func,fn_105BE18E
0x105BE32D,0x00000039,func,fn_105BE32D
0x105BE366,0x0000012C,func,fn_105BE366
0x105BE492,0x00000019,func,fn_105BE492
0x105BE4AB,0x00000086,func,fn_105BE4AB
0x105BE531,0x0000000F,func,fn_105BE531
0x105BE540,0x0000000F,func,fn_105BE540
0x105BE54F,0x0000006D,func,fn_105BE54F
0x105BE5BC,0x00000053,func,fn_105BE5BC
0x105BE60F,0x000000D5,func,fn_105BE60F
0x105BE6E4,0x000000B2,func,fn_105BE6E4
0x105BE796,0x00000090,func,fn_105BE796
0x105BE826,0x000007B8,func,fn_105BE826
0x105BEFDE,0x000000B3,func,fn_105BEFDE
0x105BF091,0x000004B5,func,fn_105BF091
0x105BF546,0x0000001F,func,fn_105BF546
0x105BF565,0x00000073,func,fn_105BF565
0x105BF5D8,0x000001A6,func,fn_105BF5D8
0x105BF77E,0x00000377,func,fn_105BF77E
0x105BFAF5,0x00000040,func,fn_105BFAF5
0x105BFB35,0x00000015,func,fn_105BFB35
0x105BFB4A,0x00000B7D,func,fn_105BFB4A
0x105C06C7,0x0000004F,func,fn_105C06C7
0x105C0716,0x0000001A,func,fn_105C0716
0x105C0730,0x00000068,func,fn_105C0730
0x105C0798,0x00000346,func,fn_105C0798
0x105C0ADE,0x000003D6,func,fn_105C0ADE
0x105C1627,0x00000054,func,fn_105C1627
0x105C167B,0x00000070,func,fn_105C167B
0x105C16EB,0x000000F5,func,fn_105C16EB
0x105C17E1,0x0000004F,func,fn_105C17E1
0x105C1830,0x00000088,func,fn_105C1830
0x105C18B9,0x00000123,func,fn_105C18B9
0x105C19DC,0x0000016F,func,fn_105C19DC
0x105C1B5C,0x0000003A,func,fn_105C1B5C
0x105C1B96,0x00000022,func,fn_105C1B96
0x105C1BB8,0x00000034,func,fn_105C1BB8
0x105C1BEC,0x00000018,func,fn_105C1BEC
0x105C1C1E,0x0000003C,func,fn_105C1C1E
0x105C1C79,0x00000076,func,fn_105C1C79
0x105C1CEF,0x00000023,func,fn_105C1CEF
0x105C1D69,0x00000033,func,fn_105C1D69
0x105C1D9C,0x0000000D,func,fn_105C1D9C
0x105C1DA9,0x00000013,func,fn_105C1DA9
0x105C1DBC,0x0000000F,func,fn_105C1DBC
0x105C1DCB,0x0000002A,func,fn_105C1DCB
0x105C1DF5,0x00000011,func,fn_105C1DF5
0x105C1E06,0x000000C8,func,fn_105C1E06
0x105C1EE2,0x0000001F,func,fn_105C1EE2
0x105C1F01,0x00000007,func,fn_105C1F01
0x105C1F08,0x00000016,func,fn_105C1F08
0x105C1F1E,0x00000021,func,fn_105C1F1E
0x105C1F3F,0x00000019,func,fn_105C1F3F
0x105C1F58,0x00000057,func,fn_105C1F58
0x105C1FAF,0x00000024,func,fn_105C1FAF
0x105C1FD3,0x00000054,func,fn_105C1FD3
0x105C2027,0x00000018,func,fn_105C2027
0x105C203F,0x00000072,func,fn_105C203F
0x105C20B1,0x00000053,func,fn_105C20B1
0x105C2104,0x00000049,func,fn_105C2104
0x105C214D,0x0000003B,func,fn_105C214D
0x105C2188,0x00000045,func,fn_105C2188
0x105C21CD,0x00000007,func,fn_105C21CD
0x105C21EE,0x0000000A,func,fn_105C21EE
0x105C21F8,0x00000083,func,fn_105C21F8
0x105C227B,0x00000007,func,fn_105C227B
0x105C22B9,0x00000005,func,fn_105C22B9
0x105C22BE,0x00000007,func,fn_105C22BE
0x105C22E2,0x00000005,func,fn_105C22E2
0x105C22E7,0x000000A4,func,fn_105C22E7
0x105C238B,0x000000A4,func,fn_105C238B
0x105C242F,0x000000A3,func,fn_105C242F
0x105C24D2,0x0000003D,func,fn_105C24D2
0x105C250F,0x00000070,func,fn_105C250F
0x105C257F,0x0000002B,func,fn_105C257F
0x105C25AA,0x00000041,func,fn_105C25AA
0x105C25EB,0x00000027,func,fn_105C25EB
0x105C2612,0x00000041,func,fn_105C2612
0x105C2653,0x0000000D,func,fn_105C2653
0x105C2660,0x00000028,func,fn_105C2660
0x105C2688,0x00000019,func,fn_105C2688
0x105C26A1,0x0000001F,func,fn_105C26A1
0x105C26C0,0x00000026,func,fn_105C26C0
0x105C26E6,0x0000001A,func,fn_105C26E6
0x105C2700,0x00000050,func,fn_105C2700
0x105C2750,0x000000CC,func,fn_105C2750
0x105C281C,0x00000067,func,fn_105C281C
0x105C2883,0x0000004F,func,fn_105C2883
0x105C28D2,0x00000136,func,fn_105C28D2
0x105C2A08,0x0000006C,func,fn_105C2A08
0x105C2A74,0x00000284,func,fn_105C2A74
0x105C2CF8,0x000000ED,func,fn_105C2CF8
0x105C2DE5,0x0000006C,func,fn_105C2DE5
0x105C2E51,0x00000092,func,fn_105C2E51
0x105C2EE3,0x00000035,func,fn_105C2EE3
0x105C2F18,0x00000074,func,fn_105C2F18
0x105C2F8C,0x000000BE,func,fn_105C2F8C
0x105C304A,0x00000077,func,fn_105C304A
0x105C30C1,0x0000008F,func,fn_105C30C1
0x105C3150,0x000000EF,func,fn_105C3150
0x105C323F,0x00000021,func,fn_105C323F
0x105C3260,0x00000151,func,fn_105C3260
0x105C33B1,0x0000004A,func,fn_105C33B1
0x105C34B8,0x000001A8,func,fn_105C34B8
0x105C3660,0x0000005C,func,fn_105C3660
0x105C36BC,0x00000089,func,fn_105C36BC
0x105C3745,0x000000CB,func,fn_105C3745
0x105C3810,0x0000012D,func,fn_105C3810
0x105C393D,0x00000035,func,fn_105C393D
0x105C3972,0x00000021,func,fn_105C3972
0x105C3993,0x00000021,func,fn_105C3993
0x105C39B4,0x000000BC,func,fn_105C39B4
0x105C3A70,0x00000276,func,fn_105C3A70
0x105C3CE6,0x0000001D,func,fn_105C3CE6
0x105C3D03,0x00000060,func,fn_105C3D03
0x105C3D63,0x00000062,func,fn_105C3D63
0x105C3DC5,0x00000118,func,fn_105C3DC5
0x105C3EF7,0x000000D4,func,fn_105C3EF7
0x105C3FCB,0x00000106,func,fn_105C3FCB
0x105C40D1,0x000001A2,func,fn_105C40D1
0x105C42DF,0x000000A5,func,fn_105C42DF
0x105C4384,0x00000070,func,fn_105C4384
0x105C43F4,0x0000003C,func,fn_105C43F4
0x105C4430,0x00000061,func,fn_105C4430
0x105C4491,0x000000EF,func,fn_105C4491
0x105C4580,0x000001DE,func,fn_105C4580
0x105C47D8,0x0000039D,func,fn_105C47D8
0x105C4BE8,0x0000011B,func,fn_105C4BE8
0x105C4D03,0x000000AF,func,fn_105C4D03
0x105C4DB2,0x000000BD,func,fn_105C4DB2
0x105C4E6F,0x00000778,func,fn_105C4E6F
0x105C55E7,0x0000009B,func,fn_105C55E7
0x105C5682,0x0000006E,func,fn_105C5682
0x105C56F0,0x000000F9,func,fn_105C56F0
0x105C57E9,0x00000036,func,fn_105C57E9
0x105C581F,0x000005D9,func,fn_105C581F
0x105C5E24,0x00000051,func,fn_105C5E24
0x105C5E75,0x00000035,func,fn_105C5E75
0x105C5EAA,0x0000001D,func,fn_105C5EAA
0x105C5EC7,0x00000074,func,fn_105C5EC7
0x105C5F3B,0x0000011B,func,fn_105C5F3B
0x105C6056,0x000000DF,func,fn_105C6056
0x105C6135,0x000007D0,func,fn_105C6135
0x105C6905,0x000001EA,func,fn_105C6905
0x105C6AEF,0x00000327,func,fn_105C6AEF
0x105C6E16,0x000005AC,func,fn_105C6E16
0x105C73C2,0x000000E9,func,fn_105C73C2
0x105C74AB,0x000002ED,func,fn_105C74AB
0x105C7798,0x00000195,func,fn_105C7798
0x105C792D,0x000000FA,func,fn_105C792D
0x105C7A27,0x00000012,func,fn_105C7A27
0x105C7A39,0x00000133,func,fn_105C7A39
0x105C7B6C,0x00000022,func,fn_105C7B6C
0x105C7B8E,0x00000079,func,fn_105C7B8E
0x105C7C07,0x0000008A,func,fn_105C7C07
0x105C7C91,0x0000007C,func,fn_105C7C91
0x105C7D0D,0x00000189,func,fn_105C7D0D
0x105C7E96,0x00000133,func,fn_105C7E96
0x105C7FC9,0x000000FE,func,fn_105C7FC9
0x105C80C7,0x0000002E,func,fn_105C80C7
0x105C80F5,0x00000277,func,fn_105C80F5
0x105C836C,0x000012AA,func,fn_105C836C
0x105C964C,0x00000057,func,fn_105C964C
0x105C96A3,0x00000151,func,fn_105C96A3
0x105C97F4,0x00000063,func,fn_105C97F4
0x105C9857,0x0000028B,func,fn_105C9857
0x105C9AE2,0x00000034,func,fn_105C9AE2
0x105C9B16,0x0000001F,func,fn_105C9B16
0x105C9B35,0x00000037,func,fn_105C9B35
0x105C9BA7,0x00000029,func,fn_105C9BA7
0x105C9BD0,0x00000021,func,fn_105C9BD0
0x105C9BF1,0x00000030,func,fn_105C9BF1
0x105C9C21,0x000000A3,func,fn_105C9C21
0x105C9CC4,0x000000B2,func,fn_105C9CC4
0x105C9D76,0x00000027,func,fn_105C9D76
0x105C9D9D,0x00000035,func,fn_105C9D9D
0x105C9DD2,0x0000005D,func,fn_105C9DD2
0x105C9E2F,0x00000062,func,fn_105C9E2F
0x105C9E91,0x00000803,func,fn_105C9E91
0x105CA694,0x0000002E,func,fn_105CA694
0x105CA6C2,0x0000001B,func,fn_105CA6C2
0x105CA6DD,0x000000A8,func,fn_105CA6DD
0x105CA785,0x00000075,func,fn_105CA785
0x105CA7FA,0x00000042,func,fn_105CA7FA
0x105CA83C,0x00000129,func,fn_105CA83C
0x105CA965,0x00000018,func,fn_105CA965
0x105CA9C9,0x00000077,func,fn_105CA9C9
0x105CAA40,0x00000067,func,fn_105CAA40
0x105CAAA7,0x000000D9,func,fn_105CAAA7
0x105CABB4,0x00000097,func,fn_105CABB4
0x105CAC4B,0x000000A1,func,fn_105CAC4B
0x105CACEC,0x0000002C,func,fn_105CACEC
0x105CAD18,0x00000029,func,fn_105CAD18
0x105CAD84,0x000004AD,func,fn_105CAD84
0x105CB231,0x000000DF,func,fn_105CB231
0x105CB310,0x000000E5,func,fn_105CB310
0x105CB3F5,0x00000045,func,fn_105CB3F5
0x105CB43A,0x00000010,func,fn_105CB43A
0x105CB44A,0x000000C6,func,fn_105CB44A
0x105CB510,0x00000025,func,fn_105CB510
0x105CB535,0x00000019,func,fn_105CB535
0x105CB54E,0x0000005A,func,fn_105CB54E
0x105CB5A8,0x00000055,func,fn_105CB5A8
0x105CB5FD,0x00000029,func,fn_105CB5FD
0x105CB626,0x00000040,func,fn_105CB626
0x105CB666,0x0000003A,func,fn_105CB666
0x105CB6A0,0x00000019,func,fn_105CB6A0
0x105CB6B9,0x00000040,func,fn_105CB6B9
0x105CB6F9,0x0000008C,func,fn_105CB6F9
0x105CB785,0x00000027,func,fn_105CB785
0x105CB7AC,0x00000035,func,fn_105CB7AC
0x105CB7E1,0x00000029,func,fn_105CB7E1
0x105CB80A,0x0000002A,func,fn_105CB80A
0x105CB834,0x0000001B,func,fn_105CB834
0x105CB84F,0x00000021,func,fn_105CB84F
0x105CB870,0x00000021,func,fn_105CB870
0x105CB891,0x00000021,func,fn_105CB891
0x105CB8B2,0x00000041,func,fn_105CB8B2
0x105CB8F3,0x00000013,func,fn_105CB8F3
0x105CB906,0x00000063,func,fn_105CB906
0x105CB969,0x0000002E,func,fn_105CB969
0x105CB997,0x0000001E,func,fn_105CB997
0x105CB9B5,0x00000026,func,fn_105CB9B5
0x105CB9DB,0x00000026,func,fn_105CB9DB
0x105CBA01,0x00000026,func,fn_105CBA01
0x105CBA27,0x00000024,func,fn_105CBA27
0x105CBA4B,0x00000027,func,fn_105CBA4B
0x105CBA72,0x000000E3,func,fn_105CBA72
0x105CBB55,0x000000E3,func,fn_105CBB55
0x105CBC38,0x0000002E,func,fn_105CBC38
0x105CBC66,0x00000024,func,fn_105CBC66
0x105CBC8A,0x0000004F,func,fn_105CBC8A
0x105CBCD9,0x00000031,func,fn_105CBCD9
0x105CBD0A,0x0000003B,func,fn_105CBD0A
0x105CBD45,0x0000003B,func,fn_105CBD45
0x105CBD80,0x00000031,func,fn_105CBD80
0x105CBDB1,0x00000045,func,fn_105CBDB1
0x105CBDF6,0x0000004F,func,fn_105CBDF6
0x105CBE45,0x00000031,func,fn_105CBE45
0x105CBE76,0x00000026,func,fn_105CBE76
0x105CBE9C,0x0000004F,func,fn_105CBE9C
0x105CBEEB,0x00000059,func,fn_105CBEEB
0x105CBF44,0x00000063,func,fn_105CBF44
0x105CBFA7,0x00000045,func,fn_105CBFA7
0x105CBFEC,0x00000031,func,fn_105CBFEC
0x105CC01D,0x00000045,func,fn_105CC01D
0x105CC062,0x0000003B,func,fn_105CC062
0x105CC09D,0x0000002D,func,fn_105CC09D
0x105CC0CA,0x00000021,func,fn_105CC0CA
0x105CC0EB,0x00000026,func,fn_105CC0EB
0x105CC111,0x0000001B,func,fn_105CC111
0x105CC12C,0x00000029,func,fn_105CC12C
0x105CC155,0x00000018,func,fn_105CC155
0x105CC16D,0x00000032,func,fn_105CC16D
0x105CC19F,0x0000002F,func,fn_105CC19F
0x105CC1CE,0x0000007A,func,fn_105CC1CE
0x105CC248,0x00000013,func,fn_105CC248
0x105CC2E0,0x000000ED,func,fn_105CC2E0
0x105CC3CD,0x00000062,func,fn_105CC3CD
0x105CC42F,0x00000035,func,fn_105CC42F
0x105CC464,0x0000001A,func,fn_105CC464
0x105CC47E,0x0000014C,func,fn_105CC47E
0x105CC5CA,0x00000047,func,fn_105CC5CA
0x105CC611,0x0000005E,func,fn_105CC611
0x105CC66F,0x0000002A,func,fn_105CC66F
0x105CC699,0x00000092,func,fn_105CC699
0x105CC72B,0x00000048,func,fn_105CC72B
0x105CC773,0x0000003F,func,fn_105CC773
0x105CC7B2,0x0000003A,func,fn_105CC7B2
0x105CC7EC,0x00000027,func,fn_105CC7EC
0x105CC813,0x0000006D,func,fn_105CC813
0x105CC880,0x00000076,func,fn_105CC880
0x105CC8F6,0x0000001C,func,fn_105CC8F6
0x105CC912,0x0000003F,func,fn_105CC912
0x105CC951,0x0000005C,func,fn_105CC951
0x105CC9AD,0x000000A1,func,fn_105CC9AD
0x105CCA4E,0x000000AC,func,fn_105CCA4E
0x105CCAFA,0x0000005B,func,fn_105CCAFA
0x105CCB55,0x0000001F,func,fn_105CCB55
0x105CCB74,0x0000006D,func,fn_105CCB74
0x105CCBE1,0x00000021,func,fn_105CCBE1
0x105CCC02,0x00000062,func,fn_105CCC02
0x105CCC98,0x00000038,func,fn_105CCC98
0x105CCCD0,0x000000D9,func,fn_105CCCD0
0x105CCDA9,0x00000062,func,fn_105CCDA9
0x105CCE0B,0x00000049,func,fn_105CCE0B
0x105CCE54,0x00000050,func,fn_105CCE54
0x105CCEA4,0x00000171,func,fn_105CCEA4
0x105CD015,0x000000E1,func,fn_105CD015
0x105CD0F6,0x000000A3,func,fn_105CD0F6
0x105CD199,0x00000080,func,fn_105CD199
0x105CD219,0x00000030,func,fn_105CD219
0x105CD249,0x000000D7,func,fn_105CD249
0x105CD332,0x000000C5,func,fn_105CD332
0x105CD3F7,0x00000038,func,fn_105CD3F7
0x105CD42F,0x00000032,func,fn_105CD42F
0x105CD461,0x0000000F,func,fn_105CD461
0x105CD480,0x00000104,func,fn_105CD480
0x105CD584,0x00000031,func,fn_105CD584
0x105CD5B5,0x0000006D,func,fn_105CD5B5
0x105CD622,0x000000C0,func,fn_105CD622
0x105CD6E2,0x0000004D,func,fn_105CD6E2
0x105CD72F,0x0000003B,func,fn_105CD72F
0x105CD76A,0x00000018,func,fn_105CD76A
0x105CD782,0x000000DD,func,fn_105CD782
0x105CD85F,0x0000009B,func,fn_105CD85F
0x105CD8FA,0x00000033,func,fn_105CD8FA
0x105CD92D,0x0000006D,func,fn_105CD92D
0x105CD99A,0x00000077,func,fn_105CD99A
0x105CDA11,0x0000004F,func,fn_105CDA11
0x105CDA60,0x000000A5,func,fn_105CDA60
0x105CDB05,0x0000024E,func,fn_105CDB05
0x105CDD53,0x00000022,func,fn_105CDD53
0x105CDD75,0x0000005F,func,fn_105CDD75
0x105CDDD4,0x00000012,func,fn_105CDDD4
0x105CDE29,0x00000024,func,fn_105CDE29
0x105CDE4D,0x00000017,func,fn_105CDE4D
0x105CDE64,0x0000036D,func,fn_105CDE64
0x105CE1D1,0x00000282,func,fn_105CE1D1
0x105CE453,0x0000003D,func,fn_105CE453
0x105CE490,0x0000077A,func,fn_105CE490
0x105CEC0A,0x0000068B,func,fn_105CEC0A
0x105CF34D,0x00000057,func,fn_105CF34D
0x105CF3A4,0x0000003E,func,fn_105CF3A4
0x105CF422,0x00000006,func,fn_105CF422
0x105CF428,0x00000065,func,fn_105CF428
0x105CF48D,0x0000002E,func,fn_105CF48D
0x105CF4BB,0x000000A7,func,fn_105CF4BB
0x105CF562,0x00000058,func,fn_105CF562
0x105CF5BA,0x00000040,func,fn_105CF5BA
0x105CF5FA,0x00000034,func,fn_105CF5FA
0x105CF62E,0x0000001A,func,fn_105CF62E
0x105CF648,0x00000023,func,fn_105CF648
0x105CF66B,0x0000002F,func,fn_105CF66B
0x105CF69A,0x0000002E,func,fn_105CF69A
0x105CF6C8,0x00000036,func,fn_105CF6C8
0x105CF6FE,0x00000033,func,fn_105CF6FE
0x105CF743,0x0000000F,func,fn_105CF743
0x105CF767,0x00000001,func,fn_105CF767
0x105CF7CA,0x0000001D,func,fn_105CF7CA
0x105CF7E7,0x0000001E,func,fn_105CF7E7
0x105CF805,0x00000196,func,fn_105CF805
0x105CF9D4,0x00000125,func,fn_105CF9D4
0x105CFAF9,0x0000003F,func,fn_105CFAF9
0x105CFB38,0x0000005F,func,fn_105CFB38
0x105CFB97,0x00000037,func,fn_105CFB97
0x105CFBCE,0x0000004D,func,fn_105CFBCE
0x105CFC65,0x00000043,func,fn_105CFC65
0x105CFCA8,0x00000013,func,fn_105CFCA8
0x105CFCCB,0x00000025,func,fn_105CFCCB
0x105CFCF0,0x00000028,func,fn_105CFCF0
0x105CFD18,0x00000043,func,fn_105CFD18
0x105CFD7A,0x0000003B,func,fn_105CFD7A
0x105CFDB5,0x00000031,func,fn_105CFDB5
0x105CFDE6,0x00000038,func,fn_105CFDE6
0x105CFE41,0x00000031,func,fn_105CFE41
0x105CFE72,0x00000057,func,fn_105CFE72
0x105CFEC9,0x000001D5,func,fn_105CFEC9
0x105D009E,0x00000022,func,fn_105D009E
0x105D00C0,0x00000022,func,fn_105D00C0
0x105D00E2,0x00000027,func,fn_105D00E2
0x105D0109,0x00000060,func,fn_105D0109
0x105D0169,0x0000001C,func,fn_105D0169
0x105D0185,0x000000F5,func,fn_105D0185
0x105D027A,0x00000029,func,fn_105D027A
0x105D02D2,0x000000CE,func,fn_105D02D2
0x105D03A0,0x0000004D,func,fn_105D03A0
0x105D03ED,0x00000047,func,fn_105D03ED
0x105D0434,0x00000009,func,fn_105D0434
0x105D043E,0x00000047,func,fn_105D043E
0x105D0485,0x00000009,func,fn_105D0485
0x105D048F,0x00000072,func,fn_105D048F
0x105D0501,0x00000056,func,fn_105D0501
0x105D0557,0x0000008C,func,fn_105D0557
0x105D05E3,0x000000F4,func,fn_105D05E3
0x105D06D7,0x00000036,func,fn_105D06D7
0x105D070D,0x0000002C,func,fn_105D070D
0x105D0739,0x00000030,func,fn_105D0739
0x105D0769,0x0000002F,func,fn_105D0769
0x105D0798,0x00000030,func,fn_105D0798
0x105D0D62,0x00000023,func,fn_105D0D62
0x105D0D85,0x00000042,func,fn_105D0D85
0x105D0F87,0x000000CD,func,fn_105D0F87
0x105D10A1,0x0000005B,func,fn_105D10A1
0x105D10FC,0x000000F8,func,fn_105D10FC
0x105D125E,0x000000B1,func,fn_105D125E
0x105D138E,0x0000001D,func,fn_105D138E
0x105D14AC,0x0000013E,func,fn_105D14AC
0x105D15EA,0x0000007B,func,fn_105D15EA
0x105D16F4,0x000000A5,func,fn_105D16F4
0x105D1799,0x00000006,func,fn_105D1799
0x105D179F,0x0000001B,func,fn_105D179F
0x105D17BA,0x0000006B,func,fn_105D17BA
0x105D1826,0x00000016,func,fn_105D1826
0x105D183C,0x0000000A,func,fn_105D183C
0x105D1846,0x00000021,func,fn_105D1846
0x105D1867,0x00000021,func,fn_105D1867
0x105D1888,0x000000C4,func,fn_105D1888
0x105D194C,0x000000A1,func,fn_105D194C
0x105D19ED,0x00000004,func,fn_105D19ED
0x105D19F1,0x00000054,func,fn_105D19F1
0x105D1A45,0x00000032,func,fn_105D1A45
0x105D1A77,0x000000B3,func,fn_105D1A77
0x105D1B2B,0x0000002E,func,fn_105D1B2B
0x105D1B59,0x0000002E,func,fn_105D1B59
0x105D1B87,0x00000047,func,fn_105D1B87
0x105D1BCE,0x000000EF,func,fn_105D1BCE
0x105D1CBD,0x00000054,func,fn_105D1CBD
0x105D1D11,0x0000008D,func,fn_105D1D11
0x105D1D9E,0x00000074,func,fn_105D1D9E
0x105D1E12,0x0000002D,func,fn_105D1E12
0x105D1E3F,0x00000064,func,fn_105D1E3F
0x105D1EA3,0x00000067,func,fn_105D1EA3
0x105D1F0A,0x00000065,func,fn_105D1F0A
0x105D1F70,0x00000049,func,fn_105D1F70
0x105D1FBA,0x0000006F,func,fn_105D1FBA
0x105D202A,0x00000053,func,fn_105D202A
0x105D207D,0x0000009C,func,fn_105D207D
0x105D211A,0x0000003A,func,fn_105D211A
0x105D2155,0x00000040,func,fn_105D2155
0x105D2195,0x0000001A,func,fn_105D2195
0x105D21AF,0x00000067,func,fn_105D21AF
0x105D2216,0x00000019,func,fn_105D2216
0x105D222F,0x0000002D,func,fn_105D222F
0x105D225C,0x00000079,func,fn_105D225C
0x105D22D5,0x00000079,func,fn_105D22D5
0x105D234E,0x0000001D,func,fn_105D234E
0x105D236B,0x0000001D,func,fn_105D236B
0x105D2388,0x0000001D,func,fn_105D2388
0x105D23A5,0x0000001D,func,fn_105D23A5
0x105D23C2,0x0000001D,func,fn_105D23C2
0x105D23DF,0x0000001D,func,fn_105D23DF
0x105D23FC,0x0000001D,func,fn_105D23FC
0x105D2419,0x0000001D,func,fn_105D2419
0x105D2436,0x0000001D,func,fn_105D2436
0x105D2470,0x00000073,func,fn_105D2470
0x105D24E3,0x00000032,func,fn_105D24E3
0x105D2515,0x00000085,func,fn_105D2515
0x105D259A,0x0000002C,func,fn_105D259A
0x105D25C6,0x00000115,func,fn_105D25C6
0x105D26DB,0x00000032,func,fn_105D26DB
0x105D270D,0x00000089,func,fn_105D270D
0x105D2797,0x00000070,func,fn_105D2797
0x105D2807,0x00000088,func,fn_105D2807
0x105D288F,0x00000027,func,fn_105D288F
0x105D28B6,0x000000CF,func,fn_105D28B6
0x105D2985,0x00000048,func,fn_105D2985
0x105D29CD,0x00000017,func,fn_105D29CD
0x105D29E4,0x0000005D,func,fn_105D29E4
0x105D2A41,0x000000BA,func,fn_105D2A41
0x105D2AFB,0x00000036,func,fn_105D2AFB
0x105D2B31,0x00000023,func,fn_105D2B31
0x105D2B54,0x00000019,func,fn_105D2B54
0x105D2B6D,0x00000046,func,fn_105D2B6D
0x105D2BB3,0x00000018,func,fn_105D2BB3
0x105D2BCB,0x00000018,func,fn_105D2BCB
0x105D2BE3,0x00000018,func,fn_105D2BE3
0x105D2BFB,0x00000018,func,fn_105D2BFB
0x105D2C13,0x0000000A,func,fn_105D2C13
0x105D2C1D,0x0000000A,func,fn_105D2C1D
0x105D2C27,0x00000026,func,fn_105D2C27
0x105D2C4D,0x00000030,func,fn_105D2C4D
0x105D2C7D,0x0000004C,func,fn_105D2C7D
0x105D2CC9,0x00000042,func,fn_105D2CC9
0x105D2D0B,0x00000030,func,fn_105D2D0B
0x105D2D3B,0x00000043,func,fn_105D2D3B
0x105D2D7E,0x000000E6,func,fn_105D2D7E
0x105D2E64,0x000000E1,func,fn_105D2E64
0x105D2F45,0x0000003B,func,fn_105D2F45
0x105D2F80,0x0000000C,func,fn_105D2F80
0x105D2F8C,0x00000042,func,fn_105D2F8C
0x105D2FCE,0x0000002D,func,fn_105D2FCE
0x105D2FFB,0x00000050,func,fn_105D2FFB
0x105D304B,0x000000E6,func,fn_105D304B
0x105D3131,0x000000F4,func,fn_105D3131
0x105D3225,0x00000033,func,fn_105D3225
0x105D3258,0x00000069,func,fn_105D3258
0x105D32C1,0x0000002A,func,fn_105D32C1
0x105D32EB,0x00000024,func,fn_105D32EB
0x105D330F,0x000000C3,func,fn_105D330F
0x105D33D2,0x0000003D,func,fn_105D33D2
0x105D340F,0x00000709,func,fn_105D340F
0x105D3B75,0x00000124,func,fn_105D3B75
0x105D3C99,0x0000013E,func,fn_105D3C99
0x105D3DFA,0x00000018,func,fn_105D3DFA
0x105D3E12,0x0000003C,func,fn_105D3E12
0x105D3E96,0x0000003B,func,fn_105D3E96
0x105D3ED1,0x000000EF,func,fn_105D3ED1
0x105D3FC0,0x0000003C,func,fn_105D3FC0
0x105D3FFC,0x00000039,func,fn_105D3FFC
0x105D4035,0x0000002A,func,fn_105D4035
0x105D405F,0x00000039,func,fn_105D405F
0x105D4098,0x000000E5,func,fn_105D4098
0x105D417D,0x0000003A,func,fn_105D417D
0x105D41B7,0x000000E5,func,fn_105D41B7
0x105D429C,0x00000059,func,fn_105D429C
0x105D42F5,0x00000268,func,fn_105D42F5
0x105D455D,0x000000EA,func,fn_105D455D
0x105D4647,0x00000135,func,fn_105D4647
0x105D477C,0x00000044,func,fn_105D477C
0x105D47C0,0x00000270,func,fn_105D47C0
0x105D4A30,0x000001F6,func,fn_105D4A30
0x105D4C26,0x00000029,func,fn_105D4C26
0x105D4C4F,0x00000050,func,fn_105D4C4F
0x105D4C9F,0x0000028C,func,fn_105D4C9F
0x105D4F2B,0x00000068,func,fn_105D4F2B
0x105D4F93,0x00000052,func,fn_105D4F93
0x105D4FE5,0x00000016,func,fn_105D4FE5
0x105D501F,0x00000075,func,fn_105D501F
0x105D5094,0x0000000E,func,fn_105D5094
0x105D50A2,0x0000000E,func,fn_105D50A2
0x105D50B0,0x0000001B,func,fn_105D50B0
0x105D50CB,0x000001D8,func,fn_105D50CB
0x105D52A3,0x00000114,func,fn_105D52A3
0x105D53B7,0x00000024,func,fn_105D53B7
0x105D53DB,0x00000164,func,fn_105D53DB
0x105D553F,0x00000042,func,fn_105D553F
0x105D5581,0x00000013,func,fn_105D5581
0x105D55B9,0x0000000C,func,fn_105D55B9
0x105D55C5,0x0000003E,func,fn_105D55C5
0x105D5603,0x00000225,func,fn_105D5603
0x105D5828,0x00000083,func,fn_105D5828
0x105D58AB,0x00000016,func,fn_105D58AB
0x105D58C1,0x0000008C,func,fn_105D58C1
0x105D594D,0x0000014A,func,fn_105D594D
0x105D5A97,0x00000136,func,fn_105D5A97
0x105D5BCD,0x00000054,func,fn_105D5BCD
0x105D5C21,0x000000AE,func,fn_105D5C21
0x105D5CCF,0x000000B6,func,fn_105D5CCF
0x105D5D85,0x000000FE,func,fn_105D5D85
0x105D5E83,0x000004B2,func,fn_105D5E83
0x105D6335,0x00000113,func,fn_105D6335
0x105D6448,0x0000006E,func,fn_105D6448
0x105D64B6,0x00000056,func,fn_105D64B6
0x105D650C,0x00000040,func,fn_105D650C
0x105D654C,0x00000048,func,fn_105D654C
0x105D6594,0x0000005D,func,fn_105D6594
0x105D65F1,0x00000049,func,fn_105D65F1
0x105D663A,0x0000002A,func,fn_105D663A
0x105D6664,0x0000002A,func,fn_105D6664
0x105D668E,0x0000002A,func,fn_105D668E
0x105D66B8,0x00000046,func,fn_105D66B8
0x105D66FE,0x00000046,func,fn_105D66FE
0x105D6744,0x00000045,func,fn_105D6744
0x105D6789,0x00000067,func,fn_105D6789
0x105D67F0,0x00000078,func,fn_105D67F0
0x105D6868,0x0000005F,func,fn_105D6868
0x105D68D2,0x00000032,func,fn_105D68D2
0x105D6904,0x0000003D,func,fn_105D6904
0x105D6946,0x0000002E,func,fn_105D6946
0x105D6974,0x00000061,func,fn_105D6974
0x105D69D6,0x0000001A,func,fn_105D69D6
0x105D69F0,0x0000001A,func,fn_105D69F0
0x105D6A0A,0x00000020,func,fn_105D6A0A
0x105D6A2A,0x00000028,func,fn_105D6A2A
0x105D6A52,0x00000026,func,fn_105D6A52
0x105D6A84,0x0000002E,func,fn_105D6A84
0x105D6AB2,0x00000017,func,fn_105D6AB2
0x105D6AC9,0x0000001F,func,fn_105D6AC9
0x105D6AE8,0x0000001F,func,fn_105D6AE8
0x105D6B07,0x0000001B,func,fn_105D6B07
0x105D6B22,0x00000036,func,fn_105D6B22
0x105D6B58,0x00000045,func,fn_105D6B58
0x105D6B9D,0x00000025,func,fn_105D6B9D
0x105D6BC2,0x00000031,func,fn_105D6BC2
0x105D6BF3,0x00000020,func,fn_105D6BF3
0x105D6C13,0x00000025,func,fn_105D6C13
0x105D6C38,0x00000007,func,fn_105D6C38
0x105D6C3F,0x0000003F,func,fn_105D6C3F
0x105D6C7E,0x00000058,func,fn_105D6C7E
0x105D6CD6,0x00000366,func,fn_105D6CD6
0x105D703C,0x00000038,func,fn_105D703C
0x105D7074,0x00000075,func,fn_105D7074
0x105D70E9,0x00000024,func,fn_105D70E9
0x105D710D,0x00000238,func,fn_105D710D
0x105D7345,0x0000002B,func,fn_105D7345
0x105D7370,0x00000061,func,fn_105D7370
0x105D73D1,0x00000064,func,fn_105D73D1
0x105D7435,0x00000057,func,fn_105D7435
0x105D748C,0x00000098,func,fn_105D748C
0x105D7524,0x00000042,func,fn_105D7524
0x105D7566,0x00000020,func,fn_105D7566
0x105D7586,0x00000028,func,fn_105D7586
0x105D75AE,0x00000031,func,fn_105D75AE
0x105D75DF,0x0000002A,func,fn_105D75DF
0x105D7609,0x0000002B,func,fn_105D7609
0x105D7634,0x00000023,func,fn_105D7634
0x105D7657,0x00000044,func,fn_105D7657
0x105D769B,0x00000063,func,fn_105D769B
0x105D76FE,0x00000153,func,fn_105D76FE
0x105D7851,0x0000005E,func,fn_105D7851
0x105D78AF,0x0000004E,func,fn_105D78AF
0x105D78FD,0x00000022,func,fn_105D78FD
0x105D791F,0x00000066,func,fn_105D791F
0x105D7985,0x000000FB,func,fn_105D7985
0x105D7A80,0x000000EF,func,fn_105D7A80
0x105D7B6F,0x00000073,func,fn_105D7B6F
0x105D7BE2,0x00000081,func,fn_105D7BE2
0x105D7C63,0x00000015,func,fn_105D7C63
0x105D7C78,0x00000110,func,fn_105D7C78
0x105D7D88,0x000001CA,func,fn_105D7D88
0x105D7F52,0x00000043,func,fn_105D7F52
0x105D7F95,0x00000117,func,fn_105D7F95
0x105D80AC,0x00000714,func,fn_105D80AC
0x105D8858,0x0000002F,func,fn_105D8858
0x105D8887,0x00000060,func,fn_105D8887
0x105D88E7,0x0000003A,func,fn_105D88E7
0x105D8921,0x00000069,func,fn_105D8921
0x105D898A,0x0000002F,func,fn_105D898A
0x105D89B9,0x0000003A,func,fn_105D89B9
0x105D89F3,0x0000012F,func,fn_105D89F3
0x105D8B22,0x00000095,func,fn_105D8B22
0x105D8BB7,0x000000A5,func,fn_105D8BB7
0x105D8C5C,0x0000002F,func,fn_105D8C5C
0x105D8C8B,0x0000012D,func,fn_105D8C8B
0x105D8DB8,0x00000029,func,fn_105D8DB8
0x105D8DE1,0x0000001A,func,fn_105D8DE1
0x105D8DFB,0x00000073,func,fn_105D8DFB
0x105D8E6E,0x000000A6,func,fn_105D8E6E
0x105D8F14,0x000000A3,func,fn_105D8F14
0x105D8FB7,0x00000489,func,fn_105D8FB7
0x105D9440,0x000002BB,func,fn_105D9440
0x105D96FB,0x0000006A,func,fn_105D96FB
0x105DA621,0x0000007D,func,fn_105DA621
0x105DA69E,0x000002C1,func,fn_105DA69E
0x105DA95F,0x0000024E,func,fn_105DA95F
0x105DABAD,0x000000F3,func,fn_105DABAD
0x105DACA0,0x00000523,func,fn_105DACA0
0x105DB1C3,0x0000005B,func,fn_105DB1C3
0x105DB21E,0x000000A9,func,fn_105DB21E
0x105DB2C7,0x00000019,func,fn_105DB2C7
0x105DB2E0,0x000000A9,func,fn_105DB2E0
0x105DB389,0x0000085F,func,fn_105DB389
0x105DBBE8,0x000004CC,func,fn_105DBBE8
0x105DC0B4,0x000001B0,func,fn_105DC0B4
0x105DC264,0x00000E8E,func,fn_105DC264
0x105DD0F2,0x000001FD,func,fn_105DD0F2
0x105DD2EF,0x00000945,func,fn_105DD2EF
0x105DDC34,0x0000056E,func,fn_105DDC34
0x105DE1A2,0x0000039A,func,fn_105DE1A2
0x105DE53C,0x00000465,func,fn_105DE53C
0x105DE9A1,0x0000099F,func,fn_105DE9A1
0x105DF371,0x000001AF,func,fn_105DF371
0x105DF520,0x000000AA,func,fn_105DF520
0x105DF5CA,0x00000D93,func,fn_105DF5CA
0x105E04C2,0x000000C0,func,fn_105E04C2
0x105E0582,0x00000392,func,fn_105E0582
0x105E0914,0x00001615,func,fn_105E0914
0x105E1F29,0x0000036C,func,fn_105E1F29
0x105E2295,0x000000DB,func,fn_105E2295
0x105E2370,0x00000119,func,fn_105E2370
0x105E2489,0x0000011C,func,fn_105E2489
0x105E263A,0x0000000E,func,fn_105E263A
0x105E2648,0x0000000E,func,fn_105E2648
0x105E2656,0x0000000E,func,fn_105E2656
0x105E2664,0x00000058,func,fn_105E2664
0x105E26BC,0x0000000D,func,fn_105E26BC
0x105E26C9,0x0000000E,func,fn_105E26C9
0x105E26D7,0x0000000E,func,fn_105E26D7
0x105E26E5,0x0000000E,func,fn_105E26E5
0x105E26F3,0x0000000E,func,fn_105E26F3
0x105E2701,0x0000066B,func,fn_105E2701
0x105E2D6C,0x000000E2,func,fn_105E2D6C
0x105E2E4E,0x000000BA,func,fn_105E2E4E
0x105E2F08,0x00000029,func,fn_105E2F08
0x105E2F31,0x00000044,func,fn_105E2F31
0x105E2F75,0x00000048,func,fn_105E2F75
0x105E2FBD,0x00000020,func,fn_105E2FBD
0x105E2FF6,0x0000001E,func,fn_105E2FF6
0x105E3014,0x00000152,func,fn_105E3014
0x105E3166,0x00000023,func,fn_105E3166
0x105E3189,0x00000029,func,fn_105E3189
0x105E31B2,0x00000061,func,fn_105E31B2
0x105E3213,0x00000089,func,fn_105E3213
0x105E329C,0x00000087,func,fn_105E329C
0x105E3323,0x000001E7,func,fn_105E3323
0x105E350A,0x00000075,func,fn_105E350A
0x105E357F,0x0000006E,func,fn_105E357F
0x105E35ED,0x0000007E,func,fn_105E35ED
0x105E366B,0x00000079,func,fn_105E366B
0x105E36E4,0x00000006,func,fn_105E36E4
0x105E3784,0x00000022,func,fn_105E3784
0x105E37A6,0x00000059,func,fn_105E37A6
0x105E37FF,0x0000001C,func,fn_105E37FF
0x105E381B,0x0000001D,func,fn_105E381B
0x105E3838,0x000000C0,func,fn_105E3838
0x105E38F8,0x00000023,func,fn_105E38F8
0x105E391B,0x0000001B,func,fn_105E391B
0x105E3936,0x00000041,func,fn_105E3936
0x105E3977,0x0000001F,func,fn_105E3977
0x105E3996,0x0000003F,func,fn_105E3996
0x105E39D5,0x00000047,func,fn_105E39D5
0x105E3A1C,0x0000000B,func,fn_105E3A1C
0x105E3A27,0x00000045,func,fn_105E3A27
0x105E3A6C,0x00000055,func,fn_105E3A6C
0x105E3AC1,0x00000012,func,fn_105E3AC1
0x105E3AD3,0x00000016,func,fn_105E3AD3
0x105E3AE9,0x0000000B,func,fn_105E3AE9
0x105E3AF4,0x0000000E,func,fn_105E3AF4
0x105E3B02,0x0000000F,func,fn_105E3B02
0x105E3B11,0x00000016,func,fn_105E3B11
0x105E3B27,0x0000000E,func,fn_105E3B27
0x105E3B35,0x00000013,func,fn_105E3B35
0x105E3B48,0x0000001F,func,fn_105E3B48
0x105E3B67,0x0000015C,func,fn_105E3B67
0x105E3CC3,0x00000074,func,fn_105E3CC3
0x105E3D37,0x0000003F,func,fn_105E3D37
0x105E3D76,0x000000B4,func,fn_105E3D76
0x105E3E2A,0x00000082,func,fn_105E3E2A
0x105E3EAF,0x0000000D,func,fn_105E3EAF
0x105E3EBC,0x0000001E,func,fn_105E3EBC
0x105E3EDA,0x00000005,func,fn_105E3EDA
0x105E3EDF,0x00000019,func,fn_105E3EDF
0x105E3EF8,0x00000060,func,fn_105E3EF8
0x105E3F58,0x000002B8,func,fn_105E3F58
0x105E4210,0x0000003D,func,fn_105E4210
0x105E424D,0x00000087,func,fn_105E424D
0x105E42D4,0x000000AA,func,fn_105E42D4
0x105E437E,0x00000080,func,fn_105E437E
0x105E43FE,0x000000BC,func,fn_105E43FE
0x105E44BA,0x0000022F,func,fn_105E44BA
0x105E46E9,0x00000037,func,fn_105E46E9
0x105E4720,0x00000084,func,fn_105E4720
0x105E47A4,0x0000011B,func,fn_105E47A4
0x105E48BF,0x00000404,func,fn_105E48BF
0x105E4CC3,0x0000003F,func,fn_105E4CC3
0x105E4D02,0x00000009,func,fn_105E4D02
0x105E4D0C,0x0000023E,func,fn_105E4D0C
0x105E4F4A,0x00000134,func,fn_105E4F4A
0x105E507E,0x0000007C,func,fn_105E507E
0x105E50FA,0x00000249,func,fn_105E50FA
0x105E5343,0x00000090,func,fn_105E5343
0x105E53D3,0x0000031C,func,fn_105E53D3
0x105E56EF,0x0000007B,func,fn_105E56EF
0x105E576A,0x0000007B,func,fn_105E576A
0x105E57E5,0x00000021,func,fn_105E57E5
0x105E5806,0x00001C28,func,fn_105E5806
0x105E742E,0x00000137,func,fn_105E742E
0x105E7565,0x0000019A,func,fn_105E7565
0x105E76FF,0x0000007C,func,fn_105E76FF
0x105E777B,0x00000045,func,fn_105E777B
0x105E77C0,0x00000028,func,fn_105E77C0
0x105E77E8,0x00000021,func,fn_105E77E8
0x105E7809,0x0000002B,func,fn_105E7809
0x105E7834,0x00000057,func,fn_105E7834
0x105E788B,0x00000070,func,fn_105E788B
0x105E78FB,0x0000003C,func,fn_105E78FB
0x105E7937,0x00000110,func,fn_105E7937
0x105E7A47,0x0000001C,func,fn_105E7A47
0x105E7A63,0x00000057,func,fn_105E7A63
0x105E7ABA,0x00000066,func,fn_105E7ABA
0x105E7B20,0x0000004A,func,fn_105E7B20
0x105E7B89,0x0000002A,func,fn_105E7B89
0x105E7BB3,0x00000028,func,fn_105E7BB3
0x105E7BDB,0x00000040,func,fn_105E7BDB
0x105E7C1B,0x00000031,func,fn_105E7C1B
0x105E7C4C,0x00000018,func,fn_105E7C4C
0x105E7C64,0x00000014,func,fn_105E7C64
0x105E7C78,0x0000002C,func,fn_105E7C78
0x105E7CA4,0x00000062,func,fn_105E7CA4
0x105E7D06,0x000002D4,func,fn_105E7D06
0x105E7FDA,0x00000029,func,fn_105E7FDA
0x105E8003,0x000000B8,func,fn_105E8003
0x105E80BB,0x00000131,func,fn_105E80BB
0x105E81EC,0x0000011C,func,fn_105E81EC
0x105E8308,0x00000107,func,fn_105E8308
0x105E840F,0x00000299,func,fn_105E840F
0x105E86A8,0x0000020C,func,fn_105E86A8
0x105E88B4,0x0000007F,func,fn_105E88B4
0x105E8933,0x0000001C,func,fn_105E8933
0x105E894F,0x00000501,func,fn_105E894F
0x105E8E50,0x000000BB,func,fn_105E8E50
0x105E8F0B,0x00000192,func,fn_105E8F0B
0x105E909D,0x0000048F,func,fn_105E909D
0x105E952C,0x0000066C,func,fn_105E952C
0x105E9BF8,0x0000007C,func,fn_105E9BF8
0x105E9C74,0x00000069,func,fn_105E9C74
0x105E9CDD,0x00000020,func,fn_105E9CDD
0x105E9CFD,0x0000004D,func,fn_105E9CFD
0x105E9D4A,0x00000024,func,fn_105E9D4A
0x105E9D6E,0x0000003D,func,fn_105E9D6E
0x105E9DAB,0x00000015,func,fn_105E9DAB
0x105E9DC0,0x0000001A,func,fn_105E9DC0
0x105E9DE2,0x00000025,func,fn_105E9DE2
0x105E9E07,0x0000002A,func,fn_105E9E07
0x105E9E31,0x00000035,func,fn_105E9E31
0x105E9E66,0x00000019,func,fn_105E9E66
0x105E9E8E,0x0000007C,func,fn_105E9E8E
0x105E9F0A,0x00000044,func,fn_105E9F0A
0x105E9F4E,0x00000103,func,fn_105E9F4E
0x105EA051,0x00000135,func,fn_105EA051
0x105EA186,0x00000030,func,fn_105EA186
0x105EA1D1,0x0000003E,func,fn_105EA1D1
0x105EA20F,0x000000FA,func,fn_105EA20F
0x105EA309,0x00000019,func,fn_105EA309
0x105EA322,0x00000131,func,fn_105EA322
0x105EA453,0x000000D7,func,fn_105EA453
0x105EA52A,0x00000068,func,fn_105EA52A
0x105EA592,0x0000003C,func,fn_105EA592
0x105EA5CE,0x00000017,func,fn_105EA5CE
0x105EA5E5,0x00000078,func,fn_105EA5E5
0x105EA65D,0x0000000E,func,fn_105EA65D
0x105EA66B,0x00000021,func,fn_105EA66B
0x105EA68C,0x0000000B,func,fn_105EA68C
0x105EA697,0x00000058,func,fn_105EA697
0x105EA6EF,0x0000003D,func,fn_105EA6EF
0x105EA72C,0x00000048,func,fn_105EA72C
0x105EA774,0x00000051,func,fn_105EA774
0x105EA7C5,0x00000048,func,fn_105EA7C5
0x105EA80D,0x0000003D,func,fn_105EA80D
0x105EA84A,0x00000011,func,fn_105EA84A
0x105EA85B,0x000000B8,func,fn_105EA85B
0x105EA913,0x00000016,func,fn_105EA913
0x105EA929,0x00000023,func,fn_105EA929
0x105EA94C,0x000000DB,func,fn_105EA94C
0x105EAA40,0x0000001F,func,fn_105EAA40
0x105EAA5F,0x0000002A,func,fn_105EAA5F
0x105EAA89,0x0000005F,func,fn_105EAA89
0x105EAAE8,0x00000047,func,fn_105EAAE8
0x105EAB2F,0x000000D5,func,fn_105EAB2F
0x105EAC19,0x0000000B,func,fn_105EAC19
0x105EAC24,0x00000063,func,fn_105EAC24
0x105EAC87,0x0000009A,func,fn_105EAC87
0x105EAD21,0x00000063,func,fn_105EAD21
0x105EAD84,0x0000005F,func,fn_105EAD84
0x105EADE3,0x0000009C,func,fn_105EADE3
0x105EAE7F,0x00000074,func,fn_105EAE7F
0x105EAEF3,0x00000034,func,fn_105EAEF3
0x105EAF27,0x0000009C,func,fn_105EAF27
0x105EAFC3,0x0000009A,func,fn_105EAFC3
0x105EB05D,0x00000027,func,fn_105EB05D
0x105EB084,0x0000013C,func,fn_105EB084
0x105EB1C0,0x000000EB,func,fn_105EB1C0
0x105EB2AB,0x0000009A,func,fn_105EB2AB
0x105EB345,0x00000023,func,fn_105EB345
0x105EB368,0x0000001C,func,fn_105EB368
0x105EB384,0x0000009A,func,fn_105EB384
0x105EB41E,0x00000074,func,fn_105EB41E
0x105EB492,0x00000065,func,fn_105EB492
0x105EB4F7,0x0000006E,func,fn_105EB4F7
0x105EB565,0x000000E8,func,fn_105EB565
0x105EB64D,0x00000023,func,fn_105EB64D
0x105EB670,0x00000023,func,fn_105EB670
0x105EB693,0x00000023,func,fn_105EB693
0x105EB6B6,0x0000001C,func,fn_105EB6B6
0x105EB6D2,0x00000030,func,fn_105EB6D2
0x105EB702,0x0000004C,func,fn_105EB702
0x105EB74E,0x0000001E,func,fn_105EB74E
0x105EB76C,0x0000005D,func,fn_105EB76C
0x105EB7C9,0x00000765,func,fn_105EB7C9
0x105EBF2E,0x0000006B,func,fn_105EBF2E
0x105EBF99,0x0000004C,func,fn_105EBF99
0x105EBFE5,0x00000039,func,fn_105EBFE5
0x105EC01E,0x00000095,func,fn_105EC01E
0x105EC0B3,0x00000042,func,fn_105EC0B3
0x105EC0F5,0x00000138,func,fn_105EC0F5
0x105EC22D,0x000002A2,func,fn_105EC22D
0x105EC4CF,0x0000018B,func,fn_105EC4CF
0x105EC65A,0x000000FE,func,fn_105EC65A
0x105EC758,0x000000F0,func,fn_105EC758
0x105EC848,0x000001D8,func,fn_105EC848
0x105ECA20,0x000001FF,func,fn_105ECA20
0x105ECC1F,0x000000CC,func,fn_105ECC1F
0x105ECCEB,0x00000029,func,fn_105ECCEB
0x105ECD14,0x000002C0,func,fn_105ECD14
0x105ECFD4,0x0000000A,func,fn_105ECFD4
0x105ED023,0x00000134,func,fn_105ED023
0x105ED16C,0x000000D0,func,fn_105ED16C
0x105ED23C,0x00000053,func,fn_105ED23C
0x105ED28F,0x000001B2,func,fn_105ED28F
0x105ED441,0x00001870,func,fn_105ED441
0x105EEDAB,0x0000003A,func,fn_105EEDAB
0x105EEDE5,0x0000004F,func,fn_105EEDE5
0x105EEE34,0x0000006B,func,fn_105EEE34
0x105EEE9F,0x0000004A,func,fn_105EEE9F
0x105EEEE9,0x0000005D,func,fn_105EEEE9
0x105EEF46,0x0000001C,func,fn_105EEF46
0x105EEF62,0x00000089,func,fn_105EEF62
0x105EEFEB,0x00000006,func,fn_105EEFEB
0x105EEFF1,0x00000157,func,fn_105EEFF1
0x105EF148,0x00000047,func,fn_105EF148
0x105EF18F,0x000000B4,func,fn_105EF18F
0x105EF243,0x00000228,func,fn_105EF243
0x105EF46B,0x000000CF,func,fn_105EF46B
0x105EF53B,0x0000014F,func,fn_105EF53B
0x105EF68A,0x0000003A,func,fn_105EF68A
0x105EF6C4,0x00000057,func,fn_105EF6C4
0x105EF71B,0x0000009E,func,fn_105EF71B
0x105EF7B9,0x000000A1,func,fn_105EF7B9
0x105EF921,0x00000046,func,fn_105EF921
0x105EF967,0x000000E3,func,fn_105EF967
0x105EFA4A,0x00000040,func,fn_105EFA4A
0x105EFA8A,0x000000DC,func,fn_105EFA8A
0x105EFB66,0x000000FE,func,fn_105EFB66
0x105EFF92,0x00000033,func,fn_105EFF92
0x105EFFC5,0x000000B0,func,fn_105EFFC5
0x105F0075,0x000000BB,func,fn_105F0075
0x105F07E6,0x00000008,func,fn_105F07E6
0x105F0835,0x00000026,func,fn_105F0835
0x105F085B,0x00000057,func,fn_105F085B
0x105F0913,0x0000001B,func,fn_105F0913
0x105F092E,0x00000004,func,fn_105F092E
0x105F094D,0x00000005,func,fn_105F094D
0x105F0952,0x00000048,func,fn_105F0952
0x105F099A,0x0000003C,func,fn_105F099A
0x105F09D6,0x00000043,func,fn_105F09D6
0x105F0A19,0x000000B5,func,fn_105F0A19
0x105F0ACE,0x0000016B,func,fn_105F0ACE
0x105F0C39,0x00000042,func,fn_105F0C39
0x105F0C7B,0x00000042,func,fn_105F0C7B
0x105F0CBD,0x00000030,func,fn_105F0CBD
0x105F0CED,0x00000021,func,fn_105F0CED
0x105F0D0E,0x00000161,func,fn_105F0D0E
0x105F0E6F,0x00000189,func,fn_105F0E6F
0x105F0FF8,0x00000103,func,fn_105F0FF8
0x105F10FB,0x000000CB,func,fn_105F10FB
0x105F11C6,0x00000135,func,fn_105F11C6
0x105F12FB,0x00000031,func,fn_105F12FB
0x105F14B4,0x000000D4,func,fn_105F14B4
0x105F1588,0x0000001B,func,fn_105F1588
0x105F15A3,0x00000249,func,fn_105F15A3
0x105F1880,0x00000002,func,fn_105F1880
0x105F18A6,0x00000077,func,fn_105F18A6
0x105F1972,0x00000134,func,fn_105F1972
0x105F1AA6,0x00000041,func,fn_105F1AA6
0x105F1AE7,0x00000292,func,fn_105F1AE7
0x105F1E01,0x00000038,func,fn_105F1E01
0x105F1E39,0x00000482,func,fn_105F1E39
0x105F22BB,0x0000008F,func,fn_105F22BB
0x105F234A,0x00000233,func,fn_105F234A
0x105F257D,0x0000001F,func,fn_105F257D
0x105F259C,0x000000BB,func,fn_105F259C
0x105F2657,0x000002E4,func,fn_105F2657
0x105F2D47,0x00000085,func,fn_105F2D47
0x105F2DCC,0x00000009,func,fn_105F2DCC
0x105F2DD6,0x00000049,func,fn_105F2DD6
0x105F2E75,0x000000EE,func,fn_105F2E75
0x105F2F63,0x000002CF,func,fn_105F2F63
0x105F3232,0x00000022,func,fn_105F3232
0x105F3254,0x00000059,func,fn_105F3254
0x105F32AD,0x0000005D,func,fn_105F32AD
0x105F330A,0x0000002F,func,fn_105F330A
0x105F3339,0x0000000A,func,fn_105F3339
0x105F3343,0x00000024,func,fn_105F3343
0x105F3367,0x00000092,func,fn_105F3367
0x105F33F9,0x00000026,func,fn_105F33F9
0x105F341F,0x00000066,func,fn_105F341F
0x105F3485,0x00000027,func,fn_105F3485
0x105F34AC,0x0000007B,func,fn_105F34AC
0x105F36C8,0x00000041,func,fn_105F36C8
0x105F3796,0x00000125,func,fn_105F3796
0x105F38BB,0x00000055,func,fn_105F38BB
0x105F3910,0x00000083,func,fn_105F3910
0x105F3993,0x00000041,func,fn_105F3993
0x105F39D4,0x00000077,func,fn_105F39D4
0x105F3A4B,0x0000009E,func,fn_105F3A4B
0x105F3AE9,0x00000089,func,fn_105F3AE9
0x105F3B72,0x00000078,func,fn_105F3B72
0x105F3BEA,0x00000041,func,fn_105F3BEA
0x105F3C2B,0x00000059,func,fn_105F3C2B
0x105F3C84,0x000000A4,func,fn_105F3C84
0x105F3D28,0x0000004E,func,fn_105F3D28
0x105F3D76,0x0000003D,func,fn_105F3D76
0x105F3DB3,0x0000006E,func,fn_105F3DB3
0x105F3E21,0x000000ED,func,fn_105F3E21
0x105F3F0E,0x0000004D,func,fn_105F3F0E
0x105F3F5B,0x000000B7,func,fn_105F3F5B
0x105F4012,0x00000035,func,fn_105F4012
0x105F4047,0x00000063,func,fn_105F4047
0x105F40AA,0x00000097,func,fn_105F40AA
0x105F4141,0x00000103,func,fn_105F4141
0x105F4244,0x000000C0,func,fn_105F4244
0x105F4304,0x0000004A,func,fn_105F4304
0x105F434E,0x000000BE,func,fn_105F434E
0x105F440C,0x0000017B,func,fn_105F440C
0x105F4587,0x00000020,func,fn_105F4587
0x105F45A7,0x00000015,func,fn_105F45A7
0x105F45BC,0x000000CB,func,fn_105F45BC
0x105F4687,0x00000219,func,fn_105F4687
0x105F48A0,0x0000002D,func,fn_105F48A0
0x105F48CD,0x00000062,func,fn_105F48CD
0x105F492F,0x000001C2,func,fn_105F492F
0x105F4AF1,0x000000FC,func,fn_105F4AF1
0x105F4BED,0x00000175,func,fn_105F4BED
0x105F4D62,0x000000CB,func,fn_105F4D62
0x105F4E2D,0x000000AE,func,fn_105F4E2D
0x105F4EDB,0x00000029,func,fn_105F4EDB
0x105F4F04,0x00000321,func,fn_105F4F04
0x105F5225,0x0000002C,func,fn_105F5225
0x105F5251,0x0000003A,func,fn_105F5251
0x105F528B,0x000000F5,func,fn_105F528B
0x105F5380,0x00000044,func,fn_105F5380
0x105F53C4,0x00000250,func,fn_105F53C4
0x105F5614,0x000001F9,func,fn_105F5614
0x105F580D,0x00000260,func,fn_105F580D
0x105F5A6D,0x000000BD,func,fn_105F5A6D
0x105F5B2A,0x000002DF,func,fn_105F5B2A
0x105F5E09,0x0000016B,func,fn_105F5E09
0x105F5F74,0x00000085,func,fn_105F5F74
0x105F5FF9,0x00000009,func,fn_105F5FF9
0x105F6003,0x00000478,func,fn_105F6003
0x105F647B,0x000003F0,func,fn_105F647B
0x105F686B,0x00000118,func,fn_105F686B
0x105F6983,0x00000049,func,fn_105F6983
0x105F69CC,0x000000AB,func,fn_105F69CC
0x105F6A77,0x000003C1,func,fn_105F6A77
0x105F6E38,0x00000010,func,fn_105F6E38
0x105F6F7C,0x00000615,func,fn_105F6F7C
0x105F7591,0x000000DF,func,fn_105F7591
0x105F7670,0x00000279,func,fn_105F7670
0x105F78E9,0x000000BA,func,fn_105F78E9
0x105F79A3,0x00000044,func,fn_105F79A3
0x105F79E7,0x00000058,func,fn_105F79E7
0x105F7A3F,0x00000083,func,fn_105F7A3F
0x105F7AC2,0x00000066,func,fn_105F7AC2
0x105F7B28,0x0000039F,func,fn_105F7B28
0x105F7EC7,0x0000080B,func,fn_105F7EC7
0x105F86D2,0x000000AA,func,fn_105F86D2
0x105F877C,0x00000069,func,fn_105F877C
0x105F87E5,0x00000077,func,fn_105F87E5
0x105F885C,0x00000223,func,fn_105F885C
0x105F8A7F,0x000001BB,func,fn_105F8A7F
0x105F8C3A,0x000000C5,func,fn_105F8C3A
0x105F8DA7,0x0000003D,func,fn_105F8DA7
0x105F8DE4,0x00000038,func,fn_105F8DE4
0x105F8E1C,0x0000002C,func,fn_105F8E1C
0x105F8E48,0x00000013,func,fn_105F8E48
0x105F8E5B,0x0000021D,func,fn_105F8E5B
0x105F9078,0x000000CF,func,fn_105F9078
0x105F9147,0x00000601,func,fn_105F9147
0x105F9748,0x00000019,func,fn_105F9748
0x105F9761,0x00000093,func,fn_105F9761
0x105F97F4,0x0000008F,func,fn_105F97F4
0x105F9883,0x00000073,func,fn_105F9883
0x105F98F6,0x0000002F,func,fn_105F98F6
0x105F9925,0x0000011E,func,fn_105F9925
0x105F9A43,0x0000002B,func,fn_105F9A43
0x105F9A6E,0x00000021,func,fn_105F9A6E
0x105F9A8F,0x00000021,func,fn_105F9A8F
0x105F9AB0,0x0000001E,func,fn_105F9AB0
0x105F9ACE,0x000000BE,func,fn_105F9ACE
0x105F9B8C,0x00000223,func,fn_105F9B8C
0x105F9DAF,0x000000C9,func,fn_105F9DAF
0x105F9E78,0x0000016B,func,fn_105F9E78
0x105F9FE3,0x000000EF,func,fn_105F9FE3
0x105FA0D2,0x0000007E,func,fn_105FA0D2
0x105FA150,0x0000002D,func,fn_105FA150
0x105FA17D,0x00000018,func,fn_105FA17D
0x105FA195,0x0000003A,func,fn_105FA195
0x105FA1CF,0x0000006F,func,fn_105FA1CF
0x105FA23E,0x00000019,func,fn_105FA23E
0x105FA257,0x00000029,func,fn_105FA257
0x105FA280,0x00000059,func,fn_105FA280
0x105FA2D9,0x0000003A,func,fn_105FA2D9
0x105FA313,0x00000011,func,fn_105FA313
0x105FA324,0x000001BE,func,fn_105FA324
0x105FA4E2,0x0000051A,func,fn_105FA4E2
0x105FA9FC,0x00000129,func,fn_105FA9FC
0x105FAB25,0x0000053E,func,fn_105FAB25
0x105FB063,0x00000043,func,fn_105FB063
0x105FB0A6,0x0000003C,func,fn_105FB0A6
0x105FB0E2,0x00000022,func,fn_105FB0E2
0x105FB104,0x00000027,func,fn_105FB104
0x105FB12B,0x000000E0,func,fn_105FB12B
0x105FB220,0x00000055,func,fn_105FB220
0x105FB275,0x000000C0,func,fn_105FB275
0x105FB335,0x00000090,func,fn_105FB335
0x105FB3C5,0x00000068,func,fn_105FB3C5
0x105FB42D,0x00000015,func,fn_105FB42D
0x105FB442,0x00000024,func,fn_105FB442
0x105FB466,0x000004E2,func,fn_105FB466
0x105FB948,0x00000044,func,fn_105FB948
0x105FB98C,0x00000047,func,fn_105FB98C
0x105FB9D3,0x00000009,func,fn_105FB9D3
0x105FB9DD,0x00000091,func,fn_105FB9DD
0x105FBA6E,0x00000025,func,fn_105FBA6E
0x105FBA93,0x00000107,func,fn_105FBA93
0x105FBB9A,0x00000030,func,fn_105FBB9A
0x105FBBCA,0x0000006E,func,fn_105FBBCA
0x105FBC38,0x000006A6,func,fn_105FBC38
0x105FC2DE,0x0000039C,func,fn_105FC2DE
0x105FC67A,0x00000025,func,fn_105FC67A
0x105FC69F,0x0000009C,func,fn_105FC69F
0x105FC73B,0x00000022,func,fn_105FC73B
0x105FC75D,0x00000046,func,fn_105FC75D
0x105FC7C3,0x0000001F,func,fn_105FC7C3
0x105FC7E2,0x0000001E,func,fn_105FC7E2
0x105FC800,0x0000009F,func,fn_105FC800
0x105FC89F,0x00000009,func,fn_105FC89F
0x105FC8A9,0x00000053,func,fn_105FC8A9
0x105FC8FC,0x00000061,func,fn_105FC8FC
0x105FC95D,0x00000204,func,fn_105FC95D
0x105FCB62,0x00000024,func,fn_105FCB62
0x105FCB86,0x00000062,func,fn_105FCB86
0x105FCBE8,0x00000071,func,fn_105FCBE8
0x105FCC59,0x00000043,func,fn_105FCC59
0x105FCC9C,0x0000004C,func,fn_105FCC9C
0x105FCCE8,0x0000009B,func,fn_105FCCE8
0x105FCD83,0x00000031,func,fn_105FCD83
0x105FCF2A,0x000000CB,func,fn_105FCF2A
0x105FCFF5,0x0000006F,func,fn_105FCFF5
0x105FD064,0x0000001B,func,fn_105FD064
0x105FD07F,0x00000021,func,fn_105FD07F
0x105FD0A0,0x00000055,func,fn_105FD0A0
0x105FD0F5,0x00000007,func,fn_105FD0F5
0x105FD0FC,0x00000020,func,fn_105FD0FC
0x105FD11C,0x00000017,func,fn_105FD11C
0x105FD133,0x00000020,func,fn_105FD133
0x105FD153,0x0000000B,func,fn_105FD153
0x105FD15E,0x0000000B,func,fn_105FD15E
0x105FD169,0x00000026,func,fn_105FD169
0x105FD18F,0x0000002C,func,fn_105FD18F
0x105FD1BB,0x00000031,func,fn_105FD1BB
0x105FD1EC,0x00000026,func,fn_105FD1EC
0x105FD212,0x00000021,func,fn_105FD212
0x105FD233,0x00000013,func,fn_105FD233
0x105FD246,0x00000013,func,fn_105FD246
0x105FD259,0x00000033,func,fn_105FD259
0x105FD28C,0x00000046,func,fn_105FD28C
0x105FD2D2,0x00000036,func,fn_105FD2D2
0x105FD308,0x0000002F,func,fn_105FD308
0x105FD337,0x0000005C,func,fn_105FD337
0x105FD393,0x00000080,func,fn_105FD393
0x105FD413,0x00000033,func,fn_105FD413
0x105FD446,0x0000001D,func,fn_105FD446
0x105FD463,0x00000021,func,fn_105FD463
0x105FD484,0x00000034,func,fn_105FD484
0x105FD4B8,0x0000004C,func,fn_105FD4B8
0x105FD504,0x00000057,func,fn_105FD504
0x105FD55B,0x00000037,func,fn_105FD55B
0x105FD592,0x000000AF,func,fn_105FD592
0x105FD641,0x00000131,func,fn_105FD641
0x105FD772,0x00000257,func,fn_105FD772
0x105FD9C9,0x000000A5,func,fn_105FD9C9
0x105FDA6E,0x0000004D,func,fn_105FDA6E
0x105FDABB,0x00000183,func,fn_105FDABB
0x105FDC3E,0x00000171,func,fn_105FDC3E
0x105FDDAF,0x0000005A,func,fn_105FDDAF
0x105FDE09,0x000000A6,func,fn_105FDE09
0x105FDEAF,0x000000C1,func,fn_105FDEAF
0x105FDF70,0x000001C9,func,fn_105FDF70
0x105FE139,0x00000028,func,fn_105FE139
0x105FE161,0x0000015B,func,fn_105FE161
0x105FE2BC,0x0000016B,func,fn_105FE2BC
0x105FE427,0x000000C9,func,fn_105FE427
0x105FE4F0,0x000001ED,func,fn_105FE4F0
0x105FE6DD,0x0000001C,func,fn_105FE6DD
0x105FE6F9,0x00000080,func,fn_105FE6F9
0x105FE779,0x00000095,func,fn_105FE779
0x105FE80E,0x000001A7,func,fn_105FE80E
0x105FE9B5,0x00000038,func,fn_105FE9B5
0x105FE9ED,0x00000062,func,fn_105FE9ED
0x105FEA4F,0x00000353,func,fn_105FEA4F
0x105FEDA2,0x000002C0,func,fn_105FEDA2
0x105FF062,0x000002E8,func,fn_105FF062
0x105FF34A,0x0000001F,func,fn_105FF34A
0x105FF369,0x000000C2,func,fn_105FF369
0x105FF42B,0x000000DF,func,fn_105FF42B
0x105FF50A,0x0000001E,func,fn_105FF50A
0x105FF528,0x00000682,func,fn_105FF528
0x105FFBAA,0x00000064,func,fn_105FFBAA
0x105FFC0E,0x00000066,func,fn_105FFC0E
0x105FFC74,0x00000EE7,func,fn_105FFC74
0x10600B5B,0x0000004C,func,fn_10600B5B
0x10600BA7,0x0000000B,func,fn_10600BA7
0x10600BB2,0x00000033,func,fn_10600BB2
0x10600BE5,0x00000014,func,fn_10600BE5
0x10600BF9,0x00000019,func,fn_10600BF9
0x10600C12,0x00000058,func,fn_10600C12
0x10600C6A,0x0000002E,func,fn_10600C6A
0x10600C98,0x00000052,func,fn_10600C98
0x10600CEA,0x00000064,func,fn_10600CEA
0x10600D4E,0x0000005D,func,fn_10600D4E
0x10600DAB,0x0000000F,func,fn_10600DAB
0x10600DBA,0x00000033,func,fn_10600DBA
0x10600DED,0x00000012,func,fn_10600DED
0x10600DFF,0x0000002E,func,fn_10600DFF
0x10600E2D,0x00000034,func,fn_10600E2D
0x10600E61,0x0000000D,func,fn_10600E61
0x10600E6E,0x0000000E,func,fn_10600E6E
0x10600E7C,0x00000050,func,fn_10600E7C
0x10600ECC,0x0000002E,func,fn_10600ECC
0x10600EFA,0x00000021,func,fn_10600EFA
0x10600F1B,0x00000021,func,fn_10600F1B
0x10600F3C,0x00000014,func,fn_10600F3C
0x10600F50,0x00000019,func,fn_10600F50
0x10600F69,0x0000001B,func,fn_10600F69
0x10600F84,0x00000014,func,fn_10600F84
0x10600F98,0x00000018,func,fn_10600F98
0x10600FB0,0x00000068,func,fn_10600FB0
0x10601018,0x0000001C,func,fn_10601018
0x10601034,0x00000070,func,fn_10601034
0x106010A4,0x00000125,func,fn_106010A4
0x106011C9,0x00000155,func,fn_106011C9
0x1060131E,0x00000047,func,fn_1060131E
0x10601365,0x0000004A,func,fn_10601365
0x106013AF,0x00000042,func,fn_106013AF
0x106013F1,0x00000066,func,fn_106013F1
0x10601723,0x00000005,func,fn_10601723
0x1060173E,0x0000000A,func,fn_1060173E
0x10601748,0x00000015,func,fn_10601748
0x1060175D,0x00000070,func,fn_1060175D
0x106017CD,0x0000004E,func,fn_106017CD
0x1060181B,0x00000105,func,fn_1060181B
0x10601920,0x0000001E,func,fn_10601920
0x1060193E,0x00000005,func,fn_1060193E
0x10601959,0x00000005,func,fn_10601959
0x1060195E,0x00000058,func,fn_1060195E
0x106019B6,0x00000043,func,fn_106019B6
0x106019F9,0x00000024,func,fn_106019F9
0x10601A1D,0x00000033,func,fn_10601A1D
0x10601A50,0x000000D0,func,fn_10601A50
0x10601B20,0x00000002,func,fn_10601B20
0x10601B40,0x00000013,func,fn_10601B40
0x10601B53,0x00000049,func,fn_10601B53
0x10601B9C,0x00000027,func,fn_10601B9C
0x10601BC3,0x0000001D,func,fn_10601BC3
0x10601BE0,0x00000022,func,fn_10601BE0
0x10601C02,0x00000026,func,fn_10601C02
0x10601C28,0x00000027,func,fn_10601C28
0x10601C4F,0x00000163,func,fn_10601C4F
0x10601DB2,0x000000CB,func,fn_10601DB2
0x10601E7D,0x000000C0,func,fn_10601E7D
0x10601F9F,0x00000059,func,fn_10601F9F
0x10601FF8,0x000000A7,func,fn_10601FF8
0x1060209F,0x00000034,func,fn_1060209F
0x106020D3,0x0000003A,func,fn_106020D3
0x1060210D,0x00000040,func,fn_1060210D
0x1060214D,0x0000003E,func,fn_1060214D
0x1060218B,0x00000005,func,fn_1060218B
0x106021A6,0x00000005,func,fn_106021A6
0x106021AB,0x00000028,func,fn_106021AB
0x106021D3,0x00000025,func,fn_106021D3
0x106021F8,0x00000028,func,fn_106021F8
0x10602220,0x00000025,func,fn_10602220
0x10602245,0x000000BB,func,fn_10602245
0x10602300,0x00000042,func,fn_10602300
0x10602342,0x00000061,func,fn_10602342
0x106023A3,0x0000000F,func,fn_106023A3
0x106023B2,0x00000053,func,fn_106023B2
0x10602405,0x00000064,func,fn_10602405
0x10602469,0x0000008D,func,fn_10602469
0x106024F6,0x000000AD,func,fn_106024F6
0x106025A3,0x0000005F,func,fn_106025A3
0x10602602,0x0000011F,func,fn_10602602
0x10602721,0x00000071,func,fn_10602721
0x10602792,0x00000043,func,fn_10602792
0x106027D5,0x0000003D,func,fn_106027D5
0x10602812,0x0000004C,func,fn_10602812
0x1060285E,0x00000030,func,fn_1060285E
0x1060288E,0x00000050,func,fn_1060288E
0x106028DE,0x00000050,func,fn_106028DE
0x1060292E,0x00000053,func,fn_1060292E
0x10602981,0x0000005F,func,fn_10602981
0x106029E0,0x000000A4,func,fn_106029E0
0x10602A84,0x0000022A,func,fn_10602A84
0x10602CAE,0x00000044,func,fn_10602CAE
0x10602CF2,0x0000009D,func,fn_10602CF2
0x10602D8F,0x00000122,func,fn_10602D8F
0x10602EB1,0x00000342,func,fn_10602EB1
0x106031F3,0x000000FE,func,fn_106031F3
0x106032F1,0x00000041,func,fn_106032F1
0x10603332,0x00000019,func,fn_10603332
0x1060334B,0x00000090,func,fn_1060334B
0x106033DB,0x0000001F,func,fn_106033DB
0x106033FA,0x00000075,func,fn_106033FA
0x1060346F,0x00000030,func,fn_1060346F
0x1060349F,0x00000020,func,fn_1060349F
0x106034E3,0x0000002D,func,fn_106034E3
0x10603510,0x00000085,func,fn_10603510
0x10603595,0x00000040,func,fn_10603595
0x106035D5,0x00000009,func,fn_106035D5
0x106035DF,0x0000003E,func,fn_106035DF
0x1060361D,0x0000007D,func,fn_1060361D
0x1060369A,0x00000101,func,fn_1060369A
0x1060379B,0x0000005D,func,fn_1060379B
0x106037F8,0x0000008E,func,fn_106037F8
0x10603886,0x000001F0,func,fn_10603886
0x10603A76,0x00000022,func,fn_10603A76
0x10603A98,0x0000011B,func,fn_10603A98
0x10603BB3,0x0000006F,func,fn_10603BB3
0x10603C22,0x00000221,func,fn_10603C22
0x10603E43,0x00000076,func,fn_10603E43
0x10603EB9,0x0000001E,func,fn_10603EB9
0x10603ED7,0x00000027,func,fn_10603ED7
0x10603EFE,0x00000015,func,fn_10603EFE
0x10603F13,0x00000013,func,fn_10603F13
0x10603F5A,0x0000000D,func,fn_10603F5A
0x10603F67,0x00000009,func,fn_10603F67
0x10603F70,0x00000059,func,fn_10603F70
0x10603FE9,0x00000022,func,fn_10603FE9
0x1060400B,0x00000021,func,fn_1060400B
0x1060402C,0x0000004C,func,fn_1060402C
0x10604078,0x00000031,func,fn_10604078
0x106040A9,0x000003D8,func,fn_106040A9
0x10604481,0x000000EF,func,fn_10604481
0x10604570,0x0000015E,func,fn_10604570
0x106046CE,0x00000006,func,fn_106046CE
0x1060473D,0x0000004B,func,fn_1060473D
0x10604788,0x00000081,func,fn_10604788
0x10604809,0x00000088,func,fn_10604809
0x10604891,0x00000013,func,fn_10604891
0x106048A4,0x0000005E,func,fn_106048A4
0x10604902,0x00000039,func,fn_10604902
0x1060493B,0x00000038,func,fn_1060493B
0x10604973,0x00000037,func,fn_10604973
0x106049AA,0x0000002A,func,fn_106049AA
0x106049D4,0x00000030,func,fn_106049D4
0x10604A04,0x00000039,func,fn_10604A04
0x10604A3D,0x00000057,func,fn_10604A3D
0x10604A94,0x000000A6,func,fn_10604A94
0x10604B3A,0x0000002B,func,fn_10604B3A
0x10604B65,0x00000017,func,fn_10604B65
0x10604B7C,0x0000002E,func,fn_10604B7C
0x10604BAA,0x00000089,func,fn_10604BAA
0x10604C33,0x0000002B,func,fn_10604C33
0x10604C5E,0x0000023B,func,fn_10604C5E
0x10604E99,0x000001EC,func,fn_10604E99
0x10605085,0x00000091,func,fn_10605085
0x10605116,0x00000046,func,fn_10605116
0x1060515C,0x00000040,func,fn_1060515C
0x1060519C,0x00000015,func,fn_1060519C
0x106051B1,0x0000002D,func,fn_106051B1
0x106051DE,0x00000064,func,fn_106051DE
0x10605242,0x00000019,func,fn_10605242
0x1060525B,0x0000011B,func,fn_1060525B
0x10605376,0x00000132,func,fn_10605376
0x106054A8,0x0000031F,func,fn_106054A8
0x106057C7,0x00000154,func,fn_106057C7
0x1060591B,0x0000022D,func,fn_1060591B
0x10605B48,0x000000A7,func,fn_10605B48
0x10605BEF,0x00000084,func,fn_10605BEF
0x10605C73,0x00000027,func,fn_10605C73
0x10605C9A,0x00000034,func,fn_10605C9A
0x10605CCE,0x00000042,func,fn_10605CCE
0x10605D10,0x00000058,func,fn_10605D10
0x10605D7A,0x00000287,func,fn_10605D7A
0x10606001,0x00000174,func,fn_10606001
0x10606175,0x00000086,func,fn_10606175
0x106061FB,0x00000052,func,fn_106061FB
0x1060624D,0x00000130,func,fn_1060624D
0x1060637D,0x000001BD,func,fn_1060637D
0x1060653A,0x00000216,func,fn_1060653A
0x10606750,0x000003E9,func,fn_10606750
0x10606B39,0x0000038A,func,fn_10606B39
0x10606EC3,0x00000197,func,fn_10606EC3
0x1060705A,0x00000178,func,fn_1060705A
0x106071D2,0x0000005F,func,fn_106071D2
0x10607231,0x00000120,func,fn_10607231
0x10607351,0x000002FB,func,fn_10607351
0x1060764C,0x00000603,func,fn_1060764C
0x10607C4F,0x00000173,func,fn_10607C4F
0x10607DC2,0x00000861,func,fn_10607DC2
0x10608659,0x000002F7,func,fn_10608659
0x10608950,0x00000327,func,fn_10608950
0x10608C77,0x000002DC,func,fn_10608C77
0x10608F53,0x0000008A,func,fn_10608F53
0x10608FDD,0x000000A9,func,fn_10608FDD
0x10609086,0x0000049B,func,fn_10609086
0x10609521,0x00000399,func,fn_10609521
0x106098BA,0x00000009,func,fn_106098BA
0x1060A184,0x0000071D,func,fn_1060A184
0x1060A8A1,0x000002D1,func,fn_1060A8A1
0x1060AB72,0x0000001D,func,fn_1060AB72
0x1060AB8F,0x0000004D,func,fn_1060AB8F
0x1060ABDC,0x00000007,func,fn_1060ABDC
0x1060ABE3,0x0000002A,func,fn_1060ABE3
0x1060AC0D,0x0000002A,func,fn_1060AC0D
0x1060AC37,0x0000001F,func,fn_1060AC37
0x1060AC56,0x00000017,func,fn_1060AC56
0x1060AC6D,0x00000017,func,fn_1060AC6D
0x1060AC84,0x00000015,func,fn_1060AC84
0x1060AC99,0x00000015,func,fn_1060AC99
0x1060ACAE,0x0000001E,func,fn_1060ACAE
0x1060ACCC,0x00000078,func,fn_1060ACCC
0x1060AD44,0x0000001A,func,fn_1060AD44
0x1060AD5E,0x00000023,func,fn_1060AD5E
0x1060AD81,0x00000011,func,fn_1060AD81
0x1060AD92,0x0000005F,func,fn_1060AD92
0x1060ADF1,0x00000068,func,fn_1060ADF1
0x1060AE59,0x0000005B,func,fn_1060AE59
0x1060AEB4,0x00000053,func,fn_1060AEB4
0x1060AF07,0x00000020,func,fn_1060AF07
0x1060AF27,0x00000028,func,fn_1060AF27
0x1060AF4F,0x00000053,func,fn_1060AF4F
0x1060AFA2,0x00000040,func,fn_1060AFA2
0x1060B00C,0x0000003E,func,fn_1060B00C
0x1060B04A,0x0000014B,func,fn_1060B04A
0x1060B195,0x000000BB,func,fn_1060B195
0x1060B250,0x00000021,func,fn_1060B250
0x1060B271,0x000000A2,func,fn_1060B271
0x1060B313,0x00000068,func,fn_1060B313
0x1060B37B,0x000000DE,func,fn_1060B37B
0x1060B459,0x0000014A,func,fn_1060B459
0x1060B5A3,0x000000EE,func,fn_1060B5A3
0x1060B6F3,0x00000062,func,fn_1060B6F3
0x1060B755,0x00000013,func,fn_1060B755
0x1060B768,0x00000042,func,fn_1060B768
0x1060B7AA,0x0000014D,func,fn_1060B7AA
0x1060B8F7,0x0000006A,func,fn_1060B8F7
0x1060B961,0x00000134,func,fn_1060B961
0x1060BA95,0x00000038,func,fn_1060BA95
0x1060BACD,0x00000077,func,fn_1060BACD
0x1060BB44,0x00000028,func,fn_1060BB44
0x1060BB6C,0x00000040,func,fn_1060BB6C
0x1060BBAC,0x00000046,func,fn_1060BBAC
0x1060BBF2,0x0000003B,func,fn_1060BBF2
0x1060BC2D,0x0000002A,func,fn_1060BC2D
0x1060BC57,0x0000006F,func,fn_1060BC57
0x1060BCC6,0x0000037D,func,fn_1060BCC6
0x1060C043,0x00000048,func,fn_1060C043
0x1060C08B,0x0000006C,func,fn_1060C08B
0x1060C0F7,0x00000066,func,fn_1060C0F7
0x1060C15D,0x00000038,func,fn_1060C15D
0x1060C195,0x00000063,func,fn_1060C195
0x1060C1F8,0x00000081,func,fn_1060C1F8
0x1060C279,0x000000A8,func,fn_1060C279
0x1060C321,0x000000A3,func,fn_1060C321
0x1060C3C4,0x0000000C,func,fn_1060C3C4
0x1060C3D0,0x00000022,func,fn_1060C3D0
0x1060C3F2,0x00000035,func,fn_1060C3F2
0x1060C427,0x00000009,func,fn_1060C427
0x1060C431,0x00000035,func,fn_1060C431
0x1060C466,0x00000009,func,fn_1060C466
0x1060C470,0x00000015,func,fn_1060C470
0x1060C485,0x00000337,func,fn_1060C485
0x1060C7BC,0x0000005B,func,fn_1060C7BC
0x1060C817,0x00000043,func,fn_1060C817
0x1060C85A,0x0000009F,func,fn_1060C85A
0x1060C8F9,0x00000037,func,fn_1060C8F9
0x1060C930,0x00000047,func,fn_1060C930
0x1060C977,0x0000002A,func,fn_1060C977
0x1060C9A1,0x00000044,func,fn_1060C9A1
0x1060C9E5,0x0000003A,func,fn_1060C9E5
0x1060CA1F,0x00000035,func,fn_1060CA1F
0x1060CA54,0x00000009,func,fn_1060CA54
0x1060CA5E,0x0000001A,func,fn_1060CA5E
0x1060CA78,0x0000002B,func,fn_1060CA78
0x1060CAD1,0x00000142,func,fn_1060CAD1
0x1060CC13,0x000000B2,func,fn_1060CC13
0x1060CCC5,0x0000008D,func,fn_1060CCC5
0x1060CD52,0x00000017,func,fn_1060CD52
0x1060CD69,0x00000023,func,fn_1060CD69
0x1060CD8C,0x000000B6,func,fn_1060CD8C
0x1060CE42,0x000006DE,func,fn_1060CE42
0x1060D520,0x000000DE,func,fn_1060D520
0x1060D5FE,0x00000109,func,fn_1060D5FE
0x1060D707,0x0000075B,func,fn_1060D707
0x1060DE62,0x00000373,func,fn_1060DE62
0x1060FB82,0x000006CF,func,fn_1060FB82
0x10610251,0x000000E9,func,fn_10610251
0x1061033A,0x0000001B,func,fn_1061033A
0x10610355,0x00000038,func,fn_10610355
0x1061038D,0x00000082,func,fn_1061038D
0x1061040F,0x0000012B,func,fn_1061040F
0x1061053A,0x00000B2C,func,fn_1061053A
0x10611070,0x0000000A,func,fn_10611070
0x1061107A,0x0000000A,func,fn_1061107A
0x1061108E,0x000000ED,func,fn_1061108E
0x1061117B,0x000001A8,func,fn_1061117B
0x10611323,0x00000038,func,fn_10611323
0x1061135B,0x000001E0,func,fn_1061135B
0x1061153B,0x00000016,func,fn_1061153B
0x10611551,0x00000096,func,fn_10611551
0x106115E7,0x00000027,func,fn_106115E7
0x1061160E,0x00000034,func,fn_1061160E
0x10611642,0x00000195,func,fn_10611642
0x106117D7,0x00000036,func,fn_106117D7
0x1061180D,0x0000002A,func,fn_1061180D
0x10611837,0x0000002E,func,fn_10611837
0x10611865,0x0000002E,func,fn_10611865
0x10611893,0x00000033,func,fn_10611893
0x1061190D,0x0000003C,func,fn_1061190D
0x10611949,0x00000734,func,fn_10611949
0x1061207D,0x000000EE,func,fn_1061207D
0x1061216B,0x00000058,func,fn_1061216B
0x106121C3,0x00000022,func,fn_106121C3
0x106121E5,0x000001F0,func,fn_106121E5
0x106123D5,0x0000000D,func,fn_106123D5
0x106123E2,0x00000127,func,fn_106123E2
0x10612509,0x0000002B,func,fn_10612509
0x10612534,0x0000000C,func,fn_10612534
0x10612540,0x00000014,func,fn_10612540
0x1061255C,0x0000003C,func,fn_1061255C
0x10612598,0x00000050,func,fn_10612598
0x10612628,0x00000053,func,fn_10612628
0x1061267B,0x0000001D,func,fn_1061267B
0x10612698,0x0000001A,func,fn_10612698
0x106126B2,0x0000003F,func,fn_106126B2
0x106126F1,0x00000097,func,fn_106126F1
0x10612788,0x00000023,func,fn_10612788
0x106127AB,0x00000029,func,fn_106127AB
0x106127D4,0x00000065,func,fn_106127D4
0x10612839,0x00000012,func,fn_10612839
0x1061284B,0x0000001E,func,fn_1061284B
0x10612869,0x0000001B,func,fn_10612869
0x10612884,0x00000021,func,fn_10612884
0x106128A5,0x0000008F,func,fn_106128A5
0x10612934,0x00000026,func,fn_10612934
0x1061295A,0x0000008D,func,fn_1061295A
0x106129E7,0x00000012,func,fn_106129E7
0x106129F9,0x00000015,func,fn_106129F9
0x10612A0E,0x00000089,func,fn_10612A0E
0x10612A97,0x0000000C,func,fn_10612A97
0x10612AA3,0x00000024,func,fn_10612AA3
0x10612AC7,0x00000067,func,fn_10612AC7
0x10612B2E,0x00000067,func,fn_10612B2E
0x10612B95,0x00000041,func,fn_10612B95
0x10612BD6,0x00000069,func,fn_10612BD6
0x10612C3F,0x00000045,func,fn_10612C3F
0x10612C84,0x00000026,func,fn_10612C84
0x10612CAA,0x00000055,func,fn_10612CAA
0x10612CFF,0x0000003B,func,fn_10612CFF
0x10612D3A,0x0000000E,func,fn_10612D3A
0x10612D48,0x0000000E,func,fn_10612D48
0x10612D56,0x0000000E,func,fn_10612D56
0x10612D64,0x0000000E,func,fn_10612D64
0x10612D72,0x00000039,func,fn_10612D72
0x10612DAB,0x00000032,func,fn_10612DAB
0x10612DDD,0x00000004,func,fn_10612DDD
0x10612DF5,0x00000009,func,fn_10612DF5
0x10612DFE,0x00000017,func,fn_10612DFE
0x10612E15,0x00000089,func,fn_10612E15
0x10612E9E,0x00000038,func,fn_10612E9E
0x10612ED6,0x00000031,func,fn_10612ED6
0x10612F07,0x00000011,func,fn_10612F07
0x10612F18,0x00000030,func,fn_10612F18
0x10612F48,0x00000020,func,fn_10612F48
0x10612F68,0x00000023,func,fn_10612F68
0x10612F8B,0x0000006B,func,fn_10612F8B
0x10612FF6,0x000000AE,func,fn_10612FF6
0x106130A4,0x00000025,func,fn_106130A4
0x106130C9,0x00000023,func,fn_106130C9
0x106130EC,0x0000002A,func,fn_106130EC
0x10613116,0x0000003A,func,fn_10613116
0x10613150,0x00000054,func,fn_10613150
0x106131A4,0x00000030,func,fn_106131A4
0x106131D4,0x0000001F,func,fn_106131D4
0x106131F3,0x00000028,func,fn_106131F3
0x1061321B,0x00000025,func,fn_1061321B
0x10613240,0x00000033,func,fn_10613240
0x10613273,0x00000040,func,fn_10613273
0x106132B3,0x0000002C,func,fn_106132B3
0x106132DF,0x00000028,func,fn_106132DF
0x10613307,0x00000043,func,fn_10613307
0x1061334A,0x00000058,func,fn_1061334A
0x106133A2,0x00000069,func,fn_106133A2
0x1061340B,0x00000029,func,fn_1061340B
0x10613434,0x0000004E,func,fn_10613434
0x10613482,0x0000000F,func,fn_10613482
0x10613491,0x00000010,func,fn_10613491
0x106134A1,0x00000011,func,fn_106134A1
0x106134B2,0x00000009,func,fn_106134B2
0x106134BB,0x0000008D,func,fn_106134BB
0x10613548,0x00000059,func,fn_10613548
0x106135A1,0x00000041,func,fn_106135A1
0x106135E2,0x00000037,func,fn_106135E2
0x10613619,0x0000006E,func,fn_10613619
0x10613687,0x00000029,func,fn_10613687
0x106136B0,0x00000026,func,fn_106136B0
0x106136D6,0x00000021,func,fn_106136D6
0x106136F7,0x00000167,func,fn_106136F7
0x1061385E,0x0000010B,func,fn_1061385E
0x10613969,0x0000002A,func,fn_10613969
0x10613993,0x0000006E,func,fn_10613993
0x10613A01,0x00000042,func,fn_10613A01
0x10613A43,0x00000013,func,fn_10613A43
0x10613A56,0x00000189,func,fn_10613A56
0x10613BDF,0x00000032,func,fn_10613BDF
0x10613C11,0x00000061,func,fn_10613C11
0x10613C72,0x00000045,func,fn_10613C72
0x10613CB7,0x000002AB,func,fn_10613CB7
0x10613F87,0x000000EE,func,fn_10613F87
0x10614075,0x0000007C,func,fn_10614075
0x106140F1,0x000002C8,func,fn_106140F1
0x106143B9,0x000000D3,func,fn_106143B9
0x1061448C,0x00000040,func,fn_1061448C
0x106144CC,0x00000670,func,fn_106144CC
0x10614B3C,0x00000086,func,fn_10614B3C
0x10614BC2,0x00000060,func,fn_10614BC2
0x10614C22,0x000000EB,func,fn_10614C22
0x10614D0D,0x00000286,func,fn_10614D0D
0x10614F93,0x000000B9,func,fn_10614F93
0x1061504C,0x00000055,func,fn_1061504C
0x106150A1,0x0000006E,func,fn_106150A1
0x1061510F,0x00000023,func,fn_1061510F
0x10615132,0x00000085,func,fn_10615132
0x106151B7,0x0000002E,func,fn_106151B7
0x106151E5,0x000000C0,func,fn_106151E5
0x106152A5,0x00000093,func,fn_106152A5
0x10615338,0x000000C5,func,fn_10615338
0x106153FD,0x00000067,func,fn_106153FD
0x10615464,0x000002D4,func,fn_10615464
0x10615782,0x00000022,func,fn_10615782
0x106157A4,0x00000067,func,fn_106157A4
0x1061580B,0x00000042,func,fn_1061580B
0x1061584D,0x0000027F,func,fn_1061584D
0x10615ACC,0x0000008A,func,fn_10615ACC
0x10615B56,0x000001B7,func,fn_10615B56
0x10615D0D,0x0000007B,func,fn_10615D0D
0x10615D88,0x0000001E,func,fn_10615D88
0x10615DA6,0x0000020F,func,fn_10615DA6
0x10615FB5,0x00000041,func,fn_10615FB5
0x10615FF6,0x00000114,func,fn_10615FF6
0x1061610A,0x00000058,func,fn_1061610A
0x10616162,0x00000476,func,fn_10616162
0x106165D8,0x000001F5,func,fn_106165D8
0x106167CD,0x00000027,func,fn_106167CD
0x106167F4,0x00000069,func,fn_106167F4
0x1061685D,0x00000024,func,fn_1061685D
0x10616881,0x00000524,func,fn_10616881
0x10616DA5,0x0000004A,func,fn_10616DA5
0x10616DEF,0x000000A9,func,fn_10616DEF
0x10616F5E,0x000000CE,func,fn_10616F5E
0x1061702C,0x0000002B,func,fn_1061702C
0x10617057,0x0000003A,func,fn_10617057
0x10617091,0x00000044,func,fn_10617091
0x106170D5,0x00000041,func,fn_106170D5
0x10617116,0x00000036,func,fn_10617116
0x1061714C,0x0000020B,func,fn_1061714C
0x10617358,0x0000016B,func,fn_10617358
0x106174C3,0x000000DA,func,fn_106174C3
0x1061759D,0x0000038B,func,fn_1061759D
0x10617928,0x000004D5,func,fn_10617928
0x10617DFD,0x0000003B,func,fn_10617DFD
0x10617E38,0x00000343,func,fn_10617E38
0x1061817B,0x0000021B,func,fn_1061817B
0x10618396,0x000001CB,func,fn_10618396
0x10618561,0x000000BF,func,fn_10618561
0x10618620,0x0000010B,func,fn_10618620
0x1061872B,0x0000097F,func,fn_1061872B
0x106190AA,0x0000051C,func,fn_106190AA
0x106195C6,0x000002AD,func,fn_106195C6
0x10619873,0x00000010,func,fn_10619873
0x10619883,0x00000436,func,fn_10619883
0x10619CB9,0x00000CA9,func,fn_10619CB9
0x1061A962,0x00000199,func,fn_1061A962
0x1061AAFB,0x00000082,func,fn_1061AAFB
0x1061AB8E,0x00000014,func,fn_1061AB8E
0x1061ABA2,0x0000001D,func,fn_1061ABA2
0x1061ABBF,0x0000001A,func,fn_1061ABBF
0x1061ABD9,0x0000001C,func,fn_1061ABD9
0x1061ABF5,0x0000003F,func,fn_1061ABF5
0x1061AC34,0x00000013,func,fn_1061AC34
0x1061AC47,0x00000020,func,fn_1061AC47
0x1061AC67,0x00000073,func,fn_1061AC67
0x1061ACDA,0x0000002E,func,fn_1061ACDA
0x1061AD08,0x00000013,func,fn_1061AD08
0x1061AD1B,0x00000057,func,fn_1061AD1B
0x1061AD72,0x00000093,func,fn_1061AD72
0x1061AE05,0x00000038,func,fn_1061AE05
0x1061AE3D,0x00000029,func,fn_1061AE3D
0x1061AE66,0x0000001A,func,fn_1061AE66
0x1061AE80,0x00000029,func,fn_1061AE80
0x1061AEA9,0x00000029,func,fn_1061AEA9
0x1061AED2,0x00000029,func,fn_1061AED2
0x1061AEFB,0x00000029,func,fn_1061AEFB
0x1061AF24,0x00000067,func,fn_1061AF24
0x1061AF8B,0x0000004C,func,fn_1061AF8B
0x1061AFD7,0x000000C4,func,fn_1061AFD7
0x1061B09B,0x00000068,func,fn_1061B09B
0x1061B103,0x0000001C,func,fn_1061B103
0x1061B11F,0x00000007,func,fn_1061B11F
0x1061B126,0x00000034,func,fn_1061B126
0x1061B15A,0x0000003E,func,fn_1061B15A
0x1061B198,0x0000009F,func,fn_1061B198
0x1061B237,0x0000006C,func,fn_1061B237
0x1061B2A3,0x00000045,func,fn_1061B2A3
0x1061B2E8,0x00000082,func,fn_1061B2E8
0x1061B36A,0x00000023,func,fn_1061B36A
0x1061B38D,0x00000020,func,fn_1061B38D
0x1061B3AD,0x0000002D,func,fn_1061B3AD
0x1061B3F3,0x0000002C,func,fn_1061B3F3
0x1061B41F,0x00000004,func,fn_1061B41F
0x1061B423,0x00000019,func,fn_1061B423
0x1061B43C,0x00000019,func,fn_1061B43C
0x1061B455,0x00000036,func,fn_1061B455
0x1061B48B,0x00000045,func,fn_1061B48B
0x1061B4D0,0x000000CF,func,fn_1061B4D0
0x1061B59F,0x00000064,func,fn_1061B59F
0x1061B603,0x0000001F,func,fn_1061B603
0x1061B622,0x0000020D,func,fn_1061B622
0x1061B859,0x0000020D,func,fn_1061B859
0x1061BA90,0x00000212,func,fn_1061BA90
0x1061BCCB,0x00000214,func,fn_1061BCCB
0x1061BF06,0x000001CD,func,fn_1061BF06
0x1061C0FD,0x00000065,func,fn_1061C0FD
0x1061C162,0x0000003E,func,fn_1061C162
0x1061C1A0,0x0000003E,func,fn_1061C1A0
0x1061C1DE,0x0000003E,func,fn_1061C1DE
0x1061C21C,0x0000003E,func,fn_1061C21C
0x1061C25A,0x0000003E,func,fn_1061C25A
0x1061C298,0x0000003E,func,fn_1061C298
0x1061C2D6,0x0000003E,func,fn_1061C2D6
0x1061C314,0x00000038,func,fn_1061C314
0x1061C34C,0x00000038,func,fn_1061C34C
0x1061C384,0x00000039,func,fn_1061C384
0x1061C3BD,0x00000008,func,fn_1061C3BD
0x1061C3C5,0x0000000B,func,fn_1061C3C5
0x1061C3D0,0x00000062,func,fn_1061C3D0
0x1061C432,0x00000044,func,fn_1061C432
0x1061C476,0x0000009F,func,fn_1061C476
0x1061C515,0x0000003C,func,fn_1061C515
0x1061C551,0x0000003D,func,fn_1061C551
0x1061C5C3,0x0000000C,func,fn_1061C5C3
0x1061C5CF,0x00000170,func,fn_1061C5CF
0x1061C73F,0x00000068,func,fn_1061C73F
0x1061C7A7,0x00000015,func,fn_1061C7A7
0x1061C7BC,0x00000015,func,fn_1061C7BC
0x1061C7D1,0x00000080,func,fn_1061C7D1
0x1061C851,0x00000015,func,fn_1061C851
0x1061C866,0x0000004D,func,fn_1061C866
0x1061C8B3,0x0000001A,func,fn_1061C8B3
0x1061C8CD,0x00000015,func,fn_1061C8CD
0x1061C8E2,0x00000040,func,fn_1061C8E2
0x1061C922,0x0000000B,func,fn_1061C922
0x1061C92D,0x0000000D,func,fn_1061C92D
0x1061C93A,0x0000000E,func,fn_1061C93A
0x1061C948,0x00000008,func,fn_1061C948
0x1061C950,0x0000000B,func,fn_1061C950
0x1061C95B,0x00000011,func,fn_1061C95B
0x1061C96C,0x000000CD,func,fn_1061C96C
0x1061CA39,0x00000076,func,fn_1061CA39
0x1061CAAF,0x00000037,func,fn_1061CAAF
0x1061CAE6,0x00000028,func,fn_1061CAE6
0x1061CB0E,0x0000002E,func,fn_1061CB0E
0x1061CB3C,0x00000056,func,fn_1061CB3C
0x1061CB92,0x00000031,func,fn_1061CB92
0x1061CBC3,0x0000010C,func,fn_1061CBC3
0x1061CCCF,0x00000211,func,fn_1061CCCF
0x1061CF0A,0x000001EC,func,fn_1061CF0A
0x1061D11D,0x0000003E,func,fn_1061D11D
0x1061D15B,0x00000163,func,fn_1061D15B
0x1061D2BE,0x00000021,func,fn_1061D2BE
0x1061D2DF,0x0000002B,func,fn_1061D2DF
0x1061D30A,0x0000007E,func,fn_1061D30A
0x1061D388,0x00000041,func,fn_1061D388
0x1061D3C9,0x0000001F,func,fn_1061D3C9
0x1061D3E8,0x00000020,func,fn_1061D3E8
0x1061D408,0x000000A6,func,fn_1061D408
0x1061D4AE,0x00000015,func,fn_1061D4AE
0x1061D4C3,0x00000074,func,fn_1061D4C3
0x1061D537,0x00000077,func,fn_1061D537
0x1061D5AE,0x00000045,func,fn_1061D5AE
0x1061D5F3,0x0000004C,func,fn_1061D5F3
0x1061D63F,0x0000003C,func,fn_1061D63F
0x1061D67B,0x00000019,func,fn_1061D67B
0x1061D694,0x00000060,func,fn_1061D694
0x1061D6F4,0x0000009E,func,fn_1061D6F4
0x1061D792,0x0000004D,func,fn_1061D792
0x1061D7DF,0x00000070,func,fn_1061D7DF
0x1061D84F,0x00000077,func,fn_1061D84F
0x1061D8C6,0x00000098,func,fn_1061D8C6
0x1061D95E,0x0000007A,func,fn_1061D95E
0x1061D9D8,0x00000027,func,fn_1061D9D8
0x1061D9FF,0x00000200,func,fn_1061D9FF
0x1061DC26,0x00000207,func,fn_1061DC26
0x1061DE55,0x00000207,func,fn_1061DE55
0x1061E084,0x00000027,func,fn_1061E084
0x1061E0AB,0x0000003E,func,fn_1061E0AB
0x1061E0E9,0x0000003E,func,fn_1061E0E9
0x1061E127,0x0000003E,func,fn_1061E127
0x1061E165,0x00000020,func,fn_1061E165
0x1061E185,0x0000011A,func,fn_1061E185
0x1061E29F,0x0000004D,func,fn_1061E29F
0x1061E2EC,0x00000024,func,fn_1061E2EC
0x1061E310,0x00000170,func,fn_1061E310
0x1061E480,0x00000150,func,fn_1061E480
0x1061E5D0,0x00000023,func,fn_1061E5D0
0x1061E5F3,0x00000024,func,fn_1061E5F3
0x1061E617,0x0000001D,func,fn_1061E617
0x1061E634,0x00000058,func,fn_1061E634
0x1061E68C,0x00000037,func,fn_1061E68C
0x1061E6C3,0x00000069,func,fn_1061E6C3
0x1061E72C,0x000000F1,func,fn_1061E72C
0x1061E81D,0x00000032,func,fn_1061E81D
0x1061E84F,0x00000019,func,fn_1061E84F
0x1061E868,0x00000069,func,fn_1061E868
0x1061E8D1,0x00000034,func,fn_1061E8D1
0x1061E905,0x00000091,func,fn_1061E905
0x1061E996,0x00000070,func,fn_1061E996
0x1061EA06,0x000000C6,func,fn_1061EA06
0x1061EACC,0x00000212,func,fn_1061EACC
0x1061ED03,0x0000007A,func,fn_1061ED03
0x1061ED7D,0x0000011B,func,fn_1061ED7D
0x1061EFEB,0x0000003B,func,fn_1061EFEB
0x1061F077,0x0000000E,func,fn_1061F077
0x1061F0D1,0x00000122,func,fn_1061F0D1
0x1061F1F3,0x0000015F,func,fn_1061F1F3
0x1061F37A,0x00000022,func,fn_1061F37A
0x1061F39C,0x000002BD,func,fn_1061F39C
0x1061F659,0x00000066,func,fn_1061F659
0x1061F6BF,0x0000042C,func,fn_1061F6BF
0x1061FB0E,0x00000221,func,fn_1061FB0E
0x1061FD2F,0x0000004D,func,fn_1061FD2F
0x1061FD95,0x00000028,func,fn_1061FD95
0x1061FDBD,0x00000025,func,fn_1061FDBD
0x1061FDE2,0x00000021,func,fn_1061FDE2
0x1061FE03,0x000000C0,func,fn_1061FE03
0x1061FEC3,0x0000014B,func,fn_1061FEC3
0x1062000E,0x00000057,func,fn_1062000E
0x10620065,0x000000A4,func,fn_10620065
0x10620109,0x00000F80,func,fn_10620109
0x10621089,0x00000169,func,fn_10621089
0x106211F3,0x000002EC,func,fn_106211F3
0x106214DF,0x0000034E,func,fn_106214DF
0x1062182D,0x0000005D,func,fn_1062182D
0x1062188A,0x00000095,func,fn_1062188A
0x1062191F,0x00000028,func,fn_1062191F
0x10621947,0x00000018,func,fn_10621947
0x1062195F,0x00000035,func,fn_1062195F
0x10621994,0x00000101,func,fn_10621994
0x10621A95,0x0000000F,func,fn_10621A95
0x10621AA4,0x00000007,func,fn_10621AA4
0x10621AAB,0x0000000B,func,fn_10621AAB
0x10621AB6,0x0000005C,func,fn_10621AB6
0x10621B12,0x0000007C,func,fn_10621B12
0x10621B8E,0x00000010,func,fn_10621B8E
0x10621B9E,0x00000022,func,fn_10621B9E
0x10621BC0,0x0000002C,func,fn_10621BC0
0x10621BEC,0x000000E8,func,fn_10621BEC
0x10621CE0,0x00000007,func,fn_10621CE0
0x10621CE7,0x00000009,func,fn_10621CE7
0x10621CF0,0x00000006,func,fn_10621CF0
0x10621CF6,0x00000008,func,fn_10621CF6
0x10621CFE,0x00000022,func,fn_10621CFE
0x10621D20,0x0000002C,func,fn_10621D20
0x10621D4C,0x00000005,func,fn_10621D4C
0x10621D98,0x00000031,func,fn_10621D98
0x10621DC9,0x00000034,func,fn_10621DC9
0x10621DFD,0x00000033,func,fn_10621DFD
0x10621E46,0x0000014A,func,fn_10621E46
0x10621F90,0x0000004B,func,fn_10621F90
0x10621FDB,0x000000C9,func,fn_10621FDB
0x106220A4,0x00000022,func,fn_106220A4
0x106220C6,0x0000003C,func,fn_106220C6
0x10622102,0x0000003E,func,fn_10622102
0x10622140,0x00000062,func,fn_10622140
0x106221A2,0x000000C4,func,fn_106221A2
0x10622266,0x00000029,func,fn_10622266
0x1062228F,0x000001A2,func,fn_1062228F
0x10622431,0x0000028A,func,fn_10622431
0x106226DD,0x0000006F,func,fn_106226DD
0x1062274C,0x00000022,func,fn_1062274C
0x10622790,0x00000020,func,fn_10622790
0x106227B0,0x0000001C,func,fn_106227B0
0x106227CC,0x00000020,func,fn_106227CC
0x106227EC,0x00000035,func,fn_106227EC
0x10622821,0x00000031,func,fn_10622821
0x10622852,0x000001CC,func,fn_10622852
0x10622A1E,0x0000006C,func,fn_10622A1E
0x10622A8A,0x00000031,func,fn_10622A8A
0x10622ABB,0x00000092,func,fn_10622ABB
0x10622B4D,0x00000040,func,fn_10622B4D
0x10622B8D,0x00000040,func,fn_10622B8D
0x10622BCD,0x00000110,func,fn_10622BCD
0x10622CDD,0x000000BA,func,fn_10622CDD
0x10622DEF,0x00000046,func,fn_10622DEF
0x10622E35,0x00000086,func,fn_10622E35
0x10622EBB,0x000006D3,func,fn_10622EBB
0x1062358E,0x0000011E,func,fn_1062358E
0x106236AC,0x0000034B,func,fn_106236AC
0x106239F7,0x000002D6,func,fn_106239F7
0x10623CCD,0x00000012,func,fn_10623CCD
0x10623CDF,0x00000306,func,fn_10623CDF
0x10623FE5,0x0000011C,func,fn_10623FE5
0x10624101,0x000000AD,func,fn_10624101
0x106241AE,0x000000A0,func,fn_106241AE
0x1062424E,0x0000018D,func,fn_1062424E
0x106243DB,0x00000034,func,fn_106243DB
0x1062440F,0x000001DD,func,fn_1062440F
0x10624612,0x00000078,func,fn_10624612
0x1062468A,0x000000D7,func,fn_1062468A
0x10624761,0x000000B1,func,fn_10624761
0x10624812,0x000001CC,func,fn_10624812
0x106249DE,0x00000030,func,fn_106249DE
0x10624A0E,0x00000482,func,fn_10624A0E
0x10624E90,0x000006FF,func,fn_10624E90
0x106255C8,0x000007EB,func,fn_106255C8
0x10625E17,0x00000049,func,fn_10625E17
0x10625E60,0x000000C1,func,fn_10625E60
0x10625F21,0x00000055,func,fn_10625F21
0x10625F76,0x0000004E,func,fn_10625F76
0x10625FC4,0x0000009B,func,fn_10625FC4
0x1062605F,0x00000022,func,fn_1062605F
0x10626081,0x0000001E,func,fn_10626081
0x1062609F,0x0000002C,func,fn_1062609F
0x106260CB,0x00000069,func,fn_106260CB
0x10626134,0x00000073,func,fn_10626134
0x106261A7,0x00000049,func,fn_106261A7
0x106261F0,0x000000FB,func,fn_106261F0
0x106262EB,0x000000CC,func,fn_106262EB
0x106263B7,0x000001CE,func,fn_106263B7
0x10626585,0x00000103,func,fn_10626585
0x10626688,0x0000003B,func,fn_10626688
0x106266C3,0x00000059,func,fn_106266C3
0x1062671C,0x00000095,func,fn_1062671C
0x106267B1,0x000002B6,func,fn_106267B1
0x10626A67,0x00000864,func,fn_10626A67
0x106272CB,0x00000105,func,fn_106272CB
0x106273D0,0x00000011,func,fn_106273D0
0x10627410,0x0000001D,func,fn_10627410
0x1062742D,0x00000020,func,fn_1062742D
0x1062744D,0x00000027,func,fn_1062744D
0x10627474,0x0000003A,func,fn_10627474
0x106274AE,0x00000074,func,fn_106274AE
0x10627522,0x0000004C,func,fn_10627522
0x1062756E,0x0000001E,func,fn_1062756E
0x1062758C,0x00000083,func,fn_1062758C
0x1062760F,0x00000041,func,fn_1062760F
0x10627650,0x00000125,func,fn_10627650
0x10627775,0x0000021B,func,fn_10627775
0x106279D9,0x0000018D,func,fn_106279D9
0x10627B66,0x0000009B,func,fn_10627B66
0x10627C01,0x00000174,func,fn_10627C01
0x10627D75,0x0000003C,func,fn_10627D75
0x10627DB1,0x00000030,func,fn_10627DB1
0x10627DE1,0x0000007B,func,fn_10627DE1
0x10627E5C,0x00000051,func,fn_10627E5C
0x10627EAD,0x0000009F,func,fn_10627EAD
0x10627F4C,0x0000008D,func,fn_10627F4C
0x10627FD9,0x0000007A,func,fn_10627FD9
0x10628053,0x000000C6,func,fn_10628053
0x10628119,0x000000A6,func,fn_10628119
0x106281BF,0x00000005,func,fn_106281BF
0x106281C4,0x00000021,func,fn_106281C4
0x106281E5,0x0000002D,func,fn_106281E5
0x10628212,0x0000002D,func,fn_10628212
0x1062823F,0x00000045,func,fn_1062823F
0x10628284,0x0000001C,func,fn_10628284
0x106282A0,0x00000023,func,fn_106282A0
0x106282C3,0x0000002C,func,fn_106282C3
0x106282EF,0x0000007C,func,fn_106282EF
0x1062836B,0x00000021,func,fn_1062836B
0x1062838C,0x00000021,func,fn_1062838C
0x106283AD,0x00000075,func,fn_106283AD
0x10628422,0x0000007F,func,fn_10628422
0x106284A1,0x0000010D,func,fn_106284A1
0x106285AE,0x00000096,func,fn_106285AE
0x10628644,0x0000006C,func,fn_10628644
0x106286B0,0x0000002B,func,fn_106286B0
0x106286DB,0x00000066,func,fn_106286DB
0x10628741,0x00000255,func,fn_10628741
0x10628996,0x00000009,func,fn_10628996
0x1062899F,0x000000CE,func,fn_1062899F
0x10628A6D,0x00000053,func,fn_10628A6D
0x10628ACE,0x0000004A,func,fn_10628ACE
0x10628B18,0x00000029,func,fn_10628B18
0x10628B41,0x00000043,func,fn_10628B41
0x10628B84,0x00000024,func,fn_10628B84
0x10628BA8,0x0000002D,func,fn_10628BA8
0x10628BD5,0x0000001F,func,fn_10628BD5
0x10628BF4,0x00000087,func,fn_10628BF4
0x10628C7B,0x00000175,func,fn_10628C7B
0x10628DF0,0x00000057,func,fn_10628DF0
0x10628E47,0x0000005B,func,fn_10628E47
0x10628EA2,0x00000041,func,fn_10628EA2
0x10628EE3,0x0000047F,func,fn_10628EE3
0x10629362,0x00000122,func,fn_10629362
0x10629484,0x00000138,func,fn_10629484
0x106295BC,0x000000C6,func,fn_106295BC
0x10629682,0x000000CA,func,fn_10629682
0x1062974C,0x00000080,func,fn_1062974C
0x106297CC,0x000000E1,func,fn_106297CC
0x106298D0,0x00000315,func,fn_106298D0
0x10629CBA,0x00000088,func,fn_10629CBA
0x10629D42,0x00000058,func,fn_10629D42
0x10629D9A,0x00000132,func,fn_10629D9A
0x10629ECC,0x000000FA,func,fn_10629ECC
0x10629FC6,0x0000018A,func,fn_10629FC6
0x1062A150,0x00000129,func,fn_1062A150
0x1062A279,0x00000148,func,fn_1062A279
0x1062A3C1,0x00000056,func,fn_1062A3C1
0x1062A417,0x00000107,func,fn_1062A417
0x1062A51E,0x0000008C,func,fn_1062A51E
0x1062A5AA,0x000001A6,func,fn_1062A5AA
0x1062A750,0x000000DF,func,fn_1062A750
0x1062A82F,0x00000033,func,fn_1062A82F
0x1062A862,0x00000038,func,fn_1062A862
0x1062A8B8,0x00000030,func,fn_1062A8B8
0x1062A8E8,0x0000002D,func,fn_1062A8E8
0x1062A915,0x00000014,func,fn_1062A915
0x1062A929,0x0000006E,func,fn_1062A929
0x1062A997,0x00000068,func,fn_1062A997
0x1062A9FF,0x0000002C,func,fn_1062A9FF
0x1062AA2B,0x000000AE,func,fn_1062AA2B
0x1062AAD9,0x0000001D,func,fn_1062AAD9
0x1062ACF0,0x00000595,func,fn_1062ACF0
0x1062B318,0x00000200,func,fn_1062B318
0x1062B518,0x000000CF,func,fn_1062B518
0x1062B5E7,0x00000013,func,fn_1062B5E7
0x1062B5FA,0x00000074,func,fn_1062B5FA
0x1062B66E,0x00000045,func,fn_1062B66E
0x1062B6B3,0x0000007D,func,fn_1062B6B3
0x1062B730,0x00000059,func,fn_1062B730
0x1062B789,0x00000075,func,fn_1062B789
0x1062B7FE,0x00000038,func,fn_1062B7FE
0x1062B836,0x00000202,func,fn_1062B836
0x1062BA38,0x00000264,func,fn_1062BA38
0x1062BC9C,0x0000048B,func,fn_1062BC9C
0x1062C127,0x0000032F,func,fn_1062C127
0x1062C456,0x00000223,func,fn_1062C456
0x1062C679,0x00000358,func,fn_1062C679
0x1062C9D1,0x00000137,func,fn_1062C9D1
0x1062CB08,0x00000030,func,fn_1062CB08
0x1062CB38,0x000001B7,func,fn_1062CB38
0x1062CCEF,0x00000021,func,fn_1062CCEF
0x1062CD10,0x0000005A,func,fn_1062CD10
0x1062CD6A,0x0000006A,func,fn_1062CD6A
0x1062CDD4,0x0000088C,func,fn_1062CDD4
0x1062D660,0x00000D4F,func,fn_1062D660
0x1062E3AF,0x0000031E,func,fn_1062E3AF
0x1062E6CD,0x0000002E,func,fn_1062E6CD
0x1062E6FB,0x000000AA,func,fn_1062E6FB
0x1062E7A5,0x0000003C,func,fn_1062E7A5
0x1062E7E1,0x000000A4,func,fn_1062E7E1
0x1062E89E,0x00000072,func,fn_1062E89E
0x1062E910,0x00000495,func,fn_1062E910
0x1062EDA5,0x00000434,func,fn_1062EDA5
0x1062F1D9,0x00000215,func,fn_1062F1D9
0x1062F43A,0x00000195,func,fn_1062F43A
0x1062F5CF,0x0000017E,func,fn_1062F5CF
0x1062F74D,0x00000053,func,fn_1062F74D
0x1062F7A0,0x000000BD,func,fn_1062F7A0
0x1062F85D,0x00000065,func,fn_1062F85D
0x1062F8C2,0x00000039,func,fn_1062F8C2
0x1062F8FB,0x00000B99,func,fn_1062F8FB
0x10630494,0x0000086B,func,fn_10630494
0x10630CFF,0x0000047A,func,fn_10630CFF
0x10631179,0x000005A3,func,fn_10631179
0x1063179D,0x000008A8,func,fn_1063179D
0x10632045,0x00000366,func,fn_10632045
0x106323F9,0x0000011F,func,fn_106323F9
0x10632518,0x00000036,func,fn_10632518
0x1063254E,0x00000016,func,fn_1063254E
0x10632564,0x00000010,func,fn_10632564
0x10632574,0x00000029,func,fn_10632574
0x1063259D,0x00000089,func,fn_1063259D
0x10632626,0x00000044,func,fn_10632626
0x1063266A,0x00000040,func,fn_1063266A
0x106326AA,0x00000048,func,fn_106326AA
0x106326F2,0x00000071,func,fn_106326F2
0x10632763,0x00000014,func,fn_10632763
0x10632777,0x00000015,func,fn_10632777
0x1063278C,0x00000016,func,fn_1063278C
0x106327A2,0x00000027,func,fn_106327A2
0x106327C9,0x000000D6,func,fn_106327C9
0x1063289F,0x000000CD,func,fn_1063289F
0x1063296C,0x00000105,func,fn_1063296C
0x10632A71,0x0000002F,func,fn_10632A71
0x10632AA0,0x0000012E,func,fn_10632AA0
0x10632BCE,0x00000111,func,fn_10632BCE
0x10632D18,0x0000006B,func,fn_10632D18
0x10632D83,0x00000018,func,fn_10632D83
0x10632D9B,0x00000066,func,fn_10632D9B
0x10632E01,0x0000005A,func,fn_10632E01
0x10632E5B,0x00000053,func,fn_10632E5B
0x10632EAE,0x00000129,func,fn_10632EAE
0x10632FD7,0x00000016,func,fn_10632FD7
0x10632FED,0x0000002B,func,fn_10632FED
0x10633018,0x000000D9,func,fn_10633018
0x106330F1,0x00000022,func,fn_106330F1
0x10633113,0x00000016,func,fn_10633113
0x10633129,0x00000021,func,fn_10633129
0x1063314A,0x00000044,func,fn_1063314A
0x1063318E,0x00000079,func,fn_1063318E
0x10633207,0x00000095,func,fn_10633207
0x1063329C,0x00000030,func,fn_1063329C
0x106332CC,0x00000064,func,fn_106332CC
0x10633330,0x00000032,func,fn_10633330
0x10633362,0x00000041,func,fn_10633362
0x106333A3,0x0000007D,func,fn_106333A3
0x10633420,0x000000C7,func,fn_10633420
0x106334E7,0x00000032,func,fn_106334E7
0x10633519,0x0000008C,func,fn_10633519
0x106335A5,0x0000001F,func,fn_106335A5
0x106335C4,0x00000063,func,fn_106335C4
0x10633627,0x00000078,func,fn_10633627
0x1063369F,0x00000079,func,fn_1063369F
0x10633718,0x00000021,func,fn_10633718
0x10633739,0x00000138,func,fn_10633739
0x10633871,0x00000034,func,fn_10633871
0x106338A5,0x0000001B,func,fn_106338A5
0x106338C0,0x00000028,func,fn_106338C0
0x106338E8,0x000001C3,func,fn_106338E8
0x10633AAB,0x00000092,func,fn_10633AAB
0x10633B3D,0x0000003D,func,fn_10633B3D
0x10633B7A,0x00000025,func,fn_10633B7A
0x10633B9F,0x0000003A,func,fn_10633B9F
0x10633BD9,0x00000114,func,fn_10633BD9
0x10633CED,0x0000005F,func,fn_10633CED
0x10633D4C,0x000000B0,func,fn_10633D4C
0x10633DFC,0x000000A1,func,fn_10633DFC
0x10633E9D,0x000000C5,func,fn_10633E9D
0x10633F62,0x00000107,func,fn_10633F62
0x10634069,0x000000E6,func,fn_10634069
0x1063414F,0x0000008A,func,fn_1063414F
0x106341D9,0x00000035,func,fn_106341D9
0x1063420E,0x00000078,func,fn_1063420E
0x10634286,0x0000002E,func,fn_10634286
0x106342B4,0x00000025,func,fn_106342B4
0x106342D9,0x0000003A,func,fn_106342D9
0x10634313,0x000000B0,func,fn_10634313
0x106343C3,0x00000193,func,fn_106343C3
0x10634556,0x00000025,func,fn_10634556
0x1063457B,0x0000003A,func,fn_1063457B
0x106345B5,0x0000003B,func,fn_106345B5
0x106345F0,0x00000025,func,fn_106345F0
0x10634615,0x0000003A,func,fn_10634615
0x1063464F,0x0000010F,func,fn_1063464F
0x1063475E,0x0000002E,func,fn_1063475E
0x1063478C,0x00000025,func,fn_1063478C
0x106347B1,0x0000003A,func,fn_106347B1
0x106347EB,0x0000003B,func,fn_106347EB
0x10634826,0x00000025,func,fn_10634826
0x1063484B,0x00000063,func,fn_1063484B
0x106348AE,0x0000008F,func,fn_106348AE
0x1063493D,0x000000FE,func,fn_1063493D
0x10634A3B,0x00000011,func,fn_10634A3B
0x10634A4C,0x000000F1,func,fn_10634A4C
0x10634B3D,0x0000005F,func,fn_10634B3D
0x10634B9C,0x0000000B,func,fn_10634B9C
0x10634BA7,0x0000002B,func,fn_10634BA7
0x10634BD2,0x000000A6,func,fn_10634BD2
0x10634C78,0x00000071,func,fn_10634C78
0x10634CE9,0x00000245,func,fn_10634CE9
0x10634F2E,0x00000046,func,fn_10634F2E
0x10634F74,0x00000041,func,fn_10634F74
0x10634FB5,0x00000041,func,fn_10634FB5
0x10634FF6,0x00000041,func,fn_10634FF6
0x10635037,0x00000050,func,fn_10635037
0x10635087,0x0000006D,func,fn_10635087
0x106350F4,0x00000640,func,fn_106350F4
0x10635734,0x000000A9,func,fn_10635734
0x106357DD,0x000000B8,func,fn_106357DD
0x10635895,0x000002A7,func,fn_10635895
0x10635B3C,0x000002C8,func,fn_10635B3C
0x10635E04,0x000000DE,func,fn_10635E04
0x10635EE2,0x000000B2,func,fn_10635EE2
0x10635F94,0x000000D5,func,fn_10635F94
0x10636069,0x00000048,func,fn_10636069
0x106360B1,0x0000011F,func,fn_106360B1
0x106361D0,0x00000048,func,fn_106361D0
0x10636218,0x0000003B,func,fn_10636218
0x10636253,0x00000048,func,fn_10636253
0x1063629B,0x000001C4,func,fn_1063629B
0x1063645F,0x00000048,func,fn_1063645F
0x106364A7,0x00000261,func,fn_106364A7
0x10636708,0x00000164,func,fn_10636708
0x1063686C,0x000000EB,func,fn_1063686C
0x10636957,0x0000005F,func,fn_10636957
0x106369B6,0x0000005D,func,fn_106369B6
0x10636A13,0x00000236,func,fn_10636A13
0x10636C49,0x000001CE,func,fn_10636C49
0x10636E17,0x0000010B,func,fn_10636E17
0x10636F22,0x00000019,func,fn_10636F22
0x10636F3B,0x00000013,func,fn_10636F3B
0x10636F4E,0x0000004C,func,fn_10636F4E
0x10636F9A,0x00000029,func,fn_10636F9A
0x10636FC3,0x000000A6,func,fn_10636FC3
0x10637069,0x00000030,func,fn_10637069
0x10637099,0x00000087,func,fn_10637099
0x10637120,0x0000001C,func,fn_10637120
0x1063713C,0x00000019,func,fn_1063713C
0x10637155,0x00000042,func,fn_10637155
0x10637197,0x00000011,func,fn_10637197
0x106371E4,0x00000021,func,fn_106371E4
0x10637205,0x0000001D,func,fn_10637205
0x10637222,0x00000045,func,fn_10637222
0x10637267,0x000000B1,func,fn_10637267
0x10637318,0x0000002C,func,fn_10637318
0x10637344,0x00000026,func,fn_10637344
0x1063736A,0x0000004F,func,fn_1063736A
0x106373B9,0x00000047,func,fn_106373B9
0x10637400,0x00000052,func,fn_10637400
0x10637452,0x00000025,func,fn_10637452
0x10637477,0x000000CA,func,fn_10637477
0x10637541,0x00000037,func,fn_10637541
0x10637578,0x00000062,func,fn_10637578
0x106375DA,0x00000021,func,fn_106375DA
0x106375FB,0x0000002D,func,fn_106375FB
0x10637628,0x0000000B,func,fn_10637628
0x10637633,0x00000021,func,fn_10637633
0x10637654,0x0000000D,func,fn_10637654
0x10637661,0x00000007,func,fn_10637661
0x10637668,0x00000014,func,fn_10637668
0x1063767C,0x00000034,func,fn_1063767C
0x106376B0,0x00000023,func,fn_106376B0
0x106376D3,0x00000019,func,fn_106376D3
0x106376EC,0x00000026,func,fn_106376EC
0x10637712,0x00000028,func,fn_10637712
0x10637764,0x0000002A,func,fn_10637764
0x1063778E,0x00000021,func,fn_1063778E
0x106377AF,0x00000029,func,fn_106377AF
0x106377D8,0x00000020,func,fn_106377D8
0x106377F8,0x0000001C,func,fn_106377F8
0x10637814,0x0000007E,func,fn_10637814
0x10637892,0x00000036,func,fn_10637892
0x106378C8,0x0000001C,func,fn_106378C8
0x106378E4,0x00000026,func,fn_106378E4
0x1063790A,0x0000002D,func,fn_1063790A
0x10637937,0x00000018,func,fn_10637937
0x1063794F,0x0000001F,func,fn_1063794F
0x1063796E,0x0000001E,func,fn_1063796E
0x1063798C,0x0000004A,func,fn_1063798C
0x106379D6,0x0000000A,func,fn_106379D6
0x106379E0,0x0000000A,func,fn_106379E0
0x106379EA,0x00000021,func,fn_106379EA
0x10637A0B,0x0000008E,func,fn_10637A0B
0x10637A99,0x0000006A,func,fn_10637A99
0x10637B03,0x000000A6,func,fn_10637B03
0x10637BA9,0x00000039,func,fn_10637BA9
0x10637BE2,0x00000031,func,fn_10637BE2
0x10637C13,0x00000031,func,fn_10637C13
0x10637C44,0x00000038,func,fn_10637C44
0x10637C7C,0x00000021,func,fn_10637C7C
0x10637C9D,0x0000000A,func,fn_10637C9D
0x10637CA7,0x0000004D,func,fn_10637CA7
0x10637CF4,0x000001B6,func,fn_10637CF4
0x10637EF0,0x0000002B,func,fn_10637EF0
0x10637F1B,0x0000006E,func,fn_10637F1B
0x10637F89,0x0000003F,func,fn_10637F89
0x10637FC8,0x0000005F,func,fn_10637FC8
0x10638027,0x0000002E,func,fn_10638027
0x10638055,0x00000069,func,fn_10638055
0x106380BE,0x00000005,func,fn_106380BE
0x106380C3,0x00000021,func,fn_106380C3
0x106380E4,0x000000C3,func,fn_106380E4
0x106381A7,0x00000025,func,fn_106381A7
0x106381CC,0x0000002C,func,fn_106381CC
0x106381F8,0x0000002C,func,fn_106381F8
0x10638224,0x0000001D,func,fn_10638224
0x10638241,0x00000027,func,fn_10638241
0x10638268,0x00000032,func,fn_10638268
0x1063829A,0x0000003A,func,fn_1063829A
0x106382D4,0x00000021,func,fn_106382D4
0x106382F5,0x00000023,func,fn_106382F5
0x10638318,0x00000029,func,fn_10638318
0x10638341,0x00000026,func,fn_10638341
0x10638367,0x00000029,func,fn_10638367
0x10638390,0x00000033,func,fn_10638390
0x106383C3,0x0000001A,func,fn_106383C3
0x106383DD,0x00000022,func,fn_106383DD
0x106383FF,0x00000023,func,fn_106383FF
0x10638422,0x00000023,func,fn_10638422
0x10638445,0x0000004C,func,fn_10638445
0x10638491,0x000000CE,func,fn_10638491
0x106385D8,0x000000A2,func,fn_106385D8
0x1063867A,0x0000006A,func,fn_1063867A
0x106386E4,0x00000075,func,fn_106386E4
0x10638759,0x0000001C,func,fn_10638759
0x10638775,0x00000027,func,fn_10638775
0x1063879C,0x00000029,func,fn_1063879C
0x106387C5,0x0000007C,func,fn_106387C5
0x10638841,0x0000003F,func,fn_10638841
0x10638880,0x00000169,func,fn_10638880
0x10638A0D,0x00000037,func,fn_10638A0D
0x10638A44,0x000000BD,func,fn_10638A44
0x10638B01,0x000000B1,func,fn_10638B01
0x10638BB2,0x000000E4,func,fn_10638BB2
0x10638C96,0x0000005C,func,fn_10638C96
0x10638CF2,0x0000004B,func,fn_10638CF2
0x10638D3D,0x00000098,func,fn_10638D3D
0x10638DD5,0x00000029,func,fn_10638DD5
0x10638DFE,0x00000045,func,fn_10638DFE
0x10638E43,0x000005D8,func,fn_10638E43
0x1063941B,0x00000041,func,fn_1063941B
0x1063945C,0x0000014B,func,fn_1063945C
0x106395A7,0x0000012A,func,fn_106395A7
0x106396D1,0x000000CD,func,fn_106396D1
0x1063979E,0x00000091,func,fn_1063979E
0x1063982F,0x00000007,func,fn_1063982F
0x10639836,0x00000028,func,fn_10639836
0x1063985E,0x0000002B,func,fn_1063985E
0x10639889,0x000000B2,func,fn_10639889
0x1063993B,0x00000029,func,fn_1063993B
0x10639964,0x0000001F,func,fn_10639964
0x10639983,0x0000001F,func,fn_10639983
0x106399A2,0x00000022,func,fn_106399A2
0x106399C4,0x00000020,func,fn_106399C4
0x106399E4,0x00000022,func,fn_106399E4
0x10639A06,0x000001F0,func,fn_10639A06
0x10639C19,0x00000080,func,fn_10639C19
0x10639C99,0x0000003E,func,fn_10639C99
0x10639CD7,0x0000002A,func,fn_10639CD7
0x10639D01,0x00000051,func,fn_10639D01
0x10639D52,0x0000002E,func,fn_10639D52
0x10639D80,0x0000003F,func,fn_10639D80
0x10639DBF,0x00000009,func,fn_10639DBF
0x10639DC9,0x00000021,func,fn_10639DC9
0x10639DEA,0x0000001B,func,fn_10639DEA
0x10639E05,0x000000A0,func,fn_10639E05
0x10639EA5,0x0000004B,func,fn_10639EA5
0x10639EF0,0x000000D7,func,fn_10639EF0
0x10639FDC,0x00000033,func,fn_10639FDC
0x1063A00F,0x00000027,func,fn_1063A00F
0x1063A036,0x00000137,func,fn_1063A036
0x1063A16D,0x0000010B,func,fn_1063A16D
0x1063A278,0x000000A1,func,fn_1063A278
0x1063A319,0x000004E7,func,fn_1063A319
0x1063A800,0x00000217,func,fn_1063A800
0x1063AA17,0x0000011B,func,fn_1063AA17
0x1063AB32,0x00000181,func,fn_1063AB32
0x1063ACB3,0x00000008,func,fn_1063ACB3
0x1063ACBB,0x000000FD,func,fn_1063ACBB
0x1063ADB8,0x00000022,func,fn_1063ADB8
0x1063ADDA,0x00000019,func,fn_1063ADDA
0x1063ADF3,0x0000020D,func,fn_1063ADF3
0x1063B02A,0x0000003E,func,fn_1063B02A
0x1063B068,0x0000003F,func,fn_1063B068
0x1063B0A7,0x00000009,func,fn_1063B0A7
0x1063B0B1,0x0000007F,func,fn_1063B0B1
0x1063B130,0x00000060,func,fn_1063B130
0x1063B190,0x00000027,func,fn_1063B190
0x1063B1B7,0x00000068,func,fn_1063B1B7
0x1063B21F,0x00000098,func,fn_1063B21F
0x1063B2B7,0x00000021,func,fn_1063B2B7
0x1063B2D8,0x0000008A,func,fn_1063B2D8
0x1063B362,0x0000002C,func,fn_1063B362
0x1063B38E,0x000001E9,func,fn_1063B38E
0x1063B577,0x00000095,func,fn_1063B577
0x1063B60C,0x000000E7,func,fn_1063B60C
0x1063B6F3,0x000001C8,func,fn_1063B6F3
0x1063B8BB,0x00000020,func,fn_1063B8BB
0x1063B8DB,0x0000001D,func,fn_1063B8DB
0x1063B8F8,0x00000019,func,fn_1063B8F8
0x1063B911,0x00000044,func,fn_1063B911
0x1063B955,0x00000016,func,fn_1063B955
0x1063B96B,0x00000003,func,fn_1063B96B
0x1063BA07,0x0000000D,func,fn_1063BA07
0x1063BA14,0x0000005C,func,fn_1063BA14
0x1063BA70,0x00000090,func,fn_1063BA70
0x1063BB00,0x00000095,func,fn_1063BB00
0x1063BB95,0x00000027,func,fn_1063BB95
0x1063BBBC,0x0000002A,func,fn_1063BBBC
0x1063BBE6,0x00000027,func,fn_1063BBE6
0x1063BC0D,0x0000001E,func,fn_1063BC0D
0x1063BC2B,0x00000053,func,fn_1063BC2B
0x1063BC7E,0x00000091,func,fn_1063BC7E
0x1063BD0F,0x0000006E,func,fn_1063BD0F
0x1063BD7D,0x0000008A,func,fn_1063BD7D
0x1063BE07,0x0000004F,func,fn_1063BE07
0x1063BE56,0x00000085,func,fn_1063BE56
0x1063BEDB,0x00000034,func,fn_1063BEDB
0x1063BF0F,0x00000085,func,fn_1063BF0F
0x1063BF94,0x0000022C,func,fn_1063BF94
0x1063C1C0,0x000000E5,func,fn_1063C1C0
0x1063C2A5,0x0000005F,func,fn_1063C2A5
0x1063C304,0x000000C1,func,fn_1063C304
0x1063C3C5,0x00000049,func,fn_1063C3C5
0x1063C40E,0x00000053,func,fn_1063C40E
0x1063C461,0x0000004E,func,fn_1063C461
0x1063C4AF,0x00000154,func,fn_1063C4AF
0x1063C603,0x0000001E,func,fn_1063C603
0x1063C621,0x00000076,func,fn_1063C621
0x1063C697,0x000000A7,func,fn_1063C697
0x1063C73E,0x000000AE,func,fn_1063C73E
0x1063C7EC,0x000000A6,func,fn_1063C7EC
0x1063C892,0x0000027F,func,fn_1063C892
0x1063CB86,0x000000A5,func,fn_1063CB86
0x1063CC2B,0x0000004B,func,fn_1063CC2B
0x1063CC76,0x0000004B,func,fn_1063CC76
0x1063CD1A,0x00000019,func,fn_1063CD1A
0x1063CD33,0x00000019,func,fn_1063CD33
0x1063CD4C,0x00000019,func,fn_1063CD4C
0x1063CD65,0x00000051,func,fn_1063CD65
0x1063CE05,0x00000046,func,fn_1063CE05
0x1063CE4B,0x00000112,func,fn_1063CE4B
0x1063CF5D,0x0000008C,func,fn_1063CF5D
0x1063CFE9,0x0000050E,func,fn_1063CFE9
0x1063D4F7,0x0000010C,func,fn_1063D4F7
0x1063D603,0x0000006F,func,fn_1063D603
0x1063D672,0x0000016E,func,fn_1063D672
0x1063D7E0,0x00000005,func,fn_1063D7E0
0x1063D7E5,0x0000020A,func,fn_1063D7E5
0x1063D9EF,0x000001E3,func,fn_1063D9EF
0x1063DBD2,0x00000016,func,fn_1063DBD2
0x1063DBE8,0x00000082,func,fn_1063DBE8
0x1063DC6A,0x00000058,func,fn_1063DC6A
0x1063DCC2,0x0000002A,func,fn_1063DCC2
0x1063DCEC,0x000001B7,func,fn_1063DCEC
0x1063DEA3,0x000000B2,func,fn_1063DEA3
0x1063DF55,0x00000083,func,fn_1063DF55
0x1063DFD8,0x00000025,func,fn_1063DFD8
0x1063DFFD,0x0000008A,func,fn_1063DFFD
0x1063E087,0x0000007A,func,fn_1063E087
0x1063E101,0x0000002D,func,fn_1063E101
0x1063E12E,0x00000029,func,fn_1063E12E
0x1063E157,0x00000025,func,fn_1063E157
0x1063E17C,0x0000003B,func,fn_1063E17C
0x1063E1B7,0x0000003E,func,fn_1063E1B7
0x1063E1F5,0x000000FF,func,fn_1063E1F5
0x1063E2F4,0x0000021E,func,fn_1063E2F4
0x1063E512,0x00000072,func,fn_1063E512
0x1063E584,0x000000F2,func,fn_1063E584
0x1063E676,0x000000E8,func,fn_1063E676
0x1063E75E,0x00000126,func,fn_1063E75E
0x1063E885,0x000000BF,func,fn_1063E885
0x1063E945,0x000002CB,func,fn_1063E945
0x1063ECA3,0x000000AF,func,fn_1063ECA3
0x1063ED52,0x00000086,func,fn_1063ED52
0x1063EDD8,0x00000050,func,fn_1063EDD8
0x1063EE28,0x00000127,func,fn_1063EE28
0x1063EF4F,0x000001E2,func,fn_1063EF4F
0x1063F131,0x00000034,func,fn_1063F131
0x1063F165,0x0000010A,func,fn_1063F165
0x1063F26F,0x00000116,func,fn_1063F26F
0x1063F385,0x0000006D,func,fn_1063F385
0x1063F3F2,0x000001BC,func,fn_1063F3F2
0x1063F5AE,0x00000030,func,fn_1063F5AE
0x1063F5DE,0x00000022,func,fn_1063F5DE
0x1063F600,0x00000022,func,fn_1063F600
0x1063F679,0x00000056,func,fn_1063F679
0x1063F6CF,0x000000DA,func,fn_1063F6CF
0x1063F7A9,0x000000E6,func,fn_1063F7A9
0x1063F88F,0x00000236,func,fn_1063F88F
0x1063FAC5,0x00000250,func,fn_1063FAC5
0x1063FD15,0x00000037,func,fn_1063FD15
0x1063FD4C,0x00000072,func,fn_1063FD4C
0x1063FDBE,0x0000019B,func,fn_1063FDBE
0x1063FF59,0x0000002D,func,fn_1063FF59
0x1063FF86,0x0000001F,func,fn_1063FF86
0x1063FFA5,0x0000001F,func,fn_1063FFA5
0x1063FFC4,0x0000001F,func,fn_1063FFC4
0x1063FFE3,0x00000148,func,fn_1063FFE3
0x1064012B,0x00000082,func,fn_1064012B
0x106401BF,0x00000022,func,fn_106401BF
0x106401E1,0x000000C8,func,fn_106401E1
0x106402A9,0x0000015E,func,fn_106402A9
0x10640407,0x000000F6,func,fn_10640407
0x106404FD,0x00000104,func,fn_106404FD
0x10640601,0x00000098,func,fn_10640601
0x10640699,0x00000037,func,fn_10640699
0x106406D0,0x00000021,func,fn_106406D0
0x106406F1,0x00000021,func,fn_106406F1
0x10640712,0x000000A0,func,fn_10640712
0x106407B2,0x000007D9,func,fn_106407B2
0x10640F8B,0x00000020,func,fn_10640F8B
0x10640FAB,0x00000354,func,fn_10640FAB
0x10641300,0x00000198,func,fn_10641300
0x10641498,0x00000016,func,fn_10641498
0x106414AE,0x00000016,func,fn_106414AE
0x106414C4,0x00000003,func,fn_106414C4
0x106414D6,0x00000012,func,fn_106414D6
0x106414E8,0x00000016,func,fn_106414E8
0x106414FE,0x00000012,func,fn_106414FE
0x10641510,0x00000012,func,fn_10641510
0x10641522,0x00000012,func,fn_10641522
0x10641534,0x00000003,func,fn_10641534
0x10641546,0x00000003,func,fn_10641546
0x10641558,0x00000012,func,fn_10641558
0x1064156A,0x00000003,func,fn_1064156A
0x1064157C,0x00000003,func,fn_1064157C
0x1064158E,0x00000015,func,fn_1064158E
0x106415A3,0x00000015,func,fn_106415A3
0x106415B8,0x00000015,func,fn_106415B8
0x106415CD,0x00000015,func,fn_106415CD
0x106415E2,0x0000007D,func,fn_106415E2
0x1064165F,0x00000326,func,fn_1064165F
0x10641985,0x0000097A,func,fn_10641985
0x106422FF,0x0000003B,func,fn_106422FF
0x1064233A,0x00000078,func,fn_1064233A
0x106423B2,0x0000002A,func,fn_106423B2
0x106423DC,0x0000003F,func,fn_106423DC
0x1064241B,0x00000030,func,fn_1064241B
0x1064244B,0x00000046,func,fn_1064244B
0x10642491,0x00000325,func,fn_10642491
0x106427B6,0x00000178,func,fn_106427B6
0x1064292E,0x0000009A,func,fn_1064292E
0x106429C9,0x0000002C,func,fn_106429C9
0x106433E9,0x00000035,func,fn_106433E9
0x1064341E,0x00000094,func,fn_1064341E
0x106434B2,0x00000040,func,fn_106434B2
0x106434F2,0x00000028,func,fn_106434F2
0x1064351A,0x00000095,func,fn_1064351A
0x106435B0,0x0000072F,func,fn_106435B0
0x10643CFF,0x00000060,func,fn_10643CFF
0x10643D5F,0x0000006B,func,fn_10643D5F
0x10643DCA,0x00000034,func,fn_10643DCA
0x10643DFE,0x000004A3,func,fn_10643DFE
0x106442A1,0x0000012D,func,fn_106442A1
0x106443CE,0x00000076,func,fn_106443CE
0x10644444,0x00000128,func,fn_10644444
0x1064456C,0x000005EA,func,fn_1064456C
0x10644B56,0x000000C2,func,fn_10644B56
0x10644C18,0x00000093,func,fn_10644C18
0x10644CAB,0x00000065,func,fn_10644CAB
0x10644D10,0x00000061,func,fn_10644D10
0x10644D71,0x00000014,func,fn_10644D71
0x10644D85,0x00000041,func,fn_10644D85
0x10644DC6,0x000001CE,func,fn_10644DC6
0x10644F94,0x000003A4,func,fn_10644F94
0x10645338,0x000001D6,func,fn_10645338
0x1064550E,0x00000178,func,fn_1064550E
0x10645686,0x00000306,func,fn_10645686
0x1064598C,0x0000033A,func,fn_1064598C
0x10645D04,0x0000003E,func,fn_10645D04
0x10645D42,0x00000022,func,fn_10645D42
0x10645D64,0x00000119,func,fn_10645D64
0x10645E7D,0x0000004C,func,fn_10645E7D
0x10645EC9,0x00000013,func,fn_10645EC9
0x10645EDC,0x0000009D,func,fn_10645EDC
0x10645F79,0x000001D8,func,fn_10645F79
0x10646170,0x00000130,func,fn_10646170
0x1064631D,0x000001EC,func,fn_1064631D
0x10646664,0x00000057,func,fn_10646664
0x10646B9B,0x0000001E,func,fn_10646B9B
0x10646BB9,0x00000035,func,fn_10646BB9
0x10646BEE,0x00000559,func,fn_10646BEE
0x10647147,0x0000042B,func,fn_10647147
0x10647572,0x00000272,func,fn_10647572
0x106477E4,0x0000035E,func,fn_106477E4
0x10647B6F,0x00000573,func,fn_10647B6F
0x106480E2,0x00000225,func,fn_106480E2
0x10648308,0x0000004B,func,fn_10648308
0x10648353,0x0000008B,func,fn_10648353
0x106483DE,0x00000090,func,fn_106483DE
0x1064846E,0x000000A1,func,fn_1064846E
0x1064850F,0x000000A9,func,fn_1064850F
0x106485B8,0x000000A7,func,fn_106485B8
0x1064865F,0x0000092B,func,fn_1064865F
0x10648F8A,0x00000014,func,fn_10648F8A
0x10648F9E,0x0000004A,func,fn_10648F9E
0x10648FE8,0x000000D6,func,fn_10648FE8
0x10649108,0x00000032,func,fn_10649108
0x1064913A,0x00000021,func,fn_1064913A
0x1064915B,0x00000014,func,fn_1064915B
0x1064916F,0x00000020,func,fn_1064916F
0x1064918F,0x00000048,func,fn_1064918F
0x106491D7,0x00000030,func,fn_106491D7
0x1064922C,0x00000020,func,fn_1064922C
0x1064924C,0x00000038,func,fn_1064924C
0x10649284,0x00000028,func,fn_10649284
0x106492AC,0x0000005B,func,fn_106492AC
0x10649307,0x0000008D,func,fn_10649307
0x106493B5,0x00000039,func,fn_106493B5
0x106493EE,0x0000001F,func,fn_106493EE
0x1064940D,0x0000002B,func,fn_1064940D
0x10649438,0x0000003E,func,fn_10649438
0x10649476,0x0000001C,func,fn_10649476
0x10649492,0x00000014,func,fn_10649492
0x106494C2,0x0000001A,func,fn_106494C2
0x106494DC,0x00000014,func,fn_106494DC
0x106494F0,0x00000014,func,fn_106494F0
0x10649504,0x00000042,func,fn_10649504
0x10649569,0x0000002F,func,fn_10649569
0x10649598,0x00000018,func,fn_10649598
0x106495B0,0x00000054,func,fn_106495B0
0x10649604,0x00000018,func,fn_10649604
0x1064961C,0x00000023,func,fn_1064961C
0x10649644,0x0000001D,func,fn_10649644
0x106496C5,0x00000003,func,fn_106496C5
0x106496E2,0x00000087,func,fn_106496E2
0x1064976E,0x00000060,func,fn_1064976E
0x106497CE,0x00000031,func,fn_106497CE
0x10649832,0x0000003D,func,fn_10649832
0x1064986F,0x000000AC,func,fn_1064986F
0x1064991B,0x0000003C,func,fn_1064991B
0x10649957,0x000000D2,func,fn_10649957
0x10649A29,0x00000040,func,fn_10649A29
0x10649A69,0x000000A7,func,fn_10649A69
0x10649B10,0x0000002B,func,fn_10649B10
0x10649B3B,0x000000A5,func,fn_10649B3B
0x10649BE0,0x00000032,func,fn_10649BE0
0x10649C12,0x00000062,func,fn_10649C12
0x10649C74,0x00000019,func,fn_10649C74
0x10649CA3,0x00000064,func,fn_10649CA3
0x10649D40,0x00000072,func,fn_10649D40
0x10649DB2,0x00000031,func,fn_10649DB2
0x10649DE3,0x00000049,func,fn_10649DE3
0x10649E2C,0x00000049,func,fn_10649E2C
0x10649E75,0x00000031,func,fn_10649E75
0x10649EA6,0x00000069,func,fn_10649EA6
0x10649F0F,0x00000053,func,fn_10649F0F
0x10649F62,0x0000006F,func,fn_10649F62
0x10649FD1,0x00000041,func,fn_10649FD1
0x1064A012,0x0000002B,func,fn_1064A012
0x1064A03D,0x00000024,func,fn_1064A03D
0x1064A237,0x00000133,func,fn_1064A237
0x1064A36A,0x00000036,func,fn_1064A36A
0x1064A3A0,0x0000009F,func,fn_1064A3A0
0x1064A43F,0x00000220,func,fn_1064A43F
0x1064A65F,0x00000051,func,fn_1064A65F
0x1064A6B0,0x0000006B,func,fn_1064A6B0
0x1064A71B,0x0000001C,func,fn_1064A71B
0x1064A737,0x0000006E,func,fn_1064A737
0x1064A7A5,0x000000EE,func,fn_1064A7A5
0x1064A893,0x00000073,func,fn_1064A893
0x1064A906,0x0000002F,func,fn_1064A906
0x1064A935,0x00000028,func,fn_1064A935
0x1064A962,0x00000210,func,fn_1064A962
0x1064AB72,0x00000050,func,fn_1064AB72
0x1064ABC2,0x00000075,func,fn_1064ABC2
0x1064AC37,0x00000016,func,fn_1064AC37
0x1064AC8A,0x00000035,func,fn_1064AC8A
0x1064ACBF,0x00000044,func,fn_1064ACBF
0x1064AD03,0x00000088,func,fn_1064AD03
0x1064AD8B,0x00000077,func,fn_1064AD8B
0x1064AE02,0x0000001C,func,fn_1064AE02
0x1064AE1E,0x00000055,func,fn_1064AE1E
0x1064AE73,0x00000031,func,fn_1064AE73
0x1064AEA4,0x00000030,func,fn_1064AEA4
0x1064AED4,0x000000AA,func,fn_1064AED4
0x1064AF7E,0x00000030,func,fn_1064AF7E
0x1064AFAE,0x000000AC,func,fn_1064AFAE
0x1064B05A,0x0000005A,func,fn_1064B05A
0x1064B0B4,0x00000055,func,fn_1064B0B4
0x1064B109,0x00000060,func,fn_1064B109
0x1064B169,0x000000F0,func,fn_1064B169
0x1064B275,0x00000013,func,fn_1064B275
0x1064B288,0x00000123,func,fn_1064B288
0x1064B3AB,0x000000EA,func,fn_1064B3AB
0x1064B495,0x0000010E,func,fn_1064B495
0x1064B5A3,0x0000006B,func,fn_1064B5A3
0x1064B60E,0x00000044,func,fn_1064B60E
0x1064B652,0x0000008B,func,fn_1064B652
0x1064B6DD,0x00000077,func,fn_1064B6DD
0x1064B754,0x0000002E,func,fn_1064B754
0x1064B782,0x00000072,func,fn_1064B782
0x1064B7F4,0x00000028,func,fn_1064B7F4
0x1064B81C,0x00000066,func,fn_1064B81C
0x1064B882,0x0000016D,func,fn_1064B882
0x1064B9EF,0x00000019,func,fn_1064B9EF
0x1064BA08,0x00000085,func,fn_1064BA08
0x1064BA8D,0x000001C7,func,fn_1064BA8D
0x1064BC54,0x00000120,func,fn_1064BC54
0x1064BD74,0x000000A4,func,fn_1064BD74
0x1064BE18,0x000000D9,func,fn_1064BE18
0x1064BEF1,0x00000015,func,fn_1064BEF1
0x1064BF06,0x00000034,func,fn_1064BF06
0x1064BF3A,0x00000059,func,fn_1064BF3A
0x1064BF93,0x0000003D,func,fn_1064BF93
0x1064BFD0,0x0000001B,func,fn_1064BFD0
0x1064BFEB,0x00000094,func,fn_1064BFEB
0x1064C07F,0x00000033,func,fn_1064C07F
0x1064C0B2,0x00000040,func,fn_1064C0B2
0x1064C0F2,0x000000C1,func,fn_1064C0F2
0x1064C1B3,0x00000029,func,fn_1064C1B3
0x1064C1DC,0x00000063,func,fn_1064C1DC
0x1064C23F,0x0000005D,func,fn_1064C23F
0x1064C29C,0x000000FE,func,fn_1064C29C
0x1064C39A,0x000000D9,func,fn_1064C39A
0x1064C473,0x00000088,func,fn_1064C473
0x1064C4FB,0x0000007A,func,fn_1064C4FB
0x1064C575,0x00000096,func,fn_1064C575
0x1064C60B,0x00000096,func,fn_1064C60B
0x1064C6A1,0x00000053,func,fn_1064C6A1
0x1064C6F4,0x00000057,func,fn_1064C6F4
0x1064C74B,0x00000067,func,fn_1064C74B
0x1064C7B2,0x000000BE,func,fn_1064C7B2
0x1064C870,0x00000119,func,fn_1064C870
0x1064C989,0x00000041,func,fn_1064C989
0x1064C9CA,0x00000009,func,fn_1064C9CA
0x1064C9D3,0x00000159,func,fn_1064C9D3
0x1064CB2C,0x00000022,func,fn_1064CB2C
0x1064CB60,0x0000000A,func,fn_1064CB60
0x1064CB6A,0x0000001C,func,fn_1064CB6A
0x1064CB86,0x00000139,func,fn_1064CB86
0x1064CCBF,0x00000016,func,fn_1064CCBF
0x1064CCD5,0x000000E2,func,fn_1064CCD5
0x1064CDB7,0x00000089,func,fn_1064CDB7
0x1064CE40,0x0000002C,func,fn_1064CE40
0x1064CE6C,0x00000064,func,fn_1064CE6C
0x1064CED0,0x00000041,func,fn_1064CED0
0x1064CF11,0x000000AA,func,fn_1064CF11
0x1064CFBB,0x00000028,func,fn_1064CFBB
0x1064CFE3,0x00000071,func,fn_1064CFE3
0x1064D054,0x00000084,func,fn_1064D054
0x1064D0D8,0x00000039,func,fn_1064D0D8
0x1064D111,0x00000007,func,fn_1064D111
0x1064D118,0x00000156,func,fn_1064D118
0x1064D26E,0x0000002D,func,fn_1064D26E
0x1064D29B,0x0000004D,func,fn_1064D29B
0x1064D2E8,0x00000095,func,fn_1064D2E8
0x1064D37D,0x00000035,func,fn_1064D37D
0x1064D3B2,0x00000038,func,fn_1064D3B2
0x1064D3EA,0x00000056,func,fn_1064D3EA
0x1064D440,0x00000080,func,fn_1064D440
0x1064D4C0,0x00000054,func,fn_1064D4C0
0x1064D514,0x0000001E,func,fn_1064D514
0x1064D532,0x00000126,func,fn_1064D532
0x1064D658,0x0000001B,func,fn_1064D658
0x1064D673,0x00000013,func,fn_1064D673
0x1064D686,0x00000169,func,fn_1064D686
0x1064D7EF,0x00000007,func,fn_1064D7EF
0x1064D7F6,0x000001A9,func,fn_1064D7F6
0x1064D99F,0x000000FA,func,fn_1064D99F
0x1064DA99,0x0000001F,func,fn_1064DA99
0x1064DAB8,0x0000000E,func,fn_1064DAB8
0x1064DAC6,0x0000002E,func,fn_1064DAC6
0x1064DAF4,0x00000059,func,fn_1064DAF4
0x1064DB4D,0x00000015,func,fn_1064DB4D
0x1064DB62,0x00000031,func,fn_1064DB62
0x1064DB93,0x000000E6,func,fn_1064DB93
0x1064DC79,0x00000039,func,fn_1064DC79
0x1064DCB2,0x00000123,func,fn_1064DCB2
0x1064DDD5,0x0000013C,func,fn_1064DDD5
0x1064DF11,0x00000035,func,fn_1064DF11
0x1064DF46,0x0000012B,func,fn_1064DF46
0x1064E071,0x0000006C,func,fn_1064E071
0x1064E0DD,0x00000100,func,fn_1064E0DD
0x1064E1DD,0x000000B2,func,fn_1064E1DD
0x1064E28F,0x00000035,func,fn_1064E28F
0x1064E2C4,0x00000009,func,fn_1064E2C4
0x1064E2CE,0x000000CA,func,fn_1064E2CE
0x1064E398,0x00000144,func,fn_1064E398
0x1064E4DC,0x000000F9,func,fn_1064E4DC
0x1064E5D5,0x00000178,func,fn_1064E5D5
0x1064E74D,0x0000015A,func,fn_1064E74D
0x1064E8EA,0x00000079,func,fn_1064E8EA
0x1064E963,0x00000182,func,fn_1064E963
0x1064EAE5,0x00000089,func,fn_1064EAE5
0x1064EB6E,0x0000012C,func,fn_1064EB6E
0x1064EC9A,0x0000014D,func,fn_1064EC9A
0x1064EDE7,0x00000191,func,fn_1064EDE7
0x1064EF78,0x000000B5,func,fn_1064EF78
0x1064F02D,0x00000489,func,fn_1064F02D
0x1064F4ED,0x000002EF,func,fn_1064F4ED
0x1064F7DC,0x00000024,func,fn_1064F7DC
0x1064F800,0x00000162,func,fn_1064F800
0x1064F985,0x00000077,func,fn_1064F985
0x1064F9FC,0x00000062,func,fn_1064F9FC
0x1064FA5E,0x00000212,func,fn_1064FA5E
0x1064FC70,0x0000009A,func,fn_1064FC70
0x1064FD0A,0x0000007B,func,fn_1064FD0A
0x1064FD85,0x0000004F,func,fn_1064FD85
0x1064FDD4,0x00000094,func,fn_1064FDD4
0x1064FE68,0x000000E7,func,fn_1064FE68
0x1064FF4F,0x0000028B,func,fn_1064FF4F
0x106501DA,0x00000100,func,fn_106501DA
0x106502DA,0x000003A7,func,fn_106502DA
0x10650681,0x0000008C,func,fn_10650681
0x1065070D,0x0000003C,func,fn_1065070D
0x10650749,0x0000007B,func,fn_10650749
0x106507C4,0x00000051,func,fn_106507C4
0x10650815,0x00000013,func,fn_10650815
0x10650828,0x000000BF,func,fn_10650828
0x106508E7,0x0000006A,func,fn_106508E7
0x10650951,0x0000005E,func,fn_10650951
0x106509AF,0x0000006F,func,fn_106509AF
0x10650A1E,0x00000014,func,fn_10650A1E
0x10650A32,0x00000051,func,fn_10650A32
0x10650A83,0x00000093,func,fn_10650A83
0x10650B16,0x00000046,func,fn_10650B16
0x10650B5C,0x0000001E,func,fn_10650B5C
0x10650B7A,0x0000001E,func,fn_10650B7A
0x10650B98,0x000000AF,func,fn_10650B98
0x10650C47,0x0000011E,func,fn_10650C47
0x10650D65,0x0000004C,func,fn_10650D65
0x10650DB1,0x0000017D,func,fn_10650DB1
0x10650F2E,0x00000165,func,fn_10650F2E
0x10651093,0x000000A3,func,fn_10651093
0x10651136,0x0000005F,func,fn_10651136
0x10651195,0x00000247,func,fn_10651195
0x106513DC,0x000001AC,func,fn_106513DC
0x10651588,0x00000023,func,fn_10651588
0x106515AB,0x00000049,func,fn_106515AB
0x106515F4,0x000000D2,func,fn_106515F4
0x106516C6,0x000000D3,func,fn_106516C6
0x10651799,0x0000010F,func,fn_10651799
0x106518A8,0x00000064,func,fn_106518A8
0x1065190C,0x0000006F,func,fn_1065190C
0x1065197B,0x00000065,func,fn_1065197B
0x106519E0,0x0000004E,func,fn_106519E0
0x10651A2E,0x0000002E,func,fn_10651A2E
0x10651A5C,0x00000007,func,fn_10651A5C
0x10651A63,0x00000008,func,fn_10651A63
0x10651A6B,0x00000005,func,fn_10651A6B
0x10651A70,0x00000017,func,fn_10651A70
0x10651A87,0x00000017,func,fn_10651A87
0x10651A9E,0x00000069,func,fn_10651A9E
0x10651B08,0x00000074,func,fn_10651B08
0x10651B7C,0x0000001A,func,fn_10651B7C
0x10651B96,0x0000004C,func,fn_10651B96
0x10651BE2,0x00000016,func,fn_10651BE2
0x10651BF8,0x0000000C,func,fn_10651BF8
0x10651C16,0x0000000D,func,fn_10651C16
0x10651C2C,0x0000004E,func,fn_10651C2C
0x10651C7A,0x0000002E,func,fn_10651C7A
0x10651CA8,0x0000002E,func,fn_10651CA8
0x10651CD6,0x0000001E,func,fn_10651CD6
0x10651CF4,0x00000023,func,fn_10651CF4
0x10651D17,0x00000015,func,fn_10651D17
0x10651D2C,0x00000059,func,fn_10651D2C
0x10651D85,0x0000009D,func,fn_10651D85
0x10651E22,0x00000149,func,fn_10651E22
0x10651F6B,0x00000022,func,fn_10651F6B
0x10651F8D,0x00000011,func,fn_10651F8D
0x10651F9F,0x0000001F,func,fn_10651F9F
0x10651FC6,0x00000012,func,fn_10651FC6
0x10651FF4,0x00000030,func,fn_10651FF4
0x10652024,0x00000026,func,fn_10652024
0x1065204A,0x00000017,func,fn_1065204A
0x10652061,0x0000001A,func,fn_10652061
0x1065207B,0x00000037,func,fn_1065207B
0x106520B2,0x0000003A,func,fn_106520B2
0x10652117,0x0000002F,func,fn_10652117
0x10652146,0x00000039,func,fn_10652146
0x10652191,0x00000019,func,fn_10652191
0x106521AA,0x00000100,func,fn_106521AA
0x106522AA,0x0000005B,func,fn_106522AA
0x10652305,0x00000015,func,fn_10652305
0x1065231A,0x00000033,func,fn_1065231A
0x1065234D,0x00000012,func,fn_1065234D
0x1065235F,0x00000012,func,fn_1065235F
0x10652371,0x0000000E,func,fn_10652371
0x1065237F,0x0000001D,func,fn_1065237F
0x1065239C,0x0000001A,func,fn_1065239C
0x106523B6,0x0000001B,func,fn_106523B6
0x106523D1,0x00000004,func,fn_106523D1
0x106523F2,0x00000005,func,fn_106523F2
0x106523F7,0x00000017,func,fn_106523F7
0x1065240E,0x00000082,func,fn_1065240E
0x10652490,0x0000006B,func,fn_10652490
0x106524FB,0x0000003F,func,fn_106524FB
0x1065254C,0x00000074,func,fn_1065254C
0x106525C0,0x0000002E,func,fn_106525C0
0x106525EE,0x0000001D,func,fn_106525EE
0x1065260B,0x00000014,func,fn_1065260B
0x1065261F,0x00000023,func,fn_1065261F
0x10652650,0x00000007,func,fn_10652650
0x10652673,0x0000007E,func,fn_10652673
0x106526F1,0x00000020,func,fn_106526F1
0x10652711,0x00000048,func,fn_10652711
0x10652759,0x0000019B,func,fn_10652759
0x106528F4,0x0000007B,func,fn_106528F4
0x1065296F,0x00000047,func,fn_1065296F
0x106529B6,0x000000A7,func,fn_106529B6
0x10652A5D,0x00000036,func,fn_10652A5D
0x10652A93,0x00000014,func,fn_10652A93
0x10652AA7,0x00000018,func,fn_10652AA7
0x10652ABF,0x0000003E,func,fn_10652ABF
0x10652AFD,0x0000001C,func,fn_10652AFD
0x10652B19,0x00000030,func,fn_10652B19
0x10652B49,0x00000060,func,fn_10652B49
0x10652BA9,0x0000002A,func,fn_10652BA9
0x10652BD3,0x0000007E,func,fn_10652BD3
0x10652C51,0x0000004E,func,fn_10652C51
0x10652C9F,0x00000010,func,fn_10652C9F
0x10652CAF,0x0000008C,func,fn_10652CAF
0x10652E73,0x00000097,func,fn_10652E73
0x10652F0A,0x0000003B,func,fn_10652F0A
0x10652F45,0x000000E5,func,fn_10652F45
0x1065302A,0x0000001F,func,fn_1065302A
0x10653049,0x0000002F,func,fn_10653049
0x10653078,0x00000051,func,fn_10653078
0x106530C9,0x0000003A,func,fn_106530C9
0x10653103,0x00000020,func,fn_10653103
0x10653123,0x0000002A,func,fn_10653123
0x1065314D,0x000000D5,func,fn_1065314D
0x10653222,0x00000005,func,fn_10653222
0x10653238,0x00000005,func,fn_10653238
0x1065323D,0x0000005E,func,fn_1065323D
0x1065329B,0x00000034,func,fn_1065329B
0x106532CF,0x000000BC,func,fn_106532CF
0x1065338B,0x0000008B,func,fn_1065338B
0x10653428,0x0000002B,func,fn_10653428
0x10653453,0x0000005E,func,fn_10653453
0x106534B1,0x0000003B,func,fn_106534B1
0x106534EC,0x00000078,func,fn_106534EC
0x106535B5,0x0000005E,func,fn_106535B5
0x10653613,0x000000F4,func,fn_10653613
0x10653707,0x00000044,func,fn_10653707
0x1065374B,0x0000004D,func,fn_1065374B
0x10653798,0x0000001A,func,fn_10653798
0x106537B2,0x0000001A,func,fn_106537B2
0x106537CC,0x000000AB,func,fn_106537CC
0x10653877,0x00000091,func,fn_10653877
0x10653908,0x00000066,func,fn_10653908
0x1065396E,0x00000044,func,fn_1065396E
0x106539B2,0x00000022,func,fn_106539B2
0x106539D4,0x00000032,func,fn_106539D4
0x10653A43,0x00000176,func,fn_10653A43
0x10653BB9,0x0000002F,func,fn_10653BB9
0x10653BE8,0x0000002C,func,fn_10653BE8
0x10653C14,0x00000037,func,fn_10653C14
0x10653C4B,0x00000031,func,fn_10653C4B
0x10653C7C,0x0000002F,func,fn_10653C7C
0x10653CAB,0x00000075,func,fn_10653CAB
0x10653D20,0x00000050,func,fn_10653D20
0x10653D70,0x0000016F,func,fn_10653D70
0x10653EDF,0x00000011,func,fn_10653EDF
0x10653EF0,0x0000013E,func,fn_10653EF0
0x1065402E,0x0000003C,func,fn_1065402E
0x1065406A,0x00000042,func,fn_1065406A
0x106540AC,0x00000030,func,fn_106540AC
0x106540DC,0x0000004B,func,fn_106540DC
0x10654127,0x00000054,func,fn_10654127
0x1065417B,0x00000064,func,fn_1065417B
0x106541DF,0x0000004E,func,fn_106541DF
0x1065422D,0x0000004E,func,fn_1065422D
0x1065427B,0x0000004B,func,fn_1065427B
0x106542C6,0x00000019,func,fn_106542C6
0x106542DF,0x00000015,func,fn_106542DF
0x106542F4,0x00000020,func,fn_106542F4
0x10654314,0x00000047,func,fn_10654314
0x1065435B,0x00000106,func,fn_1065435B
0x10654461,0x0000004B,func,fn_10654461
0x106544AC,0x00000066,func,fn_106544AC
0x10654512,0x00000063,func,fn_10654512
0x10654575,0x0000003B,func,fn_10654575
0x106545B0,0x0000006C,func,fn_106545B0
0x1065461C,0x00000029,func,fn_1065461C
0x10654645,0x0000002A,func,fn_10654645
0x1065466F,0x0000005E,func,fn_1065466F
0x106546CD,0x0000032D,func,fn_106546CD
0x106549FA,0x0000018A,func,fn_106549FA
0x10654B84,0x00000017,func,fn_10654B84
0x10654B9B,0x0000009F,func,fn_10654B9B
0x10654C3A,0x00000440,func,fn_10654C3A
0x1065507A,0x000001C4,func,fn_1065507A
0x1065523E,0x00000240,func,fn_1065523E
0x1065547E,0x000000D8,func,fn_1065547E
0x10655556,0x0000007E,func,fn_10655556
0x1065570F,0x0000002D,func,fn_1065570F
0x1065573C,0x0000002F,func,fn_1065573C
0x1065576B,0x0000004E,func,fn_1065576B
0x106557B9,0x000000B6,func,fn_106557B9
0x1065586F,0x00000092,func,fn_1065586F
0x10655901,0x00000036,func,fn_10655901
0x10655937,0x00000023,func,fn_10655937
0x1065595A,0x0000001B,func,fn_1065595A
0x10655975,0x00000024,func,fn_10655975
0x10655999,0x00000085,func,fn_10655999
0x10655A1E,0x00000009,func,fn_10655A1E
0x10655A28,0x0000003E,func,fn_10655A28
0x10655A66,0x00000031,func,fn_10655A66
0x10655A97,0x0000010A,func,fn_10655A97
0x10655BB3,0x000007A9,func,fn_10655BB3
0x1065635C,0x000000D8,func,fn_1065635C
0x10656463,0x00000043,func,fn_10656463
0x106564A6,0x00000049,func,fn_106564A6
0x106564EF,0x0000002F,func,fn_106564EF
0x1065651E,0x00000022,func,fn_1065651E
0x10656540,0x00000023,func,fn_10656540
0x10656563,0x00000026,func,fn_10656563
0x10656589,0x00000058,func,fn_10656589
0x106565E1,0x00000084,func,fn_106565E1
0x10656710,0x00000334,func,fn_10656710
0x10656B7D,0x00000042,func,fn_10656B7D
0x10656BBF,0x0000002F,func,fn_10656BBF
0x10656BEF,0x00000052,func,fn_10656BEF
0x10656C41,0x00000055,func,fn_10656C41
0x10656C96,0x0000002C,func,fn_10656C96
0x10656CC2,0x000000BD,func,fn_10656CC2
0x10656D7F,0x0000005E,func,fn_10656D7F
0x10656E0B,0x000001DA,func,fn_10656E0B
0x10656FE5,0x0000000C,func,fn_10656FE5
0x10656FF1,0x00000036,func,fn_10656FF1
0x10657027,0x00000028,func,fn_10657027
0x1065704F,0x00000028,func,fn_1065704F
0x10657077,0x00000050,func,fn_10657077
0x106570C7,0x00000012,func,fn_106570C7
0x106570D9,0x0000001F,func,fn_106570D9
0x106570F8,0x00000030,func,fn_106570F8
0x10657128,0x0000003A,func,fn_10657128
0x10657162,0x0000001C,func,fn_10657162
0x1065717E,0x00000032,func,fn_1065717E
0x106571B0,0x0000001B,func,fn_106571B0
0x106571CB,0x00000086,func,fn_106571CB
0x10657251,0x00000029,func,fn_10657251
0x1065727A,0x0000006F,func,fn_1065727A
0x106572E9,0x0000004F,func,fn_106572E9
0x10657339,0x0000009B,func,fn_10657339
0x106573D4,0x0000001C,func,fn_106573D4
0x106573F0,0x00000043,func,fn_106573F0
0x10657433,0x00000099,func,fn_10657433
0x106574CC,0x00000080,func,fn_106574CC
0x1065754C,0x000000B8,func,fn_1065754C
0x10657604,0x0000005E,func,fn_10657604
0x10657662,0x0000002A,func,fn_10657662
0x1065768C,0x00000026,func,fn_1065768C
0x106576B2,0x000001C8,func,fn_106576B2
0x106578B3,0x00000112,func,fn_106578B3
0x106579C5,0x00000901,func,fn_106579C5
0x106582C6,0x00000100,func,fn_106582C6
0x106583C6,0x00000072,func,fn_106583C6
0x10658438,0x000000A2,func,fn_10658438
0x106584DA,0x00000027,func,fn_106584DA
0x10658501,0x0000003C,func,fn_10658501
0x1065853D,0x00000005,func,fn_1065853D
0x10658542,0x0000001A,func,fn_10658542
0x1065855C,0x0000001A,func,fn_1065855C
0x10658576,0x00000020,func,fn_10658576
0x10658596,0x00000033,func,fn_10658596
0x106585C9,0x00000019,func,fn_106585C9
0x106585E2,0x0000005D,func,fn_106585E2
0x1065863F,0x0000004D,func,fn_1065863F
0x1065868C,0x0000004D,func,fn_1065868C
0x106586D9,0x00000027,func,fn_106586D9
0x10658700,0x00000083,func,fn_10658700
0x10658783,0x00000020,func,fn_10658783
0x106587A3,0x0000003A,func,fn_106587A3
0x106587DD,0x0000001F,func,fn_106587DD
0x106587FC,0x0000000C,func,fn_106587FC
0x10658808,0x0000004A,func,fn_10658808
0x10658852,0x0000004B,func,fn_10658852
0x1065889D,0x0000003E,func,fn_1065889D
0x106588DB,0x0000001C,func,fn_106588DB
0x106588F7,0x0000015D,func,fn_106588F7
0x10658A54,0x00000127,func,fn_10658A54
0x10658B7B,0x00000192,func,fn_10658B7B
0x10658D0D,0x0000009D,func,fn_10658D0D
0x10658DAA,0x00000027,func,fn_10658DAA
0x10658DD1,0x000000B4,func,fn_10658DD1
0x10658E85,0x00000078,func,fn_10658E85
0x10658EFD,0x0000003B,func,fn_10658EFD
0x10658F38,0x0000001F,func,fn_10658F38
0x10658F57,0x000001B3,func,fn_10658F57
0x1065910A,0x0000010E,func,fn_1065910A
0x10659218,0x0000003C,func,fn_10659218
0x10659254,0x0000014D,func,fn_10659254
0x106593A1,0x00000154,func,fn_106593A1
0x106594F5,0x00000298,func,fn_106594F5
0x1065978D,0x0000012C,func,fn_1065978D
0x106598B9,0x00000186,func,fn_106598B9
0x10659A3F,0x000000D4,func,fn_10659A3F
0x10659B13,0x0000009B,func,fn_10659B13
0x10659BAE,0x0000010F,func,fn_10659BAE
0x10659CBD,0x00000089,func,fn_10659CBD
0x10659D46,0x0000003C,func,fn_10659D46
0x10659D82,0x00000067,func,fn_10659D82
0x10659ED3,0x00000131,func,fn_10659ED3
0x1065A004,0x000000DD,func,fn_1065A004
0x1065A0E1,0x0000021C,func,fn_1065A0E1
0x1065A324,0x00000040,func,fn_1065A324
0x1065A364,0x0000012D,func,fn_1065A364
0x1065A62B,0x000000E5,func,fn_1065A62B
0x1065A710,0x00000015,func,fn_1065A710
0x1065A725,0x000005E6,func,fn_1065A725
0x1065AD0B,0x00000028,func,fn_1065AD0B
0x1065AD33,0x0000001D,func,fn_1065AD33
0x1065AD50,0x0000017B,func,fn_1065AD50
0x1065AECB,0x000002ED,func,fn_1065AECB
0x1065B1B8,0x000000FF,func,fn_1065B1B8
0x1065B2B7,0x00000167,func,fn_1065B2B7
0x1065B41E,0x00000096,func,fn_1065B41E
0x1065B4B4,0x0000007E,func,fn_1065B4B4
0x1065B532,0x0000005F,func,fn_1065B532
0x1065B591,0x000000A0,func,fn_1065B591
0x1065B631,0x00000057,func,fn_1065B631
0x1065B688,0x00000085,func,fn_1065B688
0x1065B70D,0x000001AA,func,fn_1065B70D
0x1065B8B7,0x00000085,func,fn_1065B8B7
0x1065B93C,0x00000032,func,fn_1065B93C
0x1065B96E,0x00000019,func,fn_1065B96E
0x1065B987,0x00000005,func,fn_1065B987
0x1065B98C,0x00000049,func,fn_1065B98C
0x1065B9D5,0x0000001C,func,fn_1065B9D5
0x1065B9F1,0x00000024,func,fn_1065B9F1
0x1065BA15,0x00000018,func,fn_1065BA15
0x1065BA2D,0x00000064,func,fn_1065BA2D
0x1065BA91,0x00000080,func,fn_1065BA91
0x1065BB11,0x00000034,func,fn_1065BB11
0x1065BB45,0x00000063,func,fn_1065BB45
0x1065BBA8,0x00000094,func,fn_1065BBA8
0x1065BC3C,0x00000030,func,fn_1065BC3C
0x1065BC6C,0x0000006B,func,fn_1065BC6C
0x1065BCD7,0x00000023,func,fn_1065BCD7
0x1065BCFA,0x0000005B,func,fn_1065BCFA
0x1065BD55,0x000000CC,func,fn_1065BD55
0x1065BE21,0x00000035,func,fn_1065BE21
0x1065BE56,0x000000F6,func,fn_1065BE56
0x1065BF4C,0x00000056,func,fn_1065BF4C
0x1065BFA2,0x0000006B,func,fn_1065BFA2
0x1065C00D,0x00000195,func,fn_1065C00D
0x1065C1A2,0x000000A8,func,fn_1065C1A2
0x1065C24A,0x00000039,func,fn_1065C24A
0x1065C283,0x000001AF,func,fn_1065C283
0x1065C482,0x00000241,func,fn_1065C482
0x1065C6C3,0x00000060,func,fn_1065C6C3
0x1065C723,0x000000BF,func,fn_1065C723
0x1065C7E2,0x00000120,func,fn_1065C7E2
0x1065C902,0x0000007E,func,fn_1065C902
0x1065CA2E,0x0000001D,func,fn_1065CA2E
0x1065CA4B,0x00000156,func,fn_1065CA4B
0x1065CBA1,0x0000005C,func,fn_1065CBA1
0x1065CBFD,0x000000B0,func,fn_1065CBFD
0x1065CCAD,0x000000EF,func,fn_1065CCAD
0x1065CD9C,0x00000229,func,fn_1065CD9C
0x1065CFC5,0x00000326,func,fn_1065CFC5
0x1065D2EB,0x00000046,func,fn_1065D2EB
0x1065D331,0x0000004F,func,fn_1065D331
0x1065D380,0x000000A6,func,fn_1065D380
0x1065D426,0x0000000C,func,fn_1065D426
0x1065D432,0x0000005C,func,fn_1065D432
0x1065D48E,0x00000340,func,fn_1065D48E
0x1065D7CE,0x00000195,func,fn_1065D7CE
0x1065D963,0x0000019C,func,fn_1065D963
0x1065DAFF,0x0000016D,func,fn_1065DAFF
0x1065DC6C,0x0000015D,func,fn_1065DC6C
0x1065DDC9,0x00000211,func,fn_1065DDC9
0x1065DFDA,0x0000003A,func,fn_1065DFDA
0x1065E1B4,0x00000254,func,fn_1065E1B4
0x1065E408,0x000000D6,func,fn_1065E408
0x1065E6D0,0x00000058,func,fn_1065E6D0
0x1065E728,0x0000016A,func,fn_1065E728
0x1065E892,0x00000027,func,fn_1065E892
0x1065E8B9,0x00000044,func,fn_1065E8B9
0x1065E8FD,0x00000015,func,fn_1065E8FD
0x1065E912,0x0000000E,func,fn_1065E912
0x1065E920,0x0000001E,func,fn_1065E920
0x1065E93E,0x00000021,func,fn_1065E93E
0x1065E95F,0x00000007,func,fn_1065E95F
0x1065E966,0x0000000D,func,fn_1065E966
0x1065E973,0x00000007,func,fn_1065E973
0x1065E97A,0x00000006,func,fn_1065E97A
0x1065E980,0x00000007,func,fn_1065E980
0x1065EA08,0x00000037,func,fn_1065EA08
0x1065EA3F,0x00000038,func,fn_1065EA3F
0x1065EA77,0x00000019,func,fn_1065EA77
0x1065EA90,0x0000001C,func,fn_1065EA90
0x1065EAAC,0x0000002E,func,fn_1065EAAC
0x1065EADA,0x00000037,func,fn_1065EADA
0x1065EB11,0x00000031,func,fn_1065EB11
0x1065EB42,0x00000033,func,fn_1065EB42
0x1065EB75,0x00000029,func,fn_1065EB75
0x1065EB9E,0x00000026,func,fn_1065EB9E
0x1065EBC4,0x00000025,func,fn_1065EBC4
0x1065EBE9,0x00000025,func,fn_1065EBE9
0x1065EC0E,0x00000025,func,fn_1065EC0E
0x1065EC33,0x00000025,func,fn_1065EC33
0x1065EC58,0x00000025,func,fn_1065EC58
0x1065EC7D,0x00000025,func,fn_1065EC7D
0x1065ECA2,0x00000025,func,fn_1065ECA2
0x1065ECC7,0x00000025,func,fn_1065ECC7
0x1065ECEC,0x00000025,func,fn_1065ECEC
0x1065ED11,0x00000025,func,fn_1065ED11
0x1065ED36,0x0000001E,func,fn_1065ED36
0x1065ED54,0x00000030,func,fn_1065ED54
0x1065ED84,0x0000003C,func,fn_1065ED84
0x1065EDC0,0x00000036,func,fn_1065EDC0
0x1065EDF6,0x00000036,func,fn_1065EDF6
0x1065EE2C,0x00000036,func,fn_1065EE2C
0x1065EE62,0x00000036,func,fn_1065EE62
0x1065EE98,0x00000036,func,fn_1065EE98
0x1065EECE,0x00000036,func,fn_1065EECE
0x1065EF04,0x00000036,func,fn_1065EF04
0x1065EF3A,0x0000003F,func,fn_1065EF3A
0x1065EF79,0x0000003F,func,fn_1065EF79
0x1065EFB8,0x00000011,func,fn_1065EFB8
0x1065EFC9,0x00000036,func,fn_1065EFC9
0x1065EFFF,0x00000036,func,fn_1065EFFF
0x1065F035,0x0000002B,func,fn_1065F035
0x1065F060,0x00000019,func,fn_1065F060
0x1065F079,0x00000019,func,fn_1065F079
0x1065F092,0x00000019,func,fn_1065F092
0x1065F0AB,0x00000019,func,fn_1065F0AB
0x1065F0C4,0x00000019,func,fn_1065F0C4
0x1065F0DD,0x00000019,func,fn_1065F0DD
0x1065F0F6,0x00000017,func,fn_1065F0F6
0x1065F10D,0x00000017,func,fn_1065F10D
0x1065F124,0x00000025,func,fn_1065F124
0x1065F149,0x00000025,func,fn_1065F149
0x1065F16E,0x00000025,func,fn_1065F16E
0x1065F193,0x00000025,func,fn_1065F193
0x1065F1B8,0x00000025,func,fn_1065F1B8
0x1065F1DD,0x00000025,func,fn_1065F1DD
0x1065F202,0x00000025,func,fn_1065F202
0x1065F227,0x00000025,func,fn_1065F227
0x1065F24C,0x00000025,func,fn_1065F24C
0x1065F271,0x00000025,func,fn_1065F271
0x1065F296,0x00000025,func,fn_1065F296
0x1065F2BB,0x00000025,func,fn_1065F2BB
0x1065F2E0,0x00000025,func,fn_1065F2E0
0x1065F305,0x00000075,func,fn_1065F305
0x1065F37A,0x00000043,func,fn_1065F37A
0x1065F425,0x0000002A,func,fn_1065F425
0x1065F46F,0x00000021,func,fn_1065F46F
0x1065F4FB,0x0000002E,func,fn_1065F4FB
0x1065F529,0x00000020,func,fn_1065F529
0x1065F556,0x00000011,func,fn_1065F556
0x1065F567,0x00000038,func,fn_1065F567
0x1065F59F,0x00000038,func,fn_1065F59F
0x1065F5D7,0x00000088,func,fn_1065F5D7
0x1065F65F,0x00000087,func,fn_1065F65F
0x1065F6E6,0x00000039,func,fn_1065F6E6
0x1065F71F,0x0000004E,func,fn_1065F71F
0x1065F76D,0x00000045,func,fn_1065F76D
0x1065F7B2,0x00000045,func,fn_1065F7B2
0x1065F7F7,0x00000044,func,fn_1065F7F7
0x1065F83B,0x0000001E,func,fn_1065F83B
0x1065F859,0x0000002C,func,fn_1065F859
0x1065F885,0x0000002B,func,fn_1065F885
0x1065F8B0,0x00000078,func,fn_1065F8B0
0x1065F928,0x00000028,func,fn_1065F928
0x1065F950,0x00000035,func,fn_1065F950
0x1065F985,0x0000006E,func,fn_1065F985
0x1065F9F3,0x00000085,func,fn_1065F9F3
0x1065FA78,0x0000005D,func,fn_1065FA78
0x1065FAD5,0x0000001A,func,fn_1065FAD5
0x1065FAEF,0x00000015,func,fn_1065FAEF
0x1065FB04,0x00000019,func,fn_1065FB04
0x1065FB1D,0x00000085,func,fn_1065FB1D
0x1065FBA2,0x00000057,func,fn_1065FBA2
0x1065FBF9,0x0000002F,func,fn_1065FBF9
0x1065FC28,0x0000003C,func,fn_1065FC28
0x1065FC64,0x00000030,func,fn_1065FC64
0x1065FCCA,0x00000022,func,fn_1065FCCA
0x1065FD28,0x00000025,func,fn_1065FD28
0x1065FE7C,0x00000038,func,fn_1065FE7C
0x1065FF5E,0x00000074,func,fn_1065FF5E
0x1065FFD2,0x00000067,func,fn_1065FFD2
0x10660039,0x000000FF,func,fn_10660039
0x10660138,0x0000009E,func,fn_10660138
0x106601D6,0x00000042,func,fn_106601D6
0x10660218,0x0000001E,func,fn_10660218
0x10660236,0x0000002D,func,fn_10660236
0x10660263,0x0000004E,func,fn_10660263
0x106602B1,0x000000F4,func,fn_106602B1
0x106603A5,0x000000BC,func,fn_106603A5
0x10660461,0x00000097,func,fn_10660461
0x106604F8,0x0000017C,func,fn_106604F8
0x10660674,0x000000B2,func,fn_10660674
0x10660726,0x0000006D,func,fn_10660726
0x10660793,0x0000001E,func,fn_10660793
0x106607B1,0x0000004F,func,fn_106607B1
0x10660800,0x0000001D,func,fn_10660800
0x1066081D,0x00000038,func,fn_1066081D
0x10660855,0x00000032,func,fn_10660855
0x10660887,0x00000038,func,fn_10660887
0x106608BF,0x000000DB,func,fn_106608BF
0x106609B3,0x00000024,func,fn_106609B3
0x106609D7,0x00000024,func,fn_106609D7
0x106609FB,0x00000015,func,fn_106609FB
0x10660A10,0x00000025,func,fn_10660A10
0x10660A35,0x00000025,func,fn_10660A35
0x10660A5A,0x0000004D,func,fn_10660A5A
0x10660AA7,0x0000016E,func,fn_10660AA7
0x10660C15,0x00000102,func,fn_10660C15
0x10660D17,0x0000001F,func,fn_10660D17
0x10660D36,0x00000028,func,fn_10660D36
0x10660D5E,0x000000D5,func,fn_10660D5E
0x10660E33,0x00000298,func,fn_10660E33
0x106610CB,0x0000001E,func,fn_106610CB
0x106610E9,0x0000001E,func,fn_106610E9
0x10661107,0x0000001E,func,fn_10661107
0x10661125,0x0000001E,func,fn_10661125
0x10661143,0x0000000F,func,fn_10661143
0x106611D5,0x00000063,func,fn_106611D5
0x10661238,0x0000009A,func,fn_10661238
0x106612D2,0x00000024,func,fn_106612D2
0x106612F6,0x00000024,func,fn_106612F6
0x1066131A,0x00000024,func,fn_1066131A
0x1066133E,0x00000024,func,fn_1066133E
0x10661362,0x000000BC,func,fn_10661362
0x1066141E,0x0000003F,func,fn_1066141E
0x1066145D,0x00000009,func,fn_1066145D
0x10661467,0x00000027,func,fn_10661467
0x1066148E,0x0000001F,func,fn_1066148E
0x106614AD,0x00000036,func,fn_106614AD
0x106614E3,0x00000023,func,fn_106614E3
0x10661506,0x0000000D,func,fn_10661506
0x10661513,0x000001AD,func,fn_10661513
0x106616C0,0x00000188,func,fn_106616C0
0x1066185C,0x00000024,func,fn_1066185C
0x106618A6,0x00000106,func,fn_106618A6
0x106619AC,0x0000020D,func,fn_106619AC
0x10661C06,0x00000201,func,fn_10661C06
0x10661E07,0x0000003F,func,fn_10661E07
0x10661E46,0x000002AD,func,fn_10661E46
0x106620F4,0x0000009C,func,fn_106620F4
0x10662190,0x00000074,func,fn_10662190
0x10662204,0x00000027,func,fn_10662204
0x1066222B,0x00000035,func,fn_1066222B
0x10662260,0x00000048,func,fn_10662260
0x106622A8,0x0000003D,func,fn_106622A8
0x106622E5,0x00000050,func,fn_106622E5
0x10662335,0x00000220,func,fn_10662335
0x10662555,0x00000022,func,fn_10662555
0x10662577,0x0000002B,func,fn_10662577
0x106625A2,0x0000002D,func,fn_106625A2
0x106625CF,0x000000F7,func,fn_106625CF
0x106626C6,0x00000130,func,fn_106626C6
0x106627F6,0x000002CF,func,fn_106627F6
0x10662AC5,0x0000042D,func,fn_10662AC5
0x10662EF2,0x0000001D,func,fn_10662EF2
0x10662F0F,0x0000009A,func,fn_10662F0F
0x10662FA9,0x00000023,func,fn_10662FA9
0x10662FCC,0x0000001E,func,fn_10662FCC
0x10662FEA,0x00000035,func,fn_10662FEA
0x1066301F,0x00000009,func,fn_1066301F
0x10663029,0x00000069,func,fn_10663029
0x10663092,0x0000004C,func,fn_10663092
0x106630DE,0x000000CD,func,fn_106630DE
0x106631AB,0x00000081,func,fn_106631AB
0x1066322C,0x00000095,func,fn_1066322C
0x106632C1,0x00000009,func,fn_106632C1
0x106632CB,0x00000025,func,fn_106632CB
0x106632F0,0x00000182,func,fn_106632F0
0x10663472,0x00000053,func,fn_10663472
0x106634C5,0x00000049,func,fn_106634C5
0x1066350E,0x0000006B,func,fn_1066350E
0x10663579,0x00000020,func,fn_10663579
0x10663599,0x0000001B,func,fn_10663599
0x106635B4,0x00000026,func,fn_106635B4
0x106635DA,0x00000016,func,fn_106635DA
0x106635F0,0x0000002D,func,fn_106635F0
0x1066361D,0x000000DD,func,fn_1066361D
0x106636FA,0x000002B1,func,fn_106636FA
0x106639AB,0x0000002B,func,fn_106639AB
0x106639D6,0x0000006D,func,fn_106639D6
0x10663A43,0x000000D0,func,fn_10663A43
0x10663B13,0x00000009,func,fn_10663B13
0x10663B1C,0x000001B8,func,fn_10663B1C
0x10663CD4,0x000004B6,func,fn_10663CD4
0x1066418A,0x00000228,func,fn_1066418A
0x106643B2,0x00000021,func,fn_106643B2
0x106643D3,0x0000017D,func,fn_106643D3
0x10664550,0x0000015A,func,fn_10664550
0x106646AA,0x000004C3,func,fn_106646AA
0x10664B6D,0x00000171,func,fn_10664B6D
0x10664CDE,0x0000035D,func,fn_10664CDE
0x1066503B,0x000000CE,func,fn_1066503B
0x10665109,0x00000599,func,fn_10665109
0x106656A2,0x000003E1,func,fn_106656A2
0x10665A83,0x0000020D,func,fn_10665A83
0x10665C90,0x00000621,func,fn_10665C90
0x106662B1,0x000002C7,func,fn_106662B1
0x10666578,0x000000DA,func,fn_10666578
0x10666652,0x00000128,func,fn_10666652
0x1066677A,0x00000818,func,fn_1066677A
0x10666F92,0x00000026,func,fn_10666F92
0x10666FB8,0x000000F7,func,fn_10666FB8
0x106670AF,0x000005FB,func,fn_106670AF
0x106676AA,0x0000002F,func,fn_106676AA
0x106676D9,0x00000025,func,fn_106676D9
0x106676FE,0x00000027,func,fn_106676FE
0x10667725,0x00000003,func,fn_10667725
0x10667728,0x0000001E,func,fn_10667728
0x10667746,0x00000078,func,fn_10667746
0x106677BE,0x0000007C,func,fn_106677BE
0x1066783A,0x00000133,func,fn_1066783A
0x1066796D,0x0000003D,func,fn_1066796D
0x106679AA,0x00000068,func,fn_106679AA
0x10667A12,0x000000B1,func,fn_10667A12
0x10667AC3,0x00000035,func,fn_10667AC3
0x10667AF8,0x00000012,func,fn_10667AF8
0x10667B0A,0x0000004E,func,fn_10667B0A
0x10667B58,0x00000082,func,fn_10667B58
0x10667BDA,0x0000011B,func,fn_10667BDA
0x10667CF5,0x00000255,func,fn_10667CF5
0x10667F4A,0x0000005B,func,fn_10667F4A
0x10667FA5,0x00000225,func,fn_10667FA5
0x106681CA,0x00000063,func,fn_106681CA
0x1066822D,0x000000C8,func,fn_1066822D
0x106682F5,0x00000182,func,fn_106682F5
0x10668477,0x00000003,func,fn_10668477
0x1066853C,0x0000004F,func,fn_1066853C
0x1066858B,0x00000019,func,fn_1066858B
0x106685A4,0x00000070,func,fn_106685A4
0x10668614,0x00000020,func,fn_10668614
0x10668634,0x0000001D,func,fn_10668634
0x10668651,0x000000D7,func,fn_10668651
0x10668728,0x00000028,func,fn_10668728
0x10668750,0x0000006A,func,fn_10668750
0x106687BA,0x00000052,func,fn_106687BA
0x1066880C,0x00000083,func,fn_1066880C
0x1066888F,0x0000044E,func,fn_1066888F
0x10668CDD,0x000002BD,func,fn_10668CDD
0x10668F9A,0x000000F7,func,fn_10668F9A
0x10669091,0x000003A1,func,fn_10669091
0x10669432,0x0000014B,func,fn_10669432
0x1066957D,0x0000033A,func,fn_1066957D
0x106698B7,0x00000008,func,fn_106698B7
0x106698BF,0x00000080,func,fn_106698BF
0x1066993F,0x0000013A,func,fn_1066993F
0x10669AC7,0x00000059,func,fn_10669AC7
0x10669B21,0x00000034,func,fn_10669B21
0x10669B55,0x00000034,func,fn_10669B55
0x10669B89,0x00000027,func,fn_10669B89
0x10669BB0,0x00000024,func,fn_10669BB0
0x10669C76,0x0000002D,func,fn_10669C76
0x10669CB7,0x0000006E,func,fn_10669CB7
0x10669D25,0x00000035,func,fn_10669D25
0x10669D5A,0x0000002A,func,fn_10669D5A
0x10669D8F,0x00000030,func,fn_10669D8F
0x10669DC9,0x00000053,func,fn_10669DC9
0x10669E1C,0x00000053,func,fn_10669E1C
0x10669E6F,0x0000008A,func,fn_10669E6F
0x10669EF9,0x000000A1,func,fn_10669EF9
0x1066A083,0x000000D4,func,fn_1066A083
0x1066A157,0x000000F7,func,fn_1066A157
0x1066A24E,0x00000058,func,fn_1066A24E
0x1066A2A6,0x00000034,func,fn_1066A2A6
0x1066A2DA,0x00000072,func,fn_1066A2DA
0x1066A34C,0x00000072,func,fn_1066A34C
0x1066A3BE,0x00000111,func,fn_1066A3BE
0x1066A514,0x000000AA,func,fn_1066A514
0x1066A5BE,0x0000019C,func,fn_1066A5BE
0x1066A75A,0x0000002F,func,fn_1066A75A
0x1066A789,0x0000002D,func,fn_1066A789
0x1066A7B6,0x000002A9,func,fn_1066A7B6
0x1066AA5F,0x00000241,func,fn_1066AA5F
0x1066ACA0,0x0000008F,func,fn_1066ACA0
0x1066AD2F,0x0000024E,func,fn_1066AD2F
0x1066AF7D,0x00000013,func,fn_1066AF7D
0x1066AF90,0x000001D6,func,fn_1066AF90
0x1066B166,0x00000168,func,fn_1066B166
0x1066B2CE,0x0000005A,func,fn_1066B2CE
0x1066B328,0x00000024,func,fn_1066B328
0x1066B34C,0x0000014B,func,fn_1066B34C
0x1066B497,0x00000209,func,fn_1066B497
0x1066B6A0,0x000000B7,func,fn_1066B6A0
0x1066B757,0x00000070,func,fn_1066B757
0x1066B7C7,0x0000017F,func,fn_1066B7C7
0x1066B946,0x00000095,func,fn_1066B946
0x1066B9DB,0x000000D0,func,fn_1066B9DB
0x1066BAAB,0x00000030,func,fn_1066BAAB
0x1066BB90,0x000002D2,func,fn_1066BB90
0x1066BE62,0x00000204,func,fn_1066BE62
0x1066C066,0x00000396,func,fn_1066C066
0x1066C3FC,0x000000AA,func,fn_1066C3FC
0x1066C4A6,0x000000CF,func,fn_1066C4A6
0x1066C575,0x00000033,func,fn_1066C575
0x1066C5A8,0x000000BB,func,fn_1066C5A8
0x1066C663,0x00000580,func,fn_1066C663
0x1066CBE3,0x0000054C,func,fn_1066CBE3
0x1066D12F,0x000000A0,func,fn_1066D12F
0x1066D1CF,0x0000019D,func,fn_1066D1CF
0x1066D36C,0x0000006D,func,fn_1066D36C
0x1066D3D9,0x00000050,func,fn_1066D3D9
0x1066D429,0x0000002D,func,fn_1066D429
0x1066D456,0x00000040,func,fn_1066D456
0x1066D496,0x00000050,func,fn_1066D496
0x1066D4E6,0x000000A5,func,fn_1066D4E6
0x1066D58B,0x0000029D,func,fn_1066D58B
0x1066D828,0x00000FFD,func,fn_1066D828
0x1066E84B,0x0000008E,func,fn_1066E84B
0x1066E8D9,0x000000B9,func,fn_1066E8D9
0x1066E992,0x000000B9,func,fn_1066E992
0x1066EA4B,0x000000B9,func,fn_1066EA4B
0x1066EB04,0x00000249,func,fn_1066EB04
0x1066EE47,0x00000025,func,fn_1066EE47
0x1066EE6C,0x000000B2,func,fn_1066EE6C
0x1066EF1E,0x0000004D,func,fn_1066EF1E
0x1066EF6B,0x00000105,func,fn_1066EF6B
0x1066F070,0x0000012D,func,fn_1066F070
0x1066F19D,0x00000024,func,fn_1066F19D
0x1066F1C1,0x000000C3,func,fn_1066F1C1
0x1066F284,0x00000075,func,fn_1066F284
0x1066F2F9,0x0000005B,func,fn_1066F2F9
0x1066F354,0x0000008B,func,fn_1066F354
0x1066F3DF,0x00000029,func,fn_1066F3DF
0x1066F408,0x00000031,func,fn_1066F408
0x1066F439,0x0000008C,func,fn_1066F439
0x1066F4C5,0x00000044,func,fn_1066F4C5
0x1066F509,0x00000033,func,fn_1066F509
0x1066F53C,0x00000020,func,fn_1066F53C
0x1066F55C,0x0000004D,func,fn_1066F55C
0x1066F5A9,0x0000002A,func,fn_1066F5A9
0x1066F5D3,0x00000021,func,fn_1066F5D3
0x1066F5F4,0x0000002F,func,fn_1066F5F4
0x1066F63F,0x000000ED,func,fn_1066F63F
0x1066F72C,0x00000054,func,fn_1066F72C
0x1066F780,0x00000019,func,fn_1066F780
0x1066F7D1,0x00000003,func,fn_1066F7D1
0x1066F819,0x000000CE,func,fn_1066F819
0x1066F8E7,0x000001DA,func,fn_1066F8E7
0x1066FAC1,0x00000093,func,fn_1066FAC1
0x1066FB54,0x0000001B,func,fn_1066FB54
0x1066FB6F,0x00000038,func,fn_1066FB6F
0x1066FBA7,0x00000003,func,fn_1066FBA7
0x1066FD07,0x0000007E,func,fn_1066FD07
0x1066FD85,0x000001A8,func,fn_1066FD85
0x1066FF2D,0x00000058,func,fn_1066FF2D
0x1066FF85,0x000000D8,func,fn_1066FF85
0x1067007E,0x00000024,func,fn_1067007E
0x106700A2,0x00000031,func,fn_106700A2
0x106700D3,0x00000015,func,fn_106700D3
0x106700E8,0x00000015,func,fn_106700E8
0x106700FD,0x00000015,func,fn_106700FD
0x10670112,0x0000001A,func,fn_10670112
0x1067012C,0x00000015,func,fn_1067012C
0x10670141,0x0000001A,func,fn_10670141
0x1067015B,0x00000015,func,fn_1067015B
0x10670170,0x0000001E,func,fn_10670170
0x1067018E,0x00000021,func,fn_1067018E
0x106701AF,0x00000059,func,fn_106701AF
0x10670208,0x0000001A,func,fn_10670208
0x10670222,0x00000014,func,fn_10670222
0x10670236,0x0000003A,func,fn_10670236
0x10670270,0x00000018,func,fn_10670270
0x10670288,0x00000027,func,fn_10670288
0x106702AF,0x00000033,func,fn_106702AF
0x10670322,0x000000A7,func,fn_10670322
0x106703C9,0x00000025,func,fn_106703C9
0x106703EE,0x00000050,func,fn_106703EE
0x1067043E,0x00000076,func,fn_1067043E
0x106704B4,0x0000001F,func,fn_106704B4
0x106704D3,0x00000029,func,fn_106704D3
0x106704FC,0x00000007,func,fn_106704FC
0x10670541,0x0000003D,func,fn_10670541
0x1067057E,0x0000007E,func,fn_1067057E
0x106705FC,0x00000025,func,fn_106705FC
0x10670621,0x00000191,func,fn_10670621
0x106707B2,0x00000032,func,fn_106707B2
0x106707E4,0x00000017,func,fn_106707E4
0x106707FB,0x00000027,func,fn_106707FB
0x10670822,0x000001D4,func,fn_10670822
0x10670A20,0x00000043,func,fn_10670A20
0x10670A63,0x000000E2,func,fn_10670A63
0x10670B45,0x00000064,func,fn_10670B45
0x10670BA9,0x0000005C,func,fn_10670BA9
0x10670C05,0x000000D5,func,fn_10670C05
0x10670CE8,0x00000057,func,fn_10670CE8
0x10670D3F,0x0000005D,func,fn_10670D3F
0x10670D9C,0x000000D1,func,fn_10670D9C
0x10670E6D,0x0000004A,func,fn_10670E6D
0x10670EB7,0x00000054,func,fn_10670EB7
0x10670F0B,0x00000013,func,fn_10670F0B
0x10670F1E,0x00000152,func,fn_10670F1E
0x10671070,0x00000021,func,fn_10671070
0x10671091,0x0000009B,func,fn_10671091
0x1067112C,0x00000079,func,fn_1067112C
0x106711A5,0x0000003E,func,fn_106711A5
0x106711E3,0x0000004A,func,fn_106711E3
0x1067122D,0x000000CF,func,fn_1067122D
0x106712FC,0x00000092,func,fn_106712FC
0x1067138E,0x00000082,func,fn_1067138E
0x10671410,0x000000C6,func,fn_10671410
0x106714D6,0x00000037,func,fn_106714D6
0x1067150D,0x0000002B,func,fn_1067150D
0x10671538,0x0000002B,func,fn_10671538
0x10671563,0x000000C5,func,fn_10671563
0x10671628,0x000000CB,func,fn_10671628
0x106716F3,0x000000BA,func,fn_106716F3
0x106717AD,0x00000332,func,fn_106717AD
0x10671ADF,0x0000002A,func,fn_10671ADF
0x10671B09,0x00000094,func,fn_10671B09
0x10671B9D,0x0000001C,func,fn_10671B9D
0x10671BB9,0x00000142,func,fn_10671BB9
0x10671CFB,0x00000034,func,fn_10671CFB
0x10671D2F,0x00000085,func,fn_10671D2F
0x10671DB4,0x00000052,func,fn_10671DB4
0x10671E06,0x0000006C,func,fn_10671E06
0x10671E72,0x00000084,func,fn_10671E72
0x10671EF6,0x0000007D,func,fn_10671EF6
0x10671F73,0x0000008D,func,fn_10671F73
0x10672020,0x00000022,func,fn_10672020
0x10672042,0x00000075,func,fn_10672042
0x106720B7,0x00000028,func,fn_106720B7
0x106720DF,0x000000F1,func,fn_106720DF
0x106721D0,0x0000000A,func,fn_106721D0
0x1067224F,0x00000083,func,fn_1067224F
0x106722D2,0x000001A3,func,fn_106722D2
0x10672475,0x0000009D,func,fn_10672475
0x10672512,0x000000A7,func,fn_10672512
0x106725B9,0x0000013C,func,fn_106725B9
0x106726F5,0x000000D8,func,fn_106726F5
0x106727CD,0x0000015F,func,fn_106727CD
0x1067292C,0x0000006C,func,fn_1067292C
0x10672998,0x0000003B,func,fn_10672998
0x106729D3,0x00000139,func,fn_106729D3
0x10672B0C,0x0000005B,func,fn_10672B0C
0x10672B67,0x0000008A,func,fn_10672B67
0x10672BF1,0x00000023,func,fn_10672BF1
0x10672C14,0x0000004E,func,fn_10672C14
0x10672C62,0x00000118,func,fn_10672C62
0x10672D7A,0x00000048,func,fn_10672D7A
0x10672DC2,0x0000011B,func,fn_10672DC2
0x10672EDD,0x000000D1,func,fn_10672EDD
0x10672FAE,0x00000068,func,fn_10672FAE
0x10673016,0x00000033,func,fn_10673016
0x10673049,0x0000006A,func,fn_10673049
0x106730B3,0x00000053,func,fn_106730B3
0x10673106,0x00000051,func,fn_10673106
0x10673157,0x00000057,func,fn_10673157
0x106731AE,0x00000070,func,fn_106731AE
0x1067321E,0x0000014F,func,fn_1067321E
0x1067336D,0x000000D3,func,fn_1067336D
0x1067347C,0x00000046,func,fn_1067347C
0x106734C2,0x00000026,func,fn_106734C2
0x106734E8,0x0000007C,func,fn_106734E8
0x10673564,0x00000229,func,fn_10673564
0x1067378D,0x000000CE,func,fn_1067378D
0x1067385B,0x00000049,func,fn_1067385B
0x106738A4,0x000000FA,func,fn_106738A4
0x1067399E,0x00000128,func,fn_1067399E
0x10673BBA,0x000002B8,func,fn_10673BBA
0x10673E72,0x0000001E,func,fn_10673E72
0x10673F52,0x00000035,func,fn_10673F52
0x10673F87,0x00000025,func,fn_10673F87
0x10673FAC,0x00000021,func,fn_10673FAC
0x10673FCD,0x00000021,func,fn_10673FCD
0x10673FEE,0x00000029,func,fn_10673FEE
0x10674017,0x00000027,func,fn_10674017
0x1067403E,0x00000037,func,fn_1067403E
0x10674075,0x000001C3,func,fn_10674075
0x10674238,0x00000068,func,fn_10674238
0x106742A0,0x0000019C,func,fn_106742A0
0x1067443C,0x00000062,func,fn_1067443C
0x1067449E,0x000000BD,func,fn_1067449E
0x1067455B,0x0000004C,func,fn_1067455B
0x106745A7,0x0000008C,func,fn_106745A7
0x10674633,0x00000022,func,fn_10674633
0x1067477B,0x0000005A,func,fn_1067477B
0x10674831,0x00000098,func,fn_10674831
0x106748C9,0x000001FC,func,fn_106748C9
0x10674AC5,0x00000209,func,fn_10674AC5
0x10674CCE,0x0000044F,func,fn_10674CCE
0x1067511D,0x0000017F,func,fn_1067511D
0x1067529C,0x000000A4,func,fn_1067529C
0x10675340,0x000001DC,func,fn_10675340
0x1067551C,0x00000328,func,fn_1067551C
0x10675844,0x0000002B,func,fn_10675844
0x10675B24,0x0000004F,func,fn_10675B24
0x10675B73,0x0000005A,func,fn_10675B73
0x10675BCD,0x0000011F,func,fn_10675BCD
0x10675CEC,0x000001B7,func,fn_10675CEC
0x10675EA3,0x00000184,func,fn_10675EA3
0x10676027,0x0000009E,func,fn_10676027
0x106760C5,0x0000064C,func,fn_106760C5
0x10676711,0x0000005D,func,fn_10676711
0x1067676E,0x0000006B,func,fn_1067676E
0x106767D9,0x0000002B,func,fn_106767D9
0x106768B3,0x0000003B,func,fn_106768B3
0x106768EE,0x000001EA,func,fn_106768EE
0x10676AD8,0x000000F6,func,fn_10676AD8
0x10676D05,0x00000124,func,fn_10676D05
0x10676E29,0x00000212,func,fn_10676E29
0x1067703B,0x0000009C,func,fn_1067703B
0x106770D7,0x000001CA,func,fn_106770D7
0x106773E4,0x000000D3,func,fn_106773E4
0x106774B7,0x00000613,func,fn_106774B7
0x10677ACA,0x000000FC,func,fn_10677ACA
0x10677BC6,0x00000081,func,fn_10677BC6
0x10677C47,0x00000084,func,fn_10677C47
0x10677CCB,0x00000094,func,fn_10677CCB
0x10677D5F,0x000000A3,func,fn_10677D5F
0x10677E02,0x00000392,func,fn_10677E02
0x10678194,0x00000085,func,fn_10678194
0x10678219,0x00000070,func,fn_10678219
0x10678289,0x00000037,func,fn_10678289
0x106782C0,0x00000111,func,fn_106782C0
0x106783D1,0x00000242,func,fn_106783D1
0x10678613,0x00000C9E,func,fn_10678613
0x106792E1,0x0000003D,func,fn_106792E1
0x10679330,0x00000075,func,fn_10679330
0x106793A5,0x0000014D,func,fn_106793A5
0x106794F2,0x0000002A,func,fn_106794F2
0x1067951C,0x0000006C,func,fn_1067951C
0x10679588,0x0000000D,func,fn_10679588
0x10679595,0x000000DB,func,fn_10679595
0x106796CF,0x000000D8,func,fn_106796CF
0x106797A7,0x000000AB,func,fn_106797A7
0x10679852,0x00000055,func,fn_10679852
0x106798A7,0x0000005E,func,fn_106798A7
0x1067993C,0x0000006B,func,fn_1067993C
0x106799A7,0x00000065,func,fn_106799A7
0x10679A0C,0x00000022,func,fn_10679A0C
0x10679A2E,0x00000025,func,fn_10679A2E
0x10679A53,0x00000027,func,fn_10679A53
0x10679A7A,0x00000020,func,fn_10679A7A
0x10679A9A,0x000000F4,func,fn_10679A9A
0x10679B8E,0x00000056,func,fn_10679B8E
0x10679BE4,0x00000040,func,fn_10679BE4
0x10679C24,0x0000002A,func,fn_10679C24
0x10679C4E,0x0000002C,func,fn_10679C4E
0x10679C7A,0x00000015,func,fn_10679C7A
0x10679C8F,0x00000015,func,fn_10679C8F
0x10679CA4,0x0000005C,func,fn_10679CA4
0x10679D00,0x00000042,func,fn_10679D00
0x10679D42,0x000000B9,func,fn_10679D42
0x10679DFB,0x00000032,func,fn_10679DFB
0x10679E2D,0x0000002F,func,fn_10679E2D
0x10679E5C,0x00000080,func,fn_10679E5C
0x10679EDC,0x00000272,func,fn_10679EDC
0x1067A14E,0x000004C2,func,fn_1067A14E
0x1067A610,0x0000006C,func,fn_1067A610
0x1067A67C,0x00000C92,func,fn_1067A67C
0x1067B30E,0x000000D3,func,fn_1067B30E
0x1067B41A,0x000000C0,func,fn_1067B41A
0x1067B4DA,0x000003A4,func,fn_1067B4DA
0x1067B87E,0x00000085,func,fn_1067B87E
0x1067B903,0x00000009,func,fn_1067B903
0x1067B90D,0x00000049,func,fn_1067B90D
0x1067B956,0x00000058,func,fn_1067B956
0x1067B9AE,0x00001024,func,fn_1067B9AE
0x1067CAE3,0x00000025,func,fn_1067CAE3
0x1067CB08,0x0000004E,func,fn_1067CB08
0x1067CB56,0x0000020A,func,fn_1067CB56
0x1067CD60,0x0000010B,func,fn_1067CD60
0x1067CE6B,0x0000000B,func,fn_1067CE6B
0x1067CE76,0x00000023,func,fn_1067CE76
0x1067CE9A,0x00000015,func,fn_1067CE9A
0x1067CEB0,0x00000048,func,fn_1067CEB0
0x1067CEF8,0x00000014,func,fn_1067CEF8
0x1067CF0C,0x00000058,func,fn_1067CF0C
0x1067CF70,0x00000045,func,fn_1067CF70
0x1067CFB5,0x00000014,func,fn_1067CFB5
0x1067CFC9,0x00000025,func,fn_1067CFC9
0x1067CFF0,0x0000002B,func,fn_1067CFF0
0x1067D020,0x000000AA,func,fn_1067D020
0x1067D0D0,0x00000034,func,fn_1067D0D0
0x1067D110,0x00000095,func,fn_1067D110
0x1067D1A6,0x00000006,func,fn_1067D1A6
0x1067D1B0,0x0000001F,func,fn_1067D1B0
0x1067D1D0,0x0000001F,func,fn_1067D1D0
0x1067D1F0,0x00000021,func,fn_1067D1F0
0x1067D220,0x000000B2,func,fn_1067D220
0x1067D2E0,0x00000075,func,fn_1067D2E0
0x1067D360,0x00000068,func,fn_1067D360
0x1067D3D0,0x00000016,func,fn_1067D3D0
0x1067D400,0x000000AB,func,fn_1067D400
0x1067D4AC,0x00000006,func,fn_1067D4AC
0x1067D4C0,0x00000048,func,fn_1067D4C0
0x1067D508,0x0000000F,func,fn_1067D508
0x1067D518,0x0000009E,func,fn_1067D518
0x1067D5B6,0x00000009,func,fn_1067D5B6
0x1067D5BF,0x00000017,func,fn_1067D5BF
0x1067D5E2,0x00000026,func,fn_1067D5E2
0x1067D608,0x00000026,func,fn_1067D608
0x1067D630,0x00000035,func,fn_1067D630
0x1067D670,0x00000044,func,fn_1067D670
0x1067D6C0,0x000000BC,func,fn_1067D6C0
0x1067D77C,0x000000B3,func,fn_1067D77C
0x1067D82F,0x00000106,func,fn_1067D82F
0x1067D935,0x0000005E,func,fn_1067D935
0x1067D993,0x0000004B,func,fn_1067D993
0x1067D9DE,0x00000018,func,fn_1067D9DE
0x1067D9F6,0x00000016,func,fn_1067D9F6
0x1067DA0C,0x00000049,func,fn_1067DA0C
0x1067DA55,0x00000025,func,fn_1067DA55
0x1067DA92,0x00000040,func,fn_1067DA92
0x1067DAD2,0x00000039,func,fn_1067DAD2
0x1067E3B9,0x00000058,func,fn_1067E3B9
0x1067E411,0x00000058,func,fn_1067E411
0x1067E469,0x00000058,func,fn_1067E469
0x1067E4C1,0x00000058,func,fn_1067E4C1
0x1067E519,0x00000058,func,fn_1067E519
0x1067E571,0x00000058,func,fn_1067E571
0x1067E71C,0x0000000F,func,fn_1067E71C
0x1067E7F2,0x000013BF,func,fn_1067E7F2
0x10680021,0x00000015,func,fn_10680021
0x105014EC,0x00000008,data,str_105014EC
0x105014F4,0x0000000D,data,str_105014F4
0x10501504,0x00000005,data,str_10501504
0x1050150C,0x00000008,data,str_1050150C
0x10501514,0x00000006,data,str_10501514
0x1050151C,0x0000000B,data,str_1050151C
0x10501528,0x00000007,data,str_10501528
0x10501530,0x00000006,data,str_10501530
0x10501538,0x0000000A,data,str_10501538
0x10501544,0x00000008,data,str_10501544
0x1050154C,0x0000000F,data,str_1050154C
0x1050155C,0x0000000C,data,str_1050155C
0x10501568,0x00000007,data,str_10501568
0x10501570,0x00000043,data,str_10501570
0x105015B4,0x00000013,data,str_105015B4
0x105015C8,0x0000000E,data,str_105015C8
0x105015D8,0x00000008,data,str_105015D8
0x105015E0,0x0000000A,data,str_105015E0
0x105015EC,0x00000007,data,str_105015EC
0x105015F4,0x0000000B,data,str_105015F4
0x10501600,0x00000010,data,str_10501600
0x10501610,0x00000008,data,str_10501610
0x10501618,0x00000010,data,str_10501618
0x10501628,0x00000006,data,str_10501628
0x10501630,0x00000007,data,str_10501630
0x10501638,0x00000009,data,str_10501638
0x10501644,0x0000001B,data,str_10501644
0x10501660,0x00000013,data,str_10501660
0x10501674,0x00000012,data,str_10501674
0x10501688,0x0000001C,data,str_10501688
0x105016A4,0x00000008,data,str_105016A4
0x105016AC,0x0000000C,data,str_105016AC
0x105016B8,0x0000000F,data,str_105016B8
0x105016C8,0x00000010,data,str_105016C8
0x105016D8,0x00000010,data,str_105016D8
0x105016E8,0x00000012,data,str_105016E8
0x105016FC,0x00000012,data,str_105016FC
0x10501710,0x00000008,data,str_10501710
0x10501718,0x00000008,data,str_10501718
0x10501720,0x0000000B,data,str_10501720
0x1050172C,0x0000000F,data,str_1050172C
0x1050173C,0x0000000A,data,str_1050173C
0x10501748,0x00000009,data,str_10501748
0x10501754,0x0000000D,data,str_10501754
0x10501764,0x00000013,data,str_10501764
0x10501778,0x0000000E,data,str_10501778
0x10501788,0x0000000D,data,str_10501788
0x10501798,0x0000000F,data,str_10501798
0x105017A8,0x0000000C,data,str_105017A8
0x105017B4,0x0000000F,data,str_105017B4
0x105017C4,0x0000000C,data,str_105017C4
0x105017D0,0x0000000D,data,str_105017D0
0x105017E0,0x00000010,data,str_105017E0
0x105017F0,0x0000000B,data,str_105017F0
0x105017FC,0x0000000C,data,str_105017FC
0x10501808,0x0000000E,data,str_10501808
0x10501818,0x00000010,data,str_10501818
0x10501828,0x00000010,data,str_10501828
0x10501838,0x00000016,data,str_10501838
0x10501850,0x00000019,data,str_10501850
0x1050186C,0x0000000C,data,str_1050186C
0x10501878,0x00000011,data,str_10501878
0x1050188C,0x00000013,data,str_1050188C
0x105018A0,0x00000014,data,str_105018A0
0x105018B4,0x00000014,data,str_105018B4
0x105018C8,0x00000016,data,str_105018C8
0x105018E0,0x00000016,data,str_105018E0
0x105018F8,0x0000000D,data,str_105018F8
0x10501908,0x0000000D,data,str_10501908
0x10501918,0x00000010,data,str_10501918
0x10501928,0x00000013,data,str_10501928
0x1050193C,0x0000000E,data,str_1050193C
0x1050194C,0x0000000A,data,str_1050194C
0x10501AA4,0x00000014,data,str_10501AA4
0x10501AB8,0x00000005,data,str_10501AB8
0x10501AC0,0x00000006,data,str_10501AC0
0x10501AC8,0x00000013,data,str_10501AC8
0x10501ADC,0x00000007,data,str_10501ADC
0x10501AE4,0x0000000A,data,str_10501AE4
0x10501AF0,0x00000007,data,str_10501AF0
0x10501AF8,0x0000000D,data,str_10501AF8
0x10501B14,0x0000001C,data,str_10501B14
0x10501B30,0x00000007,data,str_10501B30
0x10501B40,0x00000018,data,str_10501B40
0x10501B58,0x0000000B,data,str_10501B58
0x10501B68,0x00000004,data,str_10501B68
0x10501B70,0x00000005,data,str_10501B70
0x10501B7C,0x00000004,data,str_10501B7C
0x10501C20,0x00000006,data,str_10501C20
0x10501C28,0x00000019,data,str_10501C28
0x10501C44,0x0000000C,data,str_10501C44
0x10501C50,0x0000000E,data,str_10501C50
0x10501CA8,0x00000004,data,str_10501CA8
0x10501CAC,0x00000007,data,str_10501CAC
0x10501CB4,0x00000031,data,str_10501CB4
0x10501D80,0x00000013,data,str_10501D80
0x10501DA4,0x0000000A,data,str_10501DA4
0x10501DB0,0x00000030,data,str_10501DB0
0x10501DE0,0x0000000A,data,str_10501DE0
0x10501DFC,0x00000005,data,str_10501DFC
0x10501E04,0x00000004,data,str_10501E04
0x10501E20,0x00000008,data,str_10501E20
0x10501E28,0x0000000B,data,str_10501E28
0x10501E34,0x00000007,data,str_10501E34
0x10501E4C,0x00000008,data,str_10501E4C
0x10501E54,0x0000000E,data,str_10501E54
0x10501E64,0x00000008,data,str_10501E64
0x10501E70,0x00000008,data,str_10501E70
0x10501E78,0x00000007,data,str_10501E78
0x10501E84,0x00000006,data,str_10501E84
0x10501E8C,0x00000006,data,str_10501E8C
0x10501E94,0x00000008,data,str_10501E94
0x10501E9C,0x00000004,data,str_10501E9C
0x10501EA0,0x0000000C,data,str_10501EA0
0x10501EC4,0x00000009,data,str_10501EC4
0x10501F18,0x0000000D,data,str_10501F18
0x10501F28,0x00000010,data,str_10501F28
0x10501F38,0x00000009,data,str_10501F38
0x10501F60,0x00000006,data,str_10501F60
0x10501F68,0x0000000B,data,str_10501F68
0x10501F78,0x00000005,data,str_10501F78
0x10501F80,0x00000004,data,str_10501F80
0x10501F88,0x00000009,data,str_10501F88
0x10501F98,0x00000010,data,str_10501F98
0x10501FB4,0x00000007,data,str_10501FB4
0x10501FBC,0x00000008,data,str_10501FBC
0x10501FF4,0x0000000B,data,str_10501FF4
0x10502024,0x00000009,data,str_10502024
0x1050203E,0x00000008,data,str_1050203E
0x105022E0,0x00000005,data,str_105022E0
0x105022E8,0x00000032,data,str_105022E8
0x1050231C,0x0000000B,data,str_1050231C
0x10502328,0x00000006,data,str_10502328
0x10502330,0x00000033,data,str_10502330
0x10502364,0x00000009,data,str_10502364
0x10502370,0x00000030,data,str_10502370
0x105023A0,0x00000010,data,str_105023A0
0x105023B0,0x0000001A,data,str_105023B0
0x105023CC,0x00000015,data,str_105023CC
0x105023E4,0x0000001F,data,str_105023E4
0x10502404,0x0000001C,data,str_10502404
0x10502430,0x00000012,data,str_10502430
0x10502444,0x0000002F,data,str_10502444
0x10502474,0x00000011,data,str_10502474
0x1050248C,0x0000000A,data,str_1050248C
0x10502498,0x0000000C,data,str_10502498
0x105024A4,0x00000009,data,str_105024A4
0x105024B0,0x00000033,data,str_105024B0
0x105024E4,0x00000016,data,str_105024E4
0x105024FC,0x00000010,data,str_105024FC
0x1050250C,0x00000037,data,str_1050250C
0x10502544,0x00000031,data,str_10502544
0x10502578,0x0000000A,data,str_10502578
0x10502584,0x0000000D,data,str_10502584
0x105025C5,0x00000007,data,str_105025C5
0x105025CC,0x00000006,data,str_105025CC
0x105025E3,0x00000012,data,str_105025E3
0x1050260A,0x00000007,data,str_1050260A
0x10502614,0x0000000C,data,str_10502614
0x10502620,0x00000005,data,str_10502620
0x10502644,0x0000001B,data,str_10502644
0x10502660,0x00000005,data,str_10502660
0x10502668,0x00000005,data,str_10502668
0x105026B9,0x0000000C,data,str_105026B9
0x105026C8,0x00000006,data,str_105026C8
0x105026D0,0x00000005,data,str_105026D0
0x105026D8,0x0000000A,data,str_105026D8
0x105026E4,0x00000008,data,str_105026E4
0x105026EC,0x0000000B,data,str_105026EC
0x105026F8,0x00000009,data,str_105026F8
0x10502704,0x00000008,data,str_10502704
0x1050270C,0x00000005,data,str_1050270C
0x10502714,0x00000005,data,str_10502714
0x1050271C,0x0000000B,data,str_1050271C
0x10503E6A,0x00000008,data,wstr_10503E6A
0x10503ECC,0x00000008,data,wstr_10503ECC
0x10503EEC,0x0000000C,data,wstr_10503EEC
0x10504460,0x00000008,data,wstr_10504460
0x105044DA,0x0000000A,data,wstr_105044DA
0x105045BE,0x00000008,data,wstr_105045BE
0x10504608,0x0000000A,data,wstr_10504608
0x10504738,0x0000000A,data,wstr_10504738
0x1050480A,0x00000008,data,wstr_1050480A
0x1050481C,0x00000008,data,wstr_1050481C
0x1050483E,0x0000000C,data,wstr_1050483E
0x10504888,0x00000008,data,wstr_10504888
0x10504894,0x0000000A,data,wstr_10504894
0x105048AC,0x0000000C,data,wstr_105048AC
0x10504912,0x00000008,data,wstr_10504912
0x10504922,0x0000000A,data,wstr_10504922
0x1050493A,0x00000008,data,wstr_1050493A
0x10504946,0x0000000C,data,wstr_10504946
0x10504990,0x00000008,data,wstr_10504990
0x1050499C,0x0000000A,data,wstr_1050499C
0x105049B4,0x0000000C,data,wstr_105049B4
0x10504A2A,0x0000000A,data,wstr_10504A2A
0x10504A8C,0x00000008,data,wstr_10504A8C
0x10504ABC,0x0000000A,data,wstr_10504ABC
0x10504AE8,0x00000008,data,wstr_10504AE8
0x10504B08,0x00000008,data,wstr_10504B08
0x10504B2E,0x00000008,data,wstr_10504B2E
0x10504BC4,0x0000000A,data,wstr_10504BC4
0x10504BEE,0x0000000A,data,wstr_10504BEE
0x10504BFE,0x0000000A,data,wstr_10504BFE
0x10504C0C,0x00000008,data,wstr_10504C0C
0x10504C3E,0x00000008,data,wstr_10504C3E
0x10504C68,0x00000008,data,wstr_10504C68
0x10504CD6,0x00000008,data,wstr_10504CD6
0x10504D14,0x00000008,data,wstr_10504D14
0x10504D80,0x0000000A,data,wstr_10504D80
0x10505A50,0x00000008,data,wstr_10505A50
0x10505A66,0x00000008,data,wstr_10505A66
0x10505AC4,0x0000000A,data,wstr_10505AC4
0x10505AD4,0x00000008,data,wstr_10505AD4
0x10505AE6,0x0000000A,data,wstr_10505AE6
0x10505B12,0x00000008,data,wstr_10505B12
0x10505B2E,0x00000008,data,wstr_10505B2E
0x10505B38,0x00000008,data,wstr_10505B38
0x10505B6E,0x00000008,data,wstr_10505B6E
0x10505B9A,0x00000008,data,wstr_10505B9A
0x10505BA2,0x00000008,data,wstr_10505BA2
0x10505BDC,0x00000008,data,wstr_10505BDC
0x10505C08,0x00000008,data,wstr_10505C08
0x10505C1A,0x00000008,data,wstr_10505C1A
0x10505C34,0x00000008,data,wstr_10505C34
0x10505C46,0x00000008,data,wstr_10505C46
0x10505C62,0x00000008,data,wstr_10505C62
0x10505C6C,0x00000008,data,wstr_10505C6C
0x10505CA2,0x00000008,data,wstr_10505CA2
0x10505CCE,0x00000008,data,wstr_10505CCE
0x10505CD6,0x00000008,data,wstr_10505CD6
0x10505CF4,0x00000008,data,wstr_10505CF4
0x10505D10,0x00000008,data,wstr_10505D10
0x10508612,0x0000000E,data,wstr_10508612
0x10508D60,0x00000008,data,wstr_10508D60
0x10509554,0x0000000D,data,str_10509554
0x10509564,0x00000032,data,str_10509564
0x10509598,0x00000014,data,str_10509598
0x105095AC,0x00000009,data,str_105095AC
0x105095B8,0x0000000C,data,str_105095B8
0x105095C8,0x00000009,data,str_105095C8
0x105095D4,0x0000000A,data,str_105095D4
0x105095E0,0x00000016,data,str_105095E0
0x10509668,0x00000032,data,str_10509668
0x1050969C,0x00000030,data,str_1050969C
0x105096CC,0x00000007,data,str_105096CC
0x105096E0,0x00000009,data,str_105096E0
0x105096EC,0x00000009,data,str_105096EC
0x105096F8,0x00000006,data,str_105096F8
0x10509700,0x00000013,data,str_10509700
0x10509714,0x00000006,data,str_10509714
0x1050971C,0x0000000F,data,str_1050971C
0x1050972C,0x00000007,data,str_1050972C
0x10509734,0x00000006,data,str_10509734
0x1050973C,0x00000014,data,str_1050973C
0x10509750,0x00000007,data,str_10509750
0x10509758,0x0000000B,data,str_10509758
0x10509764,0x00000006,data,str_10509764
0x1050976C,0x00000016,data,str_1050976C
0x10509784,0x0000001E,data,str_10509784
0x105097A4,0x00000014,data,str_105097A4
0x105097B8,0x00000019,data,str_105097B8
0x105097D4,0x00000020,data,str_105097D4
0x105097F8,0x0000000D,data,str_105097F8
0x10509808,0x0000000C,data,str_10509808
0x10509814,0x0000000A,data,str_10509814
0x10509848,0x00000009,data,str_10509848
0x10509854,0x0000000C,data,str_10509854
0x10509860,0x0000000B,data,str_10509860
0x1050986C,0x0000000C,data,str_1050986C
0x10509878,0x0000000B,data,str_10509878
0x10509884,0x00000008,data,str_10509884
0x10509894,0x00000007,data,str_10509894
0x1050989C,0x00000005,data,str_1050989C
0x105098A4,0x00000005,data,str_105098A4
0x105098AC,0x00000005,data,str_105098AC
0x105098B4,0x00000006,data,str_105098B4
0x105098BC,0x00000004,data,str_105098BC
0x105098C0,0x00000005,data,str_105098C0
0x105098C8,0x0000000A,data,str_105098C8
0x105098D4,0x00000008,data,str_105098D4
0x105098DC,0x00000008,data,str_105098DC
0x105098E4,0x00000008,data,str_105098E4
0x105098EC,0x0000000A,data,str_105098EC
0x105098F8,0x00000005,data,str_105098F8
0x10509900,0x00000007,data,str_10509900
0x10509908,0x00000004,data,str_10509908
0x1050990C,0x00000006,data,str_1050990C
0x10509914,0x00000008,data,str_10509914
0x1050991C,0x00000004,data,str_1050991C
0x10509920,0x00000009,data,str_10509920
0x1050992C,0x00000016,data,str_1050992C
0x10509944,0x00000010,data,str_10509944
0x10509954,0x0000001B,data,str_10509954
0x10509970,0x0000001B,data,str_10509970
0x1050998C,0x00000017,data,str_1050998C
0x105099A4,0x0000001A,data,str_105099A4
0x10509C54,0x0000001C,data,str_10509C54
0x10509C70,0x0000000F,data,str_10509C70
0x1050BF38,0x0000000F,data,str_1050BF38
0x1050BF48,0x00000008,data,str_1050BF48
0x1050BF50,0x0000000B,data,str_1050BF50
0x1050BF5C,0x0000002A,data,str_1050BF5C
0x1050BFBC,0x00000007,data,str_1050BFBC
0x1050BFC4,0x00000013,data,str_1050BFC4
0x1050BFD8,0x00000008,data,str_1050BFD8
0x1050BFE0,0x0000000A,data,str_1050BFE0
0x1050BFEC,0x00000006,data,str_1050BFEC
0x1050BFF4,0x00000005,data,str_1050BFF4
0x1050BFFC,0x00000013,data,str_1050BFFC
0x1050C010,0x00000008,data,str_1050C010
0x1050C018,0x00000010,data,str_1050C018
0x1050C028,0x0000000B,data,str_1050C028
0x1050C034,0x00000006,data,str_1050C034
0x1050C03C,0x00000005,data,str_1050C03C
0x1050C044,0x0000000C,data,str_1050C044
0x1050C050,0x00000014,data,str_1050C050
0x1050C064,0x00000009,data,str_1050C064
0x1050C070,0x00000008,data,str_1050C070
0x1050C078,0x00000008,data,str_1050C078
0x1050C080,0x00000009,data,str_1050C080
0x1050C08C,0x00000010,data,str_1050C08C
0x1050C09C,0x00000009,data,str_1050C09C
0x1050C0A8,0x00000012,data,str_1050C0A8
0x1050C0BC,0x0000000C,data,str_1050C0BC
0x1050C0C8,0x00000013,data,str_1050C0C8
0x1050C0DC,0x00000008,data,str_1050C0DC
0x1050C0E4,0x0000000A,data,str_1050C0E4
0x1050C0F0,0x00000006,data,str_1050C0F0
0x1050C0F8,0x00000005,data,str_1050C0F8
0x1050C100,0x0000000D,data,str_1050C100
0x1050C110,0x0000000F,data,str_1050C110
0x1050C120,0x00000011,data,str_1050C120
0x1050C134,0x00000009,data,str_1050C134
0x1050C140,0x00000008,data,str_1050C140
0x1050C148,0x0000000B,data,str_1050C148
0x1050C154,0x0000000D,data,str_1050C154
0x1050C164,0x00000012,data,str_1050C164
0x1050C178,0x0000000C,data,str_1050C178
0x1050C184,0x0000000E,data,str_1050C184
0x1050C194,0x00000014,data,str_1050C194
0x1050C1A8,0x00000009,data,str_1050C1A8
0x1050C1B4,0x0000000E,data,str_1050C1B4
0x1050C1C4,0x0000000C,data,str_1050C1C4
0x1050C1D0,0x00000013,data,str_1050C1D0
0x1050C1E4,0x00000007,data,str_1050C1E4
0x1050C1EC,0x00000006,data,str_1050C1EC
0x1050C1F4,0x0000000D,data,str_1050C1F4
0x1050C204,0x0000000B,data,str_1050C204
0x1050C210,0x00000012,data,str_1050C210
0x1050C224,0x00000013,data,str_1050C224
0x1050C238,0x00000008,data,str_1050C238
0x1050C240,0x00000009,data,str_1050C240
0x1050C24C,0x0000000C,data,str_1050C24C
0x1050C258,0x00000015,data,str_1050C258
0x1050C270,0x00000006,data,str_1050C270
0x1050C278,0x00000005,data,str_1050C278
0x1050C280,0x0000000F,data,str_1050C280
0x1050C290,0x00000011,data,str_1050C290
0x1050C2A4,0x0000000C,data,str_1050C2A4
0x1050C2B0,0x00000007,data,str_1050C2B0
0x1050C2B8,0x00000006,data,str_1050C2B8
0x1050C2C0,0x00000011,data,str_1050C2C0
0x1050C2D4,0x0000000B,data,str_1050C2D4
0x1050C2E0,0x0000000E,data,str_1050C2E0
0x1050C2F0,0x00000016,data,str_1050C2F0
0x1050C308,0x0000000B,data,str_1050C308
0x1050C314,0x0000000C,data,str_1050C314
0x1050C320,0x00000009,data,str_1050C320
0x1050C32C,0x00000008,data,str_1050C32C
0x1050C334,0x00000008,data,str_1050C334
0x1050C33C,0x00000015,data,str_1050C33C
0x1050C354,0x0000000A,data,str_1050C354
0x1050C360,0x00000009,data,str_1050C360
0x1050C36C,0x00000008,data,str_1050C36C
0x1050C374,0x00000007,data,str_1050C374
0x1050C37C,0x00000008,data,str_1050C37C
0x1050C384,0x00000013,data,str_1050C384
0x1050C398,0x00000008,data,str_1050C398
0x1050C3A0,0x00000007,data,str_1050C3A0
0x1050C3A8,0x00000006,data,str_1050C3A8
0x1050C3B0,0x00000005,data,str_1050C3B0
0x1050C3B8,0x00000006,data,str_1050C3B8
0x1050C3C4,0x00000018,data,str_1050C3C4
0x1050C3DC,0x0000000D,data,str_1050C3DC
0x1050C3EC,0x0000000C,data,str_1050C3EC
0x1050C3F8,0x0000000B,data,str_1050C3F8
0x1050C404,0x0000000A,data,str_1050C404
0x1050C410,0x0000000B,data,str_1050C410
0x1050C41C,0x00000008,data,str_1050C41C
0x1050C424,0x00000015,data,str_1050C424
0x1050C43C,0x0000000A,data,str_1050C43C
0x1050C448,0x00000011,data,str_1050C448
0x1050C45C,0x00000008,data,str_1050C45C
0x1050C464,0x00000007,data,str_1050C464
0x1050C46C,0x00000010,data,str_1050C46C
0x1050C47C,0x00000015,data,str_1050C47C
0x1050C494,0x0000000A,data,str_1050C494
0x1050C4A0,0x00000009,data,str_1050C4A0
0x1050C4AC,0x00000008,data,str_1050C4AC
0x1050C4B4,0x00000007,data,str_1050C4B4
0x1050C4BC,0x00000008,data,str_1050C4BC
0x1050C4C4,0x00000008,data,str_1050C4C4
0x1050C4CC,0x0000000B,data,str_1050C4CC
0x1050C4D8,0x0000000F,data,str_1050C4D8
0x1050C4E8,0x00000008,data,str_1050C4E8
0x1050C4F0,0x0000000E,data,str_1050C4F0
0x1050C500,0x0000000A,data,str_1050C500
0x1050C510,0x00000008,data,str_1050C510
0x1050C51C,0x0000000A,data,str_1050C51C
0x1050C528,0x00000009,data,str_1050C528
0x1050C534,0x00000009,data,str_1050C534
0x1050C540,0x00000013,data,str_1050C540
0x1050C554,0x00000008,data,str_1050C554
0x1050C55C,0x00000007,data,str_1050C55C
0x1050C564,0x00000009,data,str_1050C564
0x1050C570,0x00000006,data,str_1050C570
0x1050C578,0x00000005,data,str_1050C578
0x1050C580,0x00000006,data,str_1050C580
0x1050C588,0x00000008,data,str_1050C588
0x1050C590,0x00000019,data,str_1050C590
0x1050C5AC,0x0000000E,data,str_1050C5AC
0x1050C5BC,0x0000000F,data,str_1050C5BC
0x1050C5CC,0x0000000C,data,str_1050C5CC
0x1050C5D8,0x0000000B,data,str_1050C5D8
0x1050C5E4,0x0000000E,data,str_1050C5E4
0x1050C5F4,0x00000018,data,str_1050C5F4
0x1050C60C,0x0000000D,data,str_1050C60C
0x1050C61C,0x0000000E,data,str_1050C61C
0x1050C62C,0x0000000B,data,str_1050C62C
0x1050C638,0x0000000A,data,str_1050C638
0x1050C644,0x0000000D,data,str_1050C644
0x1050C654,0x00000018,data,str_1050C654
0x1050C66C,0x0000000D,data,str_1050C66C
0x1050C67C,0x0000000C,data,str_1050C67C
0x1050C688,0x0000000B,data,str_1050C688
0x1050C694,0x0000000B,data,str_1050C694
0x1050C6A0,0x00000009,data,str_1050C6A0
0x1050C6AC,0x0000000A,data,str_1050C6AC
0x1050C6B8,0x00000005,data,str_1050C6B8
0x1050C6C0,0x0000000D,data,str_1050C6C0
0x1050C6D0,0x00000006,data,str_1050C6D0
0x1050C6D8,0x00000009,data,str_1050C6D8
0x1050C6E4,0x00000007,data,str_1050C6E4
0x1050C6EC,0x0000000B,data,str_1050C6EC
0x1050C6F8,0x00000005,data,str_1050C6F8
0x1050C700,0x00000006,data,str_1050C700
0x1050C708,0x0000000D,data,str_1050C708
0x1050C834,0x00000004,data,str_1050C834
0x1050C8AC,0x00000006,data,str_1050C8AC
0x1050C8B4,0x00000008,data,str_1050C8B4
0x1050CECC,0x00000023,data,str_1050CECC
0x1050D1A4,0x00000007,data,str_1050D1A4
0x1050D210,0x00000004,data,str_1050D210
0x1050D810,0x0000001E,data,str_1050D810
0x1050D830,0x00000023,data,str_1050D830
0x1050D854,0x0000000F,data,str_1050D854
0x1050DA74,0x0000000D,data,str_1050DA74
0x1050DC9C,0x00000005,data,str_1050DC9C
0x1050DCA4,0x00000022,data,str_1050DCA4
0x1050DCD0,0x00000008,data,str_1050DCD0
0x1050DCD8,0x00000006,data,str_1050DCD8
0x1050DCE0,0x00000025,data,str_1050DCE0
0x1050E88C,0x00000011,data,str_1050E88C
0x1050E8EC,0x0000000B,data,str_1050E8EC
0x1050E8F8,0x0000000C,data,str_1050E8F8
0x1050E925,0x00000006,data,str_1050E925
0x1050E92D,0x00000009,data,str_1050E92D
0x1050E955,0x00000025,data,str_1050E955
0x1050E9C0,0x00000030,data,str_1050E9C0
0x1050E9F0,0x0000000D,data,str_1050E9F0
0x1050EA00,0x0000001D,data,str_1050EA00
0x1050EA20,0x00000012,data,str_1050EA20
0x1050EA34,0x00000017,data,str_1050EA34
0x1050EA4C,0x00000016,data,str_1050EA4C
0x1050EA64,0x00000027,data,str_1050EA64
0x1050EA8C,0x00000015,data,str_1050EA8C
0x1050ED20,0x00000008,data,str_1050ED20
0x1050EF64,0x00000005,data,str_1050EF64
0x1050EF6C,0x00000005,data,str_1050EF6C
0x1050F018,0x00000015,data,str_1050F018
0x1050F030,0x00000010,data,str_1050F030
0x1050F138,0x00000005,data,str_1050F138
0x1050F140,0x00000007,data,str_1050F140
0x1050F1C4,0x00000008,data,str_1050F1C4
0x1050F614,0x0000000B,data,str_1050F614
0x1050F620,0x0000000E,data,str_1050F620
0x1050FA28,0x00000006,data,str_1050FA28
0x10511BF0,0x00000004,data,str_10511BF0
0x10511BF4,0x00000004,data,str_10511BF4
0x10512004,0x0000000A,data,str_10512004
0x10512010,0x0000000A,data,str_10512010
0x10512088,0x00000007,data,str_10512088
0x10512300,0x0000001C,data,str_10512300
0x10512488,0x00000007,data,str_10512488
0x10512490,0x00000007,data,str_10512490
0x105124E8,0x00000008,data,str_105124E8
0x1051250C,0x00000004,data,str_1051250C
0x10512510,0x00000009,data,str_10512510
0x1051251C,0x00000009,data,str_1051251C
0x10512528,0x0000000A,data,str_10512528
0x10512534,0x00000007,data,str_10512534
0x10512550,0x00000009,data,str_10512550
0x1051255C,0x00000008,data,str_1051255C
0x10512584,0x0000000E,data,str_10512584
0x10512594,0x0000000C,data,str_10512594
0x105125A0,0x00000008,data,str_105125A0
0x105125A8,0x00000007,data,str_105125A8
0x105125B0,0x00000005,data,str_105125B0
0x10512FD6,0x0000000A,data,wstr_10512FD6
0x10512FF2,0x00000008,data,wstr_10512FF2
0x1051301E,0x00000008,data,wstr_1051301E
0x10513026,0x0000000A,data,wstr_10513026
0x1051305C,0x0000000A,data,wstr_1051305C
0x105130AA,0x0000000A,data,wstr_105130AA
0x1051310A,0x00000008,data,wstr_1051310A
0x10513270,0x0000000A,data,wstr_10513270
0x10513AB2,0x0000000C,data,wstr_10513AB2
0x10513ADE,0x00000008,data,wstr_10513ADE
0x10513B3A,0x00000008,data,wstr_10513B3A
0x10513B66,0x00000008,data,wstr_10513B66
0x10513BA8,0x00000008,data,wstr_10513BA8
0x105143F6,0x0000002A,data,wstr_105143F6
0x10514BC2,0x00000008,data,wstr_10514BC2
0x10514D2C,0x00000008,data,wstr_10514D2C
0x10514E04,0x00000008,data,wstr_10514E04
0x10514E88,0x0000000A,data,wstr_10514E88
0x10514EA6,0x00000008,data,wstr_10514EA6
0x10514EF6,0x0000000C,data,wstr_10514EF6
0x10514F8D,0x00000004,data,str_10514F8D
0x10514F98,0x00000015,data,str_10514F98
0x10514FB4,0x00000004,data,str_10514FB4
0x10514FB8,0x00000004,data,str_10514FB8
0x10514FE4,0x00000005,data,str_10514FE4
0x10514FEC,0x00000004,data,str_10514FEC
0x10514FF0,0x00000005,data,str_10514FF0
0x10514FF8,0x00000005,data,str_10514FF8
0x10515000,0x00000004,data,str_10515000
0x10515004,0x00000006,data,str_10515004
0x1051500C,0x00000005,data,str_1051500C
0x10515014,0x00000006,data,str_10515014
0x1051501C,0x00000005,data,str_1051501C
0x10515024,0x00000005,data,str_10515024
0x1051502C,0x00000004,data,str_1051502C
0x10515030,0x00000005,data,str_10515030
0x10515038,0x00000004,data,str_10515038
0x1051503C,0x00000005,data,str_1051503C
0x10515044,0x00000004,data,str_10515044
0x10515048,0x00000004,data,str_10515048
0x1051504C,0x00000004,data,str_1051504C
0x10515050,0x00000005,data,str_10515050
0x10515058,0x00000004,data,str_10515058
0x1051505C,0x00000005,data,str_1051505C
0x10515064,0x00000004,data,str_10515064
0x10515068,0x00000005,data,str_10515068
0x10515070,0x00000004,data,str_10515070
0x10515074,0x00000005,data,str_10515074
0x1051507C,0x00000004,data,str_1051507C
0x10515080,0x00000004,data,str_10515080
0x10515088,0x00000005,data,str_10515088
0x10515090,0x00000004,data,str_10515090
0x10515094,0x00000004,data,str_10515094
0x10515098,0x00000004,data,str_10515098
0x105150A0,0x00000004,data,str_105150A0
0x105150A4,0x00000004,data,str_105150A4
0x105150A8,0x00000005,data,str_105150A8
0x105150B0,0x00000008,data,str_105150B0
0x105150BC,0x00000006,data,str_105150BC
0x105150C8,0x00000039,data,str_105150C8
0x10515104,0x00000005,data,str_10515104
0x10515184,0x00000005,data,str_10515184
0x105151C9,0x00000007,data,str_105151C9
0x105151EC,0x0000000D,data,str_105151EC
0x105151FC,0x0000000B,data,str_105151FC
0x10515208,0x0000000C,data,str_10515208
0x10515214,0x0000000A,data,str_10515214
0x10515220,0x0000000B,data,str_10515220
0x1051522C,0x00000009,data,str_1051522C
0x10515238,0x0000000A,data,str_10515238
0x10515244,0x00000008,data,str_10515244
0x1051524C,0x0000000B,data,str_1051524C
0x10515258,0x00000009,data,str_10515258
0x10515264,0x0000000A,data,str_10515264
0x10515270,0x00000008,data,str_10515270
0x10515278,0x0000000A,data,str_10515278
0x10515284,0x00000008,data,str_10515284
0x1051528C,0x00000009,data,str_1051528C
0x10515298,0x00000007,data,str_10515298
0x10515410,0x00000009,data,str_10515410
0x10515464,0x0000000A,data,str_10515464
0x10515470,0x00000009,data,str_10515470
0x1051547C,0x00000008,data,str_1051547C
0x10515484,0x0000000D,data,str_10515484
0x10515494,0x0000000A,data,str_10515494
0x105154A0,0x0000000A,data,str_105154A0
0x105154AC,0x00000007,data,str_105154AC
0x105154B4,0x0000000C,data,str_105154B4
0x105154C0,0x00000009,data,str_105154C0
0x105154CC,0x0000000D,data,str_105154CC
0x105154DC,0x0000000D,data,str_105154DC
0x105154EC,0x0000000D,data,str_105154EC
0x105154FC,0x0000000D,data,str_105154FC
0x1051550C,0x0000000C,data,str_1051550C
0x10515518,0x0000000A,data,str_10515518
0x10515524,0x0000000B,data,str_10515524
0x10515530,0x00000007,data,str_10515530
0x10515538,0x0000000A,data,str_10515538
0x10515544,0x00000006,data,str_10515544
0x1051554C,0x00000008,data,str_1051554C
0x10515554,0x0000000A,data,str_10515554
0x10515560,0x0000000A,data,str_10515560
0x1051556C,0x0000000A,data,str_1051556C
0x10515578,0x0000000A,data,str_10515578
0x10515584,0x0000000A,data,str_10515584
0x10515590,0x00000009,data,str_10515590
0x1051559C,0x00000009,data,str_1051559C
0x105155A8,0x00000007,data,str_105155A8
0x105155B0,0x00000007,data,str_105155B0
0x105155B8,0x00000007,data,str_105155B8
0x105155C0,0x00000007,data,str_105155C0
0x105155C8,0x00000008,data,str_105155C8
0x105155D0,0x00000008,data,str_105155D0
0x105155D8,0x00000007,data,str_105155D8
0x105155E0,0x00000007,data,str_105155E0
0x105155E8,0x0000000A,data,str_105155E8
0x105155F4,0x00000007,data,str_105155F4
0x105155FC,0x0000000A,data,str_105155FC
0x10515608,0x00000008,data,str_10515608
0x10515610,0x00000007,data,str_10515610
0x10515618,0x00000007,data,str_10515618
0x10515620,0x00000007,data,str_10515620
0x10515628,0x00000006,data,str_10515628
0x10515630,0x00000007,data,str_10515630
0x10515638,0x00000007,data,str_10515638
0x10515640,0x00000007,data,str_10515640
0x10515648,0x00000006,data,str_10515648
0x10515650,0x00000006,data,str_10515650
0x10515658,0x00000006,data,str_10515658
0x10515660,0x00000006,data,str_10515660
0x10515668,0x00000006,data,str_10515668
0x10515670,0x00000006,data,str_10515670
0x10515678,0x00000005,data,str_10515678
0x10515680,0x00000019,data,str_10515680
0x10515945,0x00000008,data,str_10515945
0x105159E4,0x00000011,data,str_105159E4
0x10515A04,0x00000021,data,str_10515A04
0x10515A74,0x00000019,data,str_10515A74
0x10515A90,0x00000017,data,str_10515A90
0x10515AA8,0x00000018,data,str_10515AA8
0x10515AC0,0x00000015,data,str_10515AC0
0x10515AEC,0x00000010,data,str_10515AEC
0x10515AFC,0x00000018,data,str_10515AFC
0x10515B28,0x00000013,data,str_10515B28
0x10515B4C,0x00000012,data,str_10515B4C
0x10515BA4,0x00000011,data,str_10515BA4
0x10515BB8,0x00000011,data,str_10515BB8
0x10515D00,0x0000000D,data,str_10515D00
0x10515D7D,0x0000000D,data,str_10515D7D
0x10515F24,0x00000011,data,str_10515F24
0x105165A8,0x0000001A,data,str_105165A8
0x1051660C,0x00000020,data,str_1051660C
0x10516634,0x0000001A,data,str_10516634
0x10516668,0x00000019,data,str_10516668
0x10516684,0x00000013,data,str_10516684
0x10516698,0x0000001F,data,str_10516698
0x105166B8,0x00000005,data,str_105166B8
0x10516834,0x0000000A,data,str_10516834
0x10516840,0x00000010,data,str_10516840
0x10516850,0x0000000C,data,str_10516850
0x1051685C,0x00000011,data,str_1051685C
0x105168AC,0x00000013,data,str_105168AC
0x105168E4,0x00000009,data,str_105168E4
0x10516910,0x00000008,data,str_10516910
0x105169DC,0x0000000D,data,str_105169DC
0x10516ACC,0x00000006,data,str_10516ACC
0x10516B80,0x0000001C,data,str_10516B80
0x10516CBC,0x00000012,data,str_10516CBC
0x10516CFC,0x00000015,data,str_10516CFC
0x10516D14,0x00000014,data,str_10516D14
0x10516D44,0x0000000B,data,str_10516D44
0x10516D50,0x0000000A,data,str_10516D50
0x10516D5C,0x0000000A,data,str_10516D5C
0x10516DD8,0x00000005,data,str_10516DD8
0x10516DF0,0x00000016,data,str_10516DF0
0x10516E18,0x0000000C,data,str_10516E18
0x10516E60,0x00000018,data,str_10516E60
0x10516E90,0x00000012,data,str_10516E90
0x10516EB1,0x00000017,data,str_10516EB1
0x10516EC8,0x00000022,data,str_10516EC8
0x10516F08,0x00000013,data,str_10516F08
0x10516F1C,0x00000013,data,str_10516F1C
0x10516F44,0x00000024,data,str_10516F44
0x10516F68,0x00000026,data,str_10516F68
0x10516FA8,0x00000012,data,str_10516FA8
0x10516FE4,0x00000006,data,str_10516FE4
0x10517068,0x0000001E,data,str_10517068
0x105170AC,0x00000006,data,str_105170AC
0x105170B4,0x00000007,data,str_105170B4
0x105170BC,0x00000006,data,str_105170BC
0x105170C4,0x00000006,data,str_105170C4
0x105170CC,0x00000006,data,str_105170CC
0x105170D4,0x00000006,data,str_105170D4
0x105170DC,0x00000009,data,str_105170DC
0x1051716C,0x00000012,data,str_1051716C
0x10517180,0x00000012,data,str_10517180
0x10517220,0x00000024,data,wstr_10517220
0x10517245,0x0000000A,data,str_10517245
0x105173A8,0x00000004,data,str_105173A8
0x105173AC,0x00000004,data,str_105173AC
0x105173B4,0x00000006,data,str_105173B4
0x105173BC,0x00000012,data,str_105173BC
0x105173D0,0x00000009,data,str_105173D0
0x105173DC,0x00000008,data,str_105173DC
0x105173E4,0x00000006,data,str_105173E4
0x105173EC,0x0000000A,data,str_105173EC
0x105173F8,0x00000005,data,str_105173F8
0x10517400,0x00000008,data,str_10517400
0x10517408,0x0000000A,data,str_10517408
0x10517414,0x00000004,data,str_10517414
0x10517418,0x00000006,data,str_10517418
0x10517420,0x00000007,data,str_10517420
0x10517428,0x00000009,data,str_10517428
0x10517434,0x0000000E,data,str_10517434
0x10517444,0x00000011,data,str_10517444
0x10517458,0x0000000C,data,str_10517458
0x10517464,0x0000000C,data,str_10517464
0x10517470,0x00000010,data,str_10517470
0x10517480,0x0000000E,data,str_10517480
0x10517490,0x00000012,data,str_10517490
0x105174A4,0x00000009,data,str_105174A4
0x105174B0,0x00000016,data,str_105174B0
0x105174C8,0x0000000A,data,str_105174C8
0x105174D4,0x00000017,data,str_105174D4
0x105174EC,0x00000008,data,str_105174EC
0x105174F4,0x0000000C,data,str_105174F4
0x10517500,0x0000000A,data,str_10517500
0x1051750C,0x00000009,data,str_1051750C
0x10517518,0x0000000D,data,str_10517518
0x10517528,0x0000000B,data,str_10517528
0x10517534,0x0000000F,data,str_10517534
0x10517548,0x00000006,data,str_10517548
0x10517550,0x00000008,data,str_10517550
0x10517558,0x00000004,data,str_10517558
0x1051755C,0x00000016,data,str_1051755C
0x10517576,0x00000016,data,wstr_10517576
0x1051758C,0x00000014,data,wstr_1051758C
0x105175A2,0x0000001C,data,wstr_105175A2
0x105175C2,0x00000012,data,wstr_105175C2
0x105175D4,0x0000001E,data,wstr_105175D4
0x105175F4,0x0000002E,data,str_105175F4
0x10517628,0x00000005,data,str_10517628
0x10517630,0x00000007,data,str_10517630
0x1051763C,0x00000018,data,str_1051763C
0x10517654,0x00000017,data,str_10517654
0x1051766C,0x0000000A,data,str_1051766C
0x10517678,0x0000000A,data,str_10517678
0x10517684,0x00000006,data,str_10517684
0x1051768C,0x0000000A,data,str_1051768C
0x10517698,0x00000008,data,str_10517698
0x105176A0,0x00000007,data,str_105176A0
0x105176A8,0x00000007,data,str_105176A8
0x105176B0,0x00000006,data,str_105176B0
0x105176B8,0x00000004,data,str_105176B8
0x105176BC,0x00000004,data,str_105176BC
0x105176C0,0x0000000F,data,str_105176C0
0x105176D0,0x00000010,data,str_105176D0
0x105176F8,0x00000005,data,str_105176F8
0x10517700,0x00000005,data,str_10517700
0x10517728,0x0000000D,data,str_10517728
0x1051781C,0x00000005,data,str_1051781C
0x10517864,0x00000034,data,str_10517864
0x10517A3C,0x0000000D,data,str_10517A3C
0x10517A4C,0x00000005,data,str_10517A4C
0x10517A54,0x00000007,data,str_10517A54
0x10517A78,0x00000025,data,str_10517A78
0x10517AA0,0x0000001D,data,str_10517AA0
0x10517AC0,0x00000017,data,str_10517AC0
0x10517AD8,0x00000023,data,str_10517AD8
0x10517AFC,0x0000001B,data,str_10517AFC
0x10517B18,0x00000012,data,str_10517B18
0x10517B2C,0x00000024,data,str_10517B2C
0x10517C7C,0x00000008,data,str_10517C7C
0x10517C84,0x0000000E,data,str_10517C84
0x10517C94,0x0000000A,data,str_10517C94
0x10517CA0,0x00000005,data,str_10517CA0
0x10517CA8,0x00000011,data,str_10517CA8
0x10517CBC,0x0000000F,data,str_10517CBC
0x10517CCC,0x00000008,data,str_10517CCC
0x10517CD4,0x00000008,data,str_10517CD4
0x10517CDC,0x00000005,data,str_10517CDC
0x10517CE4,0x0000000B,data,str_10517CE4
0x10517CF0,0x00000012,data,str_10517CF0
0x10517D04,0x0000000C,data,str_10517D04
0x10517D10,0x00000007,data,str_10517D10
0x10517D18,0x00000005,data,str_10517D18
0x10517D20,0x0000000F,data,str_10517D20
0x10517D30,0x00000008,data,str_10517D30
0x10517D38,0x00000006,data,str_10517D38
0x10517D40,0x00000007,data,str_10517D40
0x10517D48,0x0000000A,data,str_10517D48
0x10517D54,0x0000000A,data,str_10517D54
0x10517D60,0x00000005,data,str_10517D60
0x10517D68,0x00000005,data,str_10517D68
0x10517D70,0x00000008,data,str_10517D70
0x10517D78,0x0000000E,data,str_10517D78
0x10517D88,0x00000009,data,str_10517D88
0x10517D94,0x00000007,data,str_10517D94
0x10517D9C,0x0000000E,data,str_10517D9C
0x10517DAC,0x0000000B,data,str_10517DAC
0x10517DB8,0x0000000B,data,str_10517DB8
0x10517DC4,0x00000009,data,str_10517DC4
0x10517DD0,0x00000012,data,str_10517DD0
0x10517DE4,0x00000009,data,str_10517DE4
0x10517DF0,0x00000011,data,str_10517DF0
0x10517E04,0x0000000A,data,str_10517E04
0x10517E10,0x00000007,data,str_10517E10
0x10517E18,0x00000013,data,str_10517E18
0x10517E2C,0x0000000F,data,str_10517E2C
0x10517E3C,0x00000008,data,str_10517E3C
0x10517E44,0x00000009,data,str_10517E44
0x10517E50,0x00000016,data,str_10517E50
0x10517E68,0x0000000A,data,str_10517E68
0x10517E74,0x0000000A,data,str_10517E74
0x10517E80,0x00000009,data,str_10517E80
0x10517E8C,0x00000009,data,str_10517E8C
0x10517E98,0x00000006,data,str_10517E98
0x10517EA0,0x00000008,data,str_10517EA0
0x10517EA8,0x00000009,data,str_10517EA8
0x10517F48,0x00000004,data,str_10517F48
0x10517F4C,0x00000004,data,str_10517F4C
0x10517F50,0x00000008,data,str_10517F50
0x10517F58,0x0000000C,data,str_10517F58
0x10517F64,0x0000000A,data,str_10517F64
0x10517F70,0x00000005,data,str_10517F70
0x10517F78,0x00000008,data,str_10517F78
0x10517F80,0x00000005,data,str_10517F80
0x10517F98,0x00000007,data,str_10517F98
0x10517FA0,0x00000005,data,str_10517FA0
0x10517FA8,0x00000004,data,str_10517FA8
0x10517FAC,0x00000004,data,str_10517FAC
0x10517FB0,0x00000006,data,str_10517FB0
0x10517FB8,0x00000008,data,str_10517FB8
0x10517FC0,0x00000007,data,str_10517FC0
0x10517FC8,0x00000005,data,str_10517FC8
0x10517FD0,0x00000006,data,str_10517FD0
0x10517FD8,0x00000004,data,str_10517FD8
0x10517FDC,0x00000004,data,str_10517FDC
0x10517FE0,0x00000007,data,str_10517FE0
0x10517FE8,0x00000005,data,str_10517FE8
0x10517FF0,0x00000004,data,str_10517FF0
0x10517FF4,0x00000016,data,str_10517FF4
0x105181A4,0x00000009,data,str_105181A4
0x105181B0,0x00000004,data,str_105181B0
0x105181B4,0x00000004,data,str_105181B4
0x105181B8,0x00000007,data,str_105181B8
0x10518630,0x00000009,data,str_10518630
0x10518644,0x00000017,data,str_10518644
0x10518844,0x00000022,data,str_10518844
0x10518868,0x0000002C,data,str_10518868
0x10518894,0x00000020,data,str_10518894
0x105188B4,0x0000003E,data,str_105188B4
0x105188F4,0x0000003D,data,str_105188F4
0x10518938,0x0000004E,data,str_10518938
0x10518988,0x0000003C,data,str_10518988
0x105189C8,0x0000004C,data,str_105189C8
0x10518A18,0x000000C6,data,str_10518A18
0x10518AE0,0x0000005A,data,str_10518AE0
0x10518B40,0x00000046,data,str_10518B40
0x10518B88,0x00000037,data,str_10518B88
0x10518BC0,0x00000029,data,str_10518BC0
0x10518BEC,0x00000029,data,str_10518BEC
0x10518C18,0x0000002C,data,str_10518C18
0x10518C44,0x0000002B,data,str_10518C44
0x10518C70,0x00000024,data,str_10518C70
0x10518C94,0x00000024,data,str_10518C94
0x10518CB8,0x0000002E,data,str_10518CB8
0x10518CE8,0x00000020,data,str_10518CE8
0x10518D08,0x0000003D,data,str_10518D08
0x10518D48,0x00000024,data,str_10518D48
0x10518D6C,0x0000003C,data,str_10518D6C
0x10518DA8,0x00000024,data,str_10518DA8
0x10518DCC,0x00000027,data,str_10518DCC
0x10518DF4,0x00000038,data,str_10518DF4
0x10518E2C,0x00000027,data,str_10518E2C
0x10518E54,0x00000038,data,str_10518E54
0x10518E8C,0x00000027,data,str_10518E8C
0x10518EB4,0x00000024,data,str_10518EB4
0x10518ED8,0x00000082,data,str_10518ED8
0x10518F5C,0x00000023,data,str_10518F5C
0x10518F80,0x00000022,data,str_10518F80
0x10518FA4,0x0000001F,data,str_10518FA4
0x10518FC4,0x00000024,data,str_10518FC4
0x10518FE8,0x00000022,data,str_10518FE8
0x1051900C,0x00000026,data,str_1051900C
0x10519034,0x0000002A,data,str_10519034
0x10519060,0x00000027,data,str_10519060
0x10519088,0x00000028,data,str_10519088
0x105190B0,0x00000026,data,str_105190B0
0x105190D8,0x00000020,data,str_105190D8
0x105190F8,0x00000023,data,str_105190F8
0x1051911C,0x00000026,data,str_1051911C
0x10519144,0x00000023,data,str_10519144
0x10519168,0x00000025,data,str_10519168
0x10519190,0x0000002C,data,str_10519190
0x105191BC,0x00000028,data,str_105191BC
0x105191E4,0x00000021,data,str_105191E4
0x10519208,0x0000001D,data,str_10519208
0x10519228,0x00000021,data,str_10519228
0x1051924C,0x00000028,data,str_1051924C
0x10519274,0x00000021,data,str_10519274
0x10519298,0x00000024,data,str_10519298
0x105192BC,0x0000001D,data,str_105192BC
0x105192E0,0x00000045,data,str_105192E0
0x10519328,0x00000022,data,str_10519328
0x1051934C,0x00000024,data,str_1051934C
0x10519370,0x00000023,data,str_10519370
0x10519394,0x00000020,data,str_10519394
0x105193B4,0x00000021,data,str_105193B4
0x105193D8,0x00000023,data,str_105193D8
0x105193FC,0x00000027,data,str_105193FC
0x10519424,0x00000027,data,str_10519424
0x1051944C,0x00000028,data,str_1051944C
0x10519474,0x0000001E,data,str_10519474
0x10519494,0x00000028,data,str_10519494
0x105194BC,0x00000023,data,str_105194BC
0x105194E0,0x00000022,data,str_105194E0
0x10519504,0x0000002A,data,str_10519504
0x10519530,0x0000002D,data,str_10519530
0x10519560,0x0000001E,data,str_10519560
0x10519580,0x00000021,data,str_10519580
0x105195A4,0x00000020,data,str_105195A4
0x105195C4,0x00000023,data,str_105195C4
0x105195E8,0x0000001E,data,str_105195E8
0x10519608,0x00000026,data,str_10519608
0x10519630,0x00000025,data,str_10519630
0x10519658,0x00000021,data,str_10519658
0x1051967C,0x00000022,data,str_1051967C
0x105196A0,0x00000021,data,str_105196A0
0x105196C4,0x00000021,data,str_105196C4
0x105196E8,0x00000024,data,str_105196E8
0x1051970C,0x00000026,data,str_1051970C
0x10519734,0x00000026,data,str_10519734
0x1051975C,0x00000024,data,str_1051975C
0x10519780,0x00000021,data,str_10519780
0x105197A4,0x0000002B,data,str_105197A4
0x105197D0,0x00000022,data,str_105197D0
0x105197F4,0x00000021,data,str_105197F4
0x10519818,0x00000027,data,str_10519818
0x10519840,0x00000038,data,str_10519840
0x10519878,0x00000030,data,str_10519878
0x105198A8,0x00000034,data,str_105198A8
0x105198DC,0x00000023,data,str_105198DC
0x10519900,0x0000003A,data,str_10519900
0x1051993C,0x00000027,data,str_1051993C
0x10519964,0x0000003E,data,str_10519964
0x105199A8,0x00000045,data,str_105199A8
0x105199F0,0x00000014,data,str_105199F0
0x10519A08,0x00000041,data,str_10519A08
0x10519A50,0x00000059,data,str_10519A50
0x10519AAC,0x0000001C,data,str_10519AAC
0x10519AC8,0x0000003A,data,str_10519AC8
0x10519B08,0x00000041,data,str_10519B08
0x10519B4C,0x00000034,data,str_10519B4C
0x10519B80,0x00000031,data,str_10519B80
0x10519BB4,0x00000022,data,str_10519BB4
0x10519BD8,0x0000002F,data,str_10519BD8
0x10519C08,0x0000003F,data,str_10519C08
0x10519C48,0x0000003C,data,str_10519C48
0x10519C84,0x00000035,data,str_10519C84
0x10519CBC,0x00000039,data,str_10519CBC
0x10519CF8,0x00000020,data,str_10519CF8
0x10519D18,0x0000001E,data,str_10519D18
0x10519D38,0x00000031,data,str_10519D38
0x10519D6C,0x0000001E,data,str_10519D6C
0x10519D8C,0x0000003F,data,str_10519D8C
0x10519F64,0x00000025,data,str_10519F64
0x1051A124,0x0000000A,data,str_1051A124
0x1051A130,0x0000000F,data,str_1051A130
0x1051A140,0x00000011,data,str_1051A140
0x1051A154,0x00000008,data,str_1051A154
0x1051A15C,0x00000007,data,str_1051A15C
0x1051A164,0x0000000B,data,str_1051A164
0x1051A170,0x0000000A,data,str_1051A170
0x1051A17C,0x0000000B,data,str_1051A17C
0x1051A188,0x0000000A,data,str_1051A188
0x1051A194,0x0000000B,data,str_1051A194
0x1051A1A0,0x0000000E,data,str_1051A1A0
0x1051A1B0,0x00000008,data,str_1051A1B0
0x1051A1B8,0x00000008,data,str_1051A1B8
0x1051A1C0,0x0000000B,data,str_1051A1C0
0x1051A1CC,0x00000009,data,str_1051A1CC
0x1051A1D8,0x00000008,data,str_1051A1D8
0x1051A1E0,0x0000000E,data,str_1051A1E0
0x1051A1F0,0x00000005,data,str_1051A1F0
0x1051A1F8,0x00000007,data,str_1051A1F8
0x1051A200,0x0000000D,data,str_1051A200
0x1051A210,0x0000000A,data,str_1051A210
0x1051A21C,0x00000009,data,str_1051A21C
0x1051A228,0x00000008,data,str_1051A228
0x1051A230,0x00000005,data,str_1051A230
0x1051A238,0x0000000A,data,str_1051A238
0x1051A244,0x0000000C,data,str_1051A244
0x1051A250,0x00000010,data,str_1051A250
0x1051A260,0x0000000D,data,str_1051A260
0x1051A270,0x0000000E,data,str_1051A270
0x1051A280,0x0000000C,data,str_1051A280
0x1051A28C,0x00000006,data,str_1051A28C
0x1051A294,0x00000009,data,str_1051A294
0x1051A2A4,0x00000007,data,str_1051A2A4
0x1051A2AC,0x0000000E,data,str_1051A2AC
0x1051A2BC,0x00000007,data,str_1051A2BC
0x1051A2C4,0x0000000A,data,str_1051A2C4
0x1051A2D0,0x00000008,data,str_1051A2D0
0x1051A2D8,0x00000008,data,str_1051A2D8
0x1051A2E0,0x0000000A,data,str_1051A2E0
0x1051A2EC,0x00000009,data,str_1051A2EC
0x1051A2F8,0x00000006,data,str_1051A2F8
0x1051A300,0x00000007,data,str_1051A300
0x1051A308,0x00000009,data,str_1051A308
0x1051A314,0x0000000D,data,str_1051A314
0x1051A324,0x0000000D,data,str_1051A324
0x1051A334,0x0000000E,data,str_1051A334
0x1051A344,0x00000004,data,str_1051A344
0x1051A348,0x0000000E,data,str_1051A348
0x1051A358,0x00000009,data,str_1051A358
0x1051A364,0x00000010,data,str_1051A364
0x1051A374,0x00000007,data,str_1051A374
0x1051A37C,0x00000007,data,str_1051A37C
0x1051A384,0x00000006,data,str_1051A384
0x1051A38C,0x00000009,data,str_1051A38C
0x1051A398,0x0000000C,data,str_1051A398
0x1051A3A4,0x00000008,data,str_1051A3A4
0x1051A3AC,0x0000000A,data,str_1051A3AC
0x1051A3B8,0x0000000C,data,str_1051A3B8
0x1051A3C4,0x0000000C,data,str_1051A3C4
0x1051A3D0,0x0000000A,data,str_1051A3D0
0x1051A3DC,0x00000011,data,str_1051A3DC
0x1051A3F0,0x00000008,data,str_1051A3F0
0x1051A3F8,0x00000007,data,str_1051A3F8
0x1051A400,0x0000000D,data,str_1051A400
0x1051AADC,0x00000008,data,str_1051AADC
0x1051AAE8,0x00000009,data,str_1051AAE8
0x1051AB13,0x00000013,data,str_1051AB13
0x1051AB28,0x00000018,data,wstr_1051AB28
0x1051AB50,0x0000002C,data,str_1051AB50
0x1051AB7C,0x00000008,data,str_1051AB7C
0x1051AB84,0x00000004,data,str_1051AB84
0x1051AB88,0x00000005,data,str_1051AB88
0x1051AB90,0x00000008,data,str_1051AB90
0x1051AB98,0x0000000A,data,str_1051AB98
0x1051ABA4,0x00000008,data,str_1051ABA4
0x1051ABB0,0x00000030,data,str_1051ABB0
0x1051AC08,0x00000009,data,str_1051AC08
0x1051AC14,0x00000005,data,str_1051AC14
0x1051AC1C,0x00000012,data,str_1051AC1C
0x1051AC30,0x00000005,data,str_1051AC30
0x1051AC38,0x00000005,data,str_1051AC38
0x1051AC40,0x00000005,data,str_1051AC40
0x1051AC48,0x00000013,data,str_1051AC48
0x1051AC64,0x00000004,data,str_1051AC64
0x1051AC68,0x00000005,data,str_1051AC68
0x1051AC70,0x00000004,data,str_1051AC70
0x1051AC74,0x00000004,data,str_1051AC74
0x1051AC78,0x00000004,data,str_1051AC78
0x1051AC7C,0x00000004,data,str_1051AC7C
0x1051AC80,0x0000002E,data,str_1051AC80
0x1051ACB4,0x00000004,data,str_1051ACB4
0x1051ACC0,0x00000008,data,wstr_1051ACC0
0x1051ACC8,0x00000004,data,str_1051ACC8
0x1051ACCC,0x0000000A,data,str_1051ACCC
0x1051ACD8,0x00000034,data,str_1051ACD8
0x1051AD0C,0x00000005,data,str_1051AD0C
0x1051AD14,0x00000006,data,str_1051AD14
0x1051AD1C,0x00000007,data,str_1051AD1C
0x1051AD24,0x0000000A,data,str_1051AD24
0x1051AD30,0x00000008,data,str_1051AD30
0x1051AD38,0x00000007,data,str_1051AD38
0x1051AD40,0x00000009,data,str_1051AD40
0x1051AD4C,0x00000007,data,str_1051AD4C
0x1051AD54,0x00000008,data,str_1051AD54
0x1051AD5C,0x00000006,data,str_1051AD5C
0x1051AD64,0x00000005,data,str_1051AD64
0x1051AD6C,0x00000005,data,str_1051AD6C
0x1051AD74,0x00000008,data,str_1051AD74
0x1051AD7C,0x00000005,data,str_1051AD7C
0x1051AD84,0x00000008,data,str_1051AD84
0x1051AD8C,0x00000006,data,str_1051AD8C
0x1051AD94,0x0000000C,data,str_1051AD94
0x1051ADB4,0x0000000C,data,wstr_1051ADB4
0x1051ADE8,0x00000005,data,str_1051ADE8
0x1051ADF0,0x0000000A,data,str_1051ADF0
0x1051ADFC,0x00000009,data,str_1051ADFC
0x1051AE08,0x00000009,data,str_1051AE08
0x1051AE14,0x00000006,data,str_1051AE14
0x1051AE4F,0x00000005,data,str_1051AE4F
0x1051AEC1,0x00000005,data,str_1051AEC1
0x1051AEF0,0x00000005,data,str_1051AEF0
0x1051B048,0x00000004,data,str_1051B048
0x1051B05C,0x00000004,data,str_1051B05C
0x1051B078,0x00000005,data,str_1051B078
0x1051B080,0x00000005,data,str_1051B080
0x1051B088,0x00000005,data,str_1051B088
0x1051B140,0x0000000A,data,str_1051B140
0x1051B14C,0x00000009,data,str_1051B14C
0x1051B158,0x00000009,data,str_1051B158
0x1051B164,0x00000014,data,str_1051B164
0x1051B178,0x00000010,data,str_1051B178
0x1051B188,0x00000014,data,str_1051B188
0x1051B19C,0x00000006,data,str_1051B19C
0x1051B1A4,0x0000001A,data,str_1051B1A4
0x1051B1C0,0x00000016,data,str_1051B1C0
0x1051B1D8,0x00000012,data,str_1051B1D8
0x1051B1EC,0x00000012,data,str_1051B1EC
0x1051B200,0x00000013,data,str_1051B200
0x1051B214,0x00000014,data,str_1051B214
0x1051B228,0x00000014,data,str_1051B228
0x1051B23C,0x00000011,data,str_1051B23C
0x1051B250,0x00000008,data,str_1051B250
0x1051B258,0x00000004,data,str_1051B258
0x1051B25C,0x00000005,data,str_1051B25C
0x1051B264,0x0000000E,data,str_1051B264
0x1051B274,0x00000011,data,str_1051B274
0x1051B288,0x00000009,data,str_1051B288
0x1051B294,0x0000000C,data,str_1051B294
0x1051B2A0,0x0000000A,data,str_1051B2A0
0x1051B2AC,0x00000005,data,str_1051B2AC
0x1051B2B4,0x0000000D,data,str_1051B2B4
0x1051B2C4,0x0000000C,data,str_1051B2C4
0x1051B2D0,0x0000000D,data,str_1051B2D0
0x1051B2E0,0x0000000E,data,str_1051B2E0
0x1051B2F0,0x00000004,data,str_1051B2F0
0x1051B2F4,0x00000004,data,str_1051B2F4
0x1051B2F8,0x00000006,data,str_1051B2F8
0x1051B300,0x00000008,data,str_1051B300
0x1051B308,0x0000000F,data,str_1051B308
0x1051B318,0x00000009,data,str_1051B318
0x1051B324,0x00000023,data,str_1051B324
0x1051B348,0x0000000E,data,str_1051B348
0x1051B358,0x0000000E,data,str_1051B358
0x1051B368,0x00000018,data,str_1051B368
0x1051B380,0x00000010,data,str_1051B380
0x1051B390,0x0000000E,data,str_1051B390
0x1051B3A0,0x00000009,data,str_1051B3A0
0x1051B3AC,0x00000005,data,str_1051B3AC
0x1051B3B4,0x0000000A,data,str_1051B3B4
0x1051B3C0,0x00000004,data,str_1051B3C0
0x1051B3C4,0x00000009,data,str_1051B3C4
0x1051B3D0,0x00000009,data,str_1051B3D0
0x1051B3DC,0x00000004,data,str_1051B3DC
0x1051B3E0,0x00000005,data,str_1051B3E0
0x1051B3E8,0x00000005,data,str_1051B3E8
0x1051B3F0,0x00000004,data,str_1051B3F0
0x1051B3F4,0x00000004,data,str_1051B3F4
0x1051B3F8,0x00000005,data,str_1051B3F8
0x1051B400,0x00000004,data,str_1051B400
0x1051B404,0x00000005,data,str_1051B404
0x1051B40C,0x00000005,data,str_1051B40C
0x1051B414,0x00000006,data,str_1051B414
0x1051B41C,0x00000005,data,str_1051B41C
0x1051B424,0x00000005,data,str_1051B424
0x1051B42C,0x00000005,data,str_1051B42C
0x1051B434,0x00000005,data,str_1051B434
0x1051B43C,0x00000005,data,str_1051B43C
0x1051B444,0x00000005,data,str_1051B444
0x1051B44C,0x00000004,data,str_1051B44C
0x1051B450,0x00000004,data,str_1051B450
0x1051B454,0x00000005,data,str_1051B454
0x1051B45C,0x00000005,data,str_1051B45C
0x1051B464,0x00000012,data,str_1051B464
0x1051B478,0x0000001A,data,str_1051B478
0x1051B494,0x0000000D,data,str_1051B494
0x1051B4A4,0x00000006,data,str_1051B4A4
0x1051B4AC,0x00000006,data,str_1051B4AC
0x1051B4B4,0x00000006,data,str_1051B4B4
0x1051B4BC,0x0000000A,data,str_1051B4BC
0x1051B4C8,0x00000008,data,str_1051B4C8
0x1051B4D0,0x0000000A,data,str_1051B4D0
0x1051B4DC,0x00000004,data,str_1051B4DC
0x1051B4E0,0x00000004,data,str_1051B4E0
0x1051B4E4,0x00000004,data,str_1051B4E4
0x1051B4E8,0x00000004,data,str_1051B4E8
0x1051B4EC,0x00000004,data,str_1051B4EC
0x1051B4F0,0x00000004,data,str_1051B4F0
0x1051B4F4,0x00000004,data,str_1051B4F4
0x1051B4F8,0x00000004,data,str_1051B4F8
0x1051B4FC,0x00000005,data,str_1051B4FC
0x1051B504,0x00000004,data,str_1051B504
0x1051B508,0x0000000A,data,str_1051B508
0x1051B514,0x00000004,data,str_1051B514
0x1051B518,0x00000005,data,str_1051B518
0x1051B520,0x00000005,data,str_1051B520
0x1051B528,0x00000004,data,str_1051B528
0x1051B52C,0x00000005,data,str_1051B52C
0x1051B534,0x00000005,data,str_1051B534
0x1051B53C,0x00000005,data,str_1051B53C
0x1051B544,0x00000004,data,str_1051B544
0x1051B548,0x00000004,data,str_1051B548
0x1051B54C,0x00000004,data,str_1051B54C
0x1051B550,0x00000004,data,str_1051B550
0x1051B554,0x00000004,data,str_1051B554
0x1051B558,0x00000004,data,str_1051B558
0x1051B55C,0x00000005,data,str_1051B55C
0x1051B564,0x00000011,data,str_1051B564
0x1051B578,0x0000000F,data,str_1051B578
0x1051B588,0x0000000E,data,str_1051B588
0x1051B598,0x0000000A,data,str_1051B598
0x1051B5A4,0x00000009,data,str_1051B5A4
0x1051B5B0,0x0000000E,data,str_1051B5B0
0x1051B5C0,0x0000000D,data,str_1051B5C0
0x1051B5D0,0x00000004,data,str_1051B5D0
0x1051B5D4,0x00000005,data,str_1051B5D4
0x1051B5DC,0x00000004,data,str_1051B5DC
0x1051B5E0,0x00000005,data,str_1051B5E0
0x1051B5E8,0x00000005,data,str_1051B5E8
0x1051B5F0,0x00000004,data,str_1051B5F0
0x1051B5F4,0x00000005,data,str_1051B5F4
0x1051B5FC,0x00000005,data,str_1051B5FC
0x1051B604,0x00000005,data,str_1051B604
0x1051B60C,0x00000005,data,str_1051B60C
0x1051B614,0x00000005,data,str_1051B614
0x1051B61C,0x00000005,data,str_1051B61C
0x1051B624,0x00000005,data,str_1051B624
0x1051B62C,0x00000004,data,str_1051B62C
0x1051B630,0x00000005,data,str_1051B630
0x1051B638,0x00000005,data,str_1051B638
0x1051B640,0x00000004,data,str_1051B640
0x1051B644,0x00000005,data,str_1051B644
0x1051B64C,0x00000004,data,str_1051B64C
0x1051B650,0x00000006,data,str_1051B650
0x1051B658,0x00000004,data,str_1051B658
0x1051B65C,0x00000006,data,str_1051B65C
0x1051B664,0x00000006,data,str_1051B664
0x1051B66C,0x00000005,data,str_1051B66C
0x1051B674,0x00000009,data,str_1051B674
0x1051B680,0x00000005,data,str_1051B680
0x1051B688,0x00000005,data,str_1051B688
0x1051B690,0x00000005,data,str_1051B690
0x1051B698,0x00000004,data,str_1051B698
0x1051B69C,0x00000004,data,str_1051B69C
0x1051B6A0,0x00000004,data,str_1051B6A0
0x1051B6A4,0x0000000C,data,str_1051B6A4
0x1051B6B0,0x0000000C,data,str_1051B6B0
0x1051B6BC,0x00000008,data,str_1051B6BC
0x1051B6C4,0x0000001C,data,str_1051B6C4
0x1051B6E0,0x0000001B,data,str_1051B6E0
0x1051B6FC,0x00000005,data,str_1051B6FC
0x1051B704,0x00000005,data,str_1051B704
0x1051B70C,0x00000005,data,str_1051B70C
0x1051B714,0x00000005,data,str_1051B714
0x1051B724,0x00000005,data,str_1051B724
0x1051B72C,0x00000004,data,str_1051B72C
0x1051B730,0x00000005,data,str_1051B730
0x1051B738,0x00000005,data,str_1051B738
0x1051B740,0x00000005,data,str_1051B740
0x1051B748,0x00000004,data,str_1051B748
0x1051B74C,0x00000004,data,str_1051B74C
0x1051B754,0x00000004,data,str_1051B754
0x1051B758,0x00000004,data,str_1051B758
0x1051B75C,0x00000006,data,str_1051B75C
0x1051B768,0x00000004,data,str_1051B768
0x1051B76C,0x00000004,data,str_1051B76C
0x1051B770,0x00000005,data,str_1051B770
0x1051B778,0x00000008,data,str_1051B778
0x1051BFC8,0x0000000C,data,str_1051BFC8
0x1051BFD4,0x00000004,data,str_1051BFD4
0x1051C2E8,0x00000009,data,str_1051C2E8
0x1051C2F4,0x00000004,data,str_1051C2F4
0x1051C2F8,0x00000009,data,str_1051C2F8
0x1051C304,0x0000000D,data,str_1051C304
0x1051C314,0x0000001C,data,wstr_1051C314
0x1051C340,0x0000002B,data,str_1051C340
0x1051C370,0x00000042,data,str_1051C370
0x1051C3B8,0x00000057,data,str_1051C3B8
0x1051C410,0x00000020,data,str_1051C410
0x1051C430,0x00000016,data,str_1051C430
0x1051C448,0x00000016,data,str_1051C448
0x1051C460,0x0000000E,data,str_1051C460
0x1051C470,0x00000011,data,str_1051C470
0x1051C484,0x00000021,data,str_1051C484
0x1051C4A8,0x00000038,data,str_1051C4A8
0x1051C4E0,0x0000003B,data,str_1051C4E0
0x1051C520,0x00000046,data,str_1051C520
0x1051C568,0x00000019,data,str_1051C568
0x1051C584,0x0000001D,data,str_1051C584
0x1051C5A8,0x00000049,data,str_1051C5A8
0x1051C5F4,0x00000014,data,str_1051C5F4
0x1051C608,0x00000014,data,str_1051C608
0x1051C61C,0x00000014,data,str_1051C61C
0x1051C630,0x00000013,data,str_1051C630
0x1051C644,0x00000013,data,str_1051C644
0x1051C658,0x0000000C,data,str_1051C658
0x1051C664,0x00000015,data,str_1051C664
0x1051C67C,0x00000018,data,str_1051C67C
0x1051C694,0x0000000E,data,str_1051C694
0x1051C6A4,0x0000000E,data,str_1051C6A4
0x1051C6B4,0x00000014,data,str_1051C6B4
0x1051C6C8,0x00000029,data,str_1051C6C8
0x1051C6F4,0x00000037,data,str_1051C6F4
0x1051C730,0x00000049,data,str_1051C730
0x1051C77C,0x00000018,data,str_1051C77C
0x1051C794,0x0000001C,data,str_1051C794
0x1051C7B0,0x00000038,data,str_1051C7B0
0x1051C7E8,0x0000001D,data,str_1051C7E8
0x1051C808,0x00000041,data,str_1051C808
0x1051C84C,0x00000024,data,str_1051C84C
0x1051C870,0x00000014,data,str_1051C870
0x1051C884,0x00000018,data,str_1051C884
0x1051C89C,0x00000031,data,str_1051C89C
0x1051C8D0,0x00000024,data,str_1051C8D0
0x1051C8F4,0x00000011,data,str_1051C8F4
0x1051C908,0x0000003D,data,str_1051C908
0x1051C948,0x0000002C,data,str_1051C948
0x1051C974,0x0000001C,data,str_1051C974
0x1051C990,0x00000020,data,str_1051C990
0x1051C9B0,0x00000051,data,str_1051C9B0
0x1051CA04,0x00000018,data,str_1051CA04
0x1051CA1C,0x00000016,data,str_1051CA1C
0x1051CA34,0x0000003D,data,str_1051CA34
0x1051CA74,0x00000025,data,str_1051CA74
0x1051CA9C,0x00000015,data,str_1051CA9C
0x1051CAB4,0x00000019,data,str_1051CAB4
0x1051CAD0,0x00000035,data,str_1051CAD0
0x1051CB08,0x00000016,data,str_1051CB08
0x1051CB20,0x00000017,data,str_1051CB20
0x1051CB38,0x0000002C,data,str_1051CB38
0x1051CB68,0x00000052,data,str_1051CB68
0x1051CBBC,0x00000028,data,str_1051CBBC
0x1051CBE4,0x00000015,data,str_1051CBE4
0x1051CBFC,0x00000019,data,str_1051CBFC
0x1051CC18,0x0000005C,data,str_1051CC18
0x1051CC74,0x00000014,data,str_1051CC74
0x1051CC88,0x0000004E,data,str_1051CC88
0x1051CCD8,0x00000014,data,str_1051CCD8
0x1051CCF0,0x00000048,data,str_1051CCF0
0x1051CD38,0x00000013,data,str_1051CD38
0x1051CD4C,0x00000022,data,str_1051CD4C
0x1051CD70,0x00000017,data,str_1051CD70
0x1051CD88,0x00000026,data,str_1051CD88
0x1051CDB0,0x00000014,data,str_1051CDB0
0x1051CDC4,0x00000027,data,str_1051CDC4
0x1051CDEC,0x00000015,data,str_1051CDEC
0x1051CE04,0x00000017,data,str_1051CE04
0x1051CE1C,0x0000002F,data,str_1051CE1C
0x1051CE4C,0x00000029,data,str_1051CE4C
0x1051CE78,0x0000002A,data,str_1051CE78
0x1051CEA4,0x0000003C,data,str_1051CEA4
0x1051CEE0,0x00000029,data,str_1051CEE0
0x1051CF0C,0x00000016,data,str_1051CF0C
0x1051CF24,0x0000001A,data,str_1051CF24
0x1051CF40,0x00000038,data,str_1051CF40
0x1051CF78,0x0000007E,data,str_1051CF78
0x1051CFF8,0x0000000C,data,str_1051CFF8
0x1051D004,0x00000012,data,str_1051D004
0x1051D018,0x00000008,data,str_1051D018
0x1051D020,0x0000002A,data,str_1051D020
0x1051D04C,0x00000018,data,str_1051D04C
0x1051D064,0x0000001C,data,str_1051D064
0x1051D080,0x00000070,data,str_1051D080
0x1051D0F0,0x0000002E,data,str_1051D0F0
0x1051D120,0x00000013,data,str_1051D120
0x1051D134,0x00000016,data,str_1051D134
0x1051D14C,0x00000029,data,str_1051D14C
0x1051D178,0x000000B0,data,str_1051D178
0x1051D228,0x00000030,data,str_1051D228
0x1051D258,0x0000007E,data,str_1051D258
0x1051D2D8,0x00000026,data,str_1051D2D8
0x1051D300,0x00000015,data,str_1051D300
0x1051D318,0x00000019,data,str_1051D318
0x1051D334,0x00000027,data,str_1051D334
0x1051D35C,0x00000018,data,str_1051D35C
0x1051D374,0x00000016,data,str_1051D374
0x1051D38C,0x0000002A,data,str_1051D38C
0x1051D3B8,0x00000032,data,str_1051D3B8
0x1051D3EC,0x00000019,data,str_1051D3EC
0x1051D408,0x00000043,data,str_1051D408
0x1051D44C,0x00000027,data,str_1051D44C
0x1051D474,0x00000015,data,str_1051D474
0x1051D48C,0x00000018,data,str_1051D48C
0x1051D4A4,0x00000020,data,str_1051D4A4
0x1051D4C8,0x000000D4,data,str_1051D4C8
0x1051D59C,0x00000034,data,str_1051D59C
0x1051D5D0,0x00000098,data,str_1051D5D0
0x1051D668,0x0000002A,data,str_1051D668
0x1051D694,0x00000017,data,str_1051D694
0x1051D6AC,0x0000001B,data,str_1051D6AC
0x1051D6C8,0x0000002C,data,str_1051D6C8
0x1051D6F4,0x00000015,data,str_1051D6F4
0x1051D710,0x00000055,data,str_1051D710
0x1051D768,0x00000017,data,str_1051D768
0x1051D780,0x0000003F,data,str_1051D780
0x1051D7C0,0x0000006D,data,str_1051D7C0
0x1051D830,0x00000032,data,str_1051D830
0x1051D868,0x0000004F,data,str_1051D868
0x1051D8B8,0x00000028,data,str_1051D8B8
0x1051D8E0,0x00000016,data,str_1051D8E0
0x1051D8F8,0x0000001A,data,str_1051D8F8
0x1051D918,0x0000005D,data,str_1051D918
0x1051D978,0x0000008C,data,str_1051D978
0x1051DA04,0x00000014,data,str_1051DA04
0x1051DA18,0x00000042,data,str_1051DA18
0x1051DA5C,0x00000032,data,str_1051DA5C
0x1051DA90,0x00000020,data,str_1051DA90
0x1051DAB0,0x00000024,data,str_1051DAB0
0x1051DAD8,0x0000005A,data,str_1051DAD8
0x1051DB34,0x00000015,data,str_1051DB34
0x1051DB4C,0x00000032,data,str_1051DB4C
0x1051DB80,0x00000017,data,str_1051DB80
0x1051DB98,0x00000035,data,str_1051DB98
0x1051DBD0,0x00000011,data,str_1051DBD0
0x1051DBE4,0x00000039,data,str_1051DBE4
0x1051DC20,0x0000004B,data,str_1051DC20
0x1051DC6C,0x00000034,data,str_1051DC6C
0x1051DCA0,0x00000010,data,str_1051DCA0
0x1051DCB0,0x00000014,data,str_1051DCB0
0x1051DCC8,0x0000004D,data,str_1051DCC8
0x1051DD18,0x0000002A,data,str_1051DD18
0x1051DD44,0x0000001F,data,str_1051DD44
0x1051DD64,0x0000002F,data,str_1051DD64
0x1051DD94,0x00000022,data,str_1051DD94
0x1051DDB8,0x00000051,data,str_1051DDB8
0x1051DE0C,0x00000021,data,str_1051DE0C
0x1051DE30,0x00000031,data,str_1051DE30
0x1051DE64,0x00000024,data,str_1051DE64
0x1051DE88,0x00000054,data,str_1051DE88
0x1051DEDC,0x00000013,data,str_1051DEDC
0x1051DEF0,0x00000028,data,str_1051DEF0
0x1051DF18,0x00000017,data,str_1051DF18
0x1051DF30,0x0000001B,data,str_1051DF30
0x1051DF50,0x0000005B,data,str_1051DF50
0x1051DFAC,0x0000001D,data,str_1051DFAC
0x1051DFCC,0x0000003A,data,str_1051DFCC
0x1051E008,0x00000023,data,str_1051E008
0x1051E030,0x00000049,data,str_1051E030
0x1051E07C,0x00000021,data,str_1051E07C
0x1051E0A0,0x00000031,data,str_1051E0A0
0x1051E0D4,0x00000020,data,str_1051E0D4
0x1051E0F4,0x00000024,data,str_1051E0F4
0x1051E118,0x00000039,data,str_1051E118
0x1051E154,0x0000002C,data,str_1051E154
0x1051E180,0x0000001B,data,str_1051E180
0x1051E19C,0x0000001F,data,str_1051E19C
0x1051E1BC,0x00000039,data,str_1051E1BC
0x1051E1F8,0x0000003B,data,str_1051E1F8
0x1051E234,0x0000000A,data,str_1051E234
0x1051E240,0x00000009,data,str_1051E240
0x1051E24C,0x0000000F,data,str_1051E24C
0x1051E260,0x0000004B,data,str_1051E260
0x1051E2AC,0x00000029,data,str_1051E2AC
0x1051E2D8,0x00000018,data,str_1051E2D8
0x1051E2F0,0x0000001C,data,str_1051E2F0
0x1051E30C,0x0000003C,data,str_1051E30C
0x1051E348,0x00000028,data,str_1051E348
0x1051E370,0x00000018,data,str_1051E370
0x1051E388,0x0000001C,data,str_1051E388
0x1051E3A4,0x00000037,data,str_1051E3A4
0x1051E3DC,0x0000002A,data,str_1051E3DC
0x1051E408,0x00000011,data,str_1051E408
0x1051E41C,0x0000001B,data,str_1051E41C
0x1051E438,0x00000013,data,str_1051E438
0x1051E44C,0x00000017,data,str_1051E44C
0x1051E464,0x00000016,data,str_1051E464
0x1051E47C,0x00000018,data,str_1051E47C
0x1051E494,0x00000025,data,str_1051E494
0x1051E4BC,0x00000012,data,str_1051E4BC
0x1051E4D0,0x00000013,data,str_1051E4D0
0x1051E4E4,0x00000016,data,str_1051E4E4
0x1051E4FC,0x00000025,data,str_1051E4FC
0x1051E524,0x00000028,data,str_1051E524
0x1051E54C,0x00000019,data,str_1051E54C
0x1051E568,0x0000001D,data,str_1051E568
0x1051E588,0x00000027,data,str_1051E588
0x1051E5B0,0x00000030,data,str_1051E5B0
0x1051E5E0,0x00000018,data,str_1051E5E0
0x1051E5F8,0x0000001E,data,str_1051E5F8
0x1051E618,0x0000003C,data,str_1051E618
0x1051E654,0x0000002C,data,str_1051E654
0x1051E680,0x00000010,data,str_1051E680
0x1051E690,0x00000063,data,str_1051E690
0x1051E6F8,0x0000004D,data,str_1051E6F8
0x1051E748,0x00000038,data,str_1051E748
0x1051E780,0x00000013,data,str_1051E780
0x1051E794,0x00000019,data,str_1051E794
0x1051E7B0,0x00000016,data,str_1051E7B0
0x1051E7C8,0x00000018,data,str_1051E7C8
0x1051E7E0,0x00000015,data,str_1051E7E0
0x1051E7F8,0x00000014,data,str_1051E7F8
0x1051E80C,0x00000013,data,str_1051E80C
0x1051E820,0x00000061,data,str_1051E820
0x1051E888,0x0000004B,data,str_1051E888
0x1051E8D4,0x00000036,data,str_1051E8D4
0x1051E90C,0x00000011,data,str_1051E90C
0x1051E920,0x00000017,data,str_1051E920
0x1051E938,0x0000000F,data,str_1051E938
0x1051E948,0x00000015,data,str_1051E948
0x1051E960,0x00000024,data,str_1051E960
0x1051E984,0x00000019,data,str_1051E984
0x1051E9A0,0x0000000C,data,str_1051E9A0
0x1051E9AC,0x00000012,data,str_1051E9AC
0x1051E9C0,0x0000001D,data,str_1051E9C0
0x1051E9E0,0x00000051,data,str_1051E9E0
0x1051EA34,0x00000017,data,str_1051EA34
0x1051EA4C,0x0000002E,data,str_1051EA4C
0x1051EA7C,0x0000001D,data,str_1051EA7C
0x1051EA9C,0x00000038,data,str_1051EA9C
0x1051EAD4,0x00000013,data,str_1051EAD4
0x1051EAE8,0x00000017,data,str_1051EAE8
0x1051EB00,0x00000032,data,str_1051EB00
0x1051EB34,0x00000014,data,str_1051EB34
0x1051EB48,0x00000018,data,str_1051EB48
0x1051EB60,0x00000014,data,str_1051EB60
0x1051EB74,0x00000033,data,str_1051EB74
0x1051EBA8,0x0000001D,data,str_1051EBA8
0x1051EBC8,0x00000021,data,str_1051EBC8
0x1051EBEC,0x0000003C,data,str_1051EBEC
0x1051EC28,0x00000013,data,str_1051EC28
0x1051EC3C,0x00000017,data,str_1051EC3C
0x1051EC54,0x00000032,data,str_1051EC54
0x1051EC88,0x00000016,data,str_1051EC88
0x1051ECA0,0x0000001A,data,str_1051ECA0
0x1051ECBC,0x00000035,data,str_1051ECBC
0x1051ECF4,0x00000017,data,str_1051ECF4
0x1051ED0C,0x0000002D,data,str_1051ED0C
0x1051ED3C,0x0000001C,data,str_1051ED3C
0x1051ED58,0x00000037,data,str_1051ED58
0x1051ED90,0x00000023,data,str_1051ED90
0x1051EDB4,0x00000039,data,str_1051EDB4
0x1051EDF0,0x0000001C,data,str_1051EDF0
0x1051EE0C,0x00000037,data,str_1051EE0C
0x1051EE44,0x00000034,data,str_1051EE44
0x1051EE78,0x0000001A,data,str_1051EE78
0x1051EE94,0x00000024,data,str_1051EE94
0x1051EEB8,0x00000035,data,str_1051EEB8
0x1051EEF0,0x00000024,data,str_1051EEF0
0x1051EF14,0x00000013,data,str_1051EF14
0x1051EF28,0x00000017,data,str_1051EF28
0x1051EF40,0x0000002F,data,str_1051EF40
0x1051EF70,0x00000032,data,str_1051EF70
0x1051EFA4,0x00000013,data,str_1051EFA4
0x1051EFB8,0x00000017,data,str_1051EFB8
0x1051EFD0,0x0000006B,data,str_1051EFD0
0x1051F03C,0x00000032,data,str_1051F03C
0x1051F070,0x0000002A,data,str_1051F070
0x1051F09C,0x00000018,data,str_1051F09C
0x1051F0B4,0x00000033,data,str_1051F0B4
0x1051F0E8,0x00000013,data,str_1051F0E8
0x1051F0FC,0x00000017,data,str_1051F0FC
0x1051F114,0x00000032,data,str_1051F114
0x1051F148,0x00000028,data,str_1051F148
0x1051F170,0x00000017,data,str_1051F170
0x1051F188,0x0000001B,data,str_1051F188
0x1051F1A8,0x00000053,data,str_1051F1A8
0x1051F1FC,0x00000036,data,str_1051F1FC
0x1051F234,0x00000018,data,str_1051F234
0x1051F24C,0x0000001C,data,str_1051F24C
0x1051F268,0x00000037,data,str_1051F268
0x1051F2A0,0x00000010,data,str_1051F2A0
0x1051F2B0,0x00000014,data,str_1051F2B0
0x1051F2C4,0x0000002F,data,str_1051F2C4
0x1051F2F4,0x00000015,data,str_1051F2F4
0x1051F30C,0x00000019,data,str_1051F30C
0x1051F328,0x00000034,data,str_1051F328
0x1051F35C,0x0000000E,data,str_1051F35C
0x1051F36C,0x0000000D,data,str_1051F36C
0x1051F37C,0x0000002B,data,str_1051F37C
0x1051F3A8,0x00000016,data,str_1051F3A8
0x1051F3C0,0x00000049,data,str_1051F3C0
0x1051F40C,0x00000031,data,str_1051F40C
0x1051F440,0x00000013,data,str_1051F440
0x1051F454,0x00000017,data,str_1051F454
0x1051F46C,0x00000017,data,str_1051F46C
0x1051F484,0x00000032,data,str_1051F484
0x1051F4B8,0x00000010,data,str_1051F4B8
0x1051F4C8,0x00000014,data,str_1051F4C8
0x1051F4E0,0x00000059,data,str_1051F4E0
0x1051F53C,0x0000002F,data,str_1051F53C
0x1051F56C,0x0000001C,data,str_1051F56C
0x1051F588,0x0000002D,data,str_1051F588
0x1051F5B8,0x00000017,data,str_1051F5B8
0x1051F5D0,0x0000003E,data,str_1051F5D0
0x1051F610,0x00000027,data,str_1051F610
0x1051F638,0x00000011,data,str_1051F638
0x1051F64C,0x00000020,data,str_1051F64C
0x1051F66C,0x0000003B,data,str_1051F66C
0x1051F6A8,0x00000010,data,str_1051F6A8
0x1051F6B8,0x00000014,data,str_1051F6B8
0x1051F6CC,0x00000033,data,str_1051F6CC
0x1051F700,0x00000015,data,str_1051F700
0x1051F718,0x00000019,data,str_1051F718
0x1051F734,0x00000034,data,str_1051F734
0x1051F768,0x00000034,data,str_1051F768
0x1051F79C,0x0000001A,data,str_1051F79C
0x1051F7B8,0x0000001E,data,str_1051F7B8
0x1051F7D8,0x00000039,data,str_1051F7D8
0x1051F814,0x00000010,data,str_1051F814
0x1051F824,0x00000014,data,str_1051F824
0x1051F838,0x0000002F,data,str_1051F838
0x1051F868,0x0000001A,data,str_1051F868
0x1051F884,0x0000001E,data,str_1051F884
0x1051F8A4,0x00000039,data,str_1051F8A4
0x1051F8E0,0x00000019,data,str_1051F8E0
0x1051F8FC,0x0000001D,data,str_1051F8FC
0x1051F91C,0x00000038,data,str_1051F91C
0x1051F954,0x00000019,data,str_1051F954
0x1051F970,0x0000001D,data,str_1051F970
0x1051F990,0x00000038,data,str_1051F990
0x1051F9C8,0x00000015,data,str_1051F9C8
0x1051F9E0,0x00000019,data,str_1051F9E0
0x1051F9FC,0x00000027,data,str_1051F9FC
0x1051FA24,0x00000034,data,str_1051FA24
0x1051FA58,0x00000029,data,str_1051FA58
0x1051FA84,0x00000017,data,str_1051FA84
0x1051FA9C,0x00000032,data,str_1051FA9C
0x1051FAD0,0x00000012,data,str_1051FAD0
0x1051FAE4,0x00000016,data,str_1051FAE4
0x1051FAFC,0x00000034,data,str_1051FAFC
0x1051FB30,0x00000031,data,str_1051FB30
0x1051FB64,0x00000015,data,str_1051FB64
0x1051FB7C,0x00000019,data,str_1051FB7C
0x1051FB98,0x00000034,data,str_1051FB98
0x1051FBCC,0x0000002C,data,str_1051FBCC
0x1051FBF8,0x0000001A,data,str_1051FBF8
0x1051FC14,0x00000035,data,str_1051FC14
0x1051FC4C,0x00000018,data,str_1051FC4C
0x1051FC64,0x0000002A,data,str_1051FC64
0x1051FC90,0x00000018,data,str_1051FC90
0x1051FCA8,0x00000033,data,str_1051FCA8
0x1051FCDC,0x0000001A,data,str_1051FCDC
0x1051FCF8,0x0000002C,data,str_1051FCF8
0x1051FD24,0x00000018,data,str_1051FD24
0x1051FD40,0x00000056,data,str_1051FD40
0x1051FD98,0x0000000F,data,str_1051FD98
0x1051FDA8,0x00000013,data,str_1051FDA8
0x1051FDC0,0x0000004D,data,str_1051FDC0
0x1051FE10,0x0000002E,data,str_1051FE10
0x1051FE40,0x00000016,data,str_1051FE40
0x1051FE58,0x0000002A,data,str_1051FE58
0x1051FE84,0x0000001A,data,str_1051FE84
0x1051FEA0,0x00000035,data,str_1051FEA0
0x1051FED8,0x00000016,data,str_1051FED8
0x1051FEF0,0x00000027,data,str_1051FEF0
0x1051FF18,0x00000017,data,str_1051FF18
0x1051FF30,0x00000032,data,str_1051FF30
0x1051FF64,0x0000001A,data,str_1051FF64
0x1051FF80,0x0000001E,data,str_1051FF80
0x1051FFA0,0x00000039,data,str_1051FFA0
0x1051FFDC,0x00000020,data,str_1051FFDC
0x1051FFFC,0x00000031,data,str_1051FFFC
0x10520030,0x00000017,data,str_10520030
0x10520048,0x00000031,data,str_10520048
0x1052007C,0x00000032,data,str_1052007C
0x105200B0,0x0000000C,data,str_105200B0
0x105200BC,0x00000019,data,str_105200BC
0x105200D8,0x00000013,data,str_105200D8
0x105200F0,0x00000049,data,str_105200F0
0x1052013C,0x0000002E,data,str_1052013C
0x1052016C,0x00000013,data,str_1052016C
0x10520180,0x00000017,data,str_10520180
0x10520198,0x00000050,data,str_10520198
0x105201E8,0x00000032,data,str_105201E8
0x1052021C,0x0000002D,data,str_1052021C
0x1052024C,0x0000001E,data,str_1052024C
0x1052026C,0x00000039,data,str_1052026C
0x105202A8,0x0000000F,data,str_105202A8
0x105202B8,0x0000002B,data,str_105202B8
0x105202E4,0x00000022,data,str_105202E4
0x10520308,0x0000003D,data,str_10520308
0x10520348,0x0000001E,data,str_10520348
0x10520368,0x00000033,data,str_10520368
0x1052039C,0x0000001B,data,str_1052039C
0x105203B8,0x00000036,data,str_105203B8
0x105203F0,0x00000016,data,str_105203F0
0x10520408,0x00000029,data,str_10520408
0x10520434,0x00000019,data,str_10520434
0x10520450,0x00000016,data,str_10520450
0x10520468,0x00000034,data,str_10520468
0x1052049C,0x0000001F,data,str_1052049C
0x105204BC,0x00000035,data,str_105204BC
0x105204F4,0x0000001C,data,str_105204F4
0x10520510,0x00000016,data,str_10520510
0x10520528,0x00000037,data,str_10520528
0x10520560,0x00000026,data,str_10520560
0x10520588,0x00000019,data,str_10520588
0x105205A8,0x00000049,data,str_105205A8
0x105205F4,0x00000034,data,str_105205F4
0x10520628,0x00000016,data,str_10520628
0x10520640,0x00000026,data,str_10520640
0x10520668,0x00000016,data,str_10520668
0x10520680,0x00000019,data,str_10520680
0x1052069C,0x00000031,data,str_1052069C
0x105206D0,0x00000018,data,str_105206D0
0x105206E8,0x0000001C,data,str_105206E8
0x10520704,0x00000037,data,str_10520704
0x1052073C,0x0000002B,data,str_1052073C
0x10520768,0x0000001E,data,str_10520768
0x10520788,0x00000039,data,str_10520788
0x105207C4,0x0000002A,data,str_105207C4
0x105207F0,0x0000001D,data,str_105207F0
0x10520810,0x00000038,data,str_10520810
0x10520848,0x0000001C,data,str_10520848
0x10520864,0x00000020,data,str_10520864
0x10520884,0x0000003B,data,str_10520884
0x105208C0,0x00000018,data,str_105208C0
0x105208D8,0x0000001C,data,str_105208D8
0x105208F4,0x00000037,data,str_105208F4
0x1052092C,0x00000025,data,str_1052092C
0x10520954,0x00000014,data,str_10520954
0x10520968,0x00000018,data,str_10520968
0x10520980,0x00000026,data,str_10520980
0x105209A8,0x00000033,data,str_105209A8
0x105209DC,0x00000014,data,str_105209DC
0x105209F0,0x00000028,data,str_105209F0
0x10520A18,0x0000001A,data,str_10520A18
0x10520A34,0x00000035,data,str_10520A34
0x10520A6C,0x0000001A,data,str_10520A6C
0x10520A88,0x00000015,data,str_10520A88
0x10520AA0,0x00000030,data,str_10520AA0
0x10520AD0,0x00000012,data,str_10520AD0
0x10520AE4,0x00000024,data,str_10520AE4
0x10520B08,0x00000018,data,str_10520B08
0x10520B20,0x0000001F,data,str_10520B20
0x10520B40,0x00000033,data,str_10520B40
0x10520B74,0x00000015,data,str_10520B74
0x10520B8C,0x00000019,data,str_10520B8C
0x10520BA8,0x00000034,data,str_10520BA8
0x10520BDC,0x00000018,data,str_10520BDC
0x10520BF4,0x00000027,data,str_10520BF4
0x10520C1C,0x0000001B,data,str_10520C1C
0x10520C38,0x00000093,data,str_10520C38
0x10520CCC,0x00000016,data,str_10520CCC
0x10520CE4,0x0000001A,data,str_10520CE4
0x10520D00,0x00000035,data,str_10520D00
0x10520D38,0x00000019,data,str_10520D38
0x10520D54,0x00000024,data,str_10520D54
0x10520D78,0x00000019,data,str_10520D78
0x10520D94,0x00000017,data,str_10520D94
0x10520DAC,0x0000001D,data,str_10520DAC
0x10520DCC,0x00000038,data,str_10520DCC
0x10520E04,0x0000001B,data,str_10520E04
0x10520E20,0x0000004B,data,str_10520E20
0x10520E6C,0x00000014,data,str_10520E6C
0x10520E80,0x00000052,data,str_10520E80
0x10520ED8,0x00000045,data,str_10520ED8
0x10520F20,0x00000042,data,str_10520F20
0x10520F64,0x00000033,data,str_10520F64
0x10520F98,0x00000016,data,str_10520F98
0x10520FB0,0x00000040,data,str_10520FB0
0x10520FF0,0x0000001B,data,str_10520FF0
0x10521010,0x00000050,data,str_10521010
0x10521060,0x0000004D,data,str_10521060
0x105210B0,0x00000047,data,str_105210B0
0x105210F8,0x0000000E,data,str_105210F8
0x10521108,0x0000004A,data,str_10521108
0x10521154,0x0000000A,data,str_10521154
0x10521160,0x00000031,data,str_10521160
0x10521194,0x0000002F,data,str_10521194
0x105211C4,0x00000017,data,str_105211C4
0x105211E0,0x00000042,data,str_105211E0
0x10521224,0x00000014,data,str_10521224
0x10521238,0x0000002F,data,str_10521238
0x10521268,0x00000015,data,str_10521268
0x10521280,0x00000050,data,str_10521280
0x105212D0,0x0000001C,data,str_105212D0
0x105212EC,0x00000014,data,str_105212EC
0x10521300,0x00000011,data,str_10521300
0x10521314,0x00000016,data,str_10521314
0x1052132C,0x0000001B,data,str_1052132C
0x10521348,0x0000000E,data,str_10521348
0x10521358,0x0000000A,data,str_10521358
0x10521364,0x00000012,data,str_10521364
0x10521378,0x0000001D,data,str_10521378
0x10521398,0x0000001E,data,str_10521398
0x105213B8,0x00000013,data,str_105213B8
0x105213CC,0x0000001D,data,str_105213CC
0x105213EC,0x00000024,data,str_105213EC
0x10521410,0x00000017,data,str_10521410
0x10521428,0x00000036,data,str_10521428
0x10521460,0x00000049,data,str_10521460
0x105214AC,0x00000017,data,str_105214AC
0x105214C4,0x00000027,data,str_105214C4
0x105214EC,0x0000001A,data,str_105214EC
0x10521508,0x00000049,data,str_10521508
0x10521554,0x00000015,data,str_10521554
0x1052156C,0x00000025,data,str_1052156C
0x10521594,0x00000018,data,str_10521594
0x105215AC,0x00000038,data,str_105215AC
0x105215E4,0x00000012,data,str_105215E4
0x105215F8,0x00000022,data,str_105215F8
0x1052161C,0x00000015,data,str_1052161C
0x10521638,0x00000061,data,str_10521638
0x1052169C,0x00000035,data,str_1052169C
0x105216D4,0x00000013,data,str_105216D4
0x105216E8,0x0000001B,data,str_105216E8
0x10521704,0x00000017,data,str_10521704
0x1052171C,0x00000027,data,str_1052171C
0x10521744,0x00000016,data,str_10521744
0x1052175C,0x00000009,data,str_1052175C
0x10521768,0x00000006,data,str_10521768
0x10521770,0x00000008,data,str_10521770
0x10521778,0x0000000F,data,str_10521778
0x10521788,0x00000013,data,str_10521788
0x1052179C,0x0000001A,data,str_1052179C
0x105217B8,0x0000004D,data,str_105217B8
0x10521808,0x00000014,data,str_10521808
0x1052181C,0x00000023,data,str_1052181C
0x10521840,0x00000017,data,str_10521840
0x10521858,0x00000035,data,str_10521858
0x10521890,0x00000013,data,str_10521890
0x105218A4,0x00000017,data,str_105218A4
0x105218BC,0x00000011,data,str_105218BC
0x105218D0,0x00000015,data,str_105218D0
0x105218E8,0x00000022,data,str_105218E8
0x10521910,0x0000004E,data,str_10521910
0x10521960,0x00000011,data,str_10521960
0x10521974,0x00000015,data,str_10521974
0x1052198C,0x0000001A,data,str_1052198C
0x105219A8,0x0000001E,data,str_105219A8
0x105219C8,0x00000019,data,str_105219C8
0x105219E4,0x00000031,data,str_105219E4
0x10521A18,0x0000000D,data,str_10521A18
0x10521A28,0x00000024,data,str_10521A28
0x10521A4C,0x00000017,data,str_10521A4C
0x10521A68,0x000000A8,data,str_10521A68
0x10521B10,0x0000003F,data,str_10521B10
0x10521B50,0x00000014,data,str_10521B50
0x10521B64,0x00000018,data,str_10521B64
0x10521B7C,0x00000035,data,str_10521B7C
0x10521BB4,0x00000014,data,str_10521BB4
0x10521BC8,0x00000018,data,str_10521BC8
0x10521BE0,0x00000011,data,str_10521BE0
0x10521BF4,0x00000034,data,str_10521BF4
0x10521C28,0x00000035,data,str_10521C28
0x10521C60,0x0000000D,data,str_10521C60
0x10521C70,0x00000013,data,str_10521C70
0x10521C84,0x0000000E,data,str_10521C84
0x10521C94,0x00000024,data,str_10521C94
0x10521CB8,0x00000015,data,str_10521CB8
0x10521CD0,0x00000019,data,str_10521CD0
0x10521CEC,0x0000003C,data,str_10521CEC
0x10521D28,0x00000017,data,str_10521D28
0x10521D40,0x0000001B,data,str_10521D40
0x10521D5C,0x0000003D,data,str_10521D5C
0x10521D9C,0x00000014,data,str_10521D9C
0x10521DB0,0x00000018,data,str_10521DB0
0x10521DC8,0x0000003A,data,str_10521DC8
0x10521E04,0x00000014,data,str_10521E04
0x10521E18,0x00000018,data,str_10521E18
0x10521E30,0x00000031,data,str_10521E30
0x10521E64,0x0000003A,data,str_10521E64
0x10521EA0,0x00000012,data,str_10521EA0
0x10521EB4,0x00000017,data,str_10521EB4
0x10521ECC,0x00000023,data,str_10521ECC
0x10521EF0,0x00000013,data,str_10521EF0
0x10521F04,0x00000017,data,str_10521F04
0x10521F20,0x0000004C,data,str_10521F20
0x10521F70,0x00000048,data,str_10521F70
0x10521FB8,0x0000001A,data,str_10521FB8
0x10521FD4,0x0000001E,data,str_10521FD4
0x10521FF8,0x00000057,data,str_10521FF8
0x10522050,0x00000028,data,str_10522050
0x10522078,0x0000001B,data,str_10522078
0x10522098,0x0000006B,data,str_10522098
0x10522104,0x00000027,data,str_10522104
0x1052212C,0x0000001A,data,str_1052212C
0x10522148,0x0000000C,data,str_10522148
0x10522158,0x000000D7,data,str_10522158
0x10522230,0x0000001C,data,str_10522230
0x1052224C,0x00000018,data,str_1052224C
0x10522264,0x0000000E,data,str_10522264
0x10522274,0x0000002D,data,str_10522274
0x105222A4,0x00000017,data,str_105222A4
0x105222BC,0x0000001B,data,str_105222BC
0x105222D8,0x00000017,data,str_105222D8
0x105222F0,0x0000005D,data,str_105222F0
0x10522350,0x00000012,data,str_10522350
0x10522364,0x0000002D,data,str_10522364
0x10522394,0x00000026,data,str_10522394
0x105223BC,0x00000016,data,str_105223BC
0x105223D4,0x0000001A,data,str_105223D4
0x105223F0,0x0000000D,data,str_105223F0
0x10522400,0x00000013,data,str_10522400
0x10522418,0x0000004D,data,str_10522418
0x10522468,0x00000011,data,str_10522468
0x1052247C,0x0000000D,data,str_1052247C
0x1052248C,0x00000011,data,str_1052248C
0x105224A0,0x00000017,data,str_105224A0
0x105224B8,0x00000018,data,str_105224B8
0x105224D0,0x00000012,data,str_105224D0
0x105224E8,0x0000006A,data,str_105224E8
0x10522554,0x00000015,data,str_10522554
0x1052256C,0x00000015,data,str_1052256C
0x10522588,0x00000052,data,str_10522588
0x105225DC,0x00000011,data,str_105225DC
0x105225F0,0x00000025,data,str_105225F0
0x1052261C,0x00000010,data,str_1052261C
0x1052262C,0x0000000D,data,str_1052262C
0x1052263C,0x00000011,data,str_1052263C
0x10522650,0x00000017,data,str_10522650
0x10522668,0x00000018,data,str_10522668
0x10522680,0x00000012,data,str_10522680
0x10522694,0x00000015,data,str_10522694
0x105226AC,0x00000015,data,str_105226AC
0x105226C4,0x00000026,data,str_105226C4
0x105226EC,0x00000017,data,str_105226EC
0x10522704,0x0000001B,data,str_10522704
0x10522720,0x00000053,data,str_10522720
0x10522778,0x0000005F,data,str_10522778
0x105227D8,0x0000001F,data,str_105227D8
0x105227F8,0x00000013,data,str_105227F8
0x1052280C,0x00000017,data,str_1052280C
0x10522828,0x00000053,data,str_10522828
0x10522880,0x0000004E,data,str_10522880
0x105228D0,0x0000001F,data,str_105228D0
0x105228F0,0x00000015,data,str_105228F0
0x10522908,0x0000000B,data,str_10522908
0x10522914,0x00000032,data,str_10522914
0x10522948,0x0000001D,data,str_10522948
0x10522968,0x00000014,data,str_10522968
0x1052297C,0x0000001A,data,str_1052297C
0x10522998,0x0000001B,data,str_10522998
0x105229B4,0x0000001D,data,str_105229B4
0x105229D4,0x00000021,data,str_105229D4
0x105229F8,0x00000018,data,str_105229F8
0x10522A10,0x0000004F,data,str_10522A10
0x10522A60,0x0000000C,data,str_10522A60
0x10522A6C,0x0000000E,data,str_10522A6C
0x10522A7C,0x00000027,data,str_10522A7C
0x10522AA4,0x0000001D,data,str_10522AA4
0x10522AC4,0x00000021,data,str_10522AC4
0x10522AE8,0x00000019,data,str_10522AE8
0x10522B04,0x00000031,data,str_10522B04
0x10522B38,0x00000017,data,str_10522B38
0x10522B50,0x00000018,data,str_10522B50
0x10522B68,0x0000003D,data,str_10522B68
0x10522BA8,0x00000026,data,str_10522BA8
0x10522BD0,0x0000001B,data,str_10522BD0
0x10522BEC,0x00000015,data,str_10522BEC
0x10522C04,0x0000001F,data,str_10522C04
0x10522C24,0x0000000B,data,str_10522C24
0x10522C30,0x00000010,data,str_10522C30
0x10522C40,0x00000034,data,str_10522C40
0x10522C74,0x0000003D,data,str_10522C74
0x10522CB4,0x00000023,data,str_10522CB4
0x10522CD8,0x00000018,data,str_10522CD8
0x10522CF0,0x0000001C,data,str_10522CF0
0x10522D0C,0x0000001B,data,str_10522D0C
0x10522D28,0x0000001F,data,str_10522D28
0x10522D48,0x00000016,data,str_10522D48
0x10522D60,0x00000013,data,str_10522D60
0x10522D74,0x00000029,data,str_10522D74
0x10522DA0,0x0000001C,data,str_10522DA0
0x10522DBC,0x0000001B,data,str_10522DBC
0x10522DD8,0x0000001F,data,str_10522DD8
0x10522DF8,0x0000001A,data,str_10522DF8
0x10522E14,0x0000001E,data,str_10522E14
0x10522E34,0x00000016,data,str_10522E34
0x10522E4C,0x0000001A,data,str_10522E4C
0x10522E68,0x00000017,data,str_10522E68
0x10522E80,0x0000001B,data,str_10522E80
0x10522E9C,0x00000022,data,str_10522E9C
0x10522EC0,0x00000014,data,str_10522EC0
0x10522ED4,0x00000024,data,str_10522ED4
0x10522EF8,0x0000001B,data,str_10522EF8
0x10522F14,0x00000021,data,str_10522F14
0x10522F38,0x0000001C,data,str_10522F38
0x10522F54,0x0000001B,data,str_10522F54
0x10522F70,0x0000001D,data,str_10522F70
0x10522F90,0x0000001A,data,str_10522F90
0x10522FAC,0x0000001D,data,str_10522FAC
0x10522FCC,0x0000001A,data,str_10522FCC
0x10522FE8,0x0000001B,data,str_10522FE8
0x10523004,0x0000001E,data,str_10523004
0x10523024,0x00000019,data,str_10523024
0x10523040,0x0000001A,data,str_10523040
0x1052305C,0x0000001C,data,str_1052305C
0x10523078,0x0000001E,data,str_10523078
0x10523098,0x0000001E,data,str_10523098
0x105230B8,0x0000003D,data,str_105230B8
0x105230F8,0x00000027,data,str_105230F8
0x10523120,0x0000001A,data,str_10523120
0x1052313C,0x0000001F,data,str_1052313C
0x1052315C,0x00000021,data,str_1052315C
0x10523180,0x00000022,data,str_10523180
0x105231A4,0x00000022,data,str_105231A4
0x105231C8,0x00000024,data,str_105231C8
0x105231EC,0x00000024,data,str_105231EC
0x10523210,0x0000001B,data,str_10523210
0x1052322C,0x0000001B,data,str_1052322C
0x10523248,0x00000031,data,str_10523248
0x1052327C,0x00000021,data,str_1052327C
0x105232A0,0x0000001C,data,str_105232A0
0x105232BC,0x00000018,data,str_105232BC
0x105232D4,0x0000000D,data,str_105232D4
0x105232E4,0x00000016,data,str_105232E4
0x105232FC,0x0000000D,data,str_105232FC
0x1052330C,0x00000022,data,str_1052330C
0x10523330,0x00000008,data,str_10523330
0x10523338,0x00000008,data,str_10523338
0x10523340,0x0000000A,data,str_10523340
0x1052334C,0x0000000A,data,str_1052334C
0x10523358,0x0000000E,data,str_10523358
0x10523368,0x0000001B,data,str_10523368
0x10523384,0x00000012,data,str_10523384
0x10523398,0x00000024,data,str_10523398
0x105233BC,0x00000018,data,str_105233BC
0x105233D4,0x00000015,data,str_105233D4
0x105233EC,0x00000019,data,str_105233EC
0x10523408,0x0000000C,data,str_10523408
0x10523414,0x00000033,data,str_10523414
0x10523448,0x00000028,data,str_10523448
0x10523470,0x0000002C,data,str_10523470
0x1052349C,0x00000010,data,str_1052349C
0x105234AC,0x00000016,data,str_105234AC
0x105234C4,0x00000014,data,str_105234C4
0x105234D8,0x00000017,data,str_105234D8
0x105234F0,0x0000000D,data,str_105234F0
0x10523500,0x00000018,data,str_10523500
0x10523518,0x00000021,data,str_10523518
0x1052353C,0x00000016,data,str_1052353C
0x10523554,0x0000001F,data,str_10523554
0x10523574,0x00000027,data,str_10523574
0x1052359C,0x00000022,data,str_1052359C
0x105235C0,0x00000024,data,str_105235C0
0x105235E4,0x0000001F,data,str_105235E4
0x10523604,0x00000020,data,str_10523604
0x10523624,0x00000024,data,str_10523624
0x10523648,0x0000002C,data,str_10523648
0x10523674,0x00000020,data,str_10523674
0x10523694,0x00000020,data,str_10523694
0x105236B4,0x0000001E,data,str_105236B4
0x105236D4,0x00000024,data,str_105236D4
0x105236F8,0x00000025,data,str_105236F8
0x10523720,0x0000001E,data,str_10523720
0x10523740,0x00000021,data,str_10523740
0x10523764,0x0000001F,data,str_10523764
0x10523784,0x0000001A,data,str_10523784
0x105237A0,0x0000000D,data,str_105237A0
0x105237B0,0x0000001D,data,str_105237B0
0x105237D0,0x0000001E,data,str_105237D0
0x105237F0,0x0000002D,data,str_105237F0
0x10523820,0x0000001B,data,str_10523820
0x1052383C,0x0000001C,data,str_1052383C
0x10523858,0x00000027,data,str_10523858
0x10523880,0x00000022,data,str_10523880
0x105238A4,0x00000027,data,str_105238A4
0x105238CC,0x00000020,data,str_105238CC
0x105238EC,0x0000001E,data,str_105238EC
0x1052390C,0x00000015,data,str_1052390C
0x10523924,0x0000002A,data,str_10523924
0x10523950,0x0000001E,data,str_10523950
0x10523970,0x00000016,data,str_10523970
0x10523988,0x00000039,data,str_10523988
0x105239C4,0x0000001B,data,str_105239C4
0x105239E0,0x0000002E,data,str_105239E0
0x10523A10,0x0000001E,data,str_10523A10
0x10523A30,0x00000019,data,str_10523A30
0x10523A4C,0x00000019,data,str_10523A4C
0x10523A68,0x0000001A,data,str_10523A68
0x10523A84,0x00000008,data,str_10523A84
0x10523A8C,0x0000002F,data,str_10523A8C
0x10523ABC,0x00000035,data,str_10523ABC
0x10523AF4,0x00000034,data,str_10523AF4
0x10523B28,0x0000000E,data,str_10523B28
0x10523B38,0x00000033,data,str_10523B38
0x10523B6C,0x00000015,data,str_10523B6C
0x10523B84,0x00000032,data,str_10523B84
0x10523BB8,0x00000029,data,str_10523BB8
0x10523BE8,0x00000055,data,str_10523BE8
0x10523C40,0x00000031,data,str_10523C40
0x10523C74,0x0000000D,data,str_10523C74
0x10523C88,0x00000025,data,str_10523C88
0x10523CB0,0x00000027,data,str_10523CB0
0x10523CD8,0x0000000E,data,str_10523CD8
0x10523CE8,0x00000028,data,str_10523CE8
0x10523D10,0x00000016,data,str_10523D10
0x10523D28,0x00000030,data,str_10523D28
0x10523D58,0x00000029,data,str_10523D58
0x10523D84,0x00000025,data,str_10523D84
0x10523DAC,0x00000019,data,str_10523DAC
0x10523DC8,0x0000000B,data,str_10523DC8
0x10523DD4,0x0000001B,data,str_10523DD4
0x10523DF0,0x00000028,data,str_10523DF0
0x10523E1C,0x00000018,data,str_10523E1C
0x10523E34,0x00000016,data,str_10523E34
0x10523E4C,0x00000016,data,str_10523E4C
0x10523E64,0x00000015,data,str_10523E64
0x10523E7C,0x00000012,data,str_10523E7C
0x10523E90,0x0000001C,data,str_10523E90
0x10523EAC,0x00000024,data,str_10523EAC
0x10523ED0,0x00000020,data,str_10523ED0
0x10523EF0,0x00000012,data,str_10523EF0
0x10523F04,0x00000006,data,str_10523F04
0x10523F0C,0x00000007,data,str_10523F0C
0x10523F14,0x00000012,data,str_10523F14
0x10523F28,0x00000008,data,str_10523F28
0x10523F30,0x0000000A,data,str_10523F30
0x10523F3C,0x00000011,data,str_10523F3C
0x10523F50,0x00000035,data,str_10523F50
0x10523F88,0x0000001F,data,str_10523F88
0x10523FA8,0x00000018,data,str_10523FA8
0x10523FC0,0x00000016,data,str_10523FC0
0x10523FD8,0x00000035,data,str_10523FD8
0x10524010,0x00000022,data,str_10524010
0x10524034,0x00000027,data,str_10524034
0x1052405C,0x0000001E,data,str_1052405C
0x1052407C,0x00000019,data,str_1052407C
0x10524098,0x00000038,data,str_10524098
0x105240D0,0x00000018,data,str_105240D0
0x105240E8,0x0000003A,data,str_105240E8
0x10524124,0x0000002E,data,str_10524124
0x10524154,0x0000001D,data,str_10524154
0x10524174,0x00000032,data,str_10524174
0x105241A8,0x0000001A,data,str_105241A8
0x105241C4,0x0000000C,data,str_105241C4
0x105241D0,0x00000021,data,str_105241D0
0x105241F4,0x00000022,data,str_105241F4
0x10524218,0x00000034,data,str_10524218
0x10524250,0x00000056,data,str_10524250
0x105242A8,0x00000029,data,str_105242A8
0x105242D4,0x00000020,data,str_105242D4
0x105242F4,0x0000001A,data,str_105242F4
0x10524310,0x0000004C,data,str_10524310
0x10524360,0x00000054,data,str_10524360
0x105243B4,0x0000002E,data,str_105243B4
0x105243E4,0x00000036,data,str_105243E4
0x1052441C,0x00000034,data,str_1052441C
0x10524450,0x0000003C,data,str_10524450
0x10524490,0x0000004D,data,str_10524490
0x105244E0,0x00000055,data,str_105244E0
0x10524538,0x00000040,data,str_10524538
0x10524578,0x00000048,data,str_10524578
0x105245C0,0x00000074,data,str_105245C0
0x10524634,0x0000000E,data,str_10524634
0x10524644,0x0000002A,data,str_10524644
0x10524670,0x00000023,data,str_10524670
0x10524694,0x00000012,data,str_10524694
0x105246A8,0x00000019,data,str_105246A8
0x105246C4,0x00000025,data,str_105246C4
0x105246EC,0x00000017,data,str_105246EC
0x10524704,0x00000029,data,str_10524704
0x10524730,0x00000015,data,str_10524730
0x10524748,0x0000002E,data,str_10524748
0x10524778,0x00000012,data,str_10524778
0x1052478C,0x00000014,data,str_1052478C
0x105247A0,0x00000012,data,str_105247A0
0x105247B4,0x00000017,data,str_105247B4
0x105247CC,0x00000018,data,str_105247CC
0x105247E4,0x00000019,data,str_105247E4
0x10524800,0x00000029,data,str_10524800
0x1052482C,0x0000001E,data,str_1052482C
0x1052484C,0x00000023,data,str_1052484C
0x10524870,0x00000013,data,str_10524870
0x10524884,0x0000000D,data,str_10524884
0x10524894,0x0000000E,data,str_10524894
0x105248A4,0x00000017,data,str_105248A4
0x105248BC,0x0000001F,data,str_105248BC
0x105248DC,0x00000027,data,str_105248DC
0x10524904,0x0000001E,data,str_10524904
0x10524924,0x0000001D,data,str_10524924
0x10524944,0x00000008,data,str_10524944
0x1052494C,0x0000000B,data,str_1052494C
0x10524958,0x0000000B,data,str_10524958
0x10524964,0x0000000B,data,str_10524964
0x10524974,0x00000014,data,str_10524974
0x10524988,0x0000001E,data,str_10524988
0x105249A8,0x00000048,data,str_105249A8
0x105249F0,0x0000003E,data,str_105249F0
0x10524A30,0x00000010,data,str_10524A30
0x10524A40,0x00000028,data,str_10524A40
0x10524A68,0x00000048,data,str_10524A68
0x10524AB0,0x00000013,data,str_10524AB0
0x10524AC4,0x00000027,data,str_10524AC4
0x10524AEC,0x00000026,data,str_10524AEC
0x10524B14,0x00000018,data,str_10524B14
0x10524B2C,0x00000025,data,str_10524B2C
0x10524B54,0x00000024,data,str_10524B54
0x10524B78,0x00000007,data,str_10524B78
0x10524B80,0x0000001D,data,str_10524B80
0x10524BA0,0x00000006,data,str_10524BA0
0x10524BA8,0x00000023,data,str_10524BA8
0x10524BCC,0x00000012,data,str_10524BCC
0x10524BE0,0x00000014,data,str_10524BE0
0x10524BF4,0x00000034,data,str_10524BF4
0x105268B0,0x00000004,data,str_105268B0
0x105268B4,0x00000006,data,str_105268B4
0x105268BC,0x00000006,data,str_105268BC
0x105268C4,0x00000006,data,str_105268C4
0x105268CC,0x00000006,data,str_105268CC
0x105268D4,0x00000006,data,str_105268D4
0x105268DC,0x00000006,data,str_105268DC
0x105268E4,0x00000006,data,str_105268E4
0x105268EC,0x00000006,data,str_105268EC
0x105268F4,0x00000005,data,str_105268F4
0x105268FC,0x00000004,data,str_105268FC
0x10526904,0x00000012,data,str_10526904
0x10526918,0x00000014,data,str_10526918
0x1052692C,0x0000000F,data,str_1052692C
0x1052693C,0x00000011,data,str_1052693C
0x10526950,0x0000001B,data,str_10526950
0x1052696C,0x0000001D,data,str_1052696C
0x1052698C,0x00000015,data,str_1052698C
0x105269A4,0x00000017,data,str_105269A4
0x105269BC,0x00000014,data,str_105269BC
0x105269D0,0x00000016,data,str_105269D0
0x105269E8,0x00000017,data,str_105269E8
0x10526A00,0x00000019,data,str_10526A00
0x10526A1C,0x00000015,data,str_10526A1C
0x10526A34,0x00000017,data,str_10526A34
0x10526A4C,0x0000000E,data,str_10526A4C
0x10526A5C,0x00000010,data,str_10526A5C
0x10526A6C,0x0000000F,data,str_10526A6C
0x10526A7C,0x00000011,data,str_10526A7C
0x10526A90,0x0000000C,data,str_10526A90
0x10526A9C,0x00000011,data,str_10526A9C
0x10526AB0,0x0000000E,data,str_10526AB0
0x10526AC0,0x0000000D,data,str_10526AC0
0x10526AD0,0x0000000B,data,str_10526AD0
0x10526ADC,0x0000000B,data,str_10526ADC
0x10526AE8,0x0000000C,data,str_10526AE8
0x10526AF4,0x00000019,data,str_10526AF4
0x10526B10,0x00000018,data,str_10526B10
0x10526B28,0x00000018,data,str_10526B28
0x10526B40,0x0000000B,data,str_10526B40
0x10526B4C,0x0000000B,data,str_10526B4C
0x10526B58,0x0000000C,data,str_10526B58
0x10526B64,0x00000006,data,str_10526B64
0x10526B6C,0x00000006,data,str_10526B6C
0x10526B74,0x00000007,data,str_10526B74
0x10526B7C,0x00000006,data,str_10526B7C
0x10526B84,0x00000006,data,str_10526B84
0x10526B8C,0x00000009,data,str_10526B8C
0x10526B98,0x0000000C,data,str_10526B98
0x10526BA4,0x00000006,data,str_10526BA4
0x10526BAC,0x00000006,data,str_10526BAC
0x10526BB4,0x00000007,data,str_10526BB4
0x10526BBC,0x00000007,data,str_10526BBC
0x10526BC4,0x00000007,data,str_10526BC4
0x10526BCC,0x00000008,data,str_10526BCC
0x10526BD4,0x00000007,data,str_10526BD4
0x10526BDC,0x00000008,data,str_10526BDC
0x10526BE4,0x00000006,data,str_10526BE4
0x10526BEC,0x00000006,data,str_10526BEC
0x10526BF4,0x00000009,data,str_10526BF4
0x10526C00,0x00000006,data,str_10526C00
0x10526C08,0x00000007,data,str_10526C08
0x10526C10,0x00000007,data,str_10526C10
0x10526C18,0x00000008,data,str_10526C18
0x10526C20,0x00000008,data,str_10526C20
0x10526C28,0x0000000F,data,str_10526C28
0x10526C38,0x0000000F,data,str_10526C38
0x10526C48,0x0000000B,data,str_10526C48
0x10526C54,0x0000000B,data,str_10526C54
0x10526C60,0x00000010,data,str_10526C60
0x10526C70,0x00000012,data,str_10526C70
0x10526C84,0x0000001B,data,str_10526C84
0x10526CA0,0x0000001C,data,str_10526CA0
0x10526CBC,0x00000016,data,str_10526CBC
0x10526CD4,0x00000011,data,str_10526CD4
0x10526CE8,0x00000016,data,str_10526CE8
0x10526D00,0x00000017,data,str_10526D00
0x10526D18,0x00000011,data,str_10526D18
0x10526D2C,0x00000023,data,str_10526D2C
0x10526D50,0x00000024,data,str_10526D50
0x10526D74,0x0000001E,data,str_10526D74
0x10526D94,0x0000001F,data,str_10526D94
0x10526DB4,0x0000001D,data,str_10526DB4
0x10526DD4,0x0000001E,data,str_10526DD4
0x10526DF4,0x00000015,data,str_10526DF4
0x10526E0C,0x00000016,data,str_10526E0C
0x10526E24,0x00000010,data,str_10526E24
0x10526E34,0x00000007,data,str_10526E34
0x10526E3C,0x00000010,data,str_10526E3C
0x10526E4C,0x00000007,data,str_10526E4C
0x10526E54,0x00000010,data,str_10526E54
0x10526E64,0x00000007,data,str_10526E64
0x10526E6C,0x00000010,data,str_10526E6C
0x10526E7C,0x00000006,data,str_10526E7C
0x10526E84,0x0000000F,data,str_10526E84
0x10526E94,0x00000006,data,str_10526E94
0x10526E9C,0x0000000F,data,str_10526E9C
0x10526EAC,0x00000006,data,str_10526EAC
0x10526EB4,0x0000000F,data,str_10526EB4
0x10526EC4,0x00000006,data,str_10526EC4
0x10526ECC,0x0000000F,data,str_10526ECC
0x10526EDC,0x0000000E,data,str_10526EDC
0x10526EEC,0x00000006,data,str_10526EEC
0x10526EF4,0x00000006,data,str_10526EF4
0x10526EFC,0x00000008,data,str_10526EFC
0x10526F04,0x0000000F,data,str_10526F04
0x10526F14,0x0000000F,data,str_10526F14
0x10526F24,0x0000000F,data,str_10526F24
0x10526F34,0x00000008,data,str_10526F34
0x10526F3C,0x00000011,data,str_10526F3C
0x10526F50,0x00000013,data,str_10526F50
0x10526F64,0x0000001C,data,str_10526F64
0x10526F80,0x0000001D,data,str_10526F80
0x10526FA0,0x00000017,data,str_10526FA0
0x10526FB8,0x00000012,data,str_10526FB8
0x10526FCC,0x00000017,data,str_10526FCC
0x10526FE4,0x00000018,data,str_10526FE4
0x10526FFC,0x00000012,data,str_10526FFC
0x10527010,0x00000024,data,str_10527010
0x10527034,0x00000025,data,str_10527034
0x1052705C,0x0000001F,data,str_1052705C
0x1052707C,0x00000020,data,str_1052707C
0x1052709C,0x0000001E,data,str_1052709C
0x105270BC,0x0000001F,data,str_105270BC
0x105270DC,0x00000016,data,str_105270DC
0x105270F4,0x00000017,data,str_105270F4
0x1052710C,0x00000011,data,str_1052710C
0x10527120,0x00000008,data,str_10527120
0x10527128,0x00000011,data,str_10527128
0x1052713C,0x00000008,data,str_1052713C
0x10527144,0x00000011,data,str_10527144
0x10527158,0x00000008,data,str_10527158
0x10527160,0x00000011,data,str_10527160
0x10527174,0x00000007,data,str_10527174
0x1052717C,0x00000010,data,str_1052717C
0x1052718C,0x00000007,data,str_1052718C
0x10527194,0x00000010,data,str_10527194
0x105271A4,0x0000000F,data,str_105271A4
0x105271B4,0x00000004,data,str_105271B4
0x105271B8,0x00000005,data,str_105271B8
0x105271C0,0x00000004,data,str_105271C0
0x105271C4,0x00000005,data,str_105271C4
0x105271CC,0x0000000C,data,str_105271CC
0x105271D8,0x00000007,data,str_105271D8
0x105271E0,0x0000000A,data,str_105271E0
0x105271EC,0x00000009,data,str_105271EC
0x105271F8,0x00000008,data,str_105271F8
0x10527200,0x00000009,data,str_10527200
0x1052720C,0x00000009,data,str_1052720C
0x10527218,0x00000009,data,str_10527218
0x10527224,0x00000009,data,str_10527224
0x10527230,0x00000009,data,str_10527230
0x1052723C,0x00000009,data,str_1052723C
0x10527248,0x00000009,data,str_10527248
0x10527254,0x00000009,data,str_10527254
0x10527260,0x00000009,data,str_10527260
0x1052726C,0x00000006,data,str_1052726C
0x10527274,0x00000007,data,str_10527274
0x1052727C,0x00000008,data,str_1052727C
0x10527284,0x00000008,data,str_10527284
0x1052728C,0x00000008,data,str_1052728C
0x10527294,0x00000008,data,str_10527294
0x1052729C,0x00000008,data,str_1052729C
0x105272A4,0x00000008,data,str_105272A4
0x105272AC,0x00000007,data,str_105272AC
0x105272B4,0x00000007,data,str_105272B4
0x105272BC,0x00000009,data,str_105272BC
0x105272C8,0x0000000A,data,str_105272C8
0x105272D4,0x0000000A,data,str_105272D4
0x105272E0,0x0000000B,data,str_105272E0
0x105272EC,0x0000000A,data,str_105272EC
0x105272F8,0x0000000B,data,str_105272F8
0x10527304,0x0000000A,data,str_10527304
0x10527310,0x0000000B,data,str_10527310
0x1052731C,0x0000000A,data,str_1052731C
0x10527328,0x0000000B,data,str_10527328
0x10527334,0x0000000A,data,str_10527334
0x10527340,0x0000000B,data,str_10527340
0x1052734C,0x0000000A,data,str_1052734C
0x10527358,0x0000000B,data,str_10527358
0x10527364,0x0000000A,data,str_10527364
0x10527370,0x0000000B,data,str_10527370
0x1052737C,0x0000000A,data,str_1052737C
0x10527388,0x0000000B,data,str_10527388
0x10527394,0x0000000A,data,str_10527394
0x105273A0,0x0000000B,data,str_105273A0
0x105273AC,0x0000000A,data,str_105273AC
0x105273B8,0x0000000B,data,str_105273B8
0x105273C4,0x0000000A,data,str_105273C4
0x105273D0,0x0000000B,data,str_105273D0
0x105273DC,0x0000000A,data,str_105273DC
0x105273E8,0x0000000B,data,str_105273E8
0x105273F4,0x00000008,data,str_105273F4
0x105273FC,0x00000008,data,str_105273FC
0x10527404,0x0000000A,data,str_10527404
0x10527410,0x00000009,data,str_10527410
0x1052741C,0x00000009,data,str_1052741C
0x10527428,0x00000008,data,str_10527428
0x10527430,0x00000008,data,str_10527430
0x10527438,0x00000008,data,str_10527438
0x10527440,0x00000008,data,str_10527440
0x10527448,0x00000008,data,str_10527448
0x10527450,0x00000008,data,str_10527450
0x10527458,0x00000008,data,str_10527458
0x10527460,0x00000008,data,str_10527460
0x10527468,0x00000008,data,str_10527468
0x10527470,0x00000008,data,str_10527470
0x10527478,0x00000008,data,str_10527478
0x10527480,0x00000008,data,str_10527480
0x10527488,0x00000008,data,str_10527488
0x10527490,0x00000008,data,str_10527490
0x10527498,0x00000008,data,str_10527498
0x105274A0,0x00000008,data,str_105274A0
0x105274A8,0x00000008,data,str_105274A8
0x105274B0,0x00000008,data,str_105274B0
0x105274B8,0x00000008,data,str_105274B8
0x105274C0,0x00000008,data,str_105274C0
0x105274C8,0x0000000A,data,str_105274C8
0x105274D4,0x0000000A,data,str_105274D4
0x105274E0,0x00000008,data,str_105274E0
0x105274E8,0x0000000A,data,str_105274E8
0x105274F4,0x00000006,data,str_105274F4
0x105274FC,0x00000005,data,str_105274FC
0x10527504,0x00000007,data,str_10527504
0x1052750C,0x00000009,data,str_1052750C
0x10527518,0x00000008,data,str_10527518
0x10527520,0x00000007,data,str_10527520
0x10527528,0x00000009,data,str_10527528
0x10527534,0x00000009,data,str_10527534
0x10527540,0x00000009,data,str_10527540
0x1052754C,0x00000009,data,str_1052754C
0x10527558,0x00000009,data,str_10527558
0x10527564,0x00000009,data,str_10527564
0x10527570,0x00000009,data,str_10527570
0x1052757C,0x00000009,data,str_1052757C
0x10527588,0x00000007,data,str_10527588
0x10527590,0x00000007,data,str_10527590
0x10527598,0x00000007,data,str_10527598
0x105275A0,0x00000007,data,str_105275A0
0x105275A8,0x00000007,data,str_105275A8
0x105275B0,0x00000006,data,str_105275B0
0x105275B8,0x00000006,data,str_105275B8
0x105275C0,0x00000008,data,str_105275C0
0x105275C8,0x00000006,data,str_105275C8
0x105275D0,0x0000000B,data,str_105275D0
0x105275DC,0x00000006,data,str_105275DC
0x105275E4,0x00000005,data,str_105275E4
0x105275EC,0x00000006,data,str_105275EC
0x105275F4,0x00000008,data,str_105275F4
0x105275FC,0x00000006,data,str_105275FC
0x10527604,0x00000006,data,str_10527604
0x1052760C,0x00000006,data,str_1052760C
0x10527614,0x00000008,data,str_10527614
0x1052761C,0x00000008,data,str_1052761C
0x10527624,0x0000000A,data,str_10527624
0x10527630,0x0000000A,data,str_10527630
0x1052763C,0x0000000A,data,str_1052763C
0x10527648,0x00000008,data,str_10527648
0x10527650,0x00000005,data,str_10527650
0x10527658,0x00000007,data,str_10527658
0x10527660,0x00000007,data,str_10527660
0x10527668,0x00000007,data,str_10527668
0x10527670,0x00000006,data,str_10527670
0x10527678,0x00000006,data,str_10527678
0x10527680,0x00000006,data,str_10527680
0x10527688,0x00000006,data,str_10527688
0x10527690,0x00000009,data,str_10527690
0x1052769C,0x00000008,data,str_1052769C
0x105276A4,0x00000009,data,str_105276A4
0x105276B0,0x00000009,data,str_105276B0
0x105276BC,0x00000009,data,str_105276BC
0x105276C8,0x00000009,data,str_105276C8
0x105276D4,0x00000009,data,str_105276D4
0x105276E0,0x00000009,data,str_105276E0
0x105276EC,0x00000009,data,str_105276EC
0x105276F8,0x00000009,data,str_105276F8
0x10527704,0x00000009,data,str_10527704
0x10527710,0x00000009,data,str_10527710
0x1052771C,0x00000009,data,str_1052771C
0x10527728,0x00000009,data,str_10527728
0x10527734,0x00000009,data,str_10527734
0x10527740,0x00000009,data,str_10527740
0x1052774C,0x00000009,data,str_1052774C
0x10527758,0x00000009,data,str_10527758
0x10527764,0x00000006,data,str_10527764
0x1052776C,0x00000007,data,str_1052776C
0x10527774,0x00000015,data,str_10527774
0x1052778C,0x00000006,data,str_1052778C
0x10527794,0x00000007,data,str_10527794
0x1052779C,0x00000010,data,str_1052779C
0x105277AC,0x0000000F,data,str_105277AC
0x105277BC,0x00000010,data,str_105277BC
0x105277CC,0x00000008,data,str_105277CC
0x105277D4,0x00000007,data,str_105277D4
0x105277DC,0x0000000F,data,str_105277DC
0x105277EC,0x0000000F,data,str_105277EC
0x105277FC,0x00000006,data,str_105277FC
0x10527804,0x00000006,data,str_10527804
0x1052780C,0x00000005,data,str_1052780C
0x10527814,0x00000007,data,str_10527814
0x1052781C,0x00000005,data,str_1052781C
0x10527824,0x00000007,data,str_10527824
0x1052782C,0x00000007,data,str_1052782C
0x10527834,0x00000009,data,str_10527834
0x10527840,0x00000007,data,str_10527840
0x1052D9B4,0x00000008,data,wstr_1052D9B4
0x1052D9C0,0x00000012,data,wstr_1052D9C0
0x1052D9D4,0x0000000A,data,wstr_1052D9D4
0x1052D9E4,0x00000006,data,str_1052D9E4
0x1052D9EC,0x00000005,data,str_1052D9EC
0x1052D9FC,0x00000004,data,str_1052D9FC
0x1052DA00,0x00000004,data,str_1052DA00
0x1052DA04,0x00000004,data,str_1052DA04
0x1052DA08,0x00000009,data,str_1052DA08
0x1052DA14,0x0000002D,data,str_1052DA14
0x1052DA58,0x00000024,data,str_1052DA58
0x1052DA7C,0x00000004,data,str_1052DA7C
0x1052DA94,0x00000013,data,str_1052DA94
0x1052DAA8,0x00000008,data,wstr_1052DAA8
0x1052DABC,0x00000005,data,str_1052DABC
0x1052DAC4,0x00000005,data,str_1052DAC4
0x1052DC4C,0x00000008,data,wstr_1052DC4C
0x1052DC54,0x00000031,data,str_1052DC54
0x1052DC88,0x00000008,data,wstr_1052DC88
0x1052DD90,0x00000031,data,str_1052DD90
0x1052DDC4,0x00000016,data,str_1052DDC4
0x1052DDDC,0x00000006,data,str_1052DDDC
0x1052DDE4,0x00000031,data,str_1052DDE4
0x1052DE18,0x00000005,data,str_1052DE18
0x1052DE20,0x00000013,data,str_1052DE20
0x1052DE34,0x00000005,data,str_1052DE34
0x1052DE3C,0x0000000D,data,str_1052DE3C
0x1052DE4C,0x00000004,data,str_1052DE4C
0x1052DE50,0x00000007,data,str_1052DE50
0x1052DE58,0x00000006,data,str_1052DE58
0x1052DE60,0x00000009,data,str_1052DE60
0x1052DE6C,0x00000008,data,str_1052DE6C
0x1052DE8C,0x00000009,data,str_1052DE8C
0x1052DE98,0x0000000A,data,str_1052DE98
0x1052DEA4,0x0000000C,data,str_1052DEA4
0x1052DEB0,0x00000013,data,str_1052DEB0
0x1052DEC4,0x00000009,data,str_1052DEC4
0x1052DED0,0x00000006,data,str_1052DED0
0x1052DEE8,0x00000004,data,str_1052DEE8
0x1052DEEC,0x00000006,data,str_1052DEEC
0x1052DEF4,0x00000006,data,str_1052DEF4
0x1052DEFC,0x00000009,data,str_1052DEFC
0x1052DF08,0x0000000A,data,str_1052DF08
0x1052DF14,0x0000000A,data,str_1052DF14
0x1052DF24,0x00000020,data,str_1052DF24
0x1052DF44,0x00000016,data,str_1052DF44
0x1052DF5C,0x0000000D,data,str_1052DF5C
0x1052DF6C,0x00000011,data,str_1052DF6C
0x1052DF80,0x00000008,data,str_1052DF80
0x1052DF88,0x00000019,data,str_1052DF88
0x1052DFA4,0x0000000F,data,str_1052DFA4
0x1052DFB4,0x0000000D,data,str_1052DFB4
0x1052DFC4,0x00000014,data,str_1052DFC4
0x1052DFD8,0x00000018,data,str_1052DFD8
0x1052DFF0,0x0000000E,data,str_1052DFF0
0x1052E000,0x0000001C,data,str_1052E000
0x1052E01C,0x00000016,data,str_1052E01C
0x1052E034,0x00000012,data,str_1052E034
0x1052E048,0x0000001C,data,str_1052E048
0x1052E064,0x0000000C,data,str_1052E064
0x1052E070,0x00000015,data,str_1052E070
0x1052E088,0x0000000B,data,str_1052E088
0x1052E094,0x00000013,data,str_1052E094
0x1052E0A8,0x0000000D,data,str_1052E0A8
0x1052E0B8,0x0000000E,data,str_1052E0B8
0x1052E0C8,0x0000000E,data,str_1052E0C8
0x1052E0D8,0x00000013,data,str_1052E0D8
0x1052E0EC,0x0000000C,data,str_1052E0EC
0x1052E0F8,0x00000017,data,str_1052E0F8
0x1052E110,0x0000000D,data,str_1052E110
0x1052E120,0x0000000E,data,str_1052E120
0x1052E130,0x0000000D,data,str_1052E130
0x1052E140,0x00000016,data,str_1052E140
0x1052E158,0x0000000F,data,str_1052E158
0x1052E168,0x00000010,data,str_1052E168
0x1052E178,0x00000009,data,str_1052E178
0x1052E184,0x00000019,data,str_1052E184
0x1052E1A0,0x0000000F,data,str_1052E1A0
0x1052E1B0,0x0000000C,data,str_1052E1B0
0x1052E1BC,0x00000016,data,str_1052E1BC
0x1052E1D4,0x0000000C,data,str_1052E1D4
0x1052E1E0,0x0000000D,data,str_1052E1E0
0x1052E1F0,0x00000009,data,str_1052E1F0
0x1052E1FC,0x00000017,data,str_1052E1FC
0x1052E214,0x0000000D,data,str_1052E214
0x1052E224,0x00000018,data,str_1052E224
0x1052E23C,0x0000000E,data,str_1052E23C
0x1052E24C,0x0000000A,data,str_1052E24C
0x1052E258,0x0000000D,data,str_1052E258
0x1052E268,0x00000016,data,str_1052E268
0x1052E280,0x0000000C,data,str_1052E280
0x1052E28C,0x0000000E,data,str_1052E28C
0x1052E29C,0x00000013,data,str_1052E29C
0x1052E2B0,0x0000000C,data,str_1052E2B0
0x1052E2BC,0x00000008,data,str_1052E2BC
0x1052E2C4,0x00000009,data,str_1052E2C4
0x1052E2D0,0x00000009,data,str_1052E2D0
0x1052E2DC,0x00000008,data,str_1052E2DC
0x1052E2E8,0x00000009,data,str_1052E2E8
0x1052E2F4,0x00000007,data,str_1052E2F4
0x1052E2FC,0x00000006,data,str_1052E2FC
0x1052E304,0x00000006,data,str_1052E304
0x1052E30C,0x0000000A,data,str_1052E30C
0x1052E318,0x0000000C,data,str_1052E318
0x1052E324,0x00000007,data,str_1052E324
0x1052E32C,0x00000009,data,str_1052E32C
0x1052E338,0x00000004,data,str_1052E338
0x1052E33C,0x00000012,data,str_1052E33C
0x1052E350,0x00000010,data,str_1052E350
0x1052E360,0x0000000D,data,str_1052E360
0x1052E370,0x0000000A,data,str_1052E370
0x1052E37C,0x0000000A,data,str_1052E37C
0x1052E388,0x0000000A,data,str_1052E388
0x1052E394,0x0000000A,data,str_1052E394
0x1052E3A0,0x0000000A,data,str_1052E3A0
0x1052E3AC,0x0000000C,data,str_1052E3AC
0x1052E3B8,0x0000000E,data,str_1052E3B8
0x1052E3C8,0x0000000D,data,str_1052E3C8
0x1052E3D8,0x0000000A,data,str_1052E3D8
0x1052E3E4,0x00000007,data,str_1052E3E4
0x1052E3EC,0x0000000C,data,str_1052E3EC
0x1052E3F8,0x0000000D,data,str_1052E3F8
0x1052E408,0x00000016,data,str_1052E408
0x1052E420,0x0000000A,data,str_1052E420
0x1052E42C,0x00000008,data,str_1052E42C
0x1052E434,0x0000001C,data,str_1052E434
0x1052E450,0x00000015,data,str_1052E450
0x1052E468,0x00000009,data,str_1052E468
0x1052E478,0x0000000F,data,str_1052E478
0x1052E488,0x00000011,data,str_1052E488
0x1052E49C,0x0000000E,data,str_1052E49C
0x1052E4AC,0x00000013,data,str_1052E4AC
0x1052E4C0,0x00000009,data,str_1052E4C0
0x1052E4CC,0x00000006,data,str_1052E4CC
0x1052E4D4,0x00000008,data,str_1052E4D4
0x1052E4DC,0x00000008,data,str_1052E4DC
0x1052E4E4,0x00000005,data,str_1052E4E4
0x1052E4EC,0x00000014,data,str_1052E4EC
0x1052E500,0x00000007,data,str_1052E500
0x1052E508,0x00000008,data,str_1052E508
0x1052E510,0x0000000E,data,str_1052E510
0x1052E520,0x0000000D,data,str_1052E520
0x1052E530,0x0000000E,data,str_1052E530
0x1052E540,0x00000004,data,str_1052E540
0x1052E544,0x00000006,data,str_1052E544
0x1052E54C,0x00000013,data,str_1052E54C
0x1052E560,0x0000000C,data,str_1052E560
0x1052E56C,0x00000014,data,str_1052E56C
0x1052E580,0x0000000A,data,str_1052E580
0x1052E58C,0x00000007,data,str_1052E58C
0x1052E594,0x00000019,data,str_1052E594
0x1052E5B0,0x00000009,data,str_1052E5B0
0x1052E5BC,0x0000000B,data,str_1052E5BC
0x1052E5C8,0x00000011,data,str_1052E5C8
0x1052E5DC,0x00000013,data,str_1052E5DC
0x1052E5F0,0x00000013,data,str_1052E5F0
0x1052E604,0x00000015,data,str_1052E604
0x1052E61C,0x0000000B,data,str_1052E61C
0x1052E628,0x0000000F,data,str_1052E628
0x1052E638,0x00000010,data,str_1052E638
0x1052E64C,0x0000000D,data,str_1052E64C
0x1052E65C,0x00000015,data,str_1052E65C
0x1052E674,0x00000012,data,str_1052E674
0x1052E688,0x00000010,data,str_1052E688
0x1052E698,0x0000000D,data,str_1052E698
0x1052E6A8,0x0000000B,data,str_1052E6A8
0x1052E6B4,0x00000013,data,str_1052E6B4
0x1052E6C8,0x00000010,data,str_1052E6C8
0x1052E6D8,0x0000000E,data,str_1052E6D8
0x1052E6E8,0x0000000B,data,str_1052E6E8
0x1052E6F4,0x00000019,data,str_1052E6F4
0x1052E710,0x00000021,data,str_1052E710
0x1052E734,0x00000014,data,str_1052E734
0x1052E748,0x0000001D,data,str_1052E748
0x1052E768,0x00000014,data,str_1052E768
0x1052E77C,0x00000007,data,str_1052E77C
0x1052E784,0x00000007,data,str_1052E784
0x1052E78C,0x00000009,data,str_1052E78C
0x1052E798,0x00000006,data,str_1052E798
0x1052E7A0,0x00000007,data,str_1052E7A0
0x1052E7A8,0x00000011,data,str_1052E7A8
0x1052E7C0,0x0000000D,data,str_1052E7C0
0x1052E7D0,0x0000000A,data,str_1052E7D0
0x1052E7DC,0x0000000C,data,str_1052E7DC
0x1052E7E8,0x00000007,data,str_1052E7E8
0x1052E7F0,0x0000000C,data,str_1052E7F0
0x1052E7FC,0x00000007,data,str_1052E7FC
0x1052E804,0x00000008,data,str_1052E804
0x1052E80C,0x0000000C,data,str_1052E80C
0x1052E818,0x0000000A,data,str_1052E818
0x1052E824,0x00000008,data,str_1052E824
0x1052E82C,0x00000008,data,str_1052E82C
0x1052E834,0x00000009,data,str_1052E834
0x1052E840,0x0000000C,data,str_1052E840
0x1052E84C,0x00000009,data,str_1052E84C
0x1052E858,0x00000007,data,str_1052E858
0x1052E860,0x00000007,data,str_1052E860
0x1052E868,0x00000011,data,str_1052E868
0x1052E87C,0x0000000E,data,str_1052E87C
0x1052E88C,0x00000005,data,str_1052E88C
0x1052E894,0x00000005,data,str_1052E894
0x1052E89C,0x0000000C,data,str_1052E89C
0x1052E8A8,0x0000000C,data,str_1052E8A8
0x1052E8B4,0x00000011,data,str_1052E8B4
0x1052E8C8,0x00000005,data,str_1052E8C8
0x1052E8D0,0x0000001D,data,str_1052E8D0
0x1052E8F0,0x00000013,data,str_1052E8F0
0x1052E904,0x00000008,data,str_1052E904
0x1052E90C,0x00000009,data,str_1052E90C
0x1052E918,0x0000000E,data,str_1052E918
0x1052E928,0x0000000E,data,str_1052E928
0x1052E938,0x0000000E,data,str_1052E938
0x1052E948,0x0000000A,data,str_1052E948
0x1052E954,0x00000007,data,str_1052E954
0x1052E95C,0x0000000C,data,str_1052E95C
0x1052E968,0x0000000C,data,str_1052E968
0x1052E974,0x00000006,data,str_1052E974
0x1052E97C,0x00000007,data,str_1052E97C
0x1052E984,0x00000008,data,str_1052E984
0x1052E98C,0x0000000B,data,str_1052E98C
0x1052E998,0x00000006,data,str_1052E998
0x1052E9A0,0x00000009,data,str_1052E9A0
0x1052E9AC,0x00000018,data,str_1052E9AC
0x1052E9C4,0x00000018,data,str_1052E9C4
0x1052E9DC,0x00000015,data,str_1052E9DC
0x1052E9F4,0x00000015,data,str_1052E9F4
0x1052EA0C,0x00000013,data,str_1052EA0C
0x1052EA20,0x0000000F,data,str_1052EA20
0x1052EA30,0x00000014,data,str_1052EA30
0x1052EA44,0x0000000F,data,str_1052EA44
0x1052EA54,0x0000000A,data,str_1052EA54
0x1052EA60,0x0000000D,data,str_1052EA60
0x1052EA70,0x00000008,data,str_1052EA70
0x1052EA78,0x00000004,data,str_1052EA78
0x1052EA7C,0x00000006,data,str_1052EA7C
0x1052EA84,0x0000001B,data,str_1052EA84
0x1052EAA0,0x0000001B,data,str_1052EAA0
0x1052EABC,0x00000008,data,str_1052EABC
0x1052EAC4,0x0000000C,data,str_1052EAC4
0x1052EAD0,0x0000001A,data,str_1052EAD0
0x1052EAEC,0x0000000F,data,str_1052EAEC
0x1052EAFC,0x00000014,data,str_1052EAFC
0x1052EB10,0x00000008,data,str_1052EB10
0x1052EB18,0x00000010,data,str_1052EB18
0x1052EB28,0x00000018,data,str_1052EB28
0x1052EB40,0x00000014,data,str_1052EB40
0x1052EB54,0x00000008,data,str_1052EB54
0x1052EB5C,0x0000000F,data,str_1052EB5C
0x1052EB6C,0x00000016,data,str_1052EB6C
0x1052EB84,0x00000018,data,str_1052EB84
0x1052EB9C,0x0000001B,data,str_1052EB9C
0x1052EBB8,0x00000018,data,str_1052EBB8
0x1052EBD0,0x0000001B,data,str_1052EBD0
0x1052EBEC,0x00000017,data,str_1052EBEC
0x1052EC04,0x00000012,data,str_1052EC04
0x1052EC18,0x0000000A,data,str_1052EC18
0x1052EC24,0x00000012,data,str_1052EC24
0x1052EC38,0x00000019,data,str_1052EC38
0x1052EC54,0x00000021,data,str_1052EC54
0x1052EC78,0x00000016,data,str_1052EC78
0x1052EC90,0x00000018,data,str_1052EC90
0x1052ECA8,0x00000007,data,str_1052ECA8
0x1052ECB0,0x0000000F,data,str_1052ECB0
0x1052ECC0,0x0000000B,data,str_1052ECC0
0x1052ECCC,0x00000013,data,str_1052ECCC
0x1052ECE0,0x00000008,data,str_1052ECE0
0x1052ECE8,0x00000010,data,str_1052ECE8
0x1052ECF8,0x00000019,data,str_1052ECF8
0x1052ED14,0x00000015,data,str_1052ED14
0x1052ED2C,0x00000017,data,str_1052ED2C
0x1052ED44,0x00000006,data,str_1052ED44
0x1052ED4C,0x00000012,data,str_1052ED4C
0x1052ED60,0x00000005,data,str_1052ED60
0x1052ED68,0x00000016,data,str_1052ED68
0x1052ED80,0x0000000C,data,str_1052ED80
0x1052ED8C,0x00000006,data,str_1052ED8C
0x1052ED94,0x00000008,data,str_1052ED94
0x1052ED9C,0x00000007,data,str_1052ED9C
0x1052EDA4,0x0000000F,data,str_1052EDA4
0x1052EDB4,0x00000007,data,str_1052EDB4
0x1052EDBC,0x00000005,data,str_1052EDBC
0x1052EDC4,0x00000007,data,str_1052EDC4
0x1052EDCC,0x00000007,data,str_1052EDCC
0x1052EDD4,0x00000007,data,str_1052EDD4
0x1052EDDC,0x00000006,data,str_1052EDDC
0x1052EDE4,0x00000007,data,str_1052EDE4
0x1052EDEC,0x00000006,data,str_1052EDEC
0x1052EDF4,0x00000007,data,str_1052EDF4
0x1052EDFC,0x00000006,data,str_1052EDFC
0x1052EE04,0x00000005,data,str_1052EE04
0x1052EE0C,0x00000006,data,str_1052EE0C
0x1052EE14,0x00000005,data,str_1052EE14
0x1052EE1C,0x00000008,data,str_1052EE1C
0x1052EE24,0x0000000D,data,str_1052EE24
0x1052F607,0x00000009,data,str_1052F607
0x1052F610,0x0000000A,data,str_1052F610
0x1052F61C,0x00000004,data,str_1052F61C
0x1052F620,0x0000002D,data,str_1052F620
0x1052F650,0x0000000B,data,str_1052F650
0x1052F65C,0x0000000E,data,str_1052F65C
0x1052F66C,0x0000000C,data,str_1052F66C
0x1052F678,0x0000001A,data,str_1052F678
0x1052F694,0x00000020,data,str_1052F694
0x1052F6B4,0x0000001D,data,str_1052F6B4
0x1052F6D4,0x00000018,data,str_1052F6D4
0x1052F6EC,0x00000011,data,str_1052F6EC
0x1052F700,0x0000000F,data,str_1052F700
0x1052F710,0x00000010,data,str_1052F710
0x1052F720,0x0000000C,data,str_1052F720
0x1052F72C,0x0000000C,data,str_1052F72C
0x1052F738,0x0000000E,data,str_1052F738
0x1052F748,0x00000009,data,str_1052F748
0x1052F754,0x00000009,data,str_1052F754
0x1052F760,0x00000009,data,str_1052F760
0x1052F76C,0x00000009,data,str_1052F76C
0x1052F778,0x00000007,data,str_1052F778
0x1052F780,0x00000008,data,str_1052F780
0x1052F788,0x00000009,data,str_1052F788
0x1052F794,0x00000008,data,str_1052F794
0x1052F79C,0x0000000A,data,str_1052F79C
0x1052F7A8,0x00000007,data,str_1052F7A8
0x1052F7B0,0x00000007,data,str_1052F7B0
0x1052F7B8,0x00000009,data,str_1052F7B8
0x1052F7C4,0x00000008,data,str_1052F7C4
0x1052F7CC,0x00000010,data,str_1052F7CC
0x1052F7DC,0x0000000F,data,str_1052F7DC
0x1052F7EC,0x0000000F,data,str_1052F7EC
0x1052F7FC,0x00000006,data,str_1052F7FC
0x1052F804,0x00000010,data,str_1052F804
0x1052F814,0x0000000E,data,str_1052F814
0x1052F824,0x00000004,data,str_1052F824
0x1052F828,0x00000009,data,str_1052F828
0x1052F834,0x00000013,data,str_1052F834
0x1052F84C,0x00000009,data,str_1052F84C
0x1052F858,0x00000007,data,str_1052F858
0x1052F860,0x00000004,data,str_1052F860
0x1052F864,0x0000000A,data,str_1052F864
0x1052F874,0x00000004,data,str_1052F874
0x1052F878,0x00000008,data,str_1052F878
0x1052F880,0x0000000B,data,str_1052F880
0x1052F88C,0x00000007,data,str_1052F88C
0x1052F894,0x00000007,data,str_1052F894
0x1052F89C,0x00000012,data,str_1052F89C
0x1052F8B0,0x0000000D,data,str_1052F8B0
0x1052F8C0,0x00000008,data,str_1052F8C0
0x1052F8C8,0x0000000C,data,str_1052F8C8
0x1052F8D4,0x00000010,data,str_1052F8D4
0x1052F8E4,0x00000009,data,str_1052F8E4
0x1052F8F0,0x00000007,data,str_1052F8F0
0x1052F8F8,0x0000000B,data,str_1052F8F8
0x1052F904,0x0000000D,data,str_1052F904
0x1052F914,0x0000000B,data,str_1052F914
0x1052F920,0x0000000B,data,str_1052F920
0x1052F92C,0x00000008,data,str_1052F92C
0x1052F934,0x00000009,data,str_1052F934
0x1052F940,0x00000008,data,str_1052F940
0x1052F948,0x0000000A,data,str_1052F948
0x1052F954,0x0000000F,data,str_1052F954
0x1052F964,0x0000000B,data,str_1052F964
0x1052F970,0x00000008,data,str_1052F970
0x1052F978,0x00000007,data,str_1052F978
0x1052F980,0x00000009,data,str_1052F980
0x1052F98C,0x00000007,data,str_1052F98C
0x1052F994,0x00000009,data,str_1052F994
0x1052F9A0,0x0000000E,data,str_1052F9A0
0x1052F9B0,0x00000007,data,str_1052F9B0
0x1052F9B8,0x00000016,data,str_1052F9B8
0x1052F9D0,0x00000013,data,str_1052F9D0
0x1052F9E4,0x0000000F,data,str_1052F9E4
0x1052F9F4,0x00000009,data,str_1052F9F4
0x1052FA00,0x0000000A,data,str_1052FA00
0x1052FA0C,0x0000000B,data,str_1052FA0C
0x1052FA18,0x00000005,data,str_1052FA18
0x1052FA20,0x00000005,data,str_1052FA20
0x1052FA28,0x00000006,data,str_1052FA28
0x1052FA30,0x00000004,data,str_1052FA30
0x1052FA34,0x00000005,data,str_1052FA34
0x1052FA40,0x00000005,data,str_1052FA40
0x1052FA48,0x00000006,data,str_1052FA48
0x1052FA50,0x00000006,data,str_1052FA50
0x1052FA58,0x00000007,data,str_1052FA58
0x1052FA60,0x0000000D,data,str_1052FA60
0x1052FA70,0x00000004,data,str_1052FA70
0x1052FA74,0x00000004,data,str_1052FA74
0x1052FA78,0x00000005,data,str_1052FA78
0x1052FA80,0x00000005,data,str_1052FA80
0x1052FA88,0x00000006,data,str_1052FA88
0x1052FA90,0x0000000C,data,str_1052FA90
0x1052FA9C,0x00000010,data,str_1052FA9C
0x1052FAAC,0x0000000D,data,str_1052FAAC
0x1052FABC,0x00000008,data,str_1052FABC
0x1052FAC4,0x0000000A,data,str_1052FAC4
0x1052FAD0,0x00000009,data,str_1052FAD0
0x1052FADC,0x00000008,data,str_1052FADC
0x1052FAE4,0x0000000B,data,str_1052FAE4
0x1052FAF0,0x00000009,data,str_1052FAF0
0x1052FAFC,0x00000009,data,str_1052FAFC
0x1052FB08,0x00000009,data,str_1052FB08
0x1052FB14,0x0000000A,data,str_1052FB14
0x1052FB20,0x00000008,data,str_1052FB20
0x1052FB28,0x00000007,data,str_1052FB28
0x1052FB30,0x00000006,data,str_1052FB30
0x1052FB38,0x0000000A,data,str_1052FB38
0x1052FB44,0x0000000A,data,str_1052FB44
0x1052FE92,0x00000010,data,str_1052FE92
0x1052FF9C,0x0000000B,data,str_1052FF9C
0x1052FFA8,0x0000000E,data,str_1052FFA8
0x1052FFB8,0x00000016,data,str_1052FFB8
0x1052FFD0,0x0000000D,data,str_1052FFD0
0x1052FFE0,0x0000000B,data,str_1052FFE0
0x1052FFEC,0x00000010,data,str_1052FFEC
0x1052FFFC,0x0000000C,data,str_1052FFFC
0x10530008,0x0000000F,data,str_10530008
0x10530018,0x0000000E,data,str_10530018
0x10530028,0x00000015,data,str_10530028
0x10530040,0x00000018,data,str_10530040
0x10530058,0x00000011,data,str_10530058
0x1053006C,0x0000000F,data,str_1053006C
0x1053007C,0x00000014,data,str_1053007C
0x10530090,0x0000000D,data,str_10530090
0x105300A0,0x0000000E,data,str_105300A0
0x105300B0,0x00000009,data,str_105300B0
0x105300BC,0x00000015,data,str_105300BC
0x105300D4,0x00000013,data,str_105300D4
0x105300E8,0x0000001A,data,str_105300E8
0x10530104,0x00000019,data,str_10530104
0x10530120,0x00000019,data,str_10530120
0x1053013C,0x00000015,data,str_1053013C
0x10530154,0x00000013,data,str_10530154
0x10530168,0x0000001A,data,str_10530168
0x10530184,0x0000000B,data,str_10530184
0x10530190,0x00000011,data,str_10530190
0x105301A4,0x0000000A,data,str_105301A4
0x105301B0,0x0000000B,data,str_105301B0
0x105301BC,0x0000000B,data,str_105301BC
0x105301C8,0x00000010,data,str_105301C8
0x105301D8,0x0000000C,data,str_105301D8
0x105301E4,0x00000008,data,str_105301E4
0x105301EC,0x00000009,data,str_105301EC
0x105301F8,0x00000009,data,str_105301F8
0x10530204,0x00000007,data,str_10530204
0x1053020C,0x00000008,data,str_1053020C
0x10530214,0x00000008,data,str_10530214
0x1053021C,0x0000000D,data,str_1053021C
0x1053022C,0x0000000C,data,str_1053022C
0x10530238,0x0000000A,data,str_10530238
0x10530244,0x00000008,data,str_10530244
0x1053024C,0x00000006,data,str_1053024C
0x10530254,0x00000006,data,str_10530254
0x1053025C,0x00000007,data,str_1053025C
0x10530264,0x00000005,data,str_10530264
0x1053026C,0x0000000B,data,str_1053026C
0x10530278,0x0000000B,data,str_10530278
0x10530284,0x0000000B,data,str_10530284
0x10530290,0x0000000B,data,str_10530290
0x1053029C,0x00000006,data,str_1053029C
0x105302A4,0x00000008,data,str_105302A4
0x105302AC,0x00000009,data,str_105302AC
0x105302B8,0x0000000C,data,str_105302B8
0x105302C4,0x0000000B,data,str_105302C4
0x105302D0,0x00000011,data,str_105302D0
0x105302E4,0x00000010,data,str_105302E4
0x105302F4,0x0000000D,data,str_105302F4
0x10530304,0x0000000B,data,str_10530304
0x10530310,0x00000005,data,str_10530310
0x10530318,0x0000000A,data,str_10530318
0x10530324,0x00000008,data,str_10530324
0x1053032C,0x00000009,data,str_1053032C
0x10530338,0x00000007,data,str_10530338
0x10530340,0x00000004,data,str_10530340
0x10530344,0x00000006,data,str_10530344
0x1053034C,0x00000007,data,str_1053034C
0x10530354,0x00000004,data,str_10530354
0x10530358,0x00000006,data,str_10530358
0x10530360,0x00000006,data,str_10530360
0x1053036C,0x00000007,data,str_1053036C
0x10530374,0x00000007,data,str_10530374
0x1053037C,0x00000004,data,str_1053037C
0x10530380,0x00000009,data,str_10530380
0x1053038C,0x00000008,data,str_1053038C
0x10530394,0x00000008,data,str_10530394
0x1053039C,0x00000007,data,str_1053039C
0x105303A4,0x00000009,data,str_105303A4
0x105303B0,0x0000000E,data,str_105303B0
0x105303C0,0x00000006,data,str_105303C0
0x105303C8,0x00000007,data,str_105303C8
0x105303D0,0x00000007,data,str_105303D0
0x105303D8,0x00000008,data,str_105303D8
0x105303E0,0x00000008,data,str_105303E0
0x105303E8,0x0000000B,data,str_105303E8
0x105303F4,0x00000012,data,str_105303F4
0x10530408,0x0000000A,data,str_10530408
0x10530414,0x0000000C,data,str_10530414
0x10530420,0x0000000B,data,str_10530420
0x1053042C,0x00000008,data,str_1053042C
0x10530434,0x0000000A,data,str_10530434
0x10530440,0x00000009,data,str_10530440
0x1053044C,0x00000006,data,str_1053044C
0x10530454,0x00000006,data,str_10530454
0x1053045C,0x0000000B,data,str_1053045C
0x10530468,0x00000009,data,str_10530468
0x10530474,0x00000009,data,str_10530474
0x10530480,0x0000000D,data,str_10530480
0x10530490,0x00000016,data,str_10530490
0x105304A8,0x00000017,data,str_105304A8
0x105304C0,0x00000015,data,str_105304C0
0x105304D8,0x00000008,data,str_105304D8
0x105304E0,0x00000006,data,str_105304E0
0x105304E8,0x00000007,data,str_105304E8
0x105304F0,0x00000004,data,str_105304F0
0x105304F4,0x00000006,data,str_105304F4
0x105304FC,0x00000009,data,str_105304FC
0x10530508,0x0000000C,data,str_10530508
0x10530514,0x00000011,data,str_10530514
0x10530528,0x0000000A,data,str_10530528
0x10530534,0x00000008,data,str_10530534
0x1053053C,0x00000008,data,str_1053053C
0x10530544,0x00000007,data,str_10530544
0x1053054C,0x00000007,data,str_1053054C
0x10530554,0x00000009,data,str_10530554
0x10530560,0x0000000D,data,str_10530560
0x10530570,0x0000000B,data,str_10530570
0x1053057C,0x00000006,data,str_1053057C
0x10530584,0x00000006,data,str_10530584
0x1053058C,0x00000004,data,str_1053058C
0x10530590,0x0000000B,data,str_10530590
0x1053059C,0x0000000B,data,str_1053059C
0x105305A8,0x00000005,data,str_105305A8
0x105305B0,0x00000006,data,str_105305B0
0x105305B8,0x00000006,data,str_105305B8
0x105305C0,0x00000009,data,str_105305C0
0x105305D0,0x00000005,data,str_105305D0
0x105305D8,0x00000007,data,str_105305D8
0x105305E0,0x00000004,data,str_105305E0
0x105305E4,0x00000005,data,str_105305E4
0x105305EC,0x00000009,data,str_105305EC
0x105305F8,0x00000007,data,str_105305F8
0x10530600,0x00000007,data,str_10530600
0x10530608,0x00000007,data,str_10530608
0x10530610,0x00000007,data,str_10530610
0x10530618,0x00000007,data,str_10530618
0x10530620,0x00000007,data,str_10530620
0x10530628,0x00000008,data,str_10530628
0x10530630,0x00000006,data,str_10530630
0x10530638,0x00000009,data,str_10530638
0x10530644,0x00000009,data,str_10530644
0x10530650,0x00000006,data,str_10530650
0x10530658,0x00000009,data,str_10530658
0x10530664,0x00000008,data,str_10530664
0x1053066C,0x0000000F,data,str_1053066C
0x1053067C,0x0000000D,data,str_1053067C
0x1053068C,0x0000000D,data,str_1053068C
0x1053069C,0x0000000B,data,str_1053069C
0x105306A8,0x0000000E,data,str_105306A8
0x105306B8,0x00000009,data,str_105306B8
0x105306C4,0x00000007,data,str_105306C4
0x105306CC,0x0000000A,data,str_105306CC
0x10530704,0x00000031,data,str_10530704
0x10530738,0x00000008,data,str_10530738
0x10530740,0x00000008,data,str_10530740
0x10530748,0x0000000B,data,str_10530748
0x105307AC,0x00000007,data,str_105307AC
0x105307B4,0x00000007,data,str_105307B4
0x105307BC,0x00000005,data,str_105307BC
0x105307C4,0x00000006,data,str_105307C4
0x105307CC,0x00000010,data,str_105307CC
0x105307DC,0x00000018,data,str_105307DC
0x105307F8,0x00000005,data,str_105307F8
0x10530800,0x0000000E,data,str_10530800
0x10530810,0x00000005,data,str_10530810
0x10530818,0x00000008,data,str_10530818
0x10530820,0x00000009,data,str_10530820
0x1053082C,0x0000000A,data,str_1053082C
0x10530838,0x00000009,data,str_10530838
0x10530844,0x00000008,data,str_10530844
0x10530850,0x0000000B,data,str_10530850
0x1053085C,0x00000005,data,str_1053085C
0x10530864,0x0000000B,data,str_10530864
0x10530870,0x00000009,data,str_10530870
0x1053087C,0x0000000F,data,str_1053087C
0x1053088C,0x0000000A,data,str_1053088C
0x10530898,0x0000000B,data,str_10530898
0x105308A4,0x00000031,data,str_105308A4
0x105308D8,0x00000007,data,str_105308D8
0x105308E0,0x00000008,data,str_105308E0
0x105308E8,0x0000000A,data,str_105308E8
0x105308F4,0x00000009,data,str_105308F4
0x10530900,0x0000000A,data,str_10530900
0x1053090C,0x0000000A,data,str_1053090C
0x10530918,0x00000009,data,str_10530918
0x10530924,0x00000008,data,str_10530924
0x1053092C,0x0000000B,data,str_1053092C
0x1053093C,0x00000012,data,str_1053093C
0x10530950,0x00000004,data,str_10530950
0x10530958,0x00000010,data,str_10530958
0x10530968,0x0000000C,data,str_10530968
0x10530974,0x0000000C,data,str_10530974
0x10530980,0x0000000C,data,str_10530980
0x1053098C,0x0000000A,data,str_1053098C
0x10530998,0x00000008,data,str_10530998
0x105309A0,0x0000000C,data,str_105309A0
0x105309AC,0x0000000B,data,str_105309AC
0x105309B8,0x00000008,data,str_105309B8
0x105309C0,0x00000009,data,str_105309C0
0x105309CC,0x00000005,data,str_105309CC
0x105309D4,0x00000006,data,str_105309D4
0x105309DC,0x00000014,data,str_105309DC
0x105309F0,0x00000015,data,str_105309F0
0x10530A08,0x00000013,data,str_10530A08
0x10530A1C,0x00000010,data,str_10530A1C
0x10530A2C,0x0000000A,data,str_10530A2C
0x10530A38,0x00000008,data,str_10530A38
0x10530A40,0x00000008,data,str_10530A40
0x10530A48,0x00000008,data,str_10530A48
0x10530A50,0x00000007,data,str_10530A50
0x10530A58,0x00000007,data,str_10530A58
0x10530A60,0x00000008,data,str_10530A60
0x10530A68,0x00000006,data,str_10530A68
0x10530A70,0x00000005,data,str_10530A70
0x10530A78,0x00000005,data,str_10530A78
0x10530A80,0x00000006,data,str_10530A80
0x10530A88,0x00000007,data,str_10530A88
0x10530A90,0x00000006,data,str_10530A90
0x10530A98,0x00000005,data,str_10530A98
0x10530AA0,0x00000007,data,str_10530AA0
0x10530AA8,0x00000004,data,str_10530AA8
0x10530AAC,0x00000009,data,str_10530AAC
0x10530AB8,0x0000000B,data,str_10530AB8
0x10530AC4,0x00000006,data,str_10530AC4
0x10530ACC,0x00000004,data,str_10530ACC
0x10530AD4,0x00000009,data,str_10530AD4
0x10530ADD,0x00000008,data,str_10530ADD
0x10530AE6,0x00000007,data,str_10530AE6
0x10530AF0,0x00000013,data,str_10530AF0
0x10530B14,0x0000000B,data,str_10530B14
0x10530B20,0x00000031,data,str_10530B20
0x10530B54,0x00000007,data,str_10530B54
0x10530B5C,0x00000007,data,str_10530B5C
0x10530B64,0x0000000B,data,str_10530B64
0x10530B70,0x00000028,data,str_10530B70
0x10530B98,0x00000005,data,str_10530B98
0x10530BA0,0x0000002F,data,str_10530BA0
0x10530BD8,0x0000000B,data,str_10530BD8
0x10530BE4,0x0000000B,data,str_10530BE4
0x10530BF0,0x0000000B,data,str_10530BF0
0x10530BFC,0x0000000B,data,str_10530BFC
0x10530C08,0x0000000B,data,str_10530C08
0x10530C14,0x0000000B,data,str_10530C14
0x10530C20,0x0000000B,data,str_10530C20
0x10530C2C,0x0000000B,data,str_10530C2C
0x10530C38,0x0000000B,data,str_10530C38
0x10530C44,0x0000000B,data,str_10530C44
0x10530C50,0x0000000B,data,str_10530C50
0x10530C5C,0x0000000B,data,str_10530C5C
0x10530C68,0x0000000B,data,str_10530C68
0x10530C74,0x0000000B,data,str_10530C74
0x10530C80,0x0000000B,data,str_10530C80
0x10530C8C,0x00000009,data,str_10530C8C
0x10530C98,0x00000009,data,str_10530C98
0x10530CA4,0x00000009,data,str_10530CA4
0x10530CB0,0x00000009,data,str_10530CB0
0x10530CBC,0x00000009,data,str_10530CBC
0x10530CC8,0x00000009,data,str_10530CC8
0x10530CD4,0x00000009,data,str_10530CD4
0x10530CE0,0x00000009,data,str_10530CE0
0x10530D50,0x00000009,data,str_10530D50
0x10530D5C,0x00000005,data,str_10530D5C
0x10530D64,0x00000018,data,str_10530D64
0x10530D80,0x0000000A,data,str_10530D80
0x10530D8C,0x0000000E,data,str_10530D8C
0x10530D9C,0x00000030,data,str_10530D9C
0x10530DCC,0x00000030,data,str_10530DCC
0x10530DFC,0x00000004,data,str_10530DFC
0x10530E00,0x0000000A,data,str_10530E00
0x10530E0C,0x0000000A,data,str_10530E0C
0x10530E18,0x0000000F,data,str_10530E18
0x10530E28,0x00000005,data,str_10530E28
0x10530E30,0x00000004,data,str_10530E30
0x10530E34,0x00000004,data,str_10530E34
0x10530E38,0x00000004,data,str_10530E38
0x10530E3C,0x00000005,data,str_10530E3C
0x10530E44,0x0000000D,data,str_10530E44
0x10530E54,0x0000000A,data,str_10530E54
0x10530E68,0x00000004,data,str_10530E68
0x10530E78,0x00000007,data,str_10530E78
0x10530E88,0x0000002C,data,str_10530E88
0x10530EB4,0x00000004,data,str_10530EB4
0x10530EB8,0x00000004,data,str_10530EB8
0x10530EBC,0x00000004,data,str_10530EBC
0x10530EC0,0x00000014,data,str_10530EC0
0x105310B8,0x0000000B,data,str_105310B8
0x105310C4,0x0000000F,data,str_105310C4
0x105310D4,0x00000012,data,str_105310D4
0x105310E8,0x00000011,data,str_105310E8
0x105312B4,0x00000007,data,str_105312B4
0x105312BC,0x00000008,data,str_105312BC
0x105312C4,0x00000012,data,str_105312C4
0x105312D8,0x0000000A,data,str_105312D8
0x105312E4,0x0000000E,data,str_105312E4
0x105312F4,0x0000000D,data,str_105312F4
0x10531304,0x00000024,data,str_10531304
0x10531328,0x00000013,data,str_10531328
0x1053133C,0x0000001C,data,str_1053133C
0x10531358,0x0000000A,data,str_10531358
0x10531364,0x00000005,data,str_10531364
0x1053136C,0x00000004,data,str_1053136C
0x10531370,0x00000009,data,str_10531370
0x1053137C,0x00000007,data,str_1053137C
0x10531384,0x00000007,data,str_10531384
0x1053138C,0x0000000F,data,str_1053138C
0x1053139C,0x00000009,data,str_1053139C
0x105313A8,0x00000007,data,str_105313A8
0x105313B0,0x00000010,data,str_105313B0
0x105313C0,0x0000002D,data,str_105313C0
0x10532E47,0x000000B0,data,str_10532E47
0x105336B0,0x00000014,data,str_105336B0
0x105336C4,0x00000011,data,str_105336C4
0x105336D8,0x0000000E,data,str_105336D8
0x105336F4,0x0000000D,data,str_105336F4
0x10533704,0x00000012,data,str_10533704
0x10533718,0x0000000A,data,str_10533718
0x10533724,0x00000011,data,str_10533724
0x10533738,0x00000012,data,str_10533738
0x1053374C,0x0000001E,data,str_1053374C
0x1053376C,0x00000018,data,str_1053376C
0x10533784,0x00000013,data,str_10533784
0x10533798,0x00000016,data,str_10533798
0x105337B0,0x00000011,data,str_105337B0
0x105337C4,0x0000000F,data,str_105337C4
0x105337D4,0x00000018,data,str_105337D4
0x105337EC,0x00000013,data,str_105337EC
0x10533800,0x0000000C,data,str_10533800
0x1053380C,0x0000000E,data,str_1053380C
0x1053381C,0x0000000F,data,str_1053381C
0x1053382C,0x00000010,data,str_1053382C
0x1053383C,0x00000013,data,str_1053383C
0x10533850,0x00000011,data,str_10533850
0x10533864,0x0000000E,data,str_10533864
0x10533874,0x00000016,data,str_10533874
0x1053388C,0x00000018,data,str_1053388C
0x105338A4,0x00000017,data,str_105338A4
0x105338BC,0x00000013,data,str_105338BC
0x105338D0,0x00000011,data,str_105338D0
0x105338E4,0x0000000E,data,str_105338E4
0x105338F4,0x00000017,data,str_105338F4
0x1053390C,0x0000000F,data,str_1053390C
0x1053391C,0x0000000C,data,str_1053391C
0x10533928,0x00000015,data,str_10533928
0x10533940,0x00000013,data,str_10533940
0x10533954,0x00000013,data,str_10533954
0x10533968,0x0000000B,data,str_10533968
0x10533974,0x00000011,data,str_10533974
0x10533988,0x0000000F,data,str_10533988
0x10533998,0x00000012,data,str_10533998
0x105339AC,0x0000000F,data,str_105339AC
0x105339BC,0x00000016,data,str_105339BC
0x105339D4,0x00000011,data,str_105339D4
0x105339E8,0x00000012,data,str_105339E8
0x105339FC,0x0000000F,data,str_105339FC
0x10533A0C,0x0000001E,data,str_10533A0C
0x10533A2C,0x0000001B,data,str_10533A2C
0x10533A48,0x00000017,data,str_10533A48
0x10533A60,0x00000011,data,str_10533A60
0x10533A74,0x00000013,data,str_10533A74
0x10533A88,0x0000001A,data,str_10533A88
0x10533AA4,0x00000017,data,str_10533AA4
0x10533ABC,0x00000018,data,str_10533ABC
0x10533AD4,0x00000011,data,str_10533AD4
0x10533AE8,0x0000000F,data,str_10533AE8
0x10533AF8,0x0000000D,data,str_10533AF8
0x10533B08,0x00000011,data,str_10533B08
0x10533B1C,0x00000010,data,str_10533B1C
0x10533B2C,0x0000000C,data,str_10533B2C
0x10533B38,0x0000000B,data,str_10533B38
0x10533B44,0x0000000C,data,str_10533B44
0x10533B50,0x00000014,data,str_10533B50
0x10533B64,0x00000011,data,str_10533B64
0x10533B78,0x0000000A,data,str_10533B78
0x10533B84,0x00000011,data,str_10533B84
0x10533B98,0x00000010,data,str_10533B98
0x10533BA8,0x00000010,data,str_10533BA8
0x10533BB8,0x0000000F,data,str_10533BB8
0x10533BC8,0x0000000F,data,str_10533BC8
0x10533BD8,0x00000013,data,str_10533BD8
0x10533BEC,0x00000018,data,str_10533BEC
0x10533C04,0x00000014,data,str_10533C04
0x10533C18,0x00000010,data,str_10533C18
0x10533C28,0x00000010,data,str_10533C28
0x10533C38,0x00000010,data,str_10533C38
0x10533C48,0x0000000F,data,str_10533C48
0x10533C58,0x0000000F,data,str_10533C58
0x10533C68,0x0000000F,data,str_10533C68
0x10533C78,0x00000011,data,str_10533C78
0x10533C8C,0x00000010,data,str_10533C8C
0x10533C9C,0x00000012,data,str_10533C9C
0x10533CB0,0x00000010,data,str_10533CB0
0x10533CC0,0x00000011,data,str_10533CC0
0x10533CD4,0x0000000C,data,str_10533CD4
0x10533CE0,0x00000013,data,str_10533CE0
0x10533CF4,0x0000001E,data,str_10533CF4
0x10533D14,0x00000025,data,str_10533D14
0x10533D3C,0x00000014,data,str_10533D3C
0x10533D50,0x00000008,data,str_10533D50
0x10533D58,0x00000013,data,str_10533D58
0x10533D6C,0x00000011,data,str_10533D6C
0x10533D80,0x0000000F,data,str_10533D80
0x10533D90,0x0000000D,data,str_10533D90
0x10533DA0,0x0000000E,data,str_10533DA0
0x10533DB0,0x0000000A,data,str_10533DB0
0x10533DBC,0x00000009,data,str_10533DBC
0x10533DC8,0x00000009,data,str_10533DC8
0x10533DD4,0x00000010,data,str_10533DD4
0x10533DE4,0x00000013,data,str_10533DE4
0x10533DF8,0x00000012,data,str_10533DF8
0x10533E0C,0x00000004,data,str_10533E0C
0x10533E14,0x00000018,data,str_10533E14
0x10533E2C,0x0000000C,data,str_10533E2C
0x10533E38,0x0000000B,data,str_10533E38
0x10533E68,0x00000004,data,str_10533E68
0x10533E6C,0x00000004,data,str_10533E6C
0x10533E8C,0x0000000B,data,str_10533E8C
0x10533E98,0x00000007,data,str_10533E98
0x10533EA0,0x0000000C,data,str_10533EA0
0x10533EAC,0x0000000A,data,str_10533EAC
0x10533EB8,0x00000007,data,str_10533EB8
0x10533EC0,0x00000014,data,str_10533EC0
0x10533ED4,0x00000014,data,str_10533ED4
0x10533EE8,0x00000012,data,str_10533EE8
0x10533EFC,0x00000013,data,str_10533EFC
0x10533F10,0x0000000E,data,str_10533F10
0x10533F20,0x00000013,data,str_10533F20
0x10533F34,0x00000017,data,str_10533F34
0x10533F4C,0x0000001A,data,str_10533F4C
0x10533F68,0x00000014,data,str_10533F68
0x10533F7C,0x00000012,data,str_10533F7C
0x10533F90,0x00000013,data,str_10533F90
0x10533FA4,0x00000014,data,str_10533FA4
0x10533FB8,0x00000015,data,str_10533FB8
0x10533FD0,0x00000013,data,str_10533FD0
0x10533FE4,0x00000013,data,str_10533FE4
0x10533FF8,0x00000014,data,str_10533FF8
0x1053400C,0x00000015,data,str_1053400C
0x10534024,0x00000010,data,str_10534024
0x10534034,0x00000015,data,str_10534034
0x1053404C,0x00000017,data,str_1053404C
0x10534064,0x00000017,data,str_10534064
0x1053407C,0x00000014,data,str_1053407C
0x10534090,0x00000017,data,str_10534090
0x105340A8,0x00000014,data,str_105340A8
0x105340BC,0x00000011,data,str_105340BC
0x105340D0,0x00000008,data,str_105340D0
0x105340D8,0x0000000F,data,str_105340D8
0x105340E8,0x0000000E,data,str_105340E8
0x105340F8,0x00000010,data,str_105340F8
0x10534108,0x0000000D,data,str_10534108
0x10534118,0x0000000B,data,str_10534118
0x10534124,0x00000008,data,str_10534124
0x1053412C,0x00000010,data,str_1053412C
0x1053413C,0x00000010,data,str_1053413C
0x1053414C,0x0000000E,data,str_1053414C
0x1053415C,0x00000014,data,str_1053415C
0x10534170,0x00000011,data,str_10534170
0x10534184,0x00000016,data,str_10534184
0x1053419C,0x00000012,data,str_1053419C
0x105341B0,0x00000010,data,str_105341B0
0x105341C0,0x00000011,data,str_105341C0
0x105341D4,0x00000012,data,str_105341D4
0x105341E8,0x00000012,data,str_105341E8
0x105341FC,0x00000012,data,str_105341FC
0x10534210,0x00000012,data,str_10534210
0x10534224,0x00000012,data,str_10534224
0x10534238,0x0000000D,data,str_10534238
0x10534248,0x00000011,data,str_10534248
0x1053425C,0x00000013,data,str_1053425C
0x10534270,0x00000010,data,str_10534270
0x10534280,0x00000018,data,str_10534280
0x10534298,0x0000000C,data,str_10534298
0x105342A4,0x0000000C,data,str_105342A4
0x105342B0,0x0000000D,data,str_105342B0
0x105342C0,0x00000011,data,str_105342C0
0x105342D4,0x00000011,data,str_105342D4
0x105342E8,0x0000000B,data,str_105342E8
0x105342F4,0x0000000C,data,str_105342F4
0x10534300,0x00000011,data,str_10534300
0x10534314,0x00000010,data,str_10534314
0x10534324,0x0000000E,data,str_10534324
0x10534334,0x0000000C,data,str_10534334
0x10534340,0x00000017,data,str_10534340
0x10534358,0x00000015,data,str_10534358
0x10534370,0x00000007,data,str_10534370
0x10534378,0x00000013,data,str_10534378
0x1053438C,0x0000000B,data,str_1053438C
0x105343B8,0x00000017,data,str_105343B8
0x105343D0,0x0000002E,data,str_105343D0
0x1053440C,0x00000007,data,str_1053440C
0x10534414,0x00000008,data,str_10534414
0x1053441C,0x0000000B,data,str_1053441C
0x10534428,0x00000009,data,str_10534428
0x10534434,0x0000000C,data,str_10534434
0x10534440,0x0000000F,data,str_10534440
0x10534450,0x00000012,data,str_10534450
0x10534464,0x00000018,data,str_10534464
0x1053447C,0x00000007,data,str_1053447C
0x10534490,0x0000002E,data,str_10534490
0x105344C0,0x00000013,data,str_105344C0
0x105344D4,0x0000002D,data,str_105344D4
0x10534524,0x0000000B,data,str_10534524
0x10534530,0x0000000A,data,str_10534530
0x1053453C,0x00000006,data,str_1053453C
0x10534548,0x00000009,data,str_10534548
0x10534558,0x00000007,data,str_10534558
0x10534560,0x00000009,data,str_10534560
0x1053456C,0x0000000C,data,str_1053456C
0x10534578,0x0000000D,data,str_10534578
0x10534588,0x0000002C,data,str_10534588
0x105345B4,0x00000029,data,str_105345B4
0x105345E0,0x00000007,data,str_105345E0
0x105345E8,0x0000000B,data,str_105345E8
0x105345F8,0x0000000B,data,str_105345F8
0x10534604,0x0000000B,data,str_10534604
0x10534610,0x0000000D,data,str_10534610
0x10534620,0x00000007,data,str_10534620
0x10534628,0x0000000A,data,str_10534628
0x10534634,0x0000000A,data,str_10534634
0x10534640,0x00000007,data,str_10534640
0x10534648,0x00000008,data,str_10534648
0x10534650,0x00000007,data,str_10534650
0x1053465C,0x0000000F,data,str_1053465C
0x1053466C,0x0000000D,data,str_1053466C
0x1053467C,0x00000007,data,str_1053467C
0x10534684,0x00000014,data,str_10534684
0x105346B0,0x00000008,data,str_105346B0
0x105346B8,0x00000009,data,str_105346B8
0x105346C4,0x00000007,data,str_105346C4
0x105346CC,0x00000016,data,str_105346CC
0x105346E4,0x00000006,data,str_105346E4
0x105346EC,0x00000007,data,str_105346EC
0x105346F4,0x00000009,data,str_105346F4
0x10534700,0x00000008,data,str_10534700
0x10534708,0x0000000C,data,str_10534708
0x10534714,0x00000012,data,str_10534714
0x1053472C,0x0000000D,data,str_1053472C
0x1053473C,0x00000007,data,str_1053473C
0x10534744,0x0000000F,data,str_10534744
0x10534754,0x0000000C,data,str_10534754
0x10534760,0x0000000C,data,str_10534760
0x1053476C,0x0000000D,data,str_1053476C
0x1053477C,0x0000000C,data,str_1053477C
0x10534788,0x0000000C,data,str_10534788
0x10534794,0x0000000E,data,str_10534794
0x105347A4,0x0000000E,data,str_105347A4
0x105347B4,0x00000035,data,str_105347B4
0x105347EC,0x0000000E,data,str_105347EC
0x105347FC,0x00000010,data,str_105347FC
0x1053480C,0x0000000F,data,str_1053480C
0x1053481C,0x0000000D,data,str_1053481C
0x1053482C,0x0000000A,data,str_1053482C
0x10534838,0x0000000A,data,str_10534838
0x10534844,0x00000008,data,str_10534844
0x1053484C,0x0000000A,data,str_1053484C
0x10534858,0x0000000B,data,str_10534858
0x10534864,0x00000013,data,str_10534864
0x10534878,0x00000009,data,str_10534878
0x10534884,0x00000009,data,str_10534884
0x10534890,0x00000007,data,str_10534890
0x10534898,0x00000009,data,str_10534898
0x105348A4,0x0000000C,data,str_105348A4
0x105348B0,0x0000000B,data,str_105348B0
0x105348BC,0x0000000A,data,str_105348BC
0x105348C8,0x00000009,data,str_105348C8
0x105348DC,0x0000000C,data,str_105348DC
0x105348E8,0x0000000C,data,str_105348E8
0x105348F4,0x0000000A,data,str_105348F4
0x10534900,0x00000035,data,str_10534900
0x10534938,0x0000000C,data,str_10534938
0x10534944,0x0000000E,data,str_10534944
0x10534954,0x0000000C,data,str_10534954
0x10534960,0x0000000D,data,str_10534960
0x10534970,0x0000000E,data,str_10534970
0x10534980,0x0000000E,data,str_10534980
0x10534990,0x00000034,data,str_10534990
0x105349C4,0x00000008,data,str_105349C4
0x105349CC,0x0000000F,data,str_105349CC
0x105349E0,0x00000043,data,str_105349E0
0x10534A24,0x0000000D,data,str_10534A24
0x10534A34,0x0000000D,data,str_10534A34
0x10534A44,0x00000016,data,str_10534A44
0x10534A5C,0x00000007,data,str_10534A5C
0x10534A68,0x0000000E,data,str_10534A68
0x10534A78,0x00000016,data,str_10534A78
0x10534A94,0x00000004,data,str_10534A94
0x10534A9C,0x00000016,data,str_10534A9C
0x10534AB4,0x00000017,data,str_10534AB4
0x10534ACC,0x00000013,data,str_10534ACC
0x10534AE0,0x00000004,data,str_10534AE0
0x10534AE4,0x00000007,data,str_10534AE4
0x10534AEC,0x0000003B,data,str_10534AEC
0x10534B28,0x0000002D,data,str_10534B28
0x10534B5C,0x0000003A,data,str_10534B5C
0x10534B98,0x00000012,data,str_10534B98
0x10534BAC,0x00000012,data,str_10534BAC
0x10534BC0,0x00000029,data,str_10534BC0
0x10534BEC,0x00000009,data,str_10534BEC
0x10534BF8,0x0000002B,data,str_10534BF8
0x10534C24,0x00000030,data,str_10534C24
0x10534C54,0x00000008,data,str_10534C54
0x10534C5C,0x0000000C,data,str_10534C5C
0x10534C68,0x0000000D,data,str_10534C68
0x10534C78,0x0000000C,data,str_10534C78
0x10534C84,0x0000000E,data,str_10534C84
0x10534C94,0x00000008,data,str_10534C94
0x10534C9C,0x00000006,data,str_10534C9C
0x10534CA4,0x00000018,data,str_10534CA4
0x10534CBC,0x00000014,data,str_10534CBC
0x10534CD0,0x0000000C,data,str_10534CD0
0x10534CDC,0x0000000C,data,str_10534CDC
0x10534CE8,0x00000017,data,str_10534CE8
0x10534D00,0x00000016,data,str_10534D00
0x10534D18,0x00000013,data,str_10534D18
0x10534D2C,0x00000012,data,str_10534D2C
0x10534D40,0x00000014,data,str_10534D40
0x10534D54,0x00000011,data,str_10534D54
0x10534D68,0x00000010,data,str_10534D68
0x10534D78,0x00000013,data,str_10534D78
0x10534D8C,0x00000011,data,str_10534D8C
0x10534DA0,0x00000014,data,str_10534DA0
0x10534DB4,0x00000012,data,str_10534DB4
0x10534DC8,0x00000012,data,str_10534DC8
0x10534DDC,0x0000000C,data,str_10534DDC
0x10534DE8,0x00000011,data,str_10534DE8
0x10534DFC,0x00000010,data,str_10534DFC
0x10534E0C,0x0000000A,data,str_10534E0C
0x10534E18,0x00000008,data,str_10534E18
0x10534E20,0x00000011,data,str_10534E20
0x10534E34,0x00000007,data,str_10534E34
0x10534E3C,0x00000013,data,str_10534E3C
0x10534E50,0x00000014,data,str_10534E50
0x10534E64,0x0000000D,data,str_10534E64
0x10534E74,0x0000001C,data,wstr_10534E74
0x10534E90,0x00000010,data,wstr_10534E90
0x10534EA0,0x0000001E,data,wstr_10534EA0
0x10534EC0,0x00000012,data,wstr_10534EC0
0x10534ED4,0x00000014,data,wstr_10534ED4
0x10534EE8,0x00000010,data,wstr_10534EE8
0x10534EF8,0x00000016,data,wstr_10534EF8
0x10534F10,0x00000026,data,wstr_10534F10
0x10534F38,0x0000001E,data,wstr_10534F38
0x10534F58,0x00000028,data,wstr_10534F58
0x10534F80,0x0000000C,data,wstr_10534F80
0x10534F8C,0x00000016,data,wstr_10534F8C
0x10534FA4,0x00000018,data,wstr_10534FA4
0x10534FBC,0x00000016,data,wstr_10534FBC
0x10534FD4,0x0000001C,data,wstr_10534FD4
0x10534FF0,0x0000001C,data,wstr_10534FF0
0x1053500C,0x00000018,data,wstr_1053500C
0x10535024,0x00000018,data,wstr_10535024
0x1053503C,0x0000001C,data,wstr_1053503C
0x10535058,0x00000018,data,wstr_10535058
0x10535070,0x00000012,data,wstr_10535070
0x10535084,0x00000010,data,wstr_10535084
0x10535094,0x0000001C,data,wstr_10535094
0x105350B0,0x00000022,data,wstr_105350B0
0x105350D4,0x00000016,data,wstr_105350D4
0x105350EC,0x00000018,data,wstr_105350EC
0x10535104,0x00000018,data,wstr_10535104
0x1053511C,0x00000018,data,wstr_1053511C
0x10535134,0x0000001E,data,wstr_10535134
0x10535154,0x00000022,data,wstr_10535154
0x10535178,0x00000016,data,wstr_10535178
0x10535190,0x0000001E,data,wstr_10535190
0x105351B0,0x00000024,data,wstr_105351B0
0x105351D4,0x00000018,data,wstr_105351D4
0x105351EC,0x00000012,data,wstr_105351EC
0x10535200,0x00000010,data,wstr_10535200
0x10535210,0x00000024,data,wstr_10535210
0x10535234,0x00000020,data,wstr_10535234
0x10535254,0x00000014,data,wstr_10535254
0x10535268,0x00000020,data,wstr_10535268
0x10535288,0x00000022,data,wstr_10535288
0x105352AC,0x00000010,data,wstr_105352AC
0x105352BC,0x0000001E,data,wstr_105352BC
0x105352DC,0x00000018,data,wstr_105352DC
0x105352F4,0x00000020,data,wstr_105352F4
0x10535314,0x00000014,data,wstr_10535314
0x10535328,0x00000012,data,wstr_10535328
0x1053533C,0x0000001E,data,wstr_1053533C
0x1053535C,0x0000001A,data,wstr_1053535C
0x10535378,0x00000020,data,wstr_10535378
0x10535398,0x00000016,data,wstr_10535398
0x105353B0,0x00000018,data,wstr_105353B0
0x105353C8,0x0000000E,data,wstr_105353C8
0x105353D8,0x0000001C,data,wstr_105353D8
0x105353F4,0x00000016,data,wstr_105353F4
0x1053540C,0x00000022,data,wstr_1053540C
0x10535430,0x00000016,data,wstr_10535430
0x10535448,0x00000014,data,wstr_10535448
0x1053545C,0x00000018,data,wstr_1053545C
0x10535474,0x0000001A,data,wstr_10535474
0x10535490,0x0000001C,data,wstr_10535490
0x105354AC,0x0000001A,data,wstr_105354AC
0x105354C8,0x00000018,data,wstr_105354C8
0x105354E0,0x00000024,data,wstr_105354E0
0x10535504,0x0000001C,data,wstr_10535504
0x10535520,0x00000020,data,wstr_10535520
0x10535540,0x00000018,data,wstr_10535540
0x10535558,0x0000001E,data,wstr_10535558
0x10535578,0x0000001E,data,wstr_10535578
0x10535598,0x00000018,data,wstr_10535598
0x105355B0,0x00000014,data,wstr_105355B0
0x105355C4,0x00000010,data,wstr_105355C4
0x105355D4,0x00000010,data,wstr_105355D4
0x105355E4,0x00000010,data,wstr_105355E4
0x105355F4,0x00000010,data,wstr_105355F4
0x10535604,0x00000020,data,wstr_10535604
0x10535624,0x00000016,data,wstr_10535624
0x1053563C,0x00000022,data,wstr_1053563C
0x10535660,0x00000018,data,wstr_10535660
0x10535678,0x00000016,data,wstr_10535678
0x10535690,0x0000001C,data,wstr_10535690
0x105356AC,0x0000000E,data,wstr_105356AC
0x105356BC,0x0000000E,data,wstr_105356BC
0x105356CC,0x0000000E,data,wstr_105356CC
0x105356DC,0x00000012,data,wstr_105356DC
0x105356F0,0x0000001C,data,wstr_105356F0
0x1053570C,0x00000016,data,wstr_1053570C
0x10535724,0x00000012,data,wstr_10535724
0x10535738,0x00000014,data,wstr_10535738
0x1053574C,0x00000010,data,wstr_1053574C
0x1053575C,0x00000016,data,wstr_1053575C
0x10535774,0x0000001C,data,wstr_10535774
0x10535790,0x00000014,data,wstr_10535790
0x105357A4,0x00000014,data,wstr_105357A4
0x105357B8,0x0000001C,data,wstr_105357B8
0x105357D4,0x0000001A,data,wstr_105357D4
0x105357F0,0x0000001A,data,wstr_105357F0
0x1053580C,0x0000002A,data,wstr_1053580C
0x10535838,0x0000002A,data,wstr_10535838
0x10535864,0x0000002C,data,wstr_10535864
0x10535890,0x00000024,data,wstr_10535890
0x105358B4,0x0000002A,data,wstr_105358B4
0x105358E0,0x0000001E,data,wstr_105358E0
0x10535900,0x0000001E,data,wstr_10535900
0x10535920,0x0000001C,data,wstr_10535920
0x1053593C,0x00000026,data,wstr_1053593C
0x10535964,0x0000001E,data,wstr_10535964
0x10535984,0x0000001A,data,wstr_10535984
0x105359A0,0x00000024,data,wstr_105359A0
0x105359C4,0x0000001A,data,wstr_105359C4
0x105359E0,0x00000028,data,wstr_105359E0
0x10535A08,0x00000020,data,wstr_10535A08
0x10535A28,0x00000018,data,wstr_10535A28
0x10535A40,0x00000020,data,wstr_10535A40
0x10535A60,0x0000001A,data,wstr_10535A60
0x10535A7C,0x0000001A,data,wstr_10535A7C
0x10535A98,0x00000028,data,wstr_10535A98
0x10535AC0,0x00000020,data,wstr_10535AC0
0x10535AE0,0x00000022,data,wstr_10535AE0
0x10535B04,0x00000020,data,wstr_10535B04
0x10535B24,0x00000022,data,wstr_10535B24
0x10535B48,0x0000000E,data,wstr_10535B48
0x10535B58,0x00000010,data,wstr_10535B58
0x10535B68,0x0000001E,data,wstr_10535B68
0x10535B88,0x0000001E,data,wstr_10535B88
0x10535BA8,0x00000020,data,wstr_10535BA8
0x10535BC8,0x0000000C,data,wstr_10535BC8
0x10535BD4,0x00000018,data,wstr_10535BD4
0x10535BEC,0x00000026,data,wstr_10535BEC
0x10535C14,0x00000026,data,wstr_10535C14
0x10535C3C,0x00000014,data,wstr_10535C3C
0x10535C50,0x0000001C,data,wstr_10535C50
0x10535C6C,0x00000018,data,wstr_10535C6C
0x10535C84,0x00000020,data,wstr_10535C84
0x10535CA4,0x0000001E,data,wstr_10535CA4
0x10535CC4,0x00000016,data,wstr_10535CC4
0x10535CDC,0x00000028,data,wstr_10535CDC
0x10535D04,0x00000014,data,wstr_10535D04
0x10535D18,0x0000001A,data,wstr_10535D18
0x10535D34,0x00000022,data,wstr_10535D34
0x10535D58,0x0000001C,data,wstr_10535D58
0x10535D74,0x0000001A,data,wstr_10535D74
0x10535D90,0x00000018,data,wstr_10535D90
0x10535DA8,0x00000012,data,wstr_10535DA8
0x10535DBC,0x00000014,data,wstr_10535DBC
0x10535DD0,0x00000012,data,wstr_10535DD0
0x10535DE4,0x00000016,data,wstr_10535DE4
0x10535DFC,0x00000014,data,wstr_10535DFC
0x10535E10,0x00000014,data,wstr_10535E10
0x10535E24,0x00000024,data,wstr_10535E24
0x10535E48,0x00000024,data,wstr_10535E48
0x10535E6C,0x00000010,data,wstr_10535E6C
0x10535E7C,0x00000012,data,wstr_10535E7C
0x10535E90,0x00000020,data,wstr_10535E90
0x10535EB0,0x0000002C,data,wstr_10535EB0
0x10535EDC,0x00000022,data,wstr_10535EDC
0x10535F00,0x00000022,data,wstr_10535F00
0x10535F24,0x00000020,data,wstr_10535F24
0x10535F44,0x00000024,data,wstr_10535F44
0x10535F68,0x00000028,data,wstr_10535F68
0x10535F90,0x00000020,data,wstr_10535F90
0x10535FB0,0x0000001E,data,wstr_10535FB0
0x10535FD0,0x00000020,data,wstr_10535FD0
0x10535FF0,0x00000024,data,wstr_10535FF0
0x10536014,0x0000001A,data,wstr_10536014
0x10536030,0x00000012,data,wstr_10536030
0x10536044,0x00000026,data,wstr_10536044
0x1053606C,0x00000024,data,wstr_1053606C
0x10536090,0x00000022,data,wstr_10536090
0x105360B4,0x00000028,data,wstr_105360B4
0x105360DC,0x00000024,data,wstr_105360DC
0x10536100,0x0000001E,data,wstr_10536100
0x10536120,0x0000001C,data,wstr_10536120
0x1053613C,0x00000028,data,wstr_1053613C
0x10536164,0x0000001A,data,wstr_10536164
0x10536180,0x00000020,data,wstr_10536180
0x105361A0,0x00000022,data,wstr_105361A0
0x105361C4,0x0000001A,data,wstr_105361C4
0x105361E0,0x00000012,data,wstr_105361E0
0x105361F4,0x00000026,data,wstr_105361F4
0x1053621C,0x0000001E,data,wstr_1053621C
0x1053623C,0x00000020,data,wstr_1053623C
0x1053625C,0x00000028,data,wstr_1053625C
0x10536284,0x00000020,data,wstr_10536284
0x105362A4,0x0000001E,data,wstr_105362A4
0x105362C4,0x0000001A,data,wstr_105362C4
0x105362E0,0x00000012,data,wstr_105362E0
0x105362F4,0x0000002A,data,wstr_105362F4
0x10536320,0x00000024,data,wstr_10536320
0x10536344,0x00000022,data,wstr_10536344
0x10536368,0x00000016,data,wstr_10536368
0x10536380,0x0000001A,data,wstr_10536380
0x1053639C,0x00000020,data,wstr_1053639C
0x105363BC,0x00000026,data,wstr_105363BC
0x105363E4,0x00000016,data,wstr_105363E4
0x105363FC,0x00000012,data,wstr_105363FC
0x10536410,0x00000024,data,wstr_10536410
0x10536434,0x00000038,data,wstr_10536434
0x1053646C,0x00000024,data,wstr_1053646C
0x10536490,0x00000020,data,wstr_10536490
0x105364B0,0x00000018,data,wstr_105364B0
0x105364C8,0x0000001C,data,wstr_105364C8
0x105364E4,0x0000001E,data,wstr_105364E4
0x10536504,0x00000022,data,wstr_10536504
0x10536528,0x00000016,data,wstr_10536528
0x10536540,0x00000014,data,wstr_10536540
0x10536554,0x00000022,data,wstr_10536554
0x10536578,0x00000020,data,wstr_10536578
0x10536598,0x00000014,data,wstr_10536598
0x105365AC,0x00000012,data,wstr_105365AC
0x105365C0,0x00000012,data,wstr_105365C0
0x105365D4,0x0000001E,data,wstr_105365D4
0x105365F4,0x00000012,data,wstr_105365F4
0x10536608,0x00000016,data,wstr_10536608
0x10536620,0x00000010,data,wstr_10536620
0x10536630,0x00000016,data,wstr_10536630
0x10536648,0x0000001E,data,wstr_10536648
0x10536668,0x0000001C,data,wstr_10536668
0x10536684,0x0000001E,data,wstr_10536684
0x105366A4,0x0000001A,data,wstr_105366A4
0x105366C0,0x00000016,data,wstr_105366C0
0x105366D8,0x00000018,data,wstr_105366D8
0x105366F0,0x00000028,data,wstr_105366F0
0x10536718,0x0000000E,data,wstr_10536718
0x10536728,0x00000014,data,wstr_10536728
0x1053673C,0x0000000C,data,wstr_1053673C
0x10536748,0x0000001E,data,wstr_10536748
0x10536768,0x00000028,data,wstr_10536768
0x10536790,0x00000014,data,wstr_10536790
0x105367A4,0x00000016,data,wstr_105367A4
0x105367BC,0x0000001A,data,wstr_105367BC
0x105367D8,0x0000001A,data,wstr_105367D8
0x105367F4,0x00000018,data,wstr_105367F4
0x1053680C,0x0000001A,data,wstr_1053680C
0x10536828,0x00000022,data,wstr_10536828
0x1053684C,0x00000028,data,wstr_1053684C
0x10536874,0x0000001C,data,wstr_10536874
0x10536890,0x00000024,data,wstr_10536890
0x105368B4,0x0000001A,data,wstr_105368B4
0x105368D0,0x0000001A,data,wstr_105368D0
0x105368EC,0x00000018,data,wstr_105368EC
0x10536904,0x00000014,data,wstr_10536904
0x10536918,0x0000001E,data,wstr_10536918
0x10536938,0x00000022,data,wstr_10536938
0x1053695C,0x0000002C,data,wstr_1053695C
0x10536988,0x00000024,data,wstr_10536988
0x105369AC,0x00000018,data,wstr_105369AC
0x105369C4,0x00000018,data,wstr_105369C4
0x105369DC,0x00000014,data,wstr_105369DC
0x105369F0,0x00000018,data,wstr_105369F0
0x10536A08,0x00000024,data,wstr_10536A08
0x10536A2C,0x00000020,data,wstr_10536A2C
0x10536A4C,0x0000001E,data,wstr_10536A4C
0x10536A6C,0x00000022,data,wstr_10536A6C
0x10536A90,0x00000020,data,wstr_10536A90
0x10536AB0,0x00000022,data,wstr_10536AB0
0x10536AD4,0x00000014,data,wstr_10536AD4
0x10536AE8,0x00000034,data,wstr_10536AE8
0x10536B1C,0x00000022,data,wstr_10536B1C
0x10536B40,0x0000001A,data,wstr_10536B40
0x10536B5C,0x00000020,data,wstr_10536B5C
0x10536B7C,0x0000001E,data,wstr_10536B7C
0x10536B9C,0x0000001C,data,wstr_10536B9C
0x10536BB8,0x00000020,data,wstr_10536BB8
0x10536BD8,0x0000001A,data,wstr_10536BD8
0x10536BF4,0x0000001A,data,wstr_10536BF4
0x10536C10,0x00000020,data,wstr_10536C10
0x10536C30,0x00000012,data,wstr_10536C30
0x10536C44,0x00000028,data,wstr_10536C44
0x10536C6C,0x0000001C,data,wstr_10536C6C
0x10536C88,0x00000014,data,wstr_10536C88
0x10536C9C,0x00000012,data,wstr_10536C9C
0x10536CB0,0x0000001C,data,wstr_10536CB0
0x10536CCC,0x0000001C,data,wstr_10536CCC
0x10536CE8,0x0000001A,data,wstr_10536CE8
0x10536D04,0x00000018,data,wstr_10536D04
0x10536D1C,0x00000016,data,wstr_10536D1C
0x10536D34,0x00000024,data,wstr_10536D34
0x10536D58,0x0000002A,data,wstr_10536D58
0x10536D84,0x0000001A,data,wstr_10536D84
0x105373F0,0x00000011,data,str_105373F0
0x10537405,0x00000016,data,str_10537405
0x1053741D,0x00000015,data,str_1053741D
0x10537435,0x00000015,data,str_10537435
0x1053754C,0x00000007,data,str_1053754C
0x10537554,0x00000007,data,str_10537554
0x1053755C,0x0000000B,data,str_1053755C
0x105375C0,0x0000000E,data,wstr_105375C0
0x105375D1,0x00000014,data,str_105375D1
0x105375FC,0x0000000B,data,str_105375FC
0x10537608,0x0000000F,data,str_10537608
0x1053761C,0x00000004,data,str_1053761C
0x1053762C,0x00000009,data,str_1053762C
0x1053767C,0x00000010,data,wstr_1053767C
0x1053768C,0x00000005,data,str_1053768C
0x10537694,0x0000000A,data,str_10537694
0x105376A0,0x00000010,data,str_105376A0
0x105376B4,0x00000007,data,str_105376B4
0x105376BC,0x00000018,data,str_105376BC
0x1053770A,0x00000005,data,str_1053770A
0x10537710,0x00000009,data,str_10537710
0x1053771C,0x00000007,data,str_1053771C
0x10537724,0x00000008,data,wstr_10537724
0x1053772C,0x0000002E,data,wstr_1053772C
0x1053775C,0x00000010,data,wstr_1053775C
0x1053776C,0x00000016,data,wstr_1053776C
0x10537784,0x00000026,data,wstr_10537784
0x105377B0,0x0000000B,data,str_105377B0
0x105377BC,0x00000004,data,str_105377BC
0x105377C0,0x00000004,data,str_105377C0
0x105377C8,0x0000000A,data,str_105377C8
0x105377D4,0x0000000A,data,str_105377D4
0x105377E0,0x00000010,data,str_105377E0
0x105377F0,0x0000000D,data,str_105377F0
0x10537800,0x00000010,data,str_10537800
0x10537810,0x0000000F,data,str_10537810
0x10537820,0x0000000F,data,str_10537820
0x10537830,0x00000012,data,str_10537830
0x10537844,0x00000012,data,str_10537844
0x10537858,0x00000015,data,str_10537858
0x10537870,0x0000000F,data,str_10537870
0x10537880,0x0000000C,data,str_10537880
0x1053788C,0x0000000F,data,str_1053788C
0x1053789C,0x0000000C,data,str_1053789C
0x105378A8,0x0000000F,data,str_105378A8
0x105378B8,0x00000011,data,str_105378B8
0x105378CC,0x0000000C,data,str_105378CC
0x105378D8,0x00000011,data,str_105378D8
0x105378EC,0x00000011,data,str_105378EC
0x10537900,0x00000011,data,str_10537900
0x10537914,0x00000011,data,str_10537914
0x10537928,0x00000010,data,str_10537928
0x10537938,0x00000013,data,str_10537938
0x1053794C,0x00000013,data,str_1053794C
0x10537960,0x00000013,data,str_10537960
0x10537974,0x00000011,data,str_10537974
0x10537988,0x00000011,data,str_10537988
0x1053799C,0x00000010,data,str_1053799C
0x105379AC,0x0000000F,data,str_105379AC
0x105379BC,0x00000012,data,str_105379BC
0x105379D0,0x0000000F,data,str_105379D0
0x105379E0,0x00000011,data,str_105379E0
0x105379F4,0x00000011,data,str_105379F4
0x10537A08,0x0000000D,data,str_10537A08
0x10537A18,0x00000010,data,str_10537A18
0x10537A28,0x00000018,data,str_10537A28
0x10537A40,0x0000001E,data,str_10537A40
0x10537A60,0x00000018,data,str_10537A60
0x10537A78,0x00000019,data,str_10537A78
0x10537A94,0x00000014,data,str_10537A94
0x10537AA8,0x0000001B,data,str_10537AA8
0x10537AC4,0x00000019,data,str_10537AC4
0x10537AE0,0x0000001A,data,str_10537AE0
0x10537AFC,0x00000020,data,str_10537AFC
0x10537B1C,0x0000001C,data,str_10537B1C
0x10537B38,0x0000001F,data,str_10537B38
0x10537B58,0x00000016,data,str_10537B58
0x10537B70,0x00000018,data,str_10537B70
0x10537B88,0x00000019,data,str_10537B88
0x10537BA4,0x00000021,data,str_10537BA4
0x10537BC8,0x0000000E,data,str_10537BC8
0x10537BD8,0x0000000E,data,str_10537BD8
0x10537BE8,0x0000000E,data,str_10537BE8
0x10537BF8,0x0000000C,data,str_10537BF8
0x10537C04,0x0000001A,data,str_10537C04
0x10537C20,0x00000018,data,str_10537C20
0x10537CB4,0x00000008,data,str_10537CB4
0x10537CBC,0x0000000B,data,str_10537CBC
0x10537CC8,0x00000004,data,str_10537CC8
0x10537CCC,0x00000007,data,str_10537CCC
0x10537CD4,0x00000004,data,str_10537CD4
0x10537CD8,0x00000004,data,str_10537CD8
0x10537CDC,0x00000005,data,str_10537CDC
0x10537CE4,0x00000004,data,str_10537CE4
0x10537CE8,0x00000005,data,str_10537CE8
0x10537CF0,0x0000000A,data,wstr_10537CF0
0x10537CFC,0x0000000A,data,wstr_10537CFC
0x10537D0C,0x00000004,data,str_10537D0C
0x10537D10,0x0000002F,data,str_10537D10
0x10537D54,0x00000004,data,str_10537D54
0x10537D58,0x00000004,data,str_10537D58
0x10537D60,0x0000000B,data,str_10537D60
0x10537D6C,0x00000008,data,str_10537D6C
0x10537D74,0x0000001B,data,str_10537D74
0x10537D90,0x00000020,data,str_10537D90
0x10537DAE,0x00000008,data,wstr_10537DAE
0x10537DB8,0x00000005,data,str_10537DB8
0x10537DC0,0x00000005,data,str_10537DC0
0x10537DC8,0x00000006,data,str_10537DC8
0x10537DD3,0x00000005,data,str_10537DD3
0x10537DD8,0x00000009,data,str_10537DD8
0x10537DE4,0x00000009,data,str_10537DE4
0x10537DF0,0x00000019,data,str_10537DF0
0x10537E0C,0x0000000A,data,str_10537E0C
0x10537E18,0x0000000C,data,str_10537E18
0x10537E24,0x00000005,data,str_10537E24
0x10537E7C,0x00000005,data,str_10537E7C
0x10537E94,0x0000000A,data,str_10537E94
0x10537EB5,0x00000008,data,str_10537EB5
0x10537ECD,0x00000017,data,str_10537ECD
0x10537EE4,0x00000004,data,str_10537EE4
0x10537EF0,0x00000004,data,str_10537EF0
0x10537EF8,0x00000008,data,str_10537EF8
0x10537F0D,0x00000019,data,str_10537F0D
0x10537F5C,0x00000005,data,str_10537F5C
0x10537F64,0x00000006,data,str_10537F64
0x10537F6C,0x00000027,data,str_10537F6C
0x10537FB0,0x00000019,data,str_10537FB0
0x10537FD4,0x0000000A,data,str_10537FD4
0x10537FE8,0x0000000B,data,str_10537FE8
0x10537FF4,0x00000007,data,str_10537FF4
0x10537FFC,0x00000010,data,str_10537FFC
0x10538030,0x00000008,data,str_10538030
0x1053806C,0x0000000C,data,str_1053806C
0x105380C8,0x00000009,data,str_105380C8
0x105380D4,0x0000001A,data,str_105380D4
0x1053810C,0x00000010,data,wstr_1053810C
0x10538120,0x00000004,data,str_10538120
0x10538124,0x0000000D,data,str_10538124
0x10538134,0x0000000E,data,str_10538134
0x10538144,0x00000008,data,str_10538144
0x1053814C,0x00000024,data,str_1053814C
0x105381A4,0x0000000F,data,str_105381A4
0x105381B4,0x00000005,data,str_105381B4
0x105381C0,0x00000005,data,str_105381C0
0x105381C8,0x00000009,data,str_105381C8
0x105381D4,0x00000006,data,str_105381D4
0x105381DC,0x00000007,data,str_105381DC
0x105381E4,0x00000004,data,str_105381E4
0x105381E9,0x00000009,data,str_105381E9
0x105381F4,0x0000000A,data,str_105381F4
0x10538200,0x0000000E,data,str_10538200
0x10538210,0x00000009,data,str_10538210
0x1053821C,0x00000009,data,str_1053821C
0x10538228,0x0000000C,data,str_10538228
0x10538234,0x00000007,data,str_10538234
0x10538284,0x00000005,data,str_10538284
0x10538290,0x00000007,data,str_10538290
0x10538299,0x0000000B,data,str_10538299
0x105382A4,0x00000011,data,str_105382A4
0x105382B8,0x00000014,data,str_105382B8
0x105382D4,0x0000000E,data,str_105382D4
0x105382E4,0x00000007,data,str_105382E4
0x105382EC,0x00000027,data,str_105382EC
0x10538314,0x00000032,data,str_10538314
0x10538348,0x0000001C,data,str_10538348
0x1053837B,0x00000005,data,str_1053837B
0x10538382,0x00000005,data,str_10538382
0x1053838D,0x00000005,data,str_1053838D
0x10538394,0x00000016,data,wstr_10538394
0x105383AC,0x00000014,data,wstr_105383AC
0x105383C0,0x00000004,data,str_105383C0
0x105383C8,0x0000004C,data,str_105383C8
0x10538418,0x00000044,data,str_10538418
0x1053845C,0x00000015,data,str_1053845C
0x10538474,0x00000015,data,str_10538474
0x1053848C,0x00000018,data,str_1053848C
0x105384A4,0x00000010,data,str_105384A4
0x105384B4,0x00000005,data,str_105384B4
0x105384D0,0x00000024,data,str_105384D0
0x105384FC,0x0000000F,data,str_105384FC
0x1053850C,0x0000001F,data,str_1053850C
0x10538634,0x00000006,data,str_10538634
0x10538640,0x00000006,data,str_10538640
0x10538648,0x00000004,data,str_10538648
0x1053864E,0x0000000F,data,str_1053864E
0x10538660,0x0000000F,data,str_10538660
0x10538670,0x0000001C,data,wstr_10538670
0x1053869B,0x00000009,data,str_1053869B
0x105386A4,0x00000006,data,str_105386A4
0x10538720,0x00000018,data,str_10538720
0x105389B8,0x00000010,data,wstr_105389B8
0x105389D0,0x00000008,data,str_105389D0
0x105389D8,0x00000007,data,str_105389D8
0x105389E0,0x00000008,data,str_105389E0
0x105389E8,0x00000009,data,str_105389E8
0x105389F4,0x0000000C,data,str_105389F4
0x10538A00,0x00000007,data,str_10538A00
0x10538A08,0x00000006,data,str_10538A08
0x10538A10,0x00000006,data,str_10538A10
0x10538A18,0x0000000A,data,wstr_10538A18
0x10538A24,0x0000000C,data,str_10538A24
0x10538A34,0x00000009,data,str_10538A34
0x10538A44,0x00000008,data,wstr_10538A44
0x10538A58,0x00000008,data,wstr_10538A58
0x10538A60,0x0000000B,data,str_10538A60
0x10538A6C,0x0000000C,data,str_10538A6C
0x10538A7D,0x0000002C,data,str_10538A7D
0x10538ABD,0x00000021,data,str_10538ABD
0x10538AE0,0x00000006,data,str_10538AE0
0x10538AFC,0x00000034,data,str_10538AFC
0x10538B4D,0x0000002C,data,str_10538B4D
0x10538B7C,0x00000009,data,str_10538B7C
0x10538BA8,0x00000037,data,str_10538BA8
0x10538BE0,0x0000000C,data,str_10538BE0
0x10538C24,0x0000000C,data,str_10538C24
0x10538C32,0x00000021,data,str_10538C32
0x10538C63,0x00000005,data,str_10538C63
0x10538C78,0x0000002B,data,str_10538C78
0x10538CA4,0x0000000A,data,wstr_10538CA4
0x10538CB0,0x00000011,data,str_10538CB0
0x10538CC4,0x00000014,data,str_10538CC4
0x10538CD8,0x00000033,data,str_10538CD8
0x10538D20,0x0000000A,data,str_10538D20
0x10538D2C,0x00000021,data,str_10538D2C
0x10538D50,0x0000003B,data,str_10538D50
0x10538D90,0x0000000D,data,str_10538D90
0x10538DA0,0x00000014,data,str_10538DA0
0x10538DB4,0x0000000B,data,str_10538DB4
0x10538DC0,0x00000007,data,str_10538DC0
0x10538DC8,0x00000006,data,str_10538DC8
0x10538E11,0x00000015,data,str_10538E11
0x10538EE8,0x0000000E,data,str_10538EE8
0x10538EF8,0x0000000C,data,str_10538EF8
0x10538F04,0x0000000A,data,str_10538F04
0x10538F10,0x0000000B,data,str_10538F10
0x10538F1C,0x0000000A,data,str_10538F1C
0x10538F28,0x00000007,data,str_10538F28
0x10538F30,0x00000006,data,str_10538F30
0x10538F38,0x00000007,data,str_10538F38
0x10538F40,0x0000000D,data,str_10538F40
0x10538F50,0x0000000C,data,str_10538F50
0x10538F5C,0x00000015,data,str_10538F5C
0x10538F74,0x0000000B,data,str_10538F74
0x10538F80,0x00000009,data,str_10538F80
0x10539044,0x0000001C,data,str_10539044
0x10539060,0x00000025,data,str_10539060
0x10539088,0x00000005,data,str_10539088
0x10539090,0x00000016,data,str_10539090
0x105390F8,0x00000016,data,wstr_105390F8
0x10539110,0x0000000C,data,wstr_10539110
0x1053911C,0x00000008,data,wstr_1053911C
0x10539124,0x00000017,data,str_10539124
0x1053913C,0x00000012,data,str_1053913C
0x10539150,0x00000015,data,str_10539150
0x10539168,0x00000014,data,str_10539168
0x1053917C,0x00000011,data,str_1053917C
0x10539190,0x0000000E,data,str_10539190
0x105391A0,0x00000056,data,wstr_105391A0
0x105391F8,0x00000062,data,wstr_105391F8
0x10539260,0x0000005C,data,wstr_10539260
0x105392C0,0x00000060,data,wstr_105392C0
0x10539320,0x0000000F,data,str_10539320
0x10539330,0x00000016,data,str_10539330
0x10539348,0x00000010,data,str_10539348
0x10539356,0x0000007A,data,wstr_10539356
0x105393D0,0x0000005A,data,wstr_105393D0
0x10539430,0x00000064,data,wstr_10539430
0x10539494,0x00000015,data,str_10539494
0x105394AC,0x00000010,data,str_105394AC
0x105394BC,0x0000000F,data,str_105394BC
0x105394CC,0x00000018,data,str_105394CC
0x105394E4,0x00000015,data,str_105394E4
0x10539500,0x0000006E,data,wstr_10539500
0x10539570,0x0000005A,data,wstr_10539570
0x105395D0,0x0000007E,data,wstr_105395D0
0x10539650,0x00000078,data,wstr_10539650
0x105396C8,0x0000003E,data,wstr_105396C8
0x10539708,0x00000052,data,wstr_10539708
0x10539760,0x00000070,data,wstr_10539760
0x105397D0,0x0000005A,data,wstr_105397D0
0x10539830,0x00000060,data,wstr_10539830
0x10539890,0x00000068,data,wstr_10539890
0x105398F8,0x00000032,data,wstr_105398F8
0x1053992C,0x00000010,data,str_1053992C
0x1053993C,0x00000012,data,str_1053993C
0x10539950,0x00000013,data,str_10539950
0x10539964,0x0000000B,data,str_10539964
0x10539970,0x00000009,data,str_10539970
0x1053997C,0x0000000B,data,str_1053997C
0x1053998B,0x0000000E,data,str_1053998B
0x105399A0,0x00000068,data,wstr_105399A0
0x10539AC0,0x00000044,data,wstr_10539AC0
0x10539B08,0x00000050,data,wstr_10539B08
0x10539B58,0x00000044,data,wstr_10539B58
0x10539BA0,0x00000050,data,wstr_10539BA0
0x10539BF0,0x00000052,data,wstr_10539BF0
0x10539C48,0x0000004E,data,wstr_10539C48
0x10539C98,0x00000072,data,wstr_10539C98
0x10539D10,0x00000042,data,wstr_10539D10
0x10539D58,0x0000004E,data,wstr_10539D58
0x10539DA8,0x00000046,data,wstr_10539DA8
0x10539DF0,0x0000004A,data,wstr_10539DF0
0x10539E40,0x00000054,data,wstr_10539E40
0x10539E98,0x0000006C,data,wstr_10539E98
0x10539F08,0x0000004A,data,wstr_10539F08
0x10539F58,0x00000058,data,wstr_10539F58
0x10539FB0,0x00000058,data,wstr_10539FB0
0x1053A008,0x0000004C,data,wstr_1053A008
0x1053A058,0x00000070,data,wstr_1053A058
0x1053A0C8,0x00000066,data,wstr_1053A0C8
0x1053A130,0x00000072,data,wstr_1053A130
0x1053A1A8,0x00000048,data,wstr_1053A1A8
0x1053A1F0,0x00000054,data,wstr_1053A1F0
0x1053A244,0x00000015,data,str_1053A244
0x1053A25C,0x00000012,data,str_1053A25C
0x1053A270,0x00000015,data,str_1053A270
0x1053A288,0x00000008,data,str_1053A288
0x1053A28E,0x0000001A,data,wstr_1053A28E
0x1053A2A8,0x00000012,data,str_1053A2A8
0x1053A2BC,0x00000018,data,str_1053A2BC
0x1053A2D2,0x00000010,data,wstr_1053A2D2
0x1053A2E4,0x00000016,data,wstr_1053A2E4
0x1053A2FC,0x00000019,data,str_1053A2FC
0x1053A318,0x00000014,data,str_1053A318
0x1053A32C,0x0000000C,data,str_1053A32C
0x1053A338,0x00000010,data,str_1053A338
0x1053A348,0x00000019,data,str_1053A348
0x1053A364,0x00000009,data,str_1053A364
0x1053A370,0x00000012,data,str_1053A370
0x1053A384,0x0000000A,data,str_1053A384
0x1053A390,0x0000001B,data,str_1053A390
0x1053A3AC,0x0000000C,data,str_1053A3AC
0x1053A3B8,0x0000000C,data,str_1053A3B8
0x1053A3C4,0x00000013,data,str_1053A3C4
0x1053A3D8,0x0000000C,data,str_1053A3D8
0x1053A3E4,0x00000018,data,str_1053A3E4
0x1053A3FC,0x00000011,data,str_1053A3FC
0x1053A410,0x00000014,data,str_1053A410
0x1053A424,0x0000000A,data,str_1053A424
0x1053A430,0x00000005,data,str_1053A430
0x1053A438,0x0000000A,data,str_1053A438
0x1053A444,0x00000012,data,str_1053A444
0x1053A458,0x00000007,data,str_1053A458
0x1053A460,0x00000007,data,str_1053A460
0x1053A468,0x00000008,data,str_1053A468
0x1053A470,0x00000016,data,str_1053A470
0x1053A488,0x0000000C,data,str_1053A488
0x1053A494,0x00000013,data,str_1053A494
0x1053A4A8,0x0000000F,data,str_1053A4A8
0x1053A4B8,0x00000010,data,str_1053A4B8
0x1053A4C8,0x00000016,data,str_1053A4C8
0x1053A4E0,0x00000015,data,str_1053A4E0
0x1053A4F8,0x00000015,data,str_1053A4F8
0x1053A510,0x00000014,data,str_1053A510
0x1053A524,0x0000000F,data,str_1053A524
0x1053A534,0x00000012,data,str_1053A534
0x1053A548,0x0000000E,data,str_1053A548
0x1053A558,0x00000013,data,str_1053A558
0x1053A56C,0x00000013,data,str_1053A56C
0x1053A580,0x00000004,data,str_1053A580
0x1053A584,0x00000011,data,str_1053A584
0x1053A598,0x00000016,data,str_1053A598
0x1053A5B0,0x0000000A,data,str_1053A5B0
0x1053A5BC,0x00000013,data,str_1053A5BC
0x1053A5D0,0x00000014,data,str_1053A5D0
0x1053A5E4,0x00000011,data,str_1053A5E4
0x1053A5F8,0x00000015,data,str_1053A5F8
0x1053A610,0x00000006,data,str_1053A610
0x1053A618,0x00000009,data,str_1053A618
0x1053A624,0x00000013,data,str_1053A624
0x1053A638,0x00000013,data,str_1053A638
0x1053A64C,0x00000008,data,str_1053A64C
0x1053A654,0x00000008,data,str_1053A654
0x1053A65C,0x0000000C,data,str_1053A65C
0x1053A668,0x00000007,data,str_1053A668
0x1053A670,0x00000012,data,str_1053A670
0x1053A684,0x0000000F,data,str_1053A684
0x1053A694,0x0000000A,data,str_1053A694
0x1053A6A0,0x0000000B,data,str_1053A6A0
0x1053A6AC,0x00000020,data,str_1053A6AC
0x1053A6CA,0x00000026,data,wstr_1053A6CA
0x1053A6F0,0x00000040,data,wstr_1053A6F0
0x1053A730,0x0000000E,data,wstr_1053A730
0x1053A740,0x000000A0,data,wstr_1053A740
0x1053A7E0,0x0000001B,data,str_1053A7E0
0x1053A7FC,0x0000001C,data,str_1053A7FC
0x1053A818,0x0000000C,data,str_1053A818
0x1053A824,0x0000001C,data,str_1053A824
0x1053A840,0x0000001A,data,str_1053A840
0x1053A85C,0x0000001A,data,str_1053A85C
0x1053A878,0x0000001B,data,str_1053A878
0x1053A894,0x00000018,data,str_1053A894
0x1053A8AC,0x00000018,data,str_1053A8AC
0x1053A8C4,0x0000001C,data,str_1053A8C4
0x1053A8E0,0x00000013,data,str_1053A8E0
0x1053A8F4,0x00000013,data,str_1053A8F4
0x1053A908,0x00000011,data,str_1053A908
0x1053A91C,0x0000001C,data,str_1053A91C
0x1053A938,0x0000001C,data,str_1053A938
0x1053A954,0x0000000E,data,str_1053A954
0x1053A964,0x00000005,data,str_1053A964
0x1053A978,0x00000070,data,wstr_1053A978
0x1053A9E8,0x00000056,data,wstr_1053A9E8
0x1053AA40,0x00000019,data,str_1053AA40
0x1053AA60,0x0000007E,data,wstr_1053AA60
0x1053AAE0,0x0000000C,data,str_1053AAE0
0x1053AAEC,0x0000001B,data,str_1053AAEC
0x1053AB08,0x0000000D,data,str_1053AB08
0x1053AB18,0x00000013,data,str_1053AB18
0x1053AB2C,0x00000015,data,str_1053AB2C
0x1053AB44,0x00000012,data,str_1053AB44
0x1053AB58,0x0000000F,data,str_1053AB58
0x1053AB68,0x00000032,data,wstr_1053AB68
0x1053AB9C,0x00000022,data,wstr_1053AB9C
0x1053ABC0,0x00000018,data,wstr_1053ABC0
0x1053ABD8,0x00000014,data,str_1053ABD8
0x1053ABEF,0x00000012,data,str_1053ABEF
0x1053AC04,0x0000000D,data,str_1053AC04
0x1053AC14,0x0000000E,data,str_1053AC14
0x1053AC24,0x00000015,data,str_1053AC24
0x1053AC3C,0x0000000A,data,wstr_1053AC3C
0x1053AC48,0x00000033,data,str_1053AC48
0x1053AC7C,0x0000001B,data,str_1053AC7C
0x1053AC98,0x00000013,data,str_1053AC98
0x1053ACAC,0x00000009,data,str_1053ACAC
0x1053ACB8,0x00000005,data,str_1053ACB8
0x1053ACC0,0x0000000C,data,str_1053ACC0
0x1053ACCC,0x0000000C,data,str_1053ACCC
0x1053ACD8,0x0000000A,data,str_1053ACD8
0x1053ACE4,0x00000014,data,wstr_1053ACE4
0x1053ACF8,0x00000010,data,str_1053ACF8
0x1053AD10,0x00000018,data,wstr_1053AD10
0x1053AD28,0x00000076,data,wstr_1053AD28
0x1053ADA0,0x00000011,data,str_1053ADA0
0x1053ADB4,0x0000000E,data,str_1053ADB4
0x1053ADC4,0x00000026,data,wstr_1053ADC4
0x1053ADEC,0x0000000C,data,str_1053ADEC
0x1053ADF8,0x00000015,data,str_1053ADF8
0x1053AE10,0x00000012,data,str_1053AE10
0x1053AE24,0x0000001F,data,str_1053AE24
0x1053AE44,0x0000000B,data,str_1053AE44
0x1053AE50,0x0000000F,data,str_1053AE50
0x1053AE60,0x00000011,data,str_1053AE60
0x1053AE74,0x0000000F,data,str_1053AE74
0x1053AE84,0x0000000E,data,str_1053AE84
0x1053AE94,0x0000000B,data,str_1053AE94
0x1053AEA0,0x0000000C,data,str_1053AEA0
0x1053AEAC,0x0000000C,data,str_1053AEAC
0x1053AEB8,0x0000000A,data,str_1053AEB8
0x1053AEC4,0x0000000F,data,str_1053AEC4
0x1053AED4,0x00000008,data,wstr_1053AED4
0x1053AEDC,0x00000008,data,wstr_1053AEDC
0x1053AEE4,0x00000010,data,wstr_1053AEE4
0x1053AEF4,0x00000010,data,str_1053AEF4
0x1053AF04,0x00000010,data,str_1053AF04
0x1053AF20,0x00000004,data,str_1053AF20
0x1053AF24,0x00000005,data,str_1053AF24
0x1053AF2C,0x0000000F,data,str_1053AF2C
0x1053B01C,0x0000002E,data,str_1053B01C
0x1053B128,0x00000012,data,str_1053B128
0x1053B13C,0x0000000F,data,str_1053B13C
0x1053B14C,0x00000010,data,str_1053B14C
0x1053B15C,0x0000000D,data,str_1053B15C
0x1053B16C,0x00000015,data,str_1053B16C
0x1053B184,0x00000015,data,str_1053B184
0x1053B19C,0x00000015,data,str_1053B19C
0x1053B1B4,0x00000015,data,str_1053B1B4
0x1053B1CC,0x00000015,data,str_1053B1CC
0x1053B1E4,0x00000015,data,str_1053B1E4
0x1053B1FC,0x00000015,data,str_1053B1FC
0x1053B214,0x00000015,data,str_1053B214
0x1053B22C,0x00000016,data,str_1053B22C
0x1053B244,0x00000016,data,str_1053B244
0x1053B25C,0x00000016,data,str_1053B25C
0x1053B274,0x00000016,data,str_1053B274
0x1053B28C,0x00000015,data,str_1053B28C
0x1053B2A4,0x00000015,data,str_1053B2A4
0x1053B2BC,0x00000015,data,str_1053B2BC
0x1053B2D4,0x00000015,data,str_1053B2D4
0x1053B2EC,0x00000015,data,str_1053B2EC
0x1053B304,0x00000015,data,str_1053B304
0x1053B31C,0x00000015,data,str_1053B31C
0x1053B334,0x00000015,data,str_1053B334
0x1053B34C,0x00000014,data,str_1053B34C
0x1053B360,0x00000014,data,str_1053B360
0x1053B374,0x00000014,data,str_1053B374
0x1053B388,0x00000014,data,str_1053B388
0x1053B39C,0x00000015,data,str_1053B39C
0x1053B3B4,0x00000015,data,str_1053B3B4
0x1053B3CC,0x00000015,data,str_1053B3CC
0x1053B3E4,0x00000015,data,str_1053B3E4
0x1053B3FC,0x00000015,data,str_1053B3FC
0x1053B414,0x00000015,data,str_1053B414
0x1053B42C,0x00000015,data,str_1053B42C
0x1053B444,0x00000015,data,str_1053B444
0x1053B45C,0x00000016,data,str_1053B45C
0x1053B474,0x00000016,data,str_1053B474
0x1053B48C,0x00000016,data,str_1053B48C
0x1053B4A4,0x00000016,data,str_1053B4A4
0x1053B4BC,0x00000015,data,str_1053B4BC
0x1053B4D4,0x00000015,data,str_1053B4D4
0x1053B4EC,0x00000015,data,str_1053B4EC
0x1053B504,0x00000015,data,str_1053B504
0x1053B51C,0x00000015,data,str_1053B51C
0x1053B534,0x00000015,data,str_1053B534
0x1053B54C,0x00000015,data,str_1053B54C
0x1053B564,0x00000015,data,str_1053B564
0x1053B57C,0x00000015,data,str_1053B57C
0x1053B594,0x00000015,data,str_1053B594
0x1053B5AC,0x00000015,data,str_1053B5AC
0x1053B5C4,0x00000015,data,str_1053B5C4
0x1053B5DC,0x00000015,data,str_1053B5DC
0x1053B5F4,0x00000015,data,str_1053B5F4
0x1053B60C,0x00000015,data,str_1053B60C
0x1053B624,0x00000015,data,str_1053B624
0x1053B63C,0x0000000D,data,str_1053B63C
0x1053B64C,0x00000016,data,str_1053B64C
0x1053B664,0x00000016,data,str_1053B664
0x1053B67C,0x00000016,data,str_1053B67C
0x1053B694,0x00000012,data,str_1053B694
0x1053B6A8,0x00000014,data,str_1053B6A8
0x1053B6BC,0x0000001B,data,str_1053B6BC
0x1053B6D8,0x0000001D,data,str_1053B6D8
0x1053B6F8,0x00000014,data,str_1053B6F8
0x1053B70C,0x00000014,data,str_1053B70C
0x1053B720,0x00000014,data,str_1053B720
0x1053B734,0x00000014,data,str_1053B734
0x1053B748,0x00000014,data,str_1053B748
0x1053B75C,0x00000014,data,str_1053B75C
0x1053B770,0x00000014,data,str_1053B770
0x1053B784,0x00000014,data,str_1053B784
0x1053B798,0x00000014,data,str_1053B798
0x1053B7AC,0x00000014,data,str_1053B7AC
0x1053B7C0,0x00000012,data,str_1053B7C0
0x1053B7D4,0x00000014,data,str_1053B7D4
0x1053B7E8,0x00000015,data,str_1053B7E8
0x1053B800,0x00000015,data,str_1053B800
0x1053B818,0x0000001B,data,str_1053B818
0x1053B834,0x0000001B,data,str_1053B834
0x1053B850,0x0000001A,data,str_1053B850
0x1053B86C,0x00000021,data,str_1053B86C
0x1053B890,0x00000018,data,str_1053B890
0x1053B8A8,0x00000013,data,str_1053B8A8
0x1053B8BC,0x00000015,data,str_1053B8BC
0x1053B8D4,0x00000018,data,str_1053B8D4
0x1053B8EC,0x00000018,data,str_1053B8EC
0x1053B904,0x00000016,data,str_1053B904
0x1053B91C,0x00000017,data,str_1053B91C
0x1053B934,0x0000001E,data,str_1053B934
0x1053B954,0x00000016,data,str_1053B954
0x1053B96C,0x0000000F,data,str_1053B96C
0x1053B97C,0x00000017,data,str_1053B97C
0x1053B994,0x0000000C,data,str_1053B994
0x1053B9A0,0x0000000A,data,str_1053B9A0
0x1053B9AC,0x00000007,data,str_1053B9AC
0x1053B9B4,0x0000000C,data,str_1053B9B4
0x1053B9C0,0x0000000D,data,str_1053B9C0
0x1053B9D0,0x0000000C,data,str_1053B9D0
0x1053B9DC,0x00000007,data,str_1053B9DC
0x1053B9E4,0x0000000E,data,str_1053B9E4
0x1053B9F4,0x00000009,data,str_1053B9F4
0x1053BA00,0x00000009,data,str_1053BA00
0x1053BA0C,0x00000008,data,str_1053BA0C
0x1053BA14,0x00000007,data,str_1053BA14
0x1053BA1C,0x00000006,data,str_1053BA1C
0x1053BA24,0x00000009,data,str_1053BA24
0x1053BA30,0x00000008,data,str_1053BA30
0x1053BA38,0x00000007,data,str_1053BA38
0x1053BBA8,0x00000008,data,str_1053BBA8
0x1053BBB0,0x00000007,data,str_1053BBB0
0x1053BBB8,0x00000008,data,str_1053BBB8
0x1053BBC0,0x00000011,data,str_1053BBC0
0x1053BBD4,0x00000012,data,str_1053BBD4
0x1053BBE8,0x0000000D,data,str_1053BBE8
0x1053BBF8,0x0000001B,data,str_1053BBF8
0x1053BC14,0x00000010,data,str_1053BC14
0x1053BC2C,0x00000004,data,str_1053BC2C
0x1053BC98,0x00000033,data,str_1053BC98
0x1053BCCC,0x00000014,data,str_1053BCCC
0x1053BCDE,0x00000020,data,wstr_1053BCDE
0x1053BD00,0x0000001A,data,str_1053BD00
0x1053BD1C,0x0000001D,data,str_1053BD1C
0x1053BD3C,0x00000013,data,str_1053BD3C
0x1053BD50,0x0000001C,data,str_1053BD50
0x1053BD6C,0x00000012,data,str_1053BD6C
0x1053BD80,0x0000001C,data,str_1053BD80
0x1053BD9C,0x0000002B,data,str_1053BD9C
0x1053BDC8,0x00000029,data,str_1053BDC8
0x1053BDF4,0x00000023,data,str_1053BDF4
0x1053BE18,0x00000021,data,str_1053BE18
0x1053BE3C,0x0000001B,data,str_1053BE3C
0x1053BE58,0x0000002C,data,str_1053BE58
0x1053BE84,0x00000026,data,str_1053BE84
0x1053BEAC,0x00000025,data,str_1053BEAC
0x1053BED4,0x00000026,data,str_1053BED4
0x1053BEFC,0x0000001D,data,str_1053BEFC
0x1053BF1C,0x0000001B,data,str_1053BF1C
0x1053BF38,0x0000000F,data,str_1053BF38
0x1053BF48,0x0000000A,data,str_1053BF48
0x1053BF54,0x00000007,data,str_1053BF54
0x1053BF5C,0x00000024,data,str_1053BF5C
0x1053BF80,0x00000010,data,str_1053BF80
0x1053BF90,0x00000006,data,str_1053BF90
0x1053BF98,0x00000004,data,str_1053BF98
0x1053BF9C,0x00000010,data,str_1053BF9C
0x1053BFAC,0x0000001B,data,str_1053BFAC
0x1053BFC8,0x00000027,data,str_1053BFC8
0x1053BFF0,0x00000020,data,str_1053BFF0
0x1053C010,0x00000021,data,str_1053C010
0x1053C034,0x0000001B,data,str_1053C034
0x1053C050,0x00000024,data,str_1053C050
0x1053C074,0x0000001D,data,str_1053C074
0x1053C094,0x0000001E,data,str_1053C094
0x1053C0B4,0x0000001D,data,str_1053C0B4
0x1053C0D4,0x0000001E,data,str_1053C0D4
0x1053C0F4,0x0000001D,data,str_1053C0F4
0x1053C114,0x00000013,data,str_1053C114
0x1053C128,0x00000009,data,str_1053C128
0x1053C134,0x00000015,data,str_1053C134
0x1053C14C,0x00000009,data,str_1053C14C
0x1053C158,0x00000008,data,str_1053C158
0x1053C160,0x0000000A,data,str_1053C160
0x1053C16C,0x0000000A,data,str_1053C16C
0x1053C178,0x00000008,data,str_1053C178
0x1053C180,0x00000005,data,str_1053C180
0x1053C30C,0x00000033,data,str_1053C30C
0x1053C340,0x00000013,data,str_1053C340
0x1053C354,0x00000013,data,str_1053C354
0x1053C368,0x00000017,data,str_1053C368
0x1053C380,0x00000014,data,str_1053C380
0x1053C394,0x0000000F,data,str_1053C394
0x1053C3A4,0x00000012,data,str_1053C3A4
0x1053C3B8,0x00000011,data,str_1053C3B8
0x1053C3CC,0x00000015,data,str_1053C3CC
0x1053C3E4,0x00000014,data,str_1053C3E4
0x1053C3F8,0x0000001F,data,str_1053C3F8
0x1053C418,0x00000013,data,str_1053C418
0x1053C42C,0x00000013,data,str_1053C42C
0x1053C440,0x0000000C,data,str_1053C440
0x1053C44C,0x00000016,data,str_1053C44C
0x1053C464,0x00000012,data,str_1053C464
0x1053C478,0x0000000D,data,str_1053C478
0x1053C488,0x00000015,data,str_1053C488
0x1053C4A0,0x0000001C,data,str_1053C4A0
0x1053C4BC,0x00000018,data,str_1053C4BC
0x1053C4D4,0x00000011,data,str_1053C4D4
0x1053C4E8,0x00000013,data,str_1053C4E8
0x1053C4FC,0x0000000C,data,str_1053C4FC
0x1053C508,0x0000000D,data,str_1053C508
0x1053C518,0x00000010,data,str_1053C518
0x1053C528,0x00000019,data,str_1053C528
0x1053C544,0x00000014,data,str_1053C544
0x1053C558,0x00000011,data,str_1053C558
0x1053C56C,0x00000011,data,str_1053C56C
0x1053C580,0x00000010,data,str_1053C580
0x1053C590,0x00000013,data,str_1053C590
0x1053C5A4,0x0000000E,data,str_1053C5A4
0x1053C5B4,0x00000010,data,str_1053C5B4
0x1053C5C4,0x00000017,data,str_1053C5C4
0x1053C5DC,0x00000014,data,str_1053C5DC
0x1053C5F0,0x0000000E,data,str_1053C5F0
0x1053C600,0x00000010,data,str_1053C600
0x1053C610,0x00000010,data,str_1053C610
0x1053C620,0x00000016,data,str_1053C620
0x1053C638,0x00000018,data,str_1053C638
0x1053C650,0x0000002F,data,str_1053C650
0x1053C680,0x00000005,data,str_1053C680
0x1053C688,0x00000005,data,str_1053C688
0x1053C690,0x0000000C,data,str_1053C690
0x1053C69C,0x00000012,data,str_1053C69C
0x1053C6B0,0x00000005,data,str_1053C6B0
0x1053C6BC,0x00000005,data,str_1053C6BC
0x1053C830,0x00000010,data,str_1053C830
0x1053C840,0x0000001A,data,str_1053C840
0x1053C85C,0x00000011,data,str_1053C85C
0x1053C870,0x00000012,data,str_1053C870
0x1053C884,0x0000001B,data,str_1053C884
0x1053C8A0,0x0000000E,data,str_1053C8A0
0x1053C8B0,0x0000002D,data,str_1053C8B0
0x1053C8E0,0x00000023,data,str_1053C8E0
0x1053C904,0x0000000B,data,str_1053C904
0x1053C910,0x00000012,data,str_1053C910
0x1053C924,0x0000000D,data,str_1053C924
0x1053C934,0x00000007,data,str_1053C934
0x1053C93C,0x0000000D,data,str_1053C93C
0x1053C94C,0x0000000C,data,str_1053C94C
0x1053C958,0x00000009,data,str_1053C958
0x1053C964,0x00000011,data,str_1053C964
0x1053C978,0x0000000A,data,str_1053C978
0x1053C984,0x00000007,data,str_1053C984
0x1053C98C,0x0000000A,data,str_1053C98C
0x1053C998,0x00000009,data,str_1053C998
0x1053C9A4,0x00000006,data,str_1053C9A4
0x1053C9AC,0x0000000C,data,str_1053C9AC
0x1053C9B8,0x00000006,data,str_1053C9B8
0x1053C9C0,0x00000006,data,str_1053C9C0
0x1053C9C8,0x00000011,data,str_1053C9C8
0x1053C9DC,0x00000012,data,str_1053C9DC
0x1053C9F0,0x0000000E,data,str_1053C9F0
0x1053CA00,0x00000010,data,str_1053CA00
0x1053CA10,0x0000000D,data,str_1053CA10
0x1053CA20,0x0000000B,data,str_1053CA20
0x1053CA2C,0x00000014,data,str_1053CA2C
0x1053CAC0,0x00000005,data,str_1053CAC0
0x1053CAC8,0x00000011,data,str_1053CAC8
0x1053CADC,0x00000008,data,str_1053CADC
0x1053CAE4,0x00000013,data,str_1053CAE4
0x1053CB5F,0x00000007,data,str_1053CB5F
0x1053CB68,0x00000006,data,str_1053CB68
0x1053CB90,0x00000007,data,str_1053CB90
0x1053CB98,0x00000009,data,str_1053CB98
0x1053CBA4,0x00000006,data,str_1053CBA4
0x1053CBB4,0x00000007,data,str_1053CBB4
0x1053CBBC,0x00000006,data,str_1053CBBC
0x1053CBC4,0x00000004,data,str_1053CBC4
0x1053CBC8,0x00000004,data,str_1053CBC8
0x1053CBCC,0x00000004,data,str_1053CBCC
0x1053CBD4,0x00000010,data,str_1053CBD4
0x1053CBE4,0x00000007,data,str_1053CBE4
0x1053CBEC,0x00000005,data,str_1053CBEC
0x1053CBF4,0x00000007,data,str_1053CBF4
0x1053CCE8,0x00000010,data,str_1053CCE8
0x1053CCF8,0x00000034,data,str_1053CCF8
0x1053CD2C,0x0000000A,data,str_1053CD2C
0x1053CDA8,0x00000034,data,str_1053CDA8
0x1053CDDC,0x00000007,data,str_1053CDDC
0x1053CDE4,0x00000006,data,str_1053CDE4
0x1053CDEC,0x00000009,data,str_1053CDEC
0x1053CDF8,0x0000001C,data,str_1053CDF8
0x1053CE14,0x00000006,data,str_1053CE14
0x1053CE1C,0x0000000D,data,str_1053CE1C
0x1053CE2C,0x00000007,data,str_1053CE2C
0x1053CE34,0x0000000C,data,str_1053CE34
0x1053CE40,0x00000007,data,str_1053CE40
0x1053CE48,0x0000000C,data,str_1053CE48
0x1053CE54,0x0000000A,data,str_1053CE54
0x1053CE60,0x0000000D,data,str_1053CE60
0x1053CF60,0x00000007,data,str_1053CF60
0x1053CF68,0x00000014,data,str_1053CF68
0x1053CF7C,0x00000018,data,str_1053CF7C
0x1053CF94,0x0000001A,data,str_1053CF94
0x1053CFF2,0x00000023,data,str_1053CFF2
0x1053D018,0x00000023,data,str_1053D018
0x1053D044,0x00000005,data,str_1053D044
0x1053D055,0x0000001F,data,str_1053D055
0x1053D0E8,0x00000006,data,str_1053D0E8
0x1053D0F0,0x00000007,data,str_1053D0F0
0x1053D0F8,0x00000008,data,str_1053D0F8
0x1053D100,0x00000009,data,str_1053D100
0x1053D11C,0x00000004,data,str_1053D11C
0x1053D124,0x00000005,data,str_1053D124
0x1053D12C,0x00000005,data,str_1053D12C
0x1053D134,0x00000005,data,str_1053D134
0x1053D13C,0x00000007,data,str_1053D13C
0x1053D148,0x00000008,data,str_1053D148
0x1053DB70,0x00000032,data,str_1053DB70
0x1053DBA4,0x0000000D,data,str_1053DBA4
0x1053DC3C,0x00000018,data,str_1053DC3C
0x1053DC54,0x00000009,data,str_1053DC54
0x1053DC60,0x0000000D,data,str_1053DC60
0x1053DC70,0x00000013,data,str_1053DC70
0x1053DC84,0x00000010,data,str_1053DC84
0x1053DC94,0x0000000B,data,str_1053DC94
0x1053DCA0,0x0000000E,data,str_1053DCA0
0x1053DCB0,0x00000012,data,str_1053DCB0
0x1053DCD4,0x00000006,data,str_1053DCD4
0x1053DCDC,0x0000000B,data,str_1053DCDC
0x1053DCE8,0x00000015,data,str_1053DCE8
0x1053DD00,0x00000009,data,str_1053DD00
0x1053DD0C,0x00000006,data,str_1053DD0C
0x1053DDA8,0x00000008,data,str_1053DDA8
0x1053DDB0,0x00000005,data,str_1053DDB0
0x1053DDB8,0x00000008,data,str_1053DDB8
0x1053DE24,0x00000007,data,str_1053DE24
0x1053DE2C,0x00000007,data,str_1053DE2C
0x1053DE34,0x00000012,data,str_1053DE34
0x1053DE48,0x00000012,data,str_1053DE48
0x1053DE5C,0x00000004,data,str_1053DE5C
0x1053DE60,0x00000016,data,str_1053DE60
0x1053DE78,0x0000001E,data,str_1053DE78
0x1053DE98,0x0000000E,data,str_1053DE98
0x1053DEA8,0x00000010,data,str_1053DEA8
0x1053DF08,0x00000025,data,str_1053DF08
0x1053DF3C,0x00000038,data,str_1053DF3C
0x1053E130,0x00000009,data,str_1053E130
0x1053E139,0x0000002E,data,str_1053E139
0x10540B3E,0x00000004,data,str_10540B3E
0x10540B97,0x00000004,data,str_10540B97
0x10542CB5,0x00000004,data,str_10542CB5
0x10543002,0x00000004,data,str_10543002
0x105431A8,0x00000004,data,str_105431A8
0x1054349D,0x00000006,data,str_1054349D
0x10545A64,0x00000004,data,str_10545A64
0x10546E60,0x00000004,data,str_10546E60
0x105475FC,0x00000004,data,str_105475FC
0x10547B88,0x00000005,data,str_10547B88
0x10549005,0x00000004,data,str_10549005
0x10549337,0x00000004,data,str_10549337
0x1054B777,0x00000004,data,str_1054B777
0x1054C807,0x00000004,data,str_1054C807
0x1054C87A,0x00000004,data,str_1054C87A
0x1054C99B,0x00000004,data,str_1054C99B
0x1054D2D8,0x00000005,data,str_1054D2D8
0x1054D2F1,0x00000005,data,str_1054D2F1
0x1054D33F,0x00000005,data,str_1054D33F
0x1054D395,0x00000005,data,str_1054D395
0x1054D3AE,0x00000005,data,str_1054D3AE
0x1054D3DB,0x00000006,data,str_1054D3DB
0x1054DB11,0x00000004,data,str_1054DB11
0x1054DB97,0x00000004,data,str_1054DB97
0x1054F60B,0x00000004,data,str_1054F60B
0x1054F6C0,0x00000007,data,str_1054F6C0
0x105500FF,0x00000004,data,str_105500FF
0x1055102F,0x00000004,data,str_1055102F
0x10552ED6,0x00000004,data,str_10552ED6
0x105559CE,0x00000004,data,str_105559CE
0x10555B0E,0x00000004,data,str_10555B0E
0x10558AC4,0x00000004,data,str_10558AC4
0x1055D87B,0x00000004,data,str_1055D87B
0x10560317,0x00000004,data,str_10560317
0x105604BF,0x00000005,data,str_105604BF
0x10561199,0x00000004,data,str_10561199
0x105612B9,0x00000004,data,str_105612B9
0x10561755,0x00000004,data,str_10561755
0x10561BAA,0x00000004,data,str_10561BAA
0x1056380B,0x00000004,data,str_1056380B
0x10563840,0x00000004,data,str_10563840
0x10563D62,0x00000004,data,str_10563D62
0x10564540,0x00000004,data,str_10564540
0x10565BE2,0x00000004,data,str_10565BE2
0x105677D5,0x00000006,data,str_105677D5
0x10567FB2,0x00000004,data,str_10567FB2
0x10569C23,0x00000004,data,str_10569C23
0x1056A7A8,0x00000005,data,str_1056A7A8
0x1056A7B8,0x00000004,data,str_1056A7B8
0x1056BB86,0x00000004,data,str_1056BB86
0x1056BFEB,0x00000004,data,str_1056BFEB
0x1056F566,0x00000004,data,str_1056F566
0x1056F6E4,0x00000004,data,str_1056F6E4
0x1056FD5B,0x00000005,data,str_1056FD5B
0x1056FDF0,0x00000004,data,str_1056FDF0
0x10571553,0x00000004,data,str_10571553
0x1057177C,0x00000004,data,str_1057177C
0x10571C0F,0x00000004,data,str_10571C0F
0x10571D57,0x00000004,data,str_10571D57
0x10571D5C,0x00000004,data,str_10571D5C
0x10571FF0,0x00000004,data,str_10571FF0
0x10572B32,0x00000004,data,str_10572B32
0x105735CC,0x00000004,data,str_105735CC
0x105735D1,0x00000004,data,str_105735D1
0x105739AE,0x00000004,data,str_105739AE
0x10573A5F,0x00000004,data,str_10573A5F
0x10573AAE,0x00000004,data,str_10573AAE
0x10573CCB,0x00000004,data,str_10573CCB
0x10574616,0x00000004,data,str_10574616
0x10575174,0x00000004,data,str_10575174
0x10575184,0x00000005,data,str_10575184
0x105751FA,0x00000004,data,str_105751FA
0x105756C5,0x00000004,data,str_105756C5
0x10575C8B,0x00000004,data,str_10575C8B
0x105780EA,0x00000004,data,str_105780EA
0x10578DFF,0x00000004,data,str_10578DFF
0x10579078,0x00000005,data,str_10579078
0x1057AF82,0x00000004,data,str_1057AF82
0x1057BE3B,0x00000004,data,str_1057BE3B
0x1057C1F9,0x00000004,data,str_1057C1F9
0x1057C9C0,0x00000006,data,str_1057C9C0
0x1057E784,0x00000004,data,str_1057E784
0x1057F265,0x00000004,data,str_1057F265
0x10583B3D,0x00000004,data,str_10583B3D
0x10583D03,0x00000004,data,str_10583D03
0x1058445F,0x00000004,data,str_1058445F
0x10586D3F,0x00000004,data,str_10586D3F
0x1058730D,0x00000005,data,str_1058730D
0x105881CB,0x00000004,data,str_105881CB
0x1058A8BC,0x00000004,data,str_1058A8BC
0x1058B62B,0x00000004,data,str_1058B62B
0x1058F528,0x00000006,data,str_1058F528
0x1058F6CC,0x00000005,data,str_1058F6CC
0x1058F806,0x00000004,data,str_1058F806
0x105914C4,0x00000004,data,str_105914C4
0x10591505,0x00000005,data,str_10591505
0x105918FA,0x00000004,data,str_105918FA
0x105921D2,0x00000004,data,str_105921D2
0x10592A90,0x00000004,data,str_10592A90
0x105933E1,0x00000005,data,str_105933E1
0x1059343D,0x00000005,data,str_1059343D
0x10595350,0x00000004,data,str_10595350
0x1059767C,0x00000004,data,str_1059767C
0x1059CAFF,0x00000004,data,str_1059CAFF
0x1059CE52,0x00000004,data,str_1059CE52
0x1059D6FC,0x00000004,data,str_1059D6FC
0x1059D92E,0x00000004,data,str_1059D92E
0x1059E89D,0x00000004,data,str_1059E89D
0x1059F57A,0x00000004,data,str_1059F57A
0x1059F8AE,0x00000004,data,str_1059F8AE
0x105A3560,0x00000004,data,str_105A3560
0x105A384F,0x00000004,data,str_105A384F
0x105A71B2,0x00000004,data,str_105A71B2
0x105AAE8C,0x00000004,data,str_105AAE8C
0x105AB966,0x00000004,data,str_105AB966
0x105AC01D,0x00000006,data,str_105AC01D
0x105ADEDD,0x00000005,data,str_105ADEDD
0x105ADEF3,0x00000005,data,str_105ADEF3
0x105AF125,0x00000004,data,str_105AF125
0x105B1A6E,0x00000004,data,str_105B1A6E
0x105B2783,0x00000004,data,str_105B2783
0x105B27B0,0x00000004,data,str_105B27B0
0x105B34E0,0x00000004,data,str_105B34E0
0x105B36E6,0x00000004,data,str_105B36E6
0x105B3806,0x00000005,data,str_105B3806
0x105B3876,0x00000004,data,str_105B3876
0x105B4213,0x00000005,data,str_105B4213
0x105B422E,0x00000004,data,str_105B422E
0x105B59EE,0x00000004,data,str_105B59EE
0x105B5F7A,0x00000004,data,str_105B5F7A
0x105B79E9,0x00000004,data,str_105B79E9
0x105B830E,0x00000005,data,str_105B830E
0x105BDF7F,0x00000004,data,str_105BDF7F
0x105BF1F1,0x00000004,data,str_105BF1F1
0x105C308D,0x00000004,data,str_105C308D
0x105C35FF,0x00000006,data,str_105C35FF
0x105C3EDD,0x00000004,data,str_105C3EDD
0x105C4273,0x00000006,data,str_105C4273
0x105C5B83,0x00000004,data,str_105C5B83
0x105C662C,0x00000006,data,str_105C662C
0x105C6837,0x00000006,data,str_105C6837
0x105C6AC1,0x00000004,data,str_105C6AC1
0x105C83CD,0x00000004,data,str_105C83CD
0x105C83E8,0x00000004,data,str_105C83E8
0x105C8443,0x00000004,data,str_105C8443
0x105C8CF5,0x00000004,data,str_105C8CF5
0x105C8D4D,0x00000004,data,str_105C8D4D
0x105C8FFB,0x00000004,data,str_105C8FFB
0x105C934E,0x00000004,data,str_105C934E
0x105C950E,0x00000004,data,str_105C950E
0x105CA97D,0x00000004,data,str_105CA97D
0x105CAD41,0x00000004,data,str_105CAD41
0x105CC25B,0x00000004,data,str_105CC25B
0x105CC968,0x00000005,data,str_105CC968
0x105CC9C2,0x00000004,data,str_105CC9C2
0x105CCA8D,0x00000004,data,str_105CCA8D
0x105CCC64,0x00000004,data,str_105CCC64
0x105CD470,0x00000004,data,str_105CD470
0x105CDDE6,0x00000004,data,str_105CDDE6
0x105CDDEA,0x00000004,data,str_105CDDEA
0x105CDF16,0x00000006,data,str_105CDF16
0x105CF29E,0x00000004,data,str_105CF29E
0x105D231A,0x00000004,data,str_105D231A
0x105D310C,0x00000004,data,str_105D310C
0x105D3E4D,0x00000004,data,str_105D3E4D
0x105D4153,0x00000004,data,str_105D4153
0x105D450B,0x00000004,data,str_105D450B
0x105D4626,0x00000004,data,str_105D4626
0x105D4FF9,0x00000004,data,str_105D4FF9
0x105D543F,0x00000004,data,str_105D543F
0x105D54C4,0x00000004,data,str_105D54C4
0x105D54FC,0x00000004,data,str_105D54FC
0x105D5592,0x00000004,data,str_105D5592
0x105D930D,0x00000005,data,str_105D930D
0x105D9325,0x00000005,data,str_105D9325
0x105DB8FD,0x00000004,data,str_105DB8FD
0x105DD54F,0x00000008,data,str_105DD54F
0x105DFCE0,0x00000004,data,str_105DFCE0
0x105E0C30,0x00000004,data,str_105E0C30
0x105E36E9,0x00000005,data,str_105E36E9
0x105E41CB,0x00000005,data,str_105E41CB
0x105EB846,0x00000004,data,str_105EB846
0x105EB8BB,0x00000004,data,str_105EB8BB
0x105EC78D,0x00000004,data,str_105EC78D
0x105ECFDE,0x00000004,data,str_105ECFDE
0x105EF85A,0x00000005,data,str_105EF85A
0x105EFE24,0x00000004,data,str_105EFE24
0x105F132C,0x00000004,data,str_105F132C
0x105F31B3,0x00000004,data,str_105F31B3
0x105F38DD,0x00000005,data,str_105F38DD
0x105F3F92,0x00000004,data,str_105F3F92
0x105F79C3,0x00000004,data,str_105F79C3
0x105FCD1B,0x00000004,data,str_105FCD1B
0x105FEAEB,0x00000004,data,str_105FEAEB
0x105FEBE7,0x00000004,data,str_105FEBE7
0x105FFFF0,0x00000004,data,str_105FFFF0
0x106000B1,0x00000006,data,str_106000B1
0x10600833,0x00000004,data,str_10600833
0x10600C3C,0x00000004,data,str_10600C3C
0x10600C49,0x00000006,data,str_10600C49
0x1060312B,0x00000004,data,str_1060312B
0x10603165,0x00000004,data,str_10603165
0x10603A2C,0x00000004,data,str_10603A2C
0x10603F26,0x00000004,data,str_10603F26
0x106046D4,0x00000004,data,str_106046D4
0x10604CEC,0x00000004,data,str_10604CEC
0x10604D69,0x00000004,data,str_10604D69
0x10604E57,0x00000004,data,str_10604E57
0x10606A97,0x00000007,data,str_10606A97
0x10606AB2,0x00000005,data,str_10606AB2
0x1060786F,0x00000004,data,str_1060786F
0x10607F92,0x00000004,data,str_10607F92
0x10608207,0x00000004,data,str_10608207
0x1060849E,0x00000004,data,str_1060849E
0x10608552,0x00000004,data,str_10608552
0x1060888C,0x00000004,data,str_1060888C
0x106098C3,0x00000004,data,str_106098C3
0x1060A557,0x00000005,data,str_1060A557
0x1060B691,0x00000004,data,str_1060B691
0x1060C66E,0x00000004,data,str_1060C66E
0x1060CAA3,0x00000004,data,str_1060CAA3
0x1060D300,0x00000004,data,str_1060D300
0x1060D35A,0x00000004,data,str_1060D35A
0x1060D369,0x00000004,data,str_1060D369
0x1060D37C,0x00000004,data,str_1060D37C
0x1060D413,0x00000004,data,str_1060D413
0x1060D41D,0x00000004,data,str_1060D41D
0x1060D445,0x00000004,data,str_1060D445
0x1060DCE6,0x00000004,data,str_1060DCE6
0x1060EDBE,0x00000004,data,str_1060EDBE
0x1060F63E,0x00000004,data,str_1060F63E
0x1060F743,0x00000005,data,str_1060F743
0x1060F909,0x00000004,data,str_1060F909
0x1060FE12,0x00000007,data,str_1060FE12
0x106112C7,0x00000004,data,str_106112C7
0x10611465,0x00000004,data,str_10611465
0x106114AD,0x00000004,data,str_106114AD
0x10611B92,0x00000004,data,str_10611B92
0x106133CA,0x00000004,data,str_106133CA
0x1061695D,0x00000004,data,str_1061695D
0x10616D78,0x00000004,data,str_10616D78
0x1061A6EE,0x00000004,data,str_1061A6EE
0x1061C58E,0x00000004,data,str_1061C58E
0x1061F108,0x00000004,data,str_1061F108
0x1062026B,0x00000004,data,str_1062026B
0x10621D51,0x00000004,data,str_10621D51
0x10623B4D,0x00000004,data,str_10623B4D
0x10624793,0x00000004,data,str_10624793
0x106265B9,0x00000004,data,str_106265B9
0x1062683A,0x00000004,data,str_1062683A
0x106268A4,0x00000004,data,str_106268A4
0x10626B4B,0x00000004,data,str_10626B4B
0x106273EB,0x00000004,data,str_106273EB
0x10629412,0x00000004,data,str_10629412
0x1062A207,0x00000004,data,str_1062A207
0x1062C8B1,0x00000004,data,str_1062C8B1
0x1062D618,0x00000004,data,str_1062D618
0x1062D822,0x00000004,data,str_1062D822
0x1062E312,0x00000004,data,str_1062E312
0x1062F3EC,0x00000005,data,str_1062F3EC
0x1062F705,0x00000004,data,str_1062F705
0x1062FCF8,0x00000004,data,str_1062FCF8
0x1062FE6A,0x00000004,data,str_1062FE6A
0x1062FE74,0x00000004,data,str_1062FE74
0x1063062A,0x00000005,data,str_1063062A
0x10630673,0x00000005,data,str_10630673
0x10632343,0x00000004,data,str_10632343
0x10635C12,0x00000004,data,str_10635C12
0x10635D5D,0x00000004,data,str_10635D5D
0x10638503,0x00000004,data,str_10638503
0x1063855F,0x00000004,data,str_1063855F
0x10638F6F,0x00000004,data,str_10638F6F
0x1063A3B3,0x00000004,data,str_1063A3B3
0x1063B3F9,0x00000004,data,str_1063B3F9
0x1063B96E,0x00000004,data,str_1063B96E
0x1063B98F,0x00000004,data,str_1063B98F
0x1063C817,0x00000004,data,str_1063C817
0x1063CB11,0x00000004,data,str_1063CB11
0x1063CCC1,0x00000004,data,str_1063CCC1
0x1063CDB6,0x00000004,data,str_1063CDB6
0x1063D5B2,0x00000004,data,str_1063D5B2
0x1063EB07,0x00000004,data,str_1063EB07
0x1063EC0E,0x00000004,data,str_1063EC0E
0x1063F620,0x00000005,data,str_1063F620
0x1063FBEC,0x00000004,data,str_1063FBEC
0x1064000A,0x00000004,data,str_1064000A
0x1064008D,0x00000004,data,str_1064008D
0x10640164,0x00000004,data,str_10640164
0x106408DA,0x00000004,data,str_106408DA
0x10640EAF,0x00000004,data,str_10640EAF
0x106414C5,0x00000005,data,str_106414C5
0x10641535,0x00000005,data,str_10641535
0x10641547,0x00000005,data,str_10641547
0x1064156B,0x00000005,data,str_1064156B
0x1064157D,0x00000005,data,str_1064157D
0x10641DDA,0x00000004,data,str_10641DDA
0x1064264D,0x00000004,data,str_1064264D
0x106429F3,0x00000005,data,str_106429F3
0x10642AB4,0x00000005,data,str_10642AB4
0x10642F54,0x00000007,data,str_10642F54
0x10643A27,0x00000004,data,str_10643A27
0x10643A5D,0x00000004,data,str_10643A5D
0x10644801,0x00000004,data,str_10644801
0x10645720,0x00000004,data,str_10645720
0x10645CC6,0x00000005,data,str_10645CC6
0x10646507,0x00000004,data,str_10646507
0x106466BB,0x00000004,data,str_106466BB
0x10646992,0x00000004,data,str_10646992
0x10646A51,0x00000004,data,str_10646A51
0x1064AC4D,0x00000004,data,str_1064AC4D
0x1064AE32,0x00000004,data,str_1064AE32
0x1064D5CA,0x00000004,data,str_1064D5CA
0x1064F0A3,0x00000004,data,str_1064F0A3
0x1064F618,0x00000004,data,str_1064F618
0x1065473A,0x00000006,data,str_1065473A
0x10656665,0x00000004,data,str_10656665
0x106568E5,0x00000004,data,str_106568E5
0x10658C4B,0x00000004,data,str_10658C4B
0x1065C980,0x00000004,data,str_1065C980
0x1065CACF,0x00000004,data,str_1065CACF
0x1065D477,0x00000004,data,str_1065D477
0x1065DD91,0x00000004,data,str_1065DD91
0x1065DFBC,0x00000004,data,str_1065DFBC
0x1065E012,0x00000004,data,str_1065E012
0x1065E242,0x00000004,data,str_1065E242
0x1065E4DE,0x00000004,data,str_1065E4DE
0x1065E500,0x00000004,data,str_1065E500
0x1065FA98,0x00000004,data,str_1065FA98
0x10661177,0x00000005,data,str_10661177
0x10661BB9,0x00000005,data,str_10661BB9
0x106638A0,0x00000004,data,str_106638A0
0x1066847A,0x00000006,data,str_1066847A
0x1066A101,0x00000004,data,str_1066A101
0x1066BAD9,0x00000004,data,str_1066BAD9
0x1066D46B,0x00000004,data,str_1066D46B
0x1066DE21,0x00000004,data,str_1066DE21
0x1066DFB7,0x00000004,data,str_1066DFB7
0x1066E78E,0x00000004,data,str_1066E78E
0x1066F799,0x00000004,data,str_1066F799
0x1066F7D4,0x00000004,data,str_1066F7D4
0x1066FBAA,0x00000007,data,str_1066FBAA
0x106721D8,0x00000005,data,str_106721D8
0x10673E22,0x00000004,data,str_10673E22
0x10673E90,0x00000004,data,str_10673E90
0x10673F12,0x00000004,data,str_10673F12
0x10674655,0x00000004,data,str_10674655
0x10674F50,0x00000005,data,str_10674F50
0x10674F77,0x00000005,data,str_10674F77
0x10675F55,0x00000004,data,str_10675F55
0x106760B4,0x00000004,data,str_106760B4
0x10676757,0x00000004,data,str_10676757
0x10677840,0x00000004,data,str_10677840
0x10677BB5,0x00000004,data,str_10677BB5
0x10677C30,0x00000004,data,str_10677C30
0x1067B3E1,0x00000006,data,str_1067B3E1
0x1067CADA,0x00000004,data,str_1067CADA
0x1067D64C,0x00000004,data,str_1067D64C
0x10682396,0x0000000A,data,str_10682396
0x106823A2,0x00000007,data,str_106823A2
0x106823AC,0x00000005,data,str_106823AC
0x106823B4,0x00000007,data,str_106823B4
0x106823BE,0x00000007,data,str_106823BE
0x106823C8,0x00000006,data,str_106823C8
0x106823D0,0x00000007,data,str_106823D0
0x106823DA,0x00000007,data,str_106823DA
0x106823E4,0x0000000D,data,str_106823E4
0x106823F4,0x00000013,data,str_106823F4
0x1068240A,0x00000013,data,str_1068240A
0x10682420,0x00000008,data,str_10682420
0x1068242A,0x0000001E,data,str_1068242A
0x1068244A,0x0000001E,data,str_1068244A
0x1068246A,0x00000019,data,str_1068246A
0x10682486,0x0000001F,data,str_10682486
0x106824A8,0x0000000B,data,str_106824A8
0x106824B6,0x00000008,data,str_106824B6
0x106824C0,0x00000006,data,str_106824C0
0x106824C8,0x00000009,data,str_106824C8
0x106824D4,0x00000009,data,str_106824D4
0x106824E0,0x00000007,data,str_106824E0
0x106824EA,0x00000007,data,str_106824EA
0x106824F4,0x00000008,data,str_106824F4
0x106824FE,0x0000000B,data,str_106824FE
0x1068250C,0x0000000B,data,str_1068250C
0x1068251A,0x00000009,data,str_1068251A
0x10682526,0x00000008,data,str_10682526
0x10682530,0x00000007,data,str_10682530
0x1068253A,0x0000000A,data,str_1068253A
0x10682546,0x0000000A,data,str_10682546
0x10682552,0x00000008,data,str_10682552
0x1068255C,0x0000000A,data,str_1068255C
0x10682568,0x00000008,data,str_10682568
0x10682572,0x00000008,data,str_10682572
0x1068257C,0x00000007,data,str_1068257C
0x10682586,0x00000008,data,str_10682586
0x10682590,0x00000009,data,str_10682590
0x1068259C,0x0000000A,data,str_1068259C
0x106825A8,0x00000009,data,str_106825A8
0x106825B4,0x00000008,data,str_106825B4
0x106825BE,0x0000000A,data,str_106825BE
0x106825CA,0x00000008,data,str_106825CA
0x106825D4,0x00000005,data,str_106825D4
0x106825DC,0x00000006,data,str_106825DC
0x106825E4,0x0000000C,data,str_106825E4
0x106825F2,0x0000000A,data,str_106825F2
0x106825FE,0x00000006,data,str_106825FE
0x10682606,0x0000000F,data,str_10682606
0x10682618,0x0000000B,data,str_10682618
0x10682626,0x00000009,data,str_10682626
0x10682632,0x00000009,data,str_10682632
0x1068263E,0x00000008,data,str_1068263E
0x10682648,0x00000008,data,str_10682648
0x10682652,0x00000008,data,str_10682652
0x1068265C,0x00000007,data,str_1068265C
0x10682666,0x0000000C,data,str_10682666
0x10682674,0x00000009,data,str_10682674
0x10682680,0x00000008,data,str_10682680
0x1068268A,0x00000009,data,str_1068268A
0x10682696,0x00000005,data,str_10682696
0x1068269E,0x00000012,data,str_1068269E
0x106826B2,0x00000005,data,str_106826B2
0x106826BA,0x00000009,data,str_106826BA
0x106826C6,0x00000009,data,str_106826C6
0x106826D2,0x00000009,data,str_106826D2
0x106826DE,0x0000000D,data,str_106826DE
0x106826EE,0x00000005,data,str_106826EE
0x106826F6,0x0000000B,data,str_106826F6
0x10682704,0x00000007,data,str_10682704
0x1068270E,0x00000006,data,str_1068270E
0x10682716,0x0000000A,data,str_10682716
0x10682722,0x00000008,data,str_10682722
0x1068272C,0x00000007,data,str_1068272C
0x10682736,0x00000007,data,str_10682736
0x10682740,0x00000006,data,str_10682740
0x10682748,0x00000008,data,str_10682748
0x10682752,0x0000000A,data,str_10682752
0x1068275E,0x0000000B,data,str_1068275E
0x1068276C,0x0000000A,data,str_1068276C
0x10682778,0x00000006,data,str_10682778
0x10682780,0x0000000A,data,str_10682780
0x1068278C,0x00000009,data,str_1068278C
0x10682798,0x0000000C,data,str_10682798
0x106827A6,0x00000005,data,str_106827A6
0x106827AE,0x0000000E,data,str_106827AE
0x106827BE,0x00000006,data,str_106827BE
0x106827C6,0x00000006,data,str_106827C6
0x106827CE,0x00000008,data,str_106827CE
0x106827D8,0x0000000C,data,str_106827D8
0x106827E6,0x00000006,data,str_106827E6
0x106827EE,0x00000008,data,str_106827EE
0x106827F8,0x00000007,data,str_106827F8
0x10682802,0x00000007,data,str_10682802
0x1068280C,0x00000006,data,str_1068280C
0x10682814,0x00000007,data,str_10682814
0x1068281E,0x00000006,data,str_1068281E
0x10682826,0x0000000B,data,str_10682826
0x10682834,0x0000000B,data,str_10682834
0x10682842,0x0000000B,data,str_10682842
0x10682850,0x00000007,data,str_10682850
0x1068285A,0x0000000C,data,str_1068285A
0x10682868,0x00000009,data,str_10682868
0x10682874,0x00000009,data,str_10682874
0x10682880,0x00000008,data,str_10682880
0x1068288A,0x0000000A,data,str_1068288A
0x10682896,0x0000000C,data,str_10682896
0x106828A4,0x00000007,data,str_106828A4
0x106828AE,0x00000005,data,str_106828AE
0x106828B6,0x00000008,data,str_106828B6
0x106828C0,0x0000000A,data,str_106828C0
0x106828CC,0x00000009,data,str_106828CC
0x106828D8,0x00000009,data,str_106828D8
0x106828E4,0x00000009,data,str_106828E4
0x106828F0,0x0000000B,data,str_106828F0
0x106828FE,0x00000009,data,str_106828FE
0x1068290A,0x00000009,data,str_1068290A
0x10682916,0x0000000C,data,str_10682916
0x10682924,0x0000000F,data,str_10682924
0x10682936,0x0000000D,data,str_10682936
0x10682946,0x00000008,data,str_10682946
0x10682950,0x0000000A,data,str_10682950
0x1068295C,0x0000000E,data,str_1068295C
0x1068296C,0x00000008,data,str_1068296C
0x10682976,0x00000008,data,str_10682976
0x10682980,0x00000008,data,str_10682980
0x1068298A,0x00000009,data,str_1068298A
0x10682996,0x00000008,data,str_10682996
0x106829A0,0x00000007,data,str_106829A0
0x106829AA,0x00000009,data,str_106829AA
0x106829B6,0x0000000A,data,str_106829B6
0x106829C2,0x00000007,data,str_106829C2
0x106829CC,0x00000008,data,str_106829CC
0x106829D6,0x0000000C,data,str_106829D6
0x106829E4,0x0000000E,data,str_106829E4
0x106829F4,0x0000000A,data,str_106829F4
0x10682A00,0x0000000C,data,str_10682A00
0x10682A0E,0x0000000B,data,str_10682A0E
0x10682A1C,0x00000010,data,str_10682A1C
0x10682A2C,0x0000000D,data,str_10682A2C
0x10682A3C,0x00000018,data,str_10682A3C
0x10682A56,0x00000008,data,str_10682A56
0x10682A60,0x0000000C,data,str_10682A60
0x10682A6E,0x00000006,data,str_10682A6E
0x10682A76,0x00000008,data,str_10682A76
0x10682A80,0x00000021,data,str_10682A80
0x10682AA4,0x00000013,data,str_10682AA4
0x10682ABA,0x00000012,data,str_10682ABA
0x10682ACE,0x00000033,data,str_10682ACE
0x10682B02,0x0000000B,data,str_10682B02
0x10682B10,0x00000011,data,str_10682B10
0x10682B24,0x0000000D,data,str_10682B24
0x10682B34,0x0000000F,data,str_10682B34
0x10682B46,0x00000010,data,str_10682B46
0x10682B58,0x00000010,data,str_10682B58
0x10682B6A,0x00000010,data,str_10682B6A
0x10682B7C,0x0000000E,data,str_10682B7C
0x10682B8C,0x00000010,data,str_10682B8C
0x10682B9C,0x0000000A,data,str_10682B9C
0x10682BA6,0x0000000D,data,str_10682BA6
0x10682BB6,0x0000000F,data,str_10682BB6
0x10682BC8,0x00000016,data,str_10682BC8
0x10682BE0,0x00000014,data,str_10682BE0
0x10682BF6,0x00000007,data,str_10682BF6
0x10682C00,0x00000014,data,str_10682C00
0x10682C16,0x0000000F,data,str_10682C16
0x10682C28,0x00000011,data,str_10682C28
0x10682C3C,0x0000000F,data,str_10682C3C
0x10682C4E,0x00000018,data,str_10682C4E
0x10682C68,0x0000000F,data,str_10682C68
0x10682C7A,0x0000000C,data,str_10682C7A
0x10682C88,0x00000014,data,str_10682C88
0x10682C9E,0x0000000D,data,str_10682C9E
0x10682CAE,0x0000000D,data,str_10682CAE
0x10682CBE,0x0000000E,data,str_10682CBE
0x10682CCE,0x0000000A,data,str_10682CCE
0x10682CDA,0x00000013,data,str_10682CDA
0x10682CF0,0x0000000D,data,str_10682CF0
0x10682D00,0x00000026,data,str_10682D00
0x10682D28,0x00000015,data,str_10682D28
0x10682D40,0x00000015,data,str_10682D40
0x10682D58,0x00000009,data,str_10682D58
0x10682D64,0x0000000D,data,str_10682D64
0x10682D74,0x0000000F,data,str_10682D74
0x10682D86,0x0000000A,data,str_10682D86
0x10682D92,0x0000000E,data,str_10682D92
0x10682DA2,0x0000000F,data,str_10682DA2
0x10682DB4,0x0000000F,data,str_10682DB4
0x10682DC6,0x00000019,data,str_10682DC6
0x10682DE2,0x00000013,data,str_10682DE2
0x10682DF8,0x00000013,data,str_10682DF8
0x10682E0E,0x00000011,data,str_10682E0E
0x10682E22,0x0000000C,data,str_10682E22
0x10682E30,0x0000000C,data,str_10682E30
0x10682E3E,0x00000011,data,str_10682E3E
0x10682E52,0x0000001A,data,str_10682E52
0x10682E6E,0x0000000E,data,str_10682E6E
0x10682E7E,0x00000006,data,str_10682E7E
0x10682E86,0x00000011,data,str_10682E86
0x10682E9A,0x0000000D,data,str_10682E9A
0x10682EAA,0x00000010,data,str_10682EAA
0x10682EBC,0x0000000C,data,str_10682EBC
0x10682ECA,0x0000000D,data,str_10682ECA
0x10682EDA,0x00000010,data,str_10682EDA
0x10682EEC,0x00000013,data,str_10682EEC
0x10682F02,0x00000009,data,str_10682F02
0x10682F0E,0x0000000F,data,str_10682F0E
0x10682F20,0x0000000C,data,str_10682F20
0x10682F2E,0x0000000C,data,str_10682F2E
0x10682F3C,0x0000000A,data,str_10682F3C
0x10682F48,0x0000000E,data,str_10682F48
0x10682F58,0x0000000D,data,str_10682F58
0x10682F68,0x0000000B,data,str_10682F68
0x10682F76,0x00000011,data,str_10682F76
0x10682F8A,0x00000009,data,str_10682F8A
0x10682F96,0x0000000D,data,str_10682F96
0x10682FA6,0x0000000B,data,str_10682FA6
0x10682FB4,0x0000000D,data,str_10682FB4
0x10682FC4,0x0000000C,data,str_10682FC4
0x10682FD2,0x00000015,data,str_10682FD2
0x10682FEA,0x0000000C,data,str_10682FEA
0x10682FF8,0x0000000E,data,str_10682FF8
0x10683008,0x0000000C,data,str_10683008
0x10683016,0x0000000F,data,str_10683016
0x10683028,0x00000014,data,str_10683028
0x1068303E,0x0000001B,data,str_1068303E
0x1068305C,0x00000012,data,str_1068305C
0x10683070,0x00000011,data,str_10683070
0x10683084,0x0000000E,data,str_10683084
0x10683094,0x0000000E,data,str_10683094
0x106830A4,0x00000018,data,str_106830A4
0x106830BE,0x0000000D,data,str_106830BE
0x106830CE,0x00000013,data,str_106830CE
0x106830E4,0x00000014,data,str_106830E4
0x106830FA,0x00000018,data,str_106830FA
0x10683114,0x00000011,data,str_10683114
0x10683128,0x00000012,data,str_10683128
0x1068313C,0x00000019,data,str_1068313C
0x10683158,0x0000001C,data,str_10683158
0x10683176,0x00000012,data,str_10683176
0x1068318A,0x0000001A,data,str_1068318A
0x106831A4,0x0000000D,data,str_106831A4
0x106831B4,0x0000000C,data,str_106831B4
0x106831C2,0x00000011,data,str_106831C2
0x106831D6,0x0000000E,data,str_106831D6
0x106831E6,0x0000000E,data,str_106831E6
0x106831F6,0x00000011,data,str_106831F6
0x1068320A,0x0000000E,data,str_1068320A
0x1068321A,0x00000012,data,str_1068321A
0x1068322E,0x00000015,data,str_1068322E
0x10683246,0x00000014,data,str_10683246
0x1068325C,0x0000000F,data,str_1068325C
0x1068326E,0x00000010,data,str_1068326E
0x1068327E,0x0000000D,data,str_1068327E
0x1068328E,0x0000001E,data,str_1068328E
0x106832AE,0x0000002A,data,str_106832AE
0x106832DA,0x0000001E,data,str_106832DA
0x106832FA,0x0000002E,data,str_106832FA
0x1068332A,0x00000021,data,str_1068332A
0x1068334E,0x0000002B,data,str_1068334E
0x1068337C,0x00000021,data,str_1068337C
0x106833A0,0x0000002F,data,str_106833A0
0x106833D2,0x00000017,data,str_106833D2
0x106833EA,0x0000000D,data,str_106833EA
0x106833FA,0x00000016,data,str_106833FA
0x10683412,0x00000010,data,str_10683412
0x10683424,0x00000013,data,str_10683424
0x10683438,0x0000000C,data,str_10683438
0x10683446,0x0000000F,data,str_10683446
0x10683458,0x00000018,data,str_10683458
0x10683470,0x0000000B,data,str_10683470
0x1068347E,0x0000001A,data,str_1068347E
0x1068349A,0x0000000B,data,str_1068349A
0x106834A8,0x00000025,data,str_106834A8
0x106834D0,0x0000000C,data,str_106834D0
0x106834DE,0x0000002D,data,str_106834DE
0x1068350E,0x0000001B,data,str_1068350E
0x1068352A,0x0000000C,data,str_1068352A
0x10683586,0x00000009,data,str_10683586
0x1068358F,0x00000015,data,str_1068358F
0x106835A4,0x00000016,data,str_106835A4
0x106835BA,0x00000018,data,str_106835BA
0x105014A8,0x00000008,data,jumptable_105014A8
0x105014B8,0x00000008,data,jumptable_105014B8
0x10501A40,0x0000000C,data,jumptable_10501A40
0x10501A9C,0x00000008,data,jumptable_10501A9C
0x10501B08,0x0000000C,data,jumptable_10501B08
0x10501CFC,0x00000084,data,jumptable_10501CFC
0x10501D94,0x00000010,data,jumptable_10501D94
0x10501DEC,0x0000000C,data,jumptable_10501DEC
0x10502420,0x00000010,data,jumptable_10502420
0x105095F8,0x00000070,data,jumptable_105095F8
0x105096D4,0x0000000C,data,jumptable_105096D4
0x10509824,0x00000024,data,jumptable_10509824
0x1051510C,0x00000078,data,jumptable_1051510C
0x10517200,0x00000020,data,jumptable_10517200
0x105176E0,0x00000018,data,jumptable_105176E0
0x1051773C,0x00000028,data,jumptable_1051773C
0x10517768,0x000000B4,data,jumptable_10517768
0x10517A2C,0x0000000C,data,jumptable_10517A2C
0x10517A5C,0x0000001C,data,jumptable_10517A5C
0x10517B50,0x0000012C,data,jumptable_10517B50
0x10517EB4,0x00000094,data,jumptable_10517EB4
0x10518010,0x00000194,data,jumptable_10518010
0x105184EC,0x00000018,data,jumptable_105184EC
0x10518508,0x00000008,data,jumptable_10518508
0x1051851C,0x00000008,data,jumptable_1051851C
0x10518528,0x00000008,data,jumptable_10518528
0x10518544,0x00000008,data,jumptable_10518544
0x10518550,0x00000008,data,jumptable_10518550
0x1051855C,0x00000008,data,jumptable_1051855C
0x10518578,0x00000008,data,jumptable_10518578
0x10518584,0x00000008,data,jumptable_10518584
0x10518590,0x00000008,data,jumptable_10518590
0x1051859C,0x00000008,data,jumptable_1051859C
0x105185A8,0x00000008,data,jumptable_105185A8
0x105185BC,0x00000008,data,jumptable_105185BC
0x105185D0,0x00000008,data,jumptable_105185D0
0x105185E4,0x00000008,data,jumptable_105185E4
0x10518618,0x00000008,data,jumptable_10518618
0x10518670,0x00000008,data,jumptable_10518670
0x105186B0,0x00000194,data,jumptable_105186B0
0x10519F90,0x00000194,data,jumptable_10519F90
0x1051A410,0x000001EC,data,jumptable_1051A410
0x1051A600,0x0000019C,data,jumptable_1051A600
0x1051A7A0,0x00000094,data,jumptable_1051A7A0
0x1051A838,0x000000AC,data,jumptable_1051A838
0x1051A8E8,0x0000005C,data,jumptable_1051A8E8
0x1051ADC0,0x00000028,data,jumptable_1051ADC0
0x1051BA10,0x00000008,data,jumptable_1051BA10
0x1051BA1C,0x00000008,data,jumptable_1051BA1C
0x1051BA28,0x00000008,data,jumptable_1051BA28
0x1051BA34,0x00000008,data,jumptable_1051BA34
0x1051BA40,0x00000008,data,jumptable_1051BA40
0x1051BA4C,0x00000008,data,jumptable_1051BA4C
0x1051BA58,0x00000008,data,jumptable_1051BA58
0x1051BE18,0x00000008,data,jumptable_1051BE18
0x1051BEE4,0x00000008,data,jumptable_1051BEE4
0x10524C28,0x000002B4,data,jumptable_10524C28
0x10524EE0,0x00000048,data,jumptable_10524EE0
0x10524F30,0x00001954,data,jumptable_10524F30
0x10526888,0x00000024,data,jumptable_10526888
0x10527848,0x000004CC,data,jumptable_10527848
0x1052D9F4,0x00000008,data,jumptable_1052D9F4
0x1052DB30,0x0000008C,data,jumptable_1052DB30
0x1052DBC0,0x0000008C,data,jumptable_1052DBC0
0x1052DD60,0x00000030,data,jumptable_1052DD60
0x1052FCF0,0x00000040,data,jumptable_1052FCF0
0x1052FD90,0x000000F4,data,jumptable_1052FD90
0x10530CF0,0x0000005C,data,jumptable_10530CF0
0x10534504,0x00000020,data,jumptable_10534504
0x10536DE0,0x00000464,data,jumptable_10536DE0
0x10537620,0x0000000C,data,jumptable_10537620
0x10537D40,0x00000014,data,jumptable_10537D40
0x10538F98,0x00000008,data,jumptable_10538F98
0x10538FA4,0x00000008,data,jumptable_10538FA4
0x10538FB0,0x00000008,data,jumptable_10538FB0
0x10538FBC,0x00000008,data,jumptable_10538FBC
0x10538FC8,0x00000008,data,jumptable_10538FC8
0x10538FD4,0x00000008,data,jumptable_10538FD4
0x10538FE0,0x00000008,data,jumptable_10538FE0
0x10538FEC,0x00000008,data,jumptable_10538FEC
0x10538FF8,0x00000008,data,jumptable_10538FF8
0x10539004,0x00000008,data,jumptable_10539004
0x10539010,0x00000008,data,jumptable_10539010
0x1053901C,0x00000008,data,jumptable_1053901C
0x10539028,0x00000008,data,jumptable_10539028
0x1053AF40,0x000000D8,data,jumptable_1053AF40
0x1053B050,0x000000D8,data,jumptable_1053B050
0x1053BBA0,0x00000008,data,jumptable_1053BBA0
0x1053BC3C,0x0000005C,data,jumptable_1053BC3C
0x1053C188,0x00000184,data,jumptable_1053C188
0x1053C6CC,0x00000008,data,jumptable_1053C6CC
0x1053C6D8,0x00000008,data,jumptable_1053C6D8
0x1053C6E4,0x00000008,data,jumptable_1053C6E4
0x1053C6F0,0x00000008,data,jumptable_1053C6F0
0x1053C6FC,0x00000008,data,jumptable_1053C6FC
0x1053C708,0x00000008,data,jumptable_1053C708
0x1053C714,0x00000008,data,jumptable_1053C714
0x1053C720,0x00000008,data,jumptable_1053C720
0x1053C72C,0x00000008,data,jumptable_1053C72C
0x1053C738,0x00000008,data,jumptable_1053C738
0x1053C744,0x00000008,data,jumptable_1053C744
0x1053C750,0x00000008,data,jumptable_1053C750
0x1053C75C,0x00000008,data,jumptable_1053C75C
0x1053C768,0x00000008,data,jumptable_1053C768
0x1053C774,0x00000008,data,jumptable_1053C774
0x1053C780,0x00000008,data,jumptable_1053C780
0x1053C78C,0x00000008,data,jumptable_1053C78C
0x1053C798,0x00000008,data,jumptable_1053C798
0x1053C7A4,0x00000008,data,jumptable_1053C7A4
0x1053C7B0,0x00000008,data,jumptable_1053C7B0
0x1053C7BC,0x00000008,data,jumptable_1053C7BC
0x1053C7C8,0x00000008,data,jumptable_1053C7C8
0x1053C7D4,0x00000008,data,jumptable_1053C7D4
0x1053C7E0,0x00000008,data,jumptable_1053C7E0
0x1053C7EC,0x00000008,data,jumptable_1053C7EC
0x1053C7F8,0x00000008,data,jumptable_1053C7F8
0x1053C804,0x00000008,data,jumptable_1053C804
0x1053C810,0x00000008,data,jumptable_1053C810
0x1053C81C,0x00000008,data,jumptable_1053C81C
0x1053C828,0x00000008,data,jumptable_1053C828
0x1053CBFC,0x00000010,data,jumptable_1053CBFC
0x1053CC10,0x000000B8,data,jumptable_1053CC10
0x1053DBB8,0x00000080,data,jumptable_1053DBB8
0x1053E03C,0x00000008,data,jumptable_1053E03C
0x1053E16C,0x0000008C,data,jumptable_1053E16C
0x1053E424,0x000000D0,data,jumptable_1053E424
0x1053E518,0x00000008,data,jumptable_1053E518
0x10549E28,0x0000007C,data,jumptable_10549E28
0x1054CD52,0x00000024,data,jumptable_1054CD52
0x105558F3,0x00000028,data,jumptable_105558F3
0x1055909B,0x00000018,data,jumptable_1055909B
0x10559EB7,0x00000018,data,jumptable_10559EB7
0x1055DB76,0x00000018,data,jumptable_1055DB76
0x10561DA4,0x00000018,data,jumptable_10561DA4
0x10561EDF,0x00000018,data,jumptable_10561EDF
0x105626BF,0x00000018,data,jumptable_105626BF
0x105627FA,0x00000018,data,jumptable_105627FA
0x10563501,0x00000018,data,jumptable_10563501
0x10564A21,0x00000018,data,jumptable_10564A21
0x10566C2E,0x00000018,data,jumptable_10566C2E
0x10575CBC,0x00000DF8,data,jumptable_10575CBC
0x1057ADB3,0x00000034,data,jumptable_1057ADB3
0x1058D6E3,0x00000044,data,jumptable_1058D6E3
0x1059394B,0x00000104,data,jumptable_1059394B
0x10598646,0x0000000C,data,jumptable_10598646
0x105999D7,0x00000028,data,jumptable_105999D7
0x1059E53D,0x0000003C,data,jumptable_1059E53D
0x105A0EEA,0x00000020,data,jumptable_105A0EEA
0x105A2866,0x000000B8,data,jumptable_105A2866
0x105A3025,0x0000003C,data,jumptable_105A3025
0x105A963E,0x00000018,data,jumptable_105A963E
0x105C1ECE,0x0000000C,data,jumptable_105C1ECE
0x105C4B78,0x0000003C,data,jumptable_105C4B78
0x105C4BBC,0x0000002C,data,jumptable_105C4BBC
0x105C9618,0x00000034,data,jumptable_105C9618
0x105CF99D,0x00000020,data,jumptable_105CF99D
0x105D1057,0x0000002C,data,jumptable_105D1057
0x105D3B1B,0x0000003C,data,jumptable_105D3B1B
0x105D87C0,0x00000088,data,jumptable_105D87C0
0x105DA579,0x000000A8,data,jumptable_105DA579
0x105DF341,0x00000018,data,jumptable_105DF341
0x105E035E,0x00000070,data,jumptable_105E035E
0x105E042A,0x0000004C,data,jumptable_105E042A
0x105E9B98,0x0000000C,data,jumptable_105E9B98
0x105E9BA8,0x00000050,data,jumptable_105E9BA8
0x105EECB1,0x000000B8,data,jumptable_105EECB1
0x105F07F1,0x00000044,data,jumptable_105F07F1
0x105FCEFB,0x0000001C,data,jumptable_105FCEFB
0x10608626,0x00000014,data,jumptable_10608626
0x1060FAA6,0x000000DC,data,jumptable_1060FAA6
0x106125E8,0x00000040,data,jumptable_106125E8
0x10613F63,0x00000024,data,jumptable_10613F63
0x10615738,0x0000001C,data,jumptable_10615738
0x10616F15,0x0000001C,data,jumptable_10616F15
0x1061B832,0x00000018,data,jumptable_1061B832
0x1061BA69,0x00000018,data,jumptable_1061BA69
0x1061BCA4,0x00000018,data,jumptable_1061BCA4
0x1061BEDF,0x00000018,data,jumptable_1061BEDF
0x1061C0D6,0x00000018,data,jumptable_1061C0D6
0x1061CEE3,0x00000018,data,jumptable_1061CEE3
0x1061D0F6,0x00000018,data,jumptable_1061D0F6
0x1061DBFF,0x00000018,data,jumptable_1061DBFF
0x1061DE2E,0x00000018,data,jumptable_1061DE2E
0x1061E05D,0x00000018,data,jumptable_1061E05D
0x1061ECE0,0x00000014,data,jumptable_1061ECE0
0x1061F089,0x00000020,data,jumptable_1061F089
0x1061F0AD,0x00000024,data,jumptable_1061F0AD
0x1061F353,0x00000018,data,jumptable_1061F353
0x1061FAEB,0x00000014,data,jumptable_1061FAEB
0x106226BD,0x00000020,data,jumptable_106226BD
0x106245EF,0x00000010,data,jumptable_106245EF
0x10625590,0x00000038,data,jumptable_10625590
0x10625DB4,0x00000024,data,jumptable_10625DB4
0x10625DE8,0x00000020,data,jumptable_10625DE8
0x10627991,0x0000002C,data,jumptable_10627991
0x106298B0,0x00000020,data,jumptable_106298B0
0x10629BE8,0x0000006C,data,jumptable_10629BE8
0x1062B288,0x0000001C,data,jumptable_1062B288
0x1062B2A8,0x00000070,data,jumptable_1062B2A8
0x1063171D,0x00000080,data,jumptable_1063171D
0x106323AD,0x00000034,data,jumptable_106323AD
0x106371BB,0x00000014,data,jumptable_106371BB
0x10637EAC,0x00000034,data,jumptable_10637EAC
0x106389EC,0x00000014,data,jumptable_106389EC
0x10639BF6,0x00000014,data,jumptable_10639BF6
0x1063B003,0x00000018,data,jumptable_1063B003
0x106462A1,0x00000014,data,jumptable_106462A1
0x106462C1,0x00000008,data,jumptable_106462C1
0x106462CD,0x00000050,data,jumptable_106462CD
0x10647B44,0x0000001C,data,jumptable_10647B44
0x1064E8A9,0x00000028,data,jumptable_1064E8A9
0x1064F4B9,0x00000018,data,jumptable_1064F4B9
0x1064F4DD,0x00000010,data,jumptable_1064F4DD
0x1065787A,0x00000024,data,jumptable_1065787A
0x1065A2FD,0x00000018,data,jumptable_1065A2FD
0x1065C433,0x00000010,data,jumptable_1065C433
0x106709F6,0x00000018,data,jumptable_106709F6
0x106792B3,0x00000020,data,jumptable_106792B3
0x1067C9D2,0x000000AC,data,jumptable_1067C9D2
0x1068014C,0x00000008,data,jumptable_1068014C
0x1068056C,0x00000008,data,jumptable_1068056C
0x1068065C,0x00000008,data,jumptable_1068065C
0x10680DE4,0x00000008,data,jumptable_10680DE4
0x10680F3C,0x00000008,data,jumptable_10680F3C
0x10680F5C,0x00000008,data,jumptable_10680F5C
0x10680F7C,0x00000008,data,jumptable_10680F7C
0x10680F9C,0x00000008,data,jumptable_10680F9C
0x10681114,0x00000008,data,jumptable_10681114
0x10681134,0x00000008,data,jumptable_10681134
0x10681154,0x00000008,data,jumptable_10681154
0x10681174,0x00000008,data,jumptable_10681174
0x106811A0,0x00000008,data,jumptable_106811A0
0x10681D90,0x00000008,data,jumptable_10681D90
0x10681DCC,0x00000008,data,jumptable_10681DCC
0x10681DEC,0x00000008,data,jumptable_10681DEC
0x10684008,0x00000014,data,str_10684008
0x10684024,0x00000014,data,str_10684024
0x10684040,0x0000001D,data,str_10684040
0x10684068,0x00000015,data,str_10684068
0x106853B0,0x00000010,data,str_106853B0
0x10686498,0x00000004,data,str_10686498
0x106864C8,0x00000004,data,str_106864C8
0x10689AD6,0x0000000D,data,str_10689AD6
0x1068A3A0,0x0000000C,data,str_1068A3A0
0x1068A3F8,0x00000007,data,str_1068A3F8
0x1068A40C,0x00000014,data,str_1068A40C
0x1068A518,0x00000019,data,str_1068A518
0x10684000,0x00000004,data,data_10684000
0x10684004,0x00000004,data,data_10684004
0x1068401C,0x00000004,data,data_1068401C
0x10684020,0x00000004,data,data_10684020
0x10684038,0x00000004,data,data_10684038
0x1068403C,0x00000004,data,data_1068403C
0x1068405D,0x00000003,data,data_1068405D
0x10684060,0x00000004,data,data_10684060
0x10684064,0x00000004,data,data_10684064
0x1068407D,0x00000003,data,data_1068407D
0x10684080,0x00000004,data,data_10684080
0x10684084,0x00000001,data,data_10684084
0x10684085,0x00000013,data,data_10684085
0x10684098,0x00000004,data,data_10684098
0x1068409C,0x00000001,data,data_1068409C
0x1068409D,0x00000013,data,data_1068409D
0x106840B0,0x00000004,data,data_106840B0
0x106840B4,0x00000001,data,data_106840B4
0x106840B5,0x00000013,data,data_106840B5
0x106840C8,0x00000004,data,data_106840C8
0x106840CC,0x00000001,data,data_106840CC
0x106840CD,0x00000013,data,data_106840CD
0x106840E0,0x00000004,data,data_106840E0
0x106840E4,0x00000001,data,data_106840E4
0x106840E5,0x00000013,data,data_106840E5
0x106840F8,0x00000004,data,data_106840F8
0x106840FC,0x00000001,data,data_106840FC
0x106840FD,0x00000013,data,data_106840FD
0x10684110,0x00000004,data,data_10684110
0x10684114,0x00000001,data,data_10684114
0x10684115,0x00000013,data,data_10684115
0x10684128,0x00000004,data,data_10684128
0x1068412C,0x00000001,data,data_1068412C
0x1068412D,0x00000013,data,data_1068412D
0x10684140,0x00000004,data,data_10684140
0x10684144,0x00000001,data,data_10684144
0x10684145,0x00000013,data,data_10684145
0x10684158,0x00000004,data,data_10684158
0x1068415C,0x00000001,data,data_1068415C
0x1068415D,0x00000013,data,data_1068415D
0x10684170,0x00000004,data,data_10684170
0x10684174,0x00000001,data,data_10684174
0x10684175,0x00000013,data,data_10684175
0x10684188,0x00000004,data,data_10684188
0x1068418C,0x00000001,data,data_1068418C
0x1068418D,0x00000013,data,data_1068418D
0x106841A0,0x00000004,data,data_106841A0
0x106841A4,0x00000001,data,data_106841A4
0x106841A5,0x00000013,data,data_106841A5
0x106841B8,0x00000004,data,data_106841B8
0x106841BC,0x00000001,data,data_106841BC
0x106841BD,0x00000013,data,data_106841BD
0x106841D0,0x00000004,data,data_106841D0
0x106841D4,0x00000001,data,data_106841D4
0x106841D5,0x00000013,data,data_106841D5
0x106841E8,0x00000004,data,data_106841E8
0x106841EC,0x00000001,data,data_106841EC
0x106841ED,0x00000013,data,data_106841ED
0x10684200,0x00000004,data,data_10684200
0x10684204,0x00000001,data,data_10684204
0x10684205,0x00000013,data,data_10684205
0x10684218,0x00000004,data,data_10684218
0x1068421C,0x00000001,data,data_1068421C
0x1068421D,0x00000013,data,data_1068421D
0x10684230,0x00000004,data,data_10684230
0x10684234,0x00000001,data,data_10684234
0x10684235,0x00000013,data,data_10684235
0x10684248,0x00000004,data,data_10684248
0x1068424C,0x00000001,data,data_1068424C
0x1068424D,0x00000013,data,data_1068424D
0x10684260,0x00000004,data,data_10684260
0x10684264,0x00000001,data,data_10684264
0x10684265,0x00000013,data,data_10684265
0x10684278,0x00000001,data,data_10684278
0x10684279,0x00000003,data,data_10684279
0x1068427C,0x00000001,data,data_1068427C
0x1068427D,0x00000013,data,data_1068427D
0x10684290,0x00000004,data,data_10684290
0x10684294,0x00000001,data,data_10684294
0x10684295,0x00000013,data,data_10684295
0x106842A8,0x00000004,data,data_106842A8
0x106842AC,0x00000001,data,data_106842AC
0x106842AD,0x00000013,data,data_106842AD
0x106842C0,0x00000004,data,data_106842C0
0x106842C4,0x00000001,data,data_106842C4
0x106842C5,0x00000013,data,data_106842C5
0x106842D8,0x00000004,data,data_106842D8
0x106842DC,0x00000001,data,data_106842DC
0x106842DD,0x00000013,data,data_106842DD
0x106842F0,0x00000004,data,data_106842F0
0x106842F4,0x00000001,data,data_106842F4
0x106842F5,0x00000013,data,data_106842F5
0x10684308,0x00000004,data,data_10684308
0x1068430C,0x00000001,data,data_1068430C
0x1068430D,0x00000013,data,data_1068430D
0x10684320,0x00000004,data,data_10684320
0x10684324,0x00000001,data,data_10684324
0x10684325,0x00000013,data,data_10684325
0x10684338,0x00000004,data,data_10684338
0x1068433C,0x00000001,data,data_1068433C
0x1068433D,0x00000013,data,data_1068433D
0x10684350,0x00000004,data,data_10684350
0x10684354,0x00000001,data,data_10684354
0x10684355,0x00000013,data,data_10684355
0x10684368,0x00000004,data,data_10684368
0x1068436C,0x00000001,data,data_1068436C
0x1068436D,0x00000013,data,data_1068436D
0x10684380,0x00000004,data,data_10684380
0x10684384,0x00000002,data,data_10684384
0x10684386,0x0000000E,data,data_10684386
0x10684394,0x00000004,data,data_10684394
0x10684398,0x00000004,data,data_10684398
0x1068439C,0x00000001,data,data_1068439C
0x1068439D,0x0000000F,data,data_1068439D
0x106843AC,0x00000004,data,data_106843AC
0x106843B0,0x00000004,data,data_106843B0
0x106843B4,0x00000001,data,data_106843B4
0x106843B5,0x0000000F,data,data_106843B5
0x106843C4,0x00000004,data,data_106843C4
0x106843C8,0x00000004,data,data_106843C8
0x106843CC,0x00000002,data,data_106843CC
0x106843CE,0x00000012,data,data_106843CE
0x106843E0,0x00000004,data,data_106843E0
0x106843E4,0x00000002,data,data_106843E4
0x106843E6,0x00000012,data,data_106843E6
0x106843F8,0x00000004,data,data_106843F8
0x106843FC,0x00000002,data,data_106843FC
0x106843FE,0x00000012,data,data_106843FE
0x10684410,0x00000004,data,data_10684410
0x10684414,0x00000002,data,data_10684414
0x10684416,0x00000012,data,data_10684416
0x10684428,0x00000004,data,data_10684428
0x1068442C,0x00000002,data,data_1068442C
0x1068442E,0x00000012,data,data_1068442E
0x10684440,0x00000004,data,data_10684440
0x10684444,0x00000002,data,data_10684444
0x10684446,0x00000012,data,data_10684446
0x10684458,0x00000004,data,data_10684458
0x1068445C,0x00000001,data,data_1068445C
0x1068445D,0x00000007,data,data_1068445D
0x10684464,0x00000005,data,data_10684464
0x10684469,0x00000007,data,data_10684469
0x10684470,0x00000004,data,data_10684470
0x10684474,0x00000001,data,data_10684474
0x10684475,0x0000000F,data,data_10684475
0x10684484,0x00000004,data,data_10684484
0x10684488,0x00000004,data,data_10684488
0x1068448C,0x00000002,data,data_1068448C
0x1068448E,0x00000100,data,data_1068448E
0x1068458E,0x00000100,data,data_1068458E
0x1068468E,0x00000100,data,data_1068468E
0x1068478E,0x00000100,data,data_1068478E
0x1068488E,0x00000100,data,data_1068488E
0x1068498E,0x00000100,data,data_1068498E
0x10684A8E,0x00000100,data,data_10684A8E
0x10684B8E,0x00000100,data,data_10684B8E
0x10684C8E,0x00000100,data,data_10684C8E
0x10684D8E,0x00000100,data,data_10684D8E
0x10684E8E,0x00000100,data,data_10684E8E
0x10684F8E,0x00000100,data,data_10684F8E
0x1068508E,0x00000100,data,data_1068508E
0x1068518E,0x00000100,data,data_1068518E
0x1068528E,0x0000006A,data,data_1068528E
0x106852F8,0x00000001,data,data_106852F8
0x106852F9,0x000000A7,data,data_106852F9
0x106853A0,0x00000008,data,data_106853A0
0x106853A8,0x00000004,data,data_106853A8
0x106853AC,0x00000004,data,data_106853AC
0x106853C0,0x0000000C,data,data_106853C0
0x106853CC,0x00000018,data,data_106853CC
0x106853E4,0x0000001D,data,data_106853E4
0x10685401,0x00000004,data,data_10685401
0x10685405,0x0000001D,data,data_10685405
0x10685422,0x00000004,data,data_10685422
0x10685426,0x0000001D,data,data_10685426
0x10685443,0x00000004,data,data_10685443
0x10685447,0x00000011,data,data_10685447
0x10685458,0x00000004,data,data_10685458
0x1068545C,0x00000004,data,data_1068545C
0x10685460,0x00000004,data,data_10685460
0x10685464,0x00000004,data,data_10685464
0x10685468,0x00000004,data,data_10685468
0x1068546C,0x00000004,data,data_1068546C
0x10685470,0x00000004,data,data_10685470
0x10685474,0x00000004,data,data_10685474
0x10685478,0x00000004,data,data_10685478
0x1068547C,0x00000004,data,data_1068547C
0x10685480,0x00000004,data,data_10685480
0x10685484,0x00000004,data,data_10685484
0x10685488,0x00000004,data,data_10685488
0x1068548C,0x00000004,data,data_1068548C
0x10685490,0x00000004,data,data_10685490
0x10685494,0x00000004,data,data_10685494
0x10685498,0x00000004,data,data_10685498
0x1068549C,0x00000004,data,data_1068549C
0x106854A0,0x00000004,data,data_106854A0
0x106854A4,0x00000004,data,data_106854A4
0x106854A8,0x00000004,data,data_106854A8
0x106854AC,0x00000004,data,data_106854AC
0x106854B0,0x00000004,data,data_106854B0
0x106854B4,0x00000004,data,data_106854B4
0x106854B8,0x00000004,data,data_106854B8
0x106854BC,0x00000004,data,data_106854BC
0x106854C0,0x00000004,data,data_106854C0
0x106854C4,0x00000004,data,data_106854C4
0x106854C8,0x00000004,data,data_106854C8
0x106854CC,0x00000004,data,data_106854CC
0x106854D0,0x00000004,data,data_106854D0
0x106854D4,0x00000004,data,data_106854D4
0x106854D8,0x00000004,data,data_106854D8
0x106854DC,0x00000004,data,data_106854DC
0x106854E0,0x00000004,data,data_106854E0
0x106854E4,0x00000004,data,data_106854E4
0x106854E8,0x00000004,data,data_106854E8
0x106854EC,0x00000004,data,data_106854EC
0x106854F0,0x00000004,data,data_106854F0
0x106854F4,0x00000004,data,data_106854F4
0x106854F8,0x00000004,data,data_106854F8
0x106854FC,0x00000004,data,data_106854FC
0x10685500,0x00000004,data,data_10685500
0x10685504,0x00000004,data,data_10685504
0x10685508,0x00000004,data,data_10685508
0x1068550C,0x00000004,data,data_1068550C
0x10685510,0x00000004,data,data_10685510
0x10685514,0x00000004,data,data_10685514
0x10685518,0x00000004,data,data_10685518
0x1068551C,0x00000004,data,data_1068551C
0x10685520,0x00000004,data,data_10685520
0x10685524,0x00000004,data,data_10685524
0x10685528,0x00000004,data,data_10685528
0x1068552C,0x00000004,data,data_1068552C
0x10685530,0x00000004,data,data_10685530
0x10685534,0x00000004,data,data_10685534
0x10685538,0x00000004,data,data_10685538
0x1068553C,0x00000004,data,data_1068553C
0x10685540,0x00000004,data,data_10685540
0x10685544,0x00000004,data,data_10685544
0x10685548,0x00000004,data,data_10685548
0x1068554C,0x00000004,data,data_1068554C
0x10685550,0x00000004,data,data_10685550
0x10685554,0x00000004,data,data_10685554
0x10685558,0x00000004,data,data_10685558
0x1068555C,0x00000004,data,data_1068555C
0x10685560,0x00000004,data,data_10685560
0x10685564,0x00000004,data,data_10685564
0x10685568,0x00000004,data,data_10685568
0x1068556C,0x00000004,data,data_1068556C
0x10685570,0x00000004,data,data_10685570
0x10685574,0x00000004,data,data_10685574
0x10685578,0x00000004,data,data_10685578
0x1068557C,0x00000004,data,data_1068557C
0x10685580,0x00000004,data,data_10685580
0x10685584,0x00000010,data,data_10685584
0x10685594,0x0000001D,data,data_10685594
0x106855B1,0x00000004,data,data_106855B1
0x106855B5,0x0000001D,data,data_106855B5
0x106855D2,0x00000004,data,data_106855D2
0x106855D6,0x0000001D,data,data_106855D6
0x106855F3,0x00000004,data,data_106855F3
0x106855F7,0x00000011,data,data_106855F7
0x10685608,0x00000004,data,data_10685608
0x1068560C,0x00000004,data,data_1068560C
0x10685610,0x00000004,data,data_10685610
0x10685614,0x00000004,data,data_10685614
0x10685618,0x00000004,data,data_10685618
0x1068561C,0x00000004,data,data_1068561C
0x10685620,0x00000004,data,data_10685620
0x10685624,0x00000004,data,data_10685624
0x10685628,0x00000004,data,data_10685628
0x1068562C,0x00000004,data,data_1068562C
0x10685630,0x00000004,data,data_10685630
0x10685634,0x00000004,data,data_10685634
0x10685638,0x00000004,data,data_10685638
0x1068563C,0x00000004,data,data_1068563C
0x10685640,0x00000004,data,data_10685640
0x10685644,0x00000004,data,data_10685644
0x10685648,0x00000004,data,data_10685648
0x1068564C,0x00000004,data,data_1068564C
0x10685650,0x00000004,data,data_10685650
0x10685654,0x00000004,data,data_10685654
0x10685658,0x00000004,data,data_10685658
0x1068565C,0x00000004,data,data_1068565C
0x10685660,0x00000004,data,data_10685660
0x10685664,0x00000004,data,data_10685664
0x10685668,0x00000004,data,data_10685668
0x1068566C,0x00000004,data,data_1068566C
0x10685670,0x00000004,data,data_10685670
0x10685674,0x00000004,data,data_10685674
0x10685678,0x00000004,data,data_10685678
0x1068567C,0x00000004,data,data_1068567C
0x10685680,0x00000004,data,data_10685680
0x10685684,0x00000004,data,data_10685684
0x10685688,0x00000004,data,data_10685688
0x1068568C,0x00000004,data,data_1068568C
0x10685690,0x00000004,data,data_10685690
0x10685694,0x00000004,data,data_10685694
0x10685698,0x00000004,data,data_10685698
0x1068569C,0x00000004,data,data_1068569C
0x106856A0,0x00000004,data,data_106856A0
0x106856A4,0x00000004,data,data_106856A4
0x106856A8,0x00000004,data,data_106856A8
0x106856AC,0x00000004,data,data_106856AC
0x106856B0,0x00000004,data,data_106856B0
0x106856B4,0x00000004,data,data_106856B4
0x106856B8,0x00000004,data,data_106856B8
0x106856BC,0x00000004,data,data_106856BC
0x106856C0,0x00000004,data,data_106856C0
0x106856C4,0x00000004,data,data_106856C4
0x106856C8,0x00000004,data,data_106856C8
0x106856CC,0x00000004,data,data_106856CC
0x106856D0,0x00000004,data,data_106856D0
0x106856D4,0x00000004,data,data_106856D4
0x106856D8,0x00000004,data,data_106856D8
0x106856DC,0x00000004,data,data_106856DC
0x106856E0,0x00000004,data,data_106856E0
0x106856E4,0x00000004,data,data_106856E4
0x106856E8,0x00000004,data,data_106856E8
0x106856EC,0x00000004,data,data_106856EC
0x106856F0,0x00000004,data,data_106856F0
0x106856F4,0x00000004,data,data_106856F4
0x106856F8,0x00000004,data,data_106856F8
0x106856FC,0x00000004,data,data_106856FC
0x10685700,0x00000004,data,data_10685700
0x10685704,0x00000004,data,data_10685704
0x10685708,0x00000004,data,data_10685708
0x1068570C,0x00000004,data,data_1068570C
0x10685710,0x00000004,data,data_10685710
0x10685714,0x00000004,data,data_10685714
0x10685718,0x00000004,data,data_10685718
0x1068571C,0x00000004,data,data_1068571C
0x10685720,0x00000004,data,data_10685720
0x10685724,0x00000004,data,data_10685724
0x10685728,0x00000004,data,data_10685728
0x1068572C,0x00000004,data,data_1068572C
0x10685730,0x00000004,data,data_10685730
0x10685734,0x000000B0,data,data_10685734
0x106857E4,0x0000001D,data,data_106857E4
0x10685801,0x00000004,data,data_10685801
0x10685805,0x0000001D,data,data_10685805
0x10685822,0x00000004,data,data_10685822
0x10685826,0x0000001D,data,data_10685826
0x10685843,0x00000004,data,data_10685843
0x10685847,0x00000011,data,data_10685847
0x10685858,0x00000004,data,data_10685858
0x1068585C,0x00000004,data,data_1068585C
0x10685860,0x00000004,data,data_10685860
0x10685864,0x00000004,data,data_10685864
0x10685868,0x00000004,data,data_10685868
0x1068586C,0x00000004,data,data_1068586C
0x10685870,0x00000004,data,data_10685870
0x10685874,0x00000004,data,data_10685874
0x10685878,0x00000004,data,data_10685878
0x1068587C,0x00000004,data,data_1068587C
0x10685880,0x00000004,data,data_10685880
0x10685884,0x00000004,data,data_10685884
0x10685888,0x00000004,data,data_10685888
0x1068588C,0x00000004,data,data_1068588C
0x10685890,0x00000004,data,data_10685890
0x10685894,0x00000004,data,data_10685894
0x10685898,0x00000004,data,data_10685898
0x1068589C,0x00000004,data,data_1068589C
0x106858A0,0x00000004,data,data_106858A0
0x106858A4,0x00000004,data,data_106858A4
0x106858A8,0x00000004,data,data_106858A8
0x106858AC,0x00000004,data,data_106858AC
0x106858B0,0x00000004,data,data_106858B0
0x106858B4,0x00000004,data,data_106858B4
0x106858B8,0x00000004,data,data_106858B8
0x106858BC,0x00000004,data,data_106858BC
0x106858C0,0x00000004,data,data_106858C0
0x106858C4,0x00000004,data,data_106858C4
0x106858C8,0x00000004,data,data_106858C8
0x106858CC,0x00000004,data,data_106858CC
0x106858D0,0x00000004,data,data_106858D0
0x106858D4,0x00000004,data,data_106858D4
0x106858D8,0x00000004,data,data_106858D8
0x106858DC,0x00000004,data,data_106858DC
0x106858E0,0x00000004,data,data_106858E0
0x106858E4,0x00000004,data,data_106858E4
0x106858E8,0x00000004,data,data_106858E8
0x106858EC,0x00000004,data,data_106858EC
0x106858F0,0x00000004,data,data_106858F0
0x106858F4,0x00000004,data,data_106858F4
0x106858F8,0x00000004,data,data_106858F8
0x106858FC,0x00000004,data,data_106858FC
0x10685900,0x00000004,data,data_10685900
0x10685904,0x00000004,data,data_10685904
0x10685908,0x00000004,data,data_10685908
0x1068590C,0x00000004,data,data_1068590C
0x10685910,0x00000004,data,data_10685910
0x10685914,0x00000004,data,data_10685914
0x10685918,0x00000004,data,data_10685918
0x1068591C,0x00000004,data,data_1068591C
0x10685920,0x00000004,data,data_10685920
0x10685924,0x00000004,data,data_10685924
0x10685928,0x00000004,data,data_10685928
0x1068592C,0x00000004,data,data_1068592C
0x10685930,0x00000004,data,data_10685930
0x10685934,0x00000004,data,data_10685934
0x10685938,0x00000004,data,data_10685938
0x1068593C,0x00000004,data,data_1068593C
0x10685940,0x00000004,data,data_10685940
0x10685944,0x00000004,data,data_10685944
0x10685948,0x00000004,data,data_10685948
0x1068594C,0x00000004,data,data_1068594C
0x10685950,0x00000004,data,data_10685950
0x10685954,0x00000004,data,data_10685954
0x10685958,0x00000004,data,data_10685958
0x1068595C,0x00000004,data,data_1068595C
0x10685960,0x00000004,data,data_10685960
0x10685964,0x00000004,data,data_10685964
0x10685968,0x00000004,data,data_10685968
0x1068596C,0x00000004,data,data_1068596C
0x10685970,0x00000004,data,data_10685970
0x10685974,0x00000004,data,data_10685974
0x10685978,0x00000004,data,data_10685978
0x1068597C,0x00000004,data,data_1068597C
0x10685980,0x00000004,data,data_10685980
0x10685984,0x00000010,data,data_10685984
0x10685994,0x00000009,data,data_10685994
0x1068599D,0x0000002B,data,data_1068599D
0x106859C8,0x00000004,data,data_106859C8
0x106859CC,0x00000004,data,data_106859CC
0x106859D0,0x00000004,data,data_106859D0
0x106859D4,0x00000004,data,data_106859D4
0x106859D8,0x00000004,data,data_106859D8
0x106859DC,0x00000004,data,data_106859DC
0x106859E0,0x00000004,data,data_106859E0
0x106859E4,0x00000004,data,data_106859E4
0x106859E8,0x0000000E,data,data_106859E8
0x106859F6,0x00000002,data,data_106859F6
0x106859F8,0x00000008,data,data_106859F8
0x10685A00,0x00000004,data,data_10685A00
0x10685A04,0x00000004,data,data_10685A04
0x10685A08,0x00000004,data,data_10685A08
0x10685A0C,0x00000004,data,data_10685A0C
0x10685A10,0x00000004,data,data_10685A10
0x10685A14,0x00000004,data,data_10685A14
0x10685A18,0x00000004,data,data_10685A18
0x10685A1C,0x00000004,data,data_10685A1C
0x10685A20,0x00000004,data,data_10685A20
0x10685A24,0x00000004,data,data_10685A24
0x10685A28,0x00000004,data,data_10685A28
0x10685A2C,0x00000004,data,data_10685A2C
0x10685A30,0x00000004,data,data_10685A30
0x10685A34,0x00000004,data,data_10685A34
0x10685A38,0x00000004,data,data_10685A38
0x10685A3C,0x00000004,data,data_10685A3C
0x10685A40,0x00000004,data,data_10685A40
0x10685A44,0x00000004,data,data_10685A44
0x10685A48,0x00000004,data,data_10685A48
0x10685A4C,0x00000004,data,data_10685A4C
0x10685A50,0x00000004,data,data_10685A50
0x10685A54,0x00000004,data,data_10685A54
0x10685A58,0x00000004,data,data_10685A58
0x10685A5C,0x00000004,data,data_10685A5C
0x10685A60,0x00000004,data,data_10685A60
0x10685A64,0x00000004,data,data_10685A64
0x10685A68,0x00000004,data,data_10685A68
0x10685A6C,0x00000020,data,data_10685A6C
0x10685A8C,0x0000001D,data,data_10685A8C
0x10685AA9,0x00000004,data,data_10685AA9
0x10685AAD,0x0000001D,data,data_10685AAD
0x10685ACA,0x00000004,data,data_10685ACA
0x10685ACE,0x0000001D,data,data_10685ACE
0x10685AEB,0x00000004,data,data_10685AEB
0x10685AEF,0x00000011,data,data_10685AEF
0x10685B00,0x00000004,data,data_10685B00
0x10685B04,0x00000004,data,data_10685B04
0x10685B08,0x00000004,data,data_10685B08
0x10685B0C,0x00000004,data,data_10685B0C
0x10685B10,0x00000004,data,data_10685B10
0x10685B14,0x00000004,data,data_10685B14
0x10685B18,0x00000004,data,data_10685B18
0x10685B1C,0x00000004,data,data_10685B1C
0x10685B20,0x00000004,data,data_10685B20
0x10685B24,0x00000004,data,data_10685B24
0x10685B28,0x00000004,data,data_10685B28
0x10685B2C,0x00000004,data,data_10685B2C
0x10685B30,0x00000004,data,data_10685B30
0x10685B34,0x00000004,data,data_10685B34
0x10685B38,0x00000004,data,data_10685B38
0x10685B3C,0x00000004,data,data_10685B3C
0x10685B40,0x00000004,data,data_10685B40
0x10685B44,0x00000004,data,data_10685B44
0x10685B48,0x00000004,data,data_10685B48
0x10685B4C,0x00000004,data,data_10685B4C
0x10685B50,0x00000004,data,data_10685B50
0x10685B54,0x00000004,data,data_10685B54
0x10685B58,0x00000004,data,data_10685B58
0x10685B5C,0x00000004,data,data_10685B5C
0x10685B60,0x00000004,data,data_10685B60
0x10685B64,0x00000004,data,data_10685B64
0x10685B68,0x00000004,data,data_10685B68
0x10685B6C,0x00000004,data,data_10685B6C
0x10685B70,0x00000004,data,data_10685B70
0x10685B74,0x00000004,data,data_10685B74
0x10685B78,0x00000004,data,data_10685B78
0x10685B7C,0x00000004,data,data_10685B7C
0x10685B80,0x00000004,data,data_10685B80
0x10685B84,0x00000004,data,data_10685B84
0x10685B88,0x00000004,data,data_10685B88
0x10685B8C,0x00000004,data,data_10685B8C
0x10685B90,0x00000004,data,data_10685B90
0x10685B94,0x00000004,data,data_10685B94
0x10685B98,0x00000004,data,data_10685B98
0x10685B9C,0x00000004,data,data_10685B9C
0x10685BA0,0x00000004,data,data_10685BA0
0x10685BA4,0x00000004,data,data_10685BA4
0x10685BA8,0x00000004,data,data_10685BA8
0x10685BAC,0x00000004,data,data_10685BAC
0x10685BB0,0x00000004,data,data_10685BB0
0x10685BB4,0x00000004,data,data_10685BB4
0x10685BB8,0x00000004,data,data_10685BB8
0x10685BBC,0x00000004,data,data_10685BBC
0x10685BC0,0x00000004,data,data_10685BC0
0x10685BC4,0x00000004,data,data_10685BC4
0x10685BC8,0x00000004,data,data_10685BC8
0x10685BCC,0x00000004,data,data_10685BCC
0x10685BD0,0x00000004,data,data_10685BD0
0x10685BD4,0x00000004,data,data_10685BD4
0x10685BD8,0x00000004,data,data_10685BD8
0x10685BDC,0x00000004,data,data_10685BDC
0x10685BE0,0x00000004,data,data_10685BE0
0x10685BE4,0x00000004,data,data_10685BE4
0x10685BE8,0x00000004,data,data_10685BE8
0x10685BEC,0x00000004,data,data_10685BEC
0x10685BF0,0x00000004,data,data_10685BF0
0x10685BF4,0x00000004,data,data_10685BF4
0x10685BF8,0x00000004,data,data_10685BF8
0x10685BFC,0x00000004,data,data_10685BFC
0x10685C00,0x00000004,data,data_10685C00
0x10685C04,0x00000004,data,data_10685C04
0x10685C08,0x00000004,data,data_10685C08
0x10685C0C,0x00000004,data,data_10685C0C
0x10685C10,0x00000004,data,data_10685C10
0x10685C14,0x00000004,data,data_10685C14
0x10685C18,0x00000004,data,data_10685C18
0x10685C1C,0x00000004,data,data_10685C1C
0x10685C20,0x00000004,data,data_10685C20
0x10685C24,0x00000004,data,data_10685C24
0x10685C28,0x00000004,data,data_10685C28
0x10685C2C,0x00000008,data,data_10685C2C
0x10685C34,0x0000001D,data,data_10685C34
0x10685C51,0x00000004,data,data_10685C51
0x10685C55,0x0000001D,data,data_10685C55
0x10685C72,0x00000004,data,data_10685C72
0x10685C76,0x0000001D,data,data_10685C76
0x10685C93,0x00000004,data,data_10685C93
0x10685C97,0x00000011,data,data_10685C97
0x10685CA8,0x00000004,data,data_10685CA8
0x10685CAC,0x00000004,data,data_10685CAC
0x10685CB0,0x00000004,data,data_10685CB0
0x10685CB4,0x00000004,data,data_10685CB4
0x10685CB8,0x00000004,data,data_10685CB8
0x10685CBC,0x00000004,data,data_10685CBC
0x10685CC0,0x00000004,data,data_10685CC0
0x10685CC4,0x00000004,data,data_10685CC4
0x10685CC8,0x00000004,data,data_10685CC8
0x10685CCC,0x00000004,data,data_10685CCC
0x10685CD0,0x00000004,data,data_10685CD0
0x10685CD4,0x00000004,data,data_10685CD4
0x10685CD8,0x00000004,data,data_10685CD8
0x10685CDC,0x00000004,data,data_10685CDC
0x10685CE0,0x00000004,data,data_10685CE0
0x10685CE4,0x00000004,data,data_10685CE4
0x10685CE8,0x00000004,data,data_10685CE8
0x10685CEC,0x00000004,data,data_10685CEC
0x10685CF0,0x00000004,data,data_10685CF0
0x10685CF4,0x00000004,data,data_10685CF4
0x10685CF8,0x00000004,data,data_10685CF8
0x10685CFC,0x00000004,data,data_10685CFC
0x10685D00,0x00000004,data,data_10685D00
0x10685D04,0x00000004,data,data_10685D04
0x10685D08,0x00000004,data,data_10685D08
0x10685D0C,0x00000004,data,data_10685D0C
0x10685D10,0x00000004,data,data_10685D10
0x10685D14,0x00000004,data,data_10685D14
0x10685D18,0x00000004,data,data_10685D18
0x10685D1C,0x00000004,data,data_10685D1C
0x10685D20,0x00000004,data,data_10685D20
0x10685D24,0x00000004,data,data_10685D24
0x10685D28,0x00000004,data,data_10685D28
0x10685D2C,0x00000004,data,data_10685D2C
0x10685D30,0x00000004,data,data_10685D30
0x10685D34,0x00000004,data,data_10685D34
0x10685D38,0x00000004,data,data_10685D38
0x10685D3C,0x00000004,data,data_10685D3C
0x10685D40,0x00000004,data,data_10685D40
0x10685D44,0x00000004,data,data_10685D44
0x10685D48,0x00000004,data,data_10685D48
0x10685D4C,0x00000004,data,data_10685D4C
0x10685D50,0x00000004,data,data_10685D50
0x10685D54,0x00000004,data,data_10685D54
0x10685D58,0x00000004,data,data_10685D58
0x10685D5C,0x00000004,data,data_10685D5C
0x10685D60,0x00000004,data,data_10685D60
0x10685D64,0x00000004,data,data_10685D64
0x10685D68,0x00000004,data,data_10685D68
0x10685D6C,0x00000004,data,data_10685D6C
0x10685D70,0x00000004,data,data_10685D70
0x10685D74,0x00000004,data,data_10685D74
0x10685D78,0x00000004,data,data_10685D78
0x10685D7C,0x00000004,data,data_10685D7C
0x10685D80,0x00000004,data,data_10685D80
0x10685D84,0x00000004,data,data_10685D84
0x10685D88,0x00000004,data,data_10685D88
0x10685D8C,0x00000004,data,data_10685D8C
0x10685D90,0x00000004,data,data_10685D90
0x10685D94,0x00000004,data,data_10685D94
0x10685D98,0x00000004,data,data_10685D98
0x10685D9C,0x00000004,data,data_10685D9C
0x10685DA0,0x00000004,data,data_10685DA0
0x10685DA4,0x00000004,data,data_10685DA4
0x10685DA8,0x00000004,data,data_10685DA8
0x10685DAC,0x00000004,data,data_10685DAC
0x10685DB0,0x00000004,data,data_10685DB0
0x10685DB4,0x00000004,data,data_10685DB4
0x10685DB8,0x00000004,data,data_10685DB8
0x10685DBC,0x00000004,data,data_10685DBC
0x10685DC0,0x00000004,data,data_10685DC0
0x10685DC4,0x00000004,data,data_10685DC4
0x10685DC8,0x00000004,data,data_10685DC8
0x10685DCC,0x00000004,data,data_10685DCC
0x10685DD0,0x00000004,data,data_10685DD0
0x10685DD4,0x00000004,data,data_10685DD4
0x10685DD8,0x0000000C,data,data_10685DD8
0x10685DE4,0x0000001D,data,data_10685DE4
0x10685E01,0x00000004,data,data_10685E01
0x10685E05,0x0000001D,data,data_10685E05
0x10685E22,0x00000004,data,data_10685E22
0x10685E26,0x0000001D,data,data_10685E26
0x10685E43,0x00000004,data,data_10685E43
0x10685E47,0x00000011,data,data_10685E47
0x10685E58,0x00000004,data,data_10685E58
0x10685E5C,0x00000004,data,data_10685E5C
0x10685E60,0x00000004,data,data_10685E60
0x10685E64,0x00000004,data,data_10685E64
0x10685E68,0x00000004,data,data_10685E68
0x10685E6C,0x00000004,data,data_10685E6C
0x10685E70,0x00000004,data,data_10685E70
0x10685E74,0x00000004,data,data_10685E74
0x10685E78,0x00000004,data,data_10685E78
0x10685E7C,0x00000004,data,data_10685E7C
0x10685E80,0x00000004,data,data_10685E80
0x10685E84,0x00000004,data,data_10685E84
0x10685E88,0x00000004,data,data_10685E88
0x10685E8C,0x00000004,data,data_10685E8C
0x10685E90,0x00000004,data,data_10685E90
0x10685E94,0x00000004,data,data_10685E94
0x10685E98,0x00000004,data,data_10685E98
0x10685E9C,0x00000004,data,data_10685E9C
0x10685EA0,0x00000004,data,data_10685EA0
0x10685EA4,0x00000004,data,data_10685EA4
0x10685EA8,0x00000004,data,data_10685EA8
0x10685EAC,0x00000004,data,data_10685EAC
0x10685EB0,0x00000004,data,data_10685EB0
0x10685EB4,0x00000004,data,data_10685EB4
0x10685EB8,0x00000004,data,data_10685EB8
0x10685EBC,0x00000004,data,data_10685EBC
0x10685EC0,0x00000004,data,data_10685EC0
0x10685EC4,0x00000004,data,data_10685EC4
0x10685EC8,0x00000004,data,data_10685EC8
0x10685ECC,0x00000004,data,data_10685ECC
0x10685ED0,0x00000004,data,data_10685ED0
0x10685ED4,0x00000004,data,data_10685ED4
0x10685ED8,0x00000004,data,data_10685ED8
0x10685EDC,0x00000004,data,data_10685EDC
0x10685EE0,0x00000004,data,data_10685EE0
0x10685EE4,0x00000004,data,data_10685EE4
0x10685EE8,0x00000004,data,data_10685EE8
0x10685EEC,0x00000004,data,data_10685EEC
0x10685EF0,0x00000004,data,data_10685EF0
0x10685EF4,0x00000004,data,data_10685EF4
0x10685EF8,0x00000004,data,data_10685EF8
0x10685EFC,0x00000004,data,data_10685EFC
0x10685F00,0x00000004,data,data_10685F00
0x10685F04,0x00000004,data,data_10685F04
0x10685F08,0x00000004,data,data_10685F08
0x10685F0C,0x00000004,data,data_10685F0C
0x10685F10,0x00000004,data,data_10685F10
0x10685F14,0x00000004,data,data_10685F14
0x10685F18,0x00000004,data,data_10685F18
0x10685F1C,0x00000004,data,data_10685F1C
0x10685F20,0x00000004,data,data_10685F20
0x10685F24,0x00000004,data,data_10685F24
0x10685F28,0x00000004,data,data_10685F28
0x10685F2C,0x00000004,data,data_10685F2C
0x10685F30,0x00000004,data,data_10685F30
0x10685F34,0x00000004,data,data_10685F34
0x10685F38,0x00000004,data,data_10685F38
0x10685F3C,0x00000004,data,data_10685F3C
0x10685F40,0x00000004,data,data_10685F40
0x10685F44,0x00000004,data,data_10685F44
0x10685F48,0x00000004,data,data_10685F48
0x10685F4C,0x00000004,data,data_10685F4C
0x10685F50,0x00000004,data,data_10685F50
0x10685F54,0x00000004,data,data_10685F54
0x10685F58,0x00000004,data,data_10685F58
0x10685F5C,0x00000004,data,data_10685F5C
0x10685F60,0x00000004,data,data_10685F60
0x10685F64,0x00000004,data,data_10685F64
0x10685F68,0x00000004,data,data_10685F68
0x10685F6C,0x00000004,data,data_10685F6C
0x10685F70,0x00000004,data,data_10685F70
0x10685F74,0x00000004,data,data_10685F74
0x10685F78,0x00000004,data,data_10685F78
0x10685F7C,0x00000004,data,data_10685F7C
0x10685F80,0x00000004,data,data_10685F80
0x10685F84,0x00000008,data,data_10685F84
0x10685F8C,0x0000001D,data,data_10685F8C
0x10685FA9,0x00000004,data,data_10685FA9
0x10685FAD,0x0000001D,data,data_10685FAD
0x10685FCA,0x00000004,data,data_10685FCA
0x10685FCE,0x0000001D,data,data_10685FCE
0x10685FEB,0x00000004,data,data_10685FEB
0x10685FEF,0x00000011,data,data_10685FEF
0x10686000,0x00000004,data,data_10686000
0x10686004,0x00000004,data,data_10686004
0x10686008,0x00000004,data,data_10686008
0x1068600C,0x00000004,data,data_1068600C
0x10686010,0x00000004,data,data_10686010
0x10686014,0x00000004,data,data_10686014
0x10686018,0x00000004,data,data_10686018
0x1068601C,0x00000004,data,data_1068601C
0x10686020,0x00000004,data,data_10686020
0x10686024,0x00000004,data,data_10686024
0x10686028,0x00000004,data,data_10686028
0x1068602C,0x00000004,data,data_1068602C
0x10686030,0x00000004,data,data_10686030
0x10686034,0x00000004,data,data_10686034
0x10686038,0x00000004,data,data_10686038
0x1068603C,0x00000004,data,data_1068603C
0x10686040,0x00000004,data,data_10686040
0x10686044,0x00000004,data,data_10686044
0x10686048,0x00000004,data,data_10686048
0x1068604C,0x00000004,data,data_1068604C
0x10686050,0x00000004,data,data_10686050
0x10686054,0x00000004,data,data_10686054
0x10686058,0x00000004,data,data_10686058
0x1068605C,0x00000004,data,data_1068605C
0x10686060,0x00000004,data,data_10686060
0x10686064,0x00000004,data,data_10686064
0x10686068,0x00000004,data,data_10686068
0x1068606C,0x00000004,data,data_1068606C
0x10686070,0x00000004,data,data_10686070
0x10686074,0x00000004,data,data_10686074
0x10686078,0x00000004,data,data_10686078
0x1068607C,0x00000004,data,data_1068607C
0x10686080,0x00000004,data,data_10686080
0x10686084,0x00000004,data,data_10686084
0x10686088,0x00000004,data,data_10686088
0x1068608C,0x00000004,data,data_1068608C
0x10686090,0x00000004,data,data_10686090
0x10686094,0x00000004,data,data_10686094
0x10686098,0x00000004,data,data_10686098
0x1068609C,0x00000004,data,data_1068609C
0x106860A0,0x00000004,data,data_106860A0
0x106860A4,0x00000004,data,data_106860A4
0x106860A8,0x00000004,data,data_106860A8
0x106860AC,0x00000004,data,data_106860AC
0x106860B0,0x00000004,data,data_106860B0
0x106860B4,0x00000004,data,data_106860B4
0x106860B8,0x00000004,data,data_106860B8
0x106860BC,0x00000004,data,data_106860BC
0x106860C0,0x00000004,data,data_106860C0
0x106860C4,0x00000004,data,data_106860C4
0x106860C8,0x00000004,data,data_106860C8
0x106860CC,0x00000004,data,data_106860CC
0x106860D0,0x00000004,data,data_106860D0
0x106860D4,0x00000004,data,data_106860D4
0x106860D8,0x00000004,data,data_106860D8
0x106860DC,0x00000004,data,data_106860DC
0x106860E0,0x00000004,data,data_106860E0
0x106860E4,0x00000004,data,data_106860E4
0x106860E8,0x00000004,data,data_106860E8
0x106860EC,0x00000004,data,data_106860EC
0x106860F0,0x00000004,data,data_106860F0
0x106860F4,0x00000004,data,data_106860F4
0x106860F8,0x00000004,data,data_106860F8
0x106860FC,0x00000004,data,data_106860FC
0x10686100,0x00000004,data,data_10686100
0x10686104,0x00000004,data,data_10686104
0x10686108,0x00000004,data,data_10686108
0x1068610C,0x00000004,data,data_1068610C
0x10686110,0x00000004,data,data_10686110
0x10686114,0x00000004,data,data_10686114
0x10686118,0x00000004,data,data_10686118
0x1068611C,0x00000004,data,data_1068611C
0x10686120,0x00000004,data,data_10686120
0x10686124,0x00000004,data,data_10686124
0x10686128,0x00000004,data,data_10686128
0x1068612C,0x00000008,data,data_1068612C
0x10686134,0x0000001D,data,data_10686134
0x10686151,0x00000004,data,data_10686151
0x10686155,0x0000001D,data,data_10686155
0x10686172,0x00000004,data,data_10686172
0x10686176,0x0000001D,data,data_10686176
0x10686193,0x00000004,data,data_10686193
0x10686197,0x00000011,data,data_10686197
0x106861A8,0x00000004,data,data_106861A8
0x106861AC,0x00000004,data,data_106861AC
0x106861B0,0x00000004,data,data_106861B0
0x106861B4,0x00000004,data,data_106861B4
0x106861B8,0x00000004,data,data_106861B8
0x106861BC,0x00000004,data,data_106861BC
0x106861C0,0x00000004,data,data_106861C0
0x106861C4,0x00000004,data,data_106861C4
0x106861C8,0x00000004,data,data_106861C8
0x106861CC,0x00000004,data,data_106861CC
0x106861D0,0x00000004,data,data_106861D0
0x106861D4,0x00000004,data,data_106861D4
0x106861D8,0x00000004,data,data_106861D8
0x106861DC,0x00000004,data,data_106861DC
0x106861E0,0x00000004,data,data_106861E0
0x106861E4,0x00000004,data,data_106861E4
0x106861E8,0x00000004,data,data_106861E8
0x106861EC,0x00000004,data,data_106861EC
0x106861F0,0x00000004,data,data_106861F0
0x106861F4,0x00000004,data,data_106861F4
0x106861F8,0x00000004,data,data_106861F8
0x106861FC,0x00000004,data,data_106861FC
0x10686200,0x00000004,data,data_10686200
0x10686204,0x00000004,data,data_10686204
0x10686208,0x00000004,data,data_10686208
0x1068620C,0x00000004,data,data_1068620C
0x10686210,0x00000004,data,data_10686210
0x10686214,0x00000004,data,data_10686214
0x10686218,0x00000004,data,data_10686218
0x1068621C,0x00000004,data,data_1068621C
0x10686220,0x00000004,data,data_10686220
0x10686224,0x00000004,data,data_10686224
0x10686228,0x00000004,data,data_10686228
0x1068622C,0x00000004,data,data_1068622C
0x10686230,0x00000004,data,data_10686230
0x10686234,0x00000004,data,data_10686234
0x10686238,0x00000004,data,data_10686238
0x1068623C,0x00000004,data,data_1068623C
0x10686240,0x00000004,data,data_10686240
0x10686244,0x00000004,data,data_10686244
0x10686248,0x00000004,data,data_10686248
0x1068624C,0x00000004,data,data_1068624C
0x10686250,0x00000004,data,data_10686250
0x10686254,0x00000004,data,data_10686254
0x10686258,0x00000004,data,data_10686258
0x1068625C,0x00000004,data,data_1068625C
0x10686260,0x00000004,data,data_10686260
0x10686264,0x00000004,data,data_10686264
0x10686268,0x00000004,data,data_10686268
0x1068626C,0x00000004,data,data_1068626C
0x10686270,0x00000004,data,data_10686270
0x10686274,0x00000004,data,data_10686274
0x10686278,0x00000004,data,data_10686278
0x1068627C,0x00000004,data,data_1068627C
0x10686280,0x00000004,data,data_10686280
0x10686284,0x00000004,data,data_10686284
0x10686288,0x00000004,data,data_10686288
0x1068628C,0x00000004,data,data_1068628C
0x10686290,0x00000004,data,data_10686290
0x10686294,0x00000004,data,data_10686294
0x10686298,0x00000004,data,data_10686298
0x1068629C,0x00000004,data,data_1068629C
0x106862A0,0x00000004,data,data_106862A0
0x106862A4,0x00000004,data,data_106862A4
0x106862A8,0x00000004,data,data_106862A8
0x106862AC,0x00000004,data,data_106862AC
0x106862B0,0x00000004,data,data_106862B0
0x106862B4,0x00000004,data,data_106862B4
0x106862B8,0x00000004,data,data_106862B8
0x106862BC,0x00000004,data,data_106862BC
0x106862C0,0x00000004,data,data_106862C0
0x106862C4,0x00000004,data,data_106862C4
0x106862C8,0x00000004,data,data_106862C8
0x106862CC,0x00000004,data,data_106862CC
0x106862D0,0x00000004,data,data_106862D0
0x106862D4,0x00000008,data,data_106862D4
0x106862DC,0x0000001D,data,data_106862DC
0x106862F9,0x00000004,data,data_106862F9
0x106862FD,0x0000001D,data,data_106862FD
0x1068631A,0x00000004,data,data_1068631A
0x1068631E,0x0000001D,data,data_1068631E
0x1068633B,0x00000004,data,data_1068633B
0x1068633F,0x00000011,data,data_1068633F
0x10686350,0x00000004,data,data_10686350
0x10686354,0x00000004,data,data_10686354
0x10686358,0x00000004,data,data_10686358
0x1068635C,0x00000004,data,data_1068635C
0x10686360,0x00000004,data,data_10686360
0x10686364,0x00000004,data,data_10686364
0x10686368,0x00000004,data,data_10686368
0x1068636C,0x00000004,data,data_1068636C
0x10686370,0x00000004,data,data_10686370
0x10686374,0x00000004,data,data_10686374
0x10686378,0x00000004,data,data_10686378
0x1068637C,0x00000004,data,data_1068637C
0x10686380,0x00000004,data,data_10686380
0x10686384,0x00000004,data,data_10686384
0x10686388,0x00000004,data,data_10686388
0x1068638C,0x00000004,data,data_1068638C
0x10686390,0x00000004,data,data_10686390
0x10686394,0x00000004,data,data_10686394
0x10686398,0x00000004,data,data_10686398
0x1068639C,0x00000004,data,data_1068639C
0x106863A0,0x00000004,data,data_106863A0
0x106863A4,0x00000004,data,data_106863A4
0x106863A8,0x00000004,data,data_106863A8
0x106863AC,0x00000004,data,data_106863AC
0x106863B0,0x00000004,data,data_106863B0
0x106863B4,0x00000004,data,data_106863B4
0x106863B8,0x00000004,data,data_106863B8
0x106863BC,0x00000004,data,data_106863BC
0x106863C0,0x00000004,data,data_106863C0
0x106863C4,0x00000004,data,data_106863C4
0x106863C8,0x00000004,data,data_106863C8
0x106863CC,0x00000004,data,data_106863CC
0x106863D0,0x00000004,data,data_106863D0
0x106863D4,0x00000004,data,data_106863D4
0x106863D8,0x00000004,data,data_106863D8
0x106863DC,0x00000004,data,data_106863DC
0x106863E0,0x00000004,data,data_106863E0
0x106863E4,0x00000004,data,data_106863E4
0x106863E8,0x00000004,data,data_106863E8
0x106863EC,0x00000004,data,data_106863EC
0x106863F0,0x00000004,data,data_106863F0
0x106863F4,0x00000004,data,data_106863F4
0x106863F8,0x00000004,data,data_106863F8
0x106863FC,0x00000004,data,data_106863FC
0x10686400,0x00000004,data,data_10686400
0x10686404,0x00000004,data,data_10686404
0x10686408,0x00000004,data,data_10686408
0x1068640C,0x00000004,data,data_1068640C
0x10686410,0x00000004,data,data_10686410
0x10686414,0x00000004,data,data_10686414
0x10686418,0x00000004,data,data_10686418
0x1068641C,0x00000004,data,data_1068641C
0x10686420,0x00000004,data,data_10686420
0x10686424,0x00000004,data,data_10686424
0x10686428,0x00000004,data,data_10686428
0x1068642C,0x00000004,data,data_1068642C
0x10686430,0x00000004,data,data_10686430
0x10686434,0x00000004,data,data_10686434
0x10686438,0x00000004,data,data_10686438
0x1068643C,0x00000004,data,data_1068643C
0x10686440,0x00000004,data,data_10686440
0x10686444,0x00000004,data,data_10686444
0x10686448,0x00000004,data,data_10686448
0x1068644C,0x00000004,data,data_1068644C
0x10686450,0x00000004,data,data_10686450
0x10686454,0x00000004,data,data_10686454
0x10686458,0x00000004,data,data_10686458
0x1068645C,0x00000004,data,data_1068645C
0x10686460,0x00000004,data,data_10686460
0x10686464,0x00000004,data,data_10686464
0x10686468,0x00000004,data,data_10686468
0x1068646C,0x00000004,data,data_1068646C
0x10686470,0x00000004,data,data_10686470
0x10686474,0x00000004,data,data_10686474
0x10686478,0x00000004,data,data_10686478
0x1068647C,0x00000004,data,data_1068647C
0x10686480,0x00000004,data,data_10686480
0x10686484,0x00000006,data,data_10686484
0x1068648A,0x00000006,data,data_1068648A
0x10686490,0x00000004,data,data_10686490
0x10686494,0x00000004,data,data_10686494
0x1068649C,0x00000004,data,data_1068649C
0x106864A0,0x00000004,data,data_106864A0
0x106864A4,0x00000005,data,data_106864A4
0x106864A9,0x00000007,data,data_106864A9
0x106864B0,0x00000004,data,data_106864B0
0x106864B4,0x00000005,data,data_106864B4
0x106864B9,0x00000007,data,data_106864B9
0x106864C0,0x00000004,data,data_106864C0
0x106864C4,0x00000004,data,data_106864C4
0x106864CC,0x00000004,data,data_106864CC
0x106864D0,0x00000004,data,data_106864D0
0x106864D4,0x00000006,data,data_106864D4
0x106864DA,0x00000006,data,data_106864DA
0x106864E0,0x00000004,data,data_106864E0
0x106864E4,0x00000006,data,data_106864E4
0x106864EA,0x00000006,data,data_106864EA
0x106864F0,0x00000004,data,data_106864F0
0x106864F4,0x00000006,data,data_106864F4
0x106864FA,0x00000006,data,data_106864FA
0x10686500,0x00000004,data,data_10686500
0x10686504,0x00000006,data,data_10686504
0x1068650A,0x00000006,data,data_1068650A
0x10686510,0x00000004,data,data_10686510
0x10686514,0x00000006,data,data_10686514
0x1068651A,0x00000006,data,data_1068651A
0x10686520,0x00000004,data,data_10686520
0x10686524,0x00000006,data,data_10686524
0x1068652A,0x00000006,data,data_1068652A
0x10686530,0x00000004,data,data_10686530
0x10686534,0x00000006,data,data_10686534
0x1068653A,0x00000006,data,data_1068653A
0x10686540,0x00000004,data,data_10686540
0x10686544,0x00000006,data,data_10686544
0x1068654A,0x00000006,data,data_1068654A
0x10686550,0x00000004,data,data_10686550
0x10686554,0x00000006,data,data_10686554
0x1068655A,0x00000006,data,data_1068655A
0x10686560,0x00000004,data,data_10686560
0x10686564,0x00000006,data,data_10686564
0x1068656A,0x00000006,data,data_1068656A
0x10686570,0x00000004,data,data_10686570
0x10686574,0x00000006,data,data_10686574
0x1068657A,0x00000006,data,data_1068657A
0x10686580,0x00000004,data,data_10686580
0x10686584,0x00000006,data,data_10686584
0x1068658A,0x00000006,data,data_1068658A
0x10686590,0x00000004,data,data_10686590
0x10686594,0x00000006,data,data_10686594
0x1068659A,0x00000006,data,data_1068659A
0x106865A0,0x00000004,data,data_106865A0
0x106865A4,0x00000006,data,data_106865A4
0x106865AA,0x00000006,data,data_106865AA
0x106865B0,0x00000004,data,data_106865B0
0x106865B4,0x00000006,data,data_106865B4
0x106865BA,0x00000006,data,data_106865BA
0x106865C0,0x00000004,data,data_106865C0
0x106865C4,0x00000006,data,data_106865C4
0x106865CA,0x00000006,data,data_106865CA
0x106865D0,0x00000004,data,data_106865D0
0x106865D4,0x00000006,data,data_106865D4
0x106865DA,0x00000006,data,data_106865DA
0x106865E0,0x00000004,data,data_106865E0
0x106865E4,0x00000006,data,data_106865E4
0x106865EA,0x00000006,data,data_106865EA
0x106865F0,0x00000004,data,data_106865F0
0x106865F4,0x00000006,data,data_106865F4
0x106865FA,0x00000006,data,data_106865FA
0x10686600,0x00000004,data,data_10686600
0x10686604,0x00000006,data,data_10686604
0x1068660A,0x00000006,data,data_1068660A
0x10686610,0x00000004,data,data_10686610
0x10686614,0x00000006,data,data_10686614
0x1068661A,0x00000006,data,data_1068661A
0x10686620,0x00000004,data,data_10686620
0x10686624,0x00000006,data,data_10686624
0x1068662A,0x00000006,data,data_1068662A
0x10686630,0x00000004,data,data_10686630
0x10686634,0x00000006,data,data_10686634
0x1068663A,0x00000006,data,data_1068663A
0x10686640,0x00000004,data,data_10686640
0x10686644,0x00000006,data,data_10686644
0x1068664A,0x00000006,data,data_1068664A
0x10686650,0x00000001,data,data_10686650
0x10686651,0x00000003,data,data_10686651
0x10686654,0x00000006,data,data_10686654
0x1068665A,0x00000006,data,data_1068665A
0x10686660,0x00000004,data,data_10686660
0x10686664,0x00000006,data,data_10686664
0x1068666A,0x00000006,data,data_1068666A
0x10686670,0x00000004,data,data_10686670
0x10686674,0x00000006,data,data_10686674
0x1068667A,0x00000006,data,data_1068667A
0x10686680,0x00000004,data,data_10686680
0x10686684,0x00000006,data,data_10686684
0x1068668A,0x00000006,data,data_1068668A
0x10686690,0x00000004,data,data_10686690
0x10686694,0x00000006,data,data_10686694
0x1068669A,0x0000000A,data,data_1068669A
0x106866A4,0x0000001D,data,data_106866A4
0x106866C1,0x00000004,data,data_106866C1
0x106866C5,0x0000001D,data,data_106866C5
0x106866E2,0x00000004,data,data_106866E2
0x106866E6,0x0000001D,data,data_106866E6
0x10686703,0x00000004,data,data_10686703
0x10686707,0x00000011,data,data_10686707
0x10686718,0x00000004,data,data_10686718
0x1068671C,0x00000004,data,data_1068671C
0x10686720,0x00000004,data,data_10686720
0x10686724,0x00000004,data,data_10686724
0x10686728,0x00000004,data,data_10686728
0x1068672C,0x00000004,data,data_1068672C
0x10686730,0x00000004,data,data_10686730
0x10686734,0x00000004,data,data_10686734
0x10686738,0x00000004,data,data_10686738
0x1068673C,0x00000004,data,data_1068673C
0x10686740,0x00000004,data,data_10686740
0x10686744,0x00000004,data,data_10686744
0x10686748,0x00000004,data,data_10686748
0x1068674C,0x00000004,data,data_1068674C
0x10686750,0x00000004,data,data_10686750
0x10686754,0x00000004,data,data_10686754
0x10686758,0x00000004,data,data_10686758
0x1068675C,0x00000004,data,data_1068675C
0x10686760,0x00000004,data,data_10686760
0x10686764,0x00000004,data,data_10686764
0x10686768,0x00000004,data,data_10686768
0x1068676C,0x00000004,data,data_1068676C
0x10686770,0x00000004,data,data_10686770
0x10686774,0x00000004,data,data_10686774
0x10686778,0x00000004,data,data_10686778
0x1068677C,0x00000004,data,data_1068677C
0x10686780,0x00000004,data,data_10686780
0x10686784,0x00000004,data,data_10686784
0x10686788,0x00000004,data,data_10686788
0x1068678C,0x00000004,data,data_1068678C
0x10686790,0x00000004,data,data_10686790
0x10686794,0x00000004,data,data_10686794
0x10686798,0x00000004,data,data_10686798
0x1068679C,0x00000004,data,data_1068679C
0x106867A0,0x00000004,data,data_106867A0
0x106867A4,0x00000004,data,data_106867A4
0x106867A8,0x00000004,data,data_106867A8
0x106867AC,0x00000004,data,data_106867AC
0x106867B0,0x00000004,data,data_106867B0
0x106867B4,0x00000004,data,data_106867B4
0x106867B8,0x00000004,data,data_106867B8
0x106867BC,0x00000004,data,data_106867BC
0x106867C0,0x00000004,data,data_106867C0
0x106867C4,0x00000004,data,data_106867C4
0x106867C8,0x00000004,data,data_106867C8
0x106867CC,0x00000004,data,data_106867CC
0x106867D0,0x00000004,data,data_106867D0
0x106867D4,0x00000004,data,data_106867D4
0x106867D8,0x00000004,data,data_106867D8
0x106867DC,0x00000004,data,data_106867DC
0x106867E0,0x00000004,data,data_106867E0
0x106867E4,0x00000004,data,data_106867E4
0x106867E8,0x00000004,data,data_106867E8
0x106867EC,0x00000004,data,data_106867EC
0x106867F0,0x00000004,data,data_106867F0
0x106867F4,0x00000004,data,data_106867F4
0x106867F8,0x00000004,data,data_106867F8
0x106867FC,0x00000004,data,data_106867FC
0x10686800,0x00000004,data,data_10686800
0x10686804,0x00000004,data,data_10686804
0x10686808,0x00000004,data,data_10686808
0x1068680C,0x00000004,data,data_1068680C
0x10686810,0x00000004,data,data_10686810
0x10686814,0x00000004,data,data_10686814
0x10686818,0x00000004,data,data_10686818
0x1068681C,0x00000004,data,data_1068681C
0x10686820,0x00000004,data,data_10686820
0x10686824,0x00000004,data,data_10686824
0x10686828,0x00000004,data,data_10686828
0x1068682C,0x00000004,data,data_1068682C
0x10686830,0x00000004,data,data_10686830
0x10686834,0x00000004,data,data_10686834
0x10686838,0x00000004,data,data_10686838
0x1068683C,0x00000004,data,data_1068683C
0x10686840,0x00000004,data,data_10686840
0x10686844,0x00000001,data,data_10686844
0x10686845,0x00000090,data,data_10686845
0x106868D5,0x00000001,data,data_106868D5
0x106868D6,0x0000000E,data,data_106868D6
0x106868E4,0x00000005,data,data_106868E4
0x106868E9,0x00000007,data,data_106868E9
0x106868F0,0x00000004,data,data_106868F0
0x106868F4,0x00000004,data,data_106868F4
0x106868F8,0x00000004,data,data_106868F8
0x106868FC,0x00000004,data,data_106868FC
0x10686900,0x00000004,data,data_10686900
0x10686904,0x00000004,data,data_10686904
0x10686908,0x00000004,data,data_10686908
0x1068690C,0x00000004,data,data_1068690C
0x10686910,0x00000004,data,data_10686910
0x10686914,0x00000004,data,data_10686914
0x10686918,0x00000004,data,data_10686918
0x1068691C,0x00000004,data,data_1068691C
0x10686920,0x00000004,data,data_10686920
0x10686924,0x00000004,data,data_10686924
0x10686928,0x00000004,data,data_10686928
0x1068692C,0x00000004,data,data_1068692C
0x10686930,0x00000004,data,data_10686930
0x10686934,0x00000004,data,data_10686934
0x10686938,0x00000004,data,data_10686938
0x1068693C,0x00000004,data,data_1068693C
0x10686940,0x00000004,data,data_10686940
0x10686944,0x00000004,data,data_10686944
0x10686948,0x00000004,data,data_10686948
0x1068694C,0x00000004,data,data_1068694C
0x10686950,0x00000004,data,data_10686950
0x10686954,0x00000004,data,data_10686954
0x10686958,0x00000004,data,data_10686958
0x1068695C,0x00000004,data,data_1068695C
0x10686960,0x00000004,data,data_10686960
0x10686964,0x00000004,data,data_10686964
0x10686968,0x00000004,data,data_10686968
0x1068696C,0x00000004,data,data_1068696C
0x10686970,0x00000004,data,data_10686970
0x10686974,0x00000004,data,data_10686974
0x10686978,0x00000004,data,data_10686978
0x1068697C,0x00000004,data,data_1068697C
0x10686980,0x00000004,data,data_10686980
0x10686984,0x00000004,data,data_10686984
0x10686988,0x00000004,data,data_10686988
0x1068698C,0x00000004,data,data_1068698C
0x10686990,0x00000004,data,data_10686990
0x10686994,0x00000004,data,data_10686994
0x10686998,0x00000004,data,data_10686998
0x1068699C,0x00000004,data,data_1068699C
0x106869A0,0x00000004,data,data_106869A0
0x106869A4,0x00000004,data,data_106869A4
0x106869A8,0x00000004,data,data_106869A8
0x106869AC,0x00000004,data,data_106869AC
0x106869B0,0x00000004,data,data_106869B0
0x106869B4,0x00000004,data,data_106869B4
0x106869B8,0x00000004,data,data_106869B8
0x106869BC,0x00000004,data,data_106869BC
0x106869C0,0x00000004,data,data_106869C0
0x106869C4,0x00000004,data,data_106869C4
0x106869C8,0x00000004,data,data_106869C8
0x106869CC,0x00000004,data,data_106869CC
0x106869D0,0x00000004,data,data_106869D0
0x106869D4,0x00000004,data,data_106869D4
0x106869D8,0x00000004,data,data_106869D8
0x106869DC,0x00000004,data,data_106869DC
0x106869E0,0x00000004,data,data_106869E0
0x106869E4,0x00000004,data,data_106869E4
0x106869E8,0x00000004,data,data_106869E8
0x106869EC,0x00000004,data,data_106869EC
0x106869F0,0x00000004,data,data_106869F0
0x106869F4,0x00000004,data,data_106869F4
0x106869F8,0x00000004,data,data_106869F8
0x106869FC,0x00000004,data,data_106869FC
0x10686A00,0x00000004,data,data_10686A00
0x10686A04,0x00000004,data,data_10686A04
0x10686A08,0x00000004,data,data_10686A08
0x10686A0C,0x00000004,data,data_10686A0C
0x10686A10,0x00000004,data,data_10686A10
0x10686A14,0x00000004,data,data_10686A14
0x10686A18,0x00000004,data,data_10686A18
0x10686A1C,0x00000004,data,data_10686A1C
0x10686A20,0x00000004,data,data_10686A20
0x10686A24,0x00000004,data,data_10686A24
0x10686A28,0x00000004,data,data_10686A28
0x10686A2C,0x00000004,data,data_10686A2C
0x10686A30,0x00000004,data,data_10686A30
0x10686A34,0x00000004,data,data_10686A34
0x10686A38,0x00000004,data,data_10686A38
0x10686A3C,0x00000004,data,data_10686A3C
0x10686A40,0x00000004,data,data_10686A40
0x10686A44,0x00000004,data,data_10686A44
0x10686A48,0x00000004,data,data_10686A48
0x10686A4C,0x00000004,data,data_10686A4C
0x10686A50,0x00000004,data,data_10686A50
0x10686A54,0x00000004,data,data_10686A54
0x10686A58,0x00000004,data,data_10686A58
0x10686A5C,0x00000004,data,data_10686A5C
0x10686A60,0x00000004,data,data_10686A60
0x10686A64,0x00000004,data,data_10686A64
0x10686A68,0x00000004,data,data_10686A68
0x10686A6C,0x00000004,data,data_10686A6C
0x10686A70,0x00000004,data,data_10686A70
0x10686A74,0x00000004,data,data_10686A74
0x10686A78,0x00000004,data,data_10686A78
0x10686A7C,0x00000004,data,data_10686A7C
0x10686A80,0x00000004,data,data_10686A80
0x10686A84,0x00000004,data,data_10686A84
0x10686A88,0x00000004,data,data_10686A88
0x10686A8C,0x00000004,data,data_10686A8C
0x10686A90,0x00000004,data,data_10686A90
0x10686A94,0x00000004,data,data_10686A94
0x10686A98,0x00000004,data,data_10686A98
0x10686A9C,0x00000004,data,data_10686A9C
0x10686AA0,0x00000004,data,data_10686AA0
0x10686AA4,0x00000004,data,data_10686AA4
0x10686AA8,0x00000004,data,data_10686AA8
0x10686AAC,0x00000004,data,data_10686AAC
0x10686AB0,0x00000004,data,data_10686AB0
0x10686AB4,0x00000004,data,data_10686AB4
0x10686AB8,0x00000004,data,data_10686AB8
0x10686ABC,0x00000004,data,data_10686ABC
0x10686AC0,0x00000004,data,data_10686AC0
0x10686AC4,0x00000004,data,data_10686AC4
0x10686AC8,0x00000004,data,data_10686AC8
0x10686ACC,0x00000004,data,data_10686ACC
0x10686AD0,0x00000004,data,data_10686AD0
0x10686AD4,0x00000004,data,data_10686AD4
0x10686AD8,0x00000004,data,data_10686AD8
0x10686ADC,0x00000004,data,data_10686ADC
0x10686AE0,0x00000004,data,data_10686AE0
0x10686AE4,0x00000004,data,data_10686AE4
0x10686AE8,0x00000004,data,data_10686AE8
0x10686AEC,0x00000004,data,data_10686AEC
0x10686AF0,0x00000004,data,data_10686AF0
0x10686AF4,0x00000004,data,data_10686AF4
0x10686AF8,0x00000004,data,data_10686AF8
0x10686AFC,0x00000004,data,data_10686AFC
0x10686B00,0x00000004,data,data_10686B00
0x10686B04,0x00000004,data,data_10686B04
0x10686B08,0x00000004,data,data_10686B08
0x10686B0C,0x00000004,data,data_10686B0C
0x10686B10,0x00000004,data,data_10686B10
0x10686B14,0x00000004,data,data_10686B14
0x10686B18,0x00000004,data,data_10686B18
0x10686B1C,0x00000004,data,data_10686B1C
0x10686B20,0x00000004,data,data_10686B20
0x10686B24,0x00000004,data,data_10686B24
0x10686B28,0x00000004,data,data_10686B28
0x10686B2C,0x00000004,data,data_10686B2C
0x10686B30,0x00000004,data,data_10686B30
0x10686B34,0x00000004,data,data_10686B34
0x10686B38,0x00000004,data,data_10686B38
0x10686B3C,0x00000004,data,data_10686B3C
0x10686B40,0x00000004,data,data_10686B40
0x10686B44,0x00000004,data,data_10686B44
0x10686B48,0x00000004,data,data_10686B48
0x10686B4C,0x00000004,data,data_10686B4C
0x10686B50,0x00000004,data,data_10686B50
0x10686B54,0x00000004,data,data_10686B54
0x10686B58,0x00000004,data,data_10686B58
0x10686B5C,0x00000004,data,data_10686B5C
0x10686B60,0x00000004,data,data_10686B60
0x10686B64,0x00000004,data,data_10686B64
0x10686B68,0x00000004,data,data_10686B68
0x10686B6C,0x00000004,data,data_10686B6C
0x10686B70,0x00000004,data,data_10686B70
0x10686B74,0x00000004,data,data_10686B74
0x10686B78,0x00000004,data,data_10686B78
0x10686B7C,0x00000004,data,data_10686B7C
0x10686B80,0x00000004,data,data_10686B80
0x10686B84,0x00000004,data,data_10686B84
0x10686B88,0x00000004,data,data_10686B88
0x10686B8C,0x00000004,data,data_10686B8C
0x10686B90,0x00000004,data,data_10686B90
0x10686B94,0x00000004,data,data_10686B94
0x10686B98,0x00000004,data,data_10686B98
0x10686B9C,0x00000004,data,data_10686B9C
0x10686BA0,0x00000004,data,data_10686BA0
0x10686BA4,0x00000004,data,data_10686BA4
0x10686BA8,0x00000004,data,data_10686BA8
0x10686BAC,0x00000004,data,data_10686BAC
0x10686BB0,0x00000004,data,data_10686BB0
0x10686BB4,0x00000004,data,data_10686BB4
0x10686BB8,0x00000004,data,data_10686BB8
0x10686BBC,0x00000004,data,data_10686BBC
0x10686BC0,0x00000004,data,data_10686BC0
0x10686BC4,0x00000004,data,data_10686BC4
0x10686BC8,0x00000004,data,data_10686BC8
0x10686BCC,0x00000004,data,data_10686BCC
0x10686BD0,0x00000004,data,data_10686BD0
0x10686BD4,0x00000004,data,data_10686BD4
0x10686BD8,0x00000004,data,data_10686BD8
0x10686BDC,0x00000004,data,data_10686BDC
0x10686BE0,0x00000004,data,data_10686BE0
0x10686BE4,0x00000004,data,data_10686BE4
0x10686BE8,0x00000004,data,data_10686BE8
0x10686BEC,0x00000004,data,data_10686BEC
0x10686BF0,0x00000004,data,data_10686BF0
0x10686BF4,0x00000004,data,data_10686BF4
0x10686BF8,0x00000004,data,data_10686BF8
0x10686BFC,0x00000004,data,data_10686BFC
0x10686C00,0x00000004,data,data_10686C00
0x10686C04,0x00000004,data,data_10686C04
0x10686C08,0x00000004,data,data_10686C08
0x10686C0C,0x00000004,data,data_10686C0C
0x10686C10,0x00000004,data,data_10686C10
0x10686C14,0x00000004,data,data_10686C14
0x10686C18,0x00000004,data,data_10686C18
0x10686C1C,0x00000004,data,data_10686C1C
0x10686C20,0x00000004,data,data_10686C20
0x10686C24,0x00000004,data,data_10686C24
0x10686C28,0x00000004,data,data_10686C28
0x10686C2C,0x00000004,data,data_10686C2C
0x10686C30,0x00000004,data,data_10686C30
0x10686C34,0x00000004,data,data_10686C34
0x10686C38,0x00000004,data,data_10686C38
0x10686C3C,0x00000004,data,data_10686C3C
0x10686C40,0x00000004,data,data_10686C40
0x10686C44,0x00000004,data,data_10686C44
0x10686C48,0x00000004,data,data_10686C48
0x10686C4C,0x00000004,data,data_10686C4C
0x10686C50,0x00000004,data,data_10686C50
0x10686C54,0x00000004,data,data_10686C54
0x10686C58,0x00000004,data,data_10686C58
0x10686C5C,0x00000004,data,data_10686C5C
0x10686C60,0x00000004,data,data_10686C60
0x10686C64,0x00000004,data,data_10686C64
0x10686C68,0x00000004,data,data_10686C68
0x10686C6C,0x00000004,data,data_10686C6C
0x10686C70,0x00000004,data,data_10686C70
0x10686C74,0x00000004,data,data_10686C74
0x10686C78,0x00000004,data,data_10686C78
0x10686C7C,0x00000004,data,data_10686C7C
0x10686C80,0x00000004,data,data_10686C80
0x10686C84,0x00000004,data,data_10686C84
0x10686C88,0x00000004,data,data_10686C88
0x10686C8C,0x00000004,data,data_10686C8C
0x10686C90,0x00000004,data,data_10686C90
0x10686C94,0x00000004,data,data_10686C94
0x10686C98,0x00000004,data,data_10686C98
0x10686C9C,0x00000004,data,data_10686C9C
0x10686CA0,0x00000004,data,data_10686CA0
0x10686CA4,0x00000004,data,data_10686CA4
0x10686CA8,0x00000004,data,data_10686CA8
0x10686CAC,0x00000004,data,data_10686CAC
0x10686CB0,0x00000004,data,data_10686CB0
0x10686CB4,0x00000004,data,data_10686CB4
0x10686CB8,0x00000004,data,data_10686CB8
0x10686CBC,0x00000004,data,data_10686CBC
0x10686CC0,0x00000004,data,data_10686CC0
0x10686CC4,0x00000004,data,data_10686CC4
0x10686CC8,0x00000004,data,data_10686CC8
0x10686CCC,0x00000004,data,data_10686CCC
0x10686CD0,0x00000004,data,data_10686CD0
0x10686CD4,0x00000004,data,data_10686CD4
0x10686CD8,0x00000004,data,data_10686CD8
0x10686CDC,0x00000004,data,data_10686CDC
0x10686CE0,0x00000004,data,data_10686CE0
0x10686CE4,0x00000004,data,data_10686CE4
0x10686CE8,0x00000004,data,data_10686CE8
0x10686CEC,0x00000004,data,data_10686CEC
0x10686CF0,0x00000004,data,data_10686CF0
0x10686CF4,0x00000004,data,data_10686CF4
0x10686CF8,0x00000004,data,data_10686CF8
0x10686CFC,0x00000004,data,data_10686CFC
0x10686D00,0x00000004,data,data_10686D00
0x10686D04,0x00000004,data,data_10686D04
0x10686D08,0x00000004,data,data_10686D08
0x10686D0C,0x00000004,data,data_10686D0C
0x10686D10,0x00000004,data,data_10686D10
0x10686D14,0x00000004,data,data_10686D14
0x10686D18,0x00000004,data,data_10686D18
0x10686D1C,0x00000004,data,data_10686D1C
0x10686D20,0x00000004,data,data_10686D20
0x10686D24,0x00000004,data,data_10686D24
0x10686D28,0x00000004,data,data_10686D28
0x10686D2C,0x00000004,data,data_10686D2C
0x10686D30,0x00000004,data,data_10686D30
0x10686D34,0x00000004,data,data_10686D34
0x10686D38,0x00000004,data,data_10686D38
0x10686D3C,0x00000004,data,data_10686D3C
0x10686D40,0x00000004,data,data_10686D40
0x10686D44,0x00000004,data,data_10686D44
0x10686D48,0x00000004,data,data_10686D48
0x10686D4C,0x00000004,data,data_10686D4C
0x10686D50,0x00000004,data,data_10686D50
0x10686D54,0x00000004,data,data_10686D54
0x10686D58,0x00000004,data,data_10686D58
0x10686D5C,0x00000004,data,data_10686D5C
0x10686D60,0x00000004,data,data_10686D60
0x10686D64,0x00000004,data,data_10686D64
0x10686D68,0x00000004,data,data_10686D68
0x10686D6C,0x00000004,data,data_10686D6C
0x10686D70,0x00000004,data,data_10686D70
0x10686D74,0x00000004,data,data_10686D74
0x10686D78,0x00000004,data,data_10686D78
0x10686D7C,0x00000004,data,data_10686D7C
0x10686D80,0x00000004,data,data_10686D80
0x10686D84,0x00000004,data,data_10686D84
0x10686D88,0x00000004,data,data_10686D88
0x10686D8C,0x00000004,data,data_10686D8C
0x10686D90,0x00000004,data,data_10686D90
0x10686D94,0x00000004,data,data_10686D94
0x10686D98,0x00000004,data,data_10686D98
0x10686D9C,0x00000004,data,data_10686D9C
0x10686DA0,0x00000004,data,data_10686DA0
0x10686DA4,0x00000004,data,data_10686DA4
0x10686DA8,0x00000004,data,data_10686DA8
0x10686DAC,0x00000004,data,data_10686DAC
0x10686DB0,0x00000004,data,data_10686DB0
0x10686DB4,0x00000004,data,data_10686DB4
0x10686DB8,0x00000004,data,data_10686DB8
0x10686DBC,0x00000004,data,data_10686DBC
0x10686DC0,0x00000004,data,data_10686DC0
0x10686DC4,0x00000004,data,data_10686DC4
0x10686DC8,0x00000004,data,data_10686DC8
0x10686DCC,0x00000004,data,data_10686DCC
0x10686DD0,0x00000004,data,data_10686DD0
0x10686DD4,0x00000004,data,data_10686DD4
0x10686DD8,0x00000004,data,data_10686DD8
0x10686DDC,0x00000004,data,data_10686DDC
0x10686DE0,0x00000004,data,data_10686DE0
0x10686DE4,0x00000004,data,data_10686DE4
0x10686DE8,0x00000004,data,data_10686DE8
0x10686DEC,0x00000004,data,data_10686DEC
0x10686DF0,0x00000004,data,data_10686DF0
0x10686DF4,0x00000004,data,data_10686DF4
0x10686DF8,0x00000004,data,data_10686DF8
0x10686DFC,0x00000004,data,data_10686DFC
0x10686E00,0x00000004,data,data_10686E00
0x10686E04,0x00000004,data,data_10686E04
0x10686E08,0x00000004,data,data_10686E08
0x10686E0C,0x00000004,data,data_10686E0C
0x10686E10,0x00000004,data,data_10686E10
0x10686E14,0x00000004,data,data_10686E14
0x10686E18,0x00000004,data,data_10686E18
0x10686E1C,0x00000004,data,data_10686E1C
0x10686E20,0x00000004,data,data_10686E20
0x10686E24,0x00000004,data,data_10686E24
0x10686E28,0x00000004,data,data_10686E28
0x10686E2C,0x00000004,data,data_10686E2C
0x10686E30,0x00000004,data,data_10686E30
0x10686E34,0x00000004,data,data_10686E34
0x10686E38,0x00000004,data,data_10686E38
0x10686E3C,0x00000004,data,data_10686E3C
0x10686E40,0x00000004,data,data_10686E40
0x10686E44,0x00000004,data,data_10686E44
0x10686E48,0x00000004,data,data_10686E48
0x10686E4C,0x00000004,data,data_10686E4C
0x10686E50,0x00000004,data,data_10686E50
0x10686E54,0x00000004,data,data_10686E54
0x10686E58,0x00000004,data,data_10686E58
0x10686E5C,0x00000004,data,data_10686E5C
0x10686E60,0x00000004,data,data_10686E60
0x10686E64,0x00000004,data,data_10686E64
0x10686E68,0x00000004,data,data_10686E68
0x10686E6C,0x00000004,data,data_10686E6C
0x10686E70,0x00000004,data,data_10686E70
0x10686E74,0x00000004,data,data_10686E74
0x10686E78,0x00000004,data,data_10686E78
0x10686E7C,0x00000004,data,data_10686E7C
0x10686E80,0x00000004,data,data_10686E80
0x10686E84,0x00000004,data,data_10686E84
0x10686E88,0x00000004,data,data_10686E88
0x10686E8C,0x00000004,data,data_10686E8C
0x10686E90,0x00000004,data,data_10686E90
0x10686E94,0x00000004,data,data_10686E94
0x10686E98,0x00000004,data,data_10686E98
0x10686E9C,0x00000004,data,data_10686E9C
0x10686EA0,0x00000004,data,data_10686EA0
0x10686EA4,0x00000004,data,data_10686EA4
0x10686EA8,0x00000004,data,data_10686EA8
0x10686EAC,0x00000004,data,data_10686EAC
0x10686EB0,0x00000004,data,data_10686EB0
0x10686EB4,0x00000004,data,data_10686EB4
0x10686EB8,0x00000004,data,data_10686EB8
0x10686EBC,0x00000004,data,data_10686EBC
0x10686EC0,0x00000004,data,data_10686EC0
0x10686EC4,0x00000004,data,data_10686EC4
0x10686EC8,0x00000002,data,data_10686EC8
0x10686ECA,0x00000006,data,data_10686ECA
0x10686ED0,0x00000002,data,data_10686ED0
0x10686ED2,0x00000006,data,data_10686ED2
0x10686ED8,0x00000002,data,data_10686ED8
0x10686EDA,0x00000006,data,data_10686EDA
0x10686EE0,0x00000002,data,data_10686EE0
0x10686EE2,0x00000006,data,data_10686EE2
0x10686EE8,0x00000002,data,data_10686EE8
0x10686EEA,0x00000006,data,data_10686EEA
0x10686EF0,0x00000002,data,data_10686EF0
0x10686EF2,0x00000006,data,data_10686EF2
0x10686EF8,0x00000002,data,data_10686EF8
0x10686EFA,0x00000006,data,data_10686EFA
0x10686F00,0x00000002,data,data_10686F00
0x10686F02,0x00000006,data,data_10686F02
0x10686F08,0x00000002,data,data_10686F08
0x10686F0A,0x00000006,data,data_10686F0A
0x10686F10,0x00000002,data,data_10686F10
0x10686F12,0x00000006,data,data_10686F12
0x10686F18,0x00000002,data,data_10686F18
0x10686F1A,0x00000006,data,data_10686F1A
0x10686F20,0x00000002,data,data_10686F20
0x10686F22,0x00000006,data,data_10686F22
0x10686F28,0x00000002,data,data_10686F28
0x10686F2A,0x00000006,data,data_10686F2A
0x10686F30,0x00000002,data,data_10686F30
0x10686F32,0x00000006,data,data_10686F32
0x10686F38,0x00000002,data,data_10686F38
0x10686F3A,0x00000006,data,data_10686F3A
0x10686F40,0x00000002,data,data_10686F40
0x10686F42,0x00000006,data,data_10686F42
0x10686F48,0x00000002,data,data_10686F48
0x10686F4A,0x00000006,data,data_10686F4A
0x10686F50,0x00000002,data,data_10686F50
0x10686F52,0x00000006,data,data_10686F52
0x10686F58,0x00000002,data,data_10686F58
0x10686F5A,0x00000006,data,data_10686F5A
0x10686F60,0x00000002,data,data_10686F60
0x10686F62,0x00000006,data,data_10686F62
0x10686F68,0x00000002,data,data_10686F68
0x10686F6A,0x00000006,data,data_10686F6A
0x10686F70,0x00000002,data,data_10686F70
0x10686F72,0x00000006,data,data_10686F72
0x10686F78,0x00000002,data,data_10686F78
0x10686F7A,0x00000006,data,data_10686F7A
0x10686F80,0x00000002,data,data_10686F80
0x10686F82,0x00000006,data,data_10686F82
0x10686F88,0x00000002,data,data_10686F88
0x10686F8A,0x00000006,data,data_10686F8A
0x10686F90,0x00000002,data,data_10686F90
0x10686F92,0x00000006,data,data_10686F92
0x10686F98,0x00000002,data,data_10686F98
0x10686F9A,0x00000006,data,data_10686F9A
0x10686FA0,0x00000002,data,data_10686FA0
0x10686FA2,0x00000006,data,data_10686FA2
0x10686FA8,0x00000002,data,data_10686FA8
0x10686FAA,0x00000006,data,data_10686FAA
0x10686FB0,0x00000002,data,data_10686FB0
0x10686FB2,0x00000006,data,data_10686FB2
0x10686FB8,0x00000002,data,data_10686FB8
0x10686FBA,0x00000006,data,data_10686FBA
0x10686FC0,0x00000002,data,data_10686FC0
0x10686FC2,0x00000006,data,data_10686FC2
0x10686FC8,0x00000002,data,data_10686FC8
0x10686FCA,0x00000006,data,data_10686FCA
0x10686FD0,0x00000002,data,data_10686FD0
0x10686FD2,0x00000006,data,data_10686FD2
0x10686FD8,0x00000002,data,data_10686FD8
0x10686FDA,0x00000006,data,data_10686FDA
0x10686FE0,0x00000002,data,data_10686FE0
0x10686FE2,0x00000006,data,data_10686FE2
0x10686FE8,0x00000002,data,data_10686FE8
0x10686FEA,0x00000006,data,data_10686FEA
0x10686FF0,0x00000002,data,data_10686FF0
0x10686FF2,0x00000006,data,data_10686FF2
0x10686FF8,0x00000002,data,data_10686FF8
0x10686FFA,0x00000006,data,data_10686FFA
0x10687000,0x00000002,data,data_10687000
0x10687002,0x00000006,data,data_10687002
0x10687008,0x00000002,data,data_10687008
0x1068700A,0x00000006,data,data_1068700A
0x10687010,0x00000002,data,data_10687010
0x10687012,0x00000006,data,data_10687012
0x10687018,0x00000002,data,data_10687018
0x1068701A,0x00000006,data,data_1068701A
0x10687020,0x00000002,data,data_10687020
0x10687022,0x00000006,data,data_10687022
0x10687028,0x00000002,data,data_10687028
0x1068702A,0x00000006,data,data_1068702A
0x10687030,0x00000002,data,data_10687030
0x10687032,0x00000006,data,data_10687032
0x10687038,0x00000002,data,data_10687038
0x1068703A,0x00000006,data,data_1068703A
0x10687040,0x00000002,data,data_10687040
0x10687042,0x00000006,data,data_10687042
0x10687048,0x00000002,data,data_10687048
0x1068704A,0x00000006,data,data_1068704A
0x10687050,0x00000002,data,data_10687050
0x10687052,0x00000006,data,data_10687052
0x10687058,0x00000002,data,data_10687058
0x1068705A,0x00000006,data,data_1068705A
0x10687060,0x00000002,data,data_10687060
0x10687062,0x00000006,data,data_10687062
0x10687068,0x00000002,data,data_10687068
0x1068706A,0x00000006,data,data_1068706A
0x10687070,0x00000002,data,data_10687070
0x10687072,0x00000006,data,data_10687072
0x10687078,0x00000002,data,data_10687078
0x1068707A,0x00000006,data,data_1068707A
0x10687080,0x00000002,data,data_10687080
0x10687082,0x00000006,data,data_10687082
0x10687088,0x00000002,data,data_10687088
0x1068708A,0x00000006,data,data_1068708A
0x10687090,0x00000002,data,data_10687090
0x10687092,0x00000006,data,data_10687092
0x10687098,0x00000002,data,data_10687098
0x1068709A,0x00000006,data,data_1068709A
0x106870A0,0x00000002,data,data_106870A0
0x106870A2,0x00000006,data,data_106870A2
0x106870A8,0x00000002,data,data_106870A8
0x106870AA,0x00000006,data,data_106870AA
0x106870B0,0x00000002,data,data_106870B0
0x106870B2,0x00000006,data,data_106870B2
0x106870B8,0x00000002,data,data_106870B8
0x106870BA,0x00000006,data,data_106870BA
0x106870C0,0x00000002,data,data_106870C0
0x106870C2,0x00000006,data,data_106870C2
0x106870C8,0x00000002,data,data_106870C8
0x106870CA,0x00000006,data,data_106870CA
0x106870D0,0x00000002,data,data_106870D0
0x106870D2,0x00000006,data,data_106870D2
0x106870D8,0x00000002,data,data_106870D8
0x106870DA,0x00000006,data,data_106870DA
0x106870E0,0x00000002,data,data_106870E0
0x106870E2,0x00000006,data,data_106870E2
0x106870E8,0x00000002,data,data_106870E8
0x106870EA,0x00000006,data,data_106870EA
0x106870F0,0x00000002,data,data_106870F0
0x106870F2,0x00000006,data,data_106870F2
0x106870F8,0x00000002,data,data_106870F8
0x106870FA,0x00000006,data,data_106870FA
0x10687100,0x00000002,data,data_10687100
0x10687102,0x00000006,data,data_10687102
0x10687108,0x00000002,data,data_10687108
0x1068710A,0x00000006,data,data_1068710A
0x10687110,0x00000002,data,data_10687110
0x10687112,0x00000006,data,data_10687112
0x10687118,0x00000002,data,data_10687118
0x1068711A,0x00000006,data,data_1068711A
0x10687120,0x00000002,data,data_10687120
0x10687122,0x00000006,data,data_10687122
0x10687128,0x00000002,data,data_10687128
0x1068712A,0x00000006,data,data_1068712A
0x10687130,0x00000002,data,data_10687130
0x10687132,0x00000006,data,data_10687132
0x10687138,0x00000002,data,data_10687138
0x1068713A,0x00000006,data,data_1068713A
0x10687140,0x00000002,data,data_10687140
0x10687142,0x00000006,data,data_10687142
0x10687148,0x00000002,data,data_10687148
0x1068714A,0x00000006,data,data_1068714A
0x10687150,0x00000002,data,data_10687150
0x10687152,0x00000006,data,data_10687152
0x10687158,0x00000002,data,data_10687158
0x1068715A,0x00000006,data,data_1068715A
0x10687160,0x00000002,data,data_10687160
0x10687162,0x00000006,data,data_10687162
0x10687168,0x00000002,data,data_10687168
0x1068716A,0x00000006,data,data_1068716A
0x10687170,0x00000002,data,data_10687170
0x10687172,0x00000006,data,data_10687172
0x10687178,0x00000002,data,data_10687178
0x1068717A,0x00000006,data,data_1068717A
0x10687180,0x00000002,data,data_10687180
0x10687182,0x00000006,data,data_10687182
0x10687188,0x00000002,data,data_10687188
0x1068718A,0x00000006,data,data_1068718A
0x10687190,0x00000002,data,data_10687190
0x10687192,0x00000006,data,data_10687192
0x10687198,0x00000002,data,data_10687198
0x1068719A,0x00000006,data,data_1068719A
0x106871A0,0x00000002,data,data_106871A0
0x106871A2,0x00000006,data,data_106871A2
0x106871A8,0x00000002,data,data_106871A8
0x106871AA,0x00000006,data,data_106871AA
0x106871B0,0x00000002,data,data_106871B0
0x106871B2,0x00000006,data,data_106871B2
0x106871B8,0x00000002,data,data_106871B8
0x106871BA,0x00000006,data,data_106871BA
0x106871C0,0x00000002,data,data_106871C0
0x106871C2,0x00000006,data,data_106871C2
0x106871C8,0x00000002,data,data_106871C8
0x106871CA,0x00000006,data,data_106871CA
0x106871D0,0x00000002,data,data_106871D0
0x106871D2,0x00000006,data,data_106871D2
0x106871D8,0x00000002,data,data_106871D8
0x106871DA,0x00000006,data,data_106871DA
0x106871E0,0x00000002,data,data_106871E0
0x106871E2,0x00000006,data,data_106871E2
0x106871E8,0x00000002,data,data_106871E8
0x106871EA,0x00000006,data,data_106871EA
0x106871F0,0x00000002,data,data_106871F0
0x106871F2,0x00000006,data,data_106871F2
0x106871F8,0x00000002,data,data_106871F8
0x106871FA,0x00000006,data,data_106871FA
0x10687200,0x00000002,data,data_10687200
0x10687202,0x00000006,data,data_10687202
0x10687208,0x00000002,data,data_10687208
0x1068720A,0x00000006,data,data_1068720A
0x10687210,0x00000002,data,data_10687210
0x10687212,0x00000006,data,data_10687212
0x10687218,0x00000002,data,data_10687218
0x1068721A,0x00000006,data,data_1068721A
0x10687220,0x00000002,data,data_10687220
0x10687222,0x00000006,data,data_10687222
0x10687228,0x00000002,data,data_10687228
0x1068722A,0x00000006,data,data_1068722A
0x10687230,0x00000002,data,data_10687230
0x10687232,0x00000006,data,data_10687232
0x10687238,0x00000002,data,data_10687238
0x1068723A,0x00000007,data,data_1068723A
0x10687241,0x00000001,data,data_10687241
0x10687242,0x00000006,data,data_10687242
0x10687248,0x00000002,data,data_10687248
0x1068724A,0x00000006,data,data_1068724A
0x10687250,0x00000002,data,data_10687250
0x10687252,0x00000006,data,data_10687252
0x10687258,0x00000002,data,data_10687258
0x1068725A,0x00000006,data,data_1068725A
0x10687260,0x00000002,data,data_10687260
0x10687262,0x00000006,data,data_10687262
0x10687268,0x00000002,data,data_10687268
0x1068726A,0x00000006,data,data_1068726A
0x10687270,0x00000002,data,data_10687270
0x10687272,0x00000006,data,data_10687272
0x10687278,0x00000002,data,data_10687278
0x1068727A,0x00000006,data,data_1068727A
0x10687280,0x00000002,data,data_10687280
0x10687282,0x00000006,data,data_10687282
0x10687288,0x00000002,data,data_10687288
0x1068728A,0x00000006,data,data_1068728A
0x10687290,0x00000002,data,data_10687290
0x10687292,0x00000006,data,data_10687292
0x10687298,0x00000002,data,data_10687298
0x1068729A,0x00000006,data,data_1068729A
0x106872A0,0x00000002,data,data_106872A0
0x106872A2,0x00000006,data,data_106872A2
0x106872A8,0x00000002,data,data_106872A8
0x106872AA,0x00000006,data,data_106872AA
0x106872B0,0x00000002,data,data_106872B0
0x106872B2,0x00000006,data,data_106872B2
0x106872B8,0x00000002,data,data_106872B8
0x106872BA,0x00000006,data,data_106872BA
0x106872C0,0x00000002,data,data_106872C0
0x106872C2,0x00000006,data,data_106872C2
0x106872C8,0x00000002,data,data_106872C8
0x106872CA,0x00000006,data,data_106872CA
0x106872D0,0x00000002,data,data_106872D0
0x106872D2,0x00000006,data,data_106872D2
0x106872D8,0x00000002,data,data_106872D8
0x106872DA,0x00000006,data,data_106872DA
0x106872E0,0x00000002,data,data_106872E0
0x106872E2,0x00000006,data,data_106872E2
0x106872E8,0x00000002,data,data_106872E8
0x106872EA,0x00000006,data,data_106872EA
0x106872F0,0x00000002,data,data_106872F0
0x106872F2,0x00000006,data,data_106872F2
0x106872F8,0x00000002,data,data_106872F8
0x106872FA,0x00000006,data,data_106872FA
0x10687300,0x00000002,data,data_10687300
0x10687302,0x00000006,data,data_10687302
0x10687308,0x00000002,data,data_10687308
0x1068730A,0x00000006,data,data_1068730A
0x10687310,0x00000002,data,data_10687310
0x10687312,0x00000006,data,data_10687312
0x10687318,0x00000002,data,data_10687318
0x1068731A,0x00000006,data,data_1068731A
0x10687320,0x00000002,data,data_10687320
0x10687322,0x00000006,data,data_10687322
0x10687328,0x00000002,data,data_10687328
0x1068732A,0x00000006,data,data_1068732A
0x10687330,0x00000002,data,data_10687330
0x10687332,0x00000006,data,data_10687332
0x10687338,0x00000002,data,data_10687338
0x1068733A,0x00000006,data,data_1068733A
0x10687340,0x00000002,data,data_10687340
0x10687342,0x00000006,data,data_10687342
0x10687348,0x00000002,data,data_10687348
0x1068734A,0x00000006,data,data_1068734A
0x10687350,0x00000002,data,data_10687350
0x10687352,0x00000006,data,data_10687352
0x10687358,0x00000002,data,data_10687358
0x1068735A,0x00000006,data,data_1068735A
0x10687360,0x00000002,data,data_10687360
0x10687362,0x00000006,data,data_10687362
0x10687368,0x00000002,data,data_10687368
0x1068736A,0x00000006,data,data_1068736A
0x10687370,0x00000002,data,data_10687370
0x10687372,0x00000006,data,data_10687372
0x10687378,0x00000002,data,data_10687378
0x1068737A,0x00000006,data,data_1068737A
0x10687380,0x00000002,data,data_10687380
0x10687382,0x00000006,data,data_10687382
0x10687388,0x00000002,data,data_10687388
0x1068738A,0x00000006,data,data_1068738A
0x10687390,0x00000002,data,data_10687390
0x10687392,0x00000006,data,data_10687392
0x10687398,0x00000002,data,data_10687398
0x1068739A,0x00000006,data,data_1068739A
0x106873A0,0x00000002,data,data_106873A0
0x106873A2,0x00000006,data,data_106873A2
0x106873A8,0x00000002,data,data_106873A8
0x106873AA,0x00000006,data,data_106873AA
0x106873B0,0x00000002,data,data_106873B0
0x106873B2,0x00000006,data,data_106873B2
0x106873B8,0x00000002,data,data_106873B8
0x106873BA,0x00000006,data,data_106873BA
0x106873C0,0x00000002,data,data_106873C0
0x106873C2,0x00000006,data,data_106873C2
0x106873C8,0x00000002,data,data_106873C8
0x106873CA,0x00000006,data,data_106873CA
0x106873D0,0x00000002,data,data_106873D0
0x106873D2,0x00000006,data,data_106873D2
0x106873D8,0x00000002,data,data_106873D8
0x106873DA,0x00000006,data,data_106873DA
0x106873E0,0x00000002,data,data_106873E0
0x106873E2,0x00000006,data,data_106873E2
0x106873E8,0x00000002,data,data_106873E8
0x106873EA,0x00000006,data,data_106873EA
0x106873F0,0x00000002,data,data_106873F0
0x106873F2,0x00000006,data,data_106873F2
0x106873F8,0x00000002,data,data_106873F8
0x106873FA,0x00000006,data,data_106873FA
0x10687400,0x00000002,data,data_10687400
0x10687402,0x00000006,data,data_10687402
0x10687408,0x00000002,data,data_10687408
0x1068740A,0x00000006,data,data_1068740A
0x10687410,0x00000002,data,data_10687410
0x10687412,0x00000006,data,data_10687412
0x10687418,0x00000002,data,data_10687418
0x1068741A,0x00000006,data,data_1068741A
0x10687420,0x00000002,data,data_10687420
0x10687422,0x00000006,data,data_10687422
0x10687428,0x00000002,data,data_10687428
0x1068742A,0x00000006,data,data_1068742A
0x10687430,0x00000002,data,data_10687430
0x10687432,0x00000006,data,data_10687432
0x10687438,0x00000002,data,data_10687438
0x1068743A,0x00000006,data,data_1068743A
0x10687440,0x00000002,data,data_10687440
0x10687442,0x00000006,data,data_10687442
0x10687448,0x00000002,data,data_10687448
0x1068744A,0x00000006,data,data_1068744A
0x10687450,0x00000002,data,data_10687450
0x10687452,0x00000006,data,data_10687452
0x10687458,0x00000002,data,data_10687458
0x1068745A,0x00000006,data,data_1068745A
0x10687460,0x00000002,data,data_10687460
0x10687462,0x00000006,data,data_10687462
0x10687468,0x00000002,data,data_10687468
0x1068746A,0x00000006,data,data_1068746A
0x10687470,0x00000002,data,data_10687470
0x10687472,0x00000006,data,data_10687472
0x10687478,0x00000002,data,data_10687478
0x1068747A,0x00000006,data,data_1068747A
0x10687480,0x00000002,data,data_10687480
0x10687482,0x00000006,data,data_10687482
0x10687488,0x00000002,data,data_10687488
0x1068748A,0x00000006,data,data_1068748A
0x10687490,0x00000002,data,data_10687490
0x10687492,0x00000006,data,data_10687492
0x10687498,0x00000002,data,data_10687498
0x1068749A,0x00000006,data,data_1068749A
0x106874A0,0x00000002,data,data_106874A0
0x106874A2,0x00000006,data,data_106874A2
0x106874A8,0x00000002,data,data_106874A8
0x106874AA,0x00000006,data,data_106874AA
0x106874B0,0x00000002,data,data_106874B0
0x106874B2,0x00000006,data,data_106874B2
0x106874B8,0x00000002,data,data_106874B8
0x106874BA,0x00000006,data,data_106874BA
0x106874C0,0x00000002,data,data_106874C0
0x106874C2,0x00000006,data,data_106874C2
0x106874C8,0x00000002,data,data_106874C8
0x106874CA,0x00000006,data,data_106874CA
0x106874D0,0x00000002,data,data_106874D0
0x106874D2,0x00000006,data,data_106874D2
0x106874D8,0x00000002,data,data_106874D8
0x106874DA,0x00000006,data,data_106874DA
0x106874E0,0x00000002,data,data_106874E0
0x106874E2,0x00000006,data,data_106874E2
0x106874E8,0x00000002,data,data_106874E8
0x106874EA,0x00000006,data,data_106874EA
0x106874F0,0x00000002,data,data_106874F0
0x106874F2,0x00000006,data,data_106874F2
0x106874F8,0x00000002,data,data_106874F8
0x106874FA,0x00000006,data,data_106874FA
0x10687500,0x00000002,data,data_10687500
0x10687502,0x00000006,data,data_10687502
0x10687508,0x00000002,data,data_10687508
0x1068750A,0x00000006,data,data_1068750A
0x10687510,0x00000002,data,data_10687510
0x10687512,0x00000006,data,data_10687512
0x10687518,0x00000002,data,data_10687518
0x1068751A,0x00000006,data,data_1068751A
0x10687520,0x00000002,data,data_10687520
0x10687522,0x00000006,data,data_10687522
0x10687528,0x00000002,data,data_10687528
0x1068752A,0x00000006,data,data_1068752A
0x10687530,0x00000002,data,data_10687530
0x10687532,0x00000007,data,data_10687532
0x10687539,0x00000001,data,data_10687539
0x1068753A,0x00000006,data,data_1068753A
0x10687540,0x00000002,data,data_10687540
0x10687542,0x00000006,data,data_10687542
0x10687548,0x00000002,data,data_10687548
0x1068754A,0x00000006,data,data_1068754A
0x10687550,0x00000002,data,data_10687550
0x10687552,0x00000006,data,data_10687552
0x10687558,0x00000002,data,data_10687558
0x1068755A,0x00000006,data,data_1068755A
0x10687560,0x00000002,data,data_10687560
0x10687562,0x00000006,data,data_10687562
0x10687568,0x00000002,data,data_10687568
0x1068756A,0x00000006,data,data_1068756A
0x10687570,0x00000002,data,data_10687570
0x10687572,0x00000006,data,data_10687572
0x10687578,0x00000002,data,data_10687578
0x1068757A,0x00000006,data,data_1068757A
0x10687580,0x00000002,data,data_10687580
0x10687582,0x00000006,data,data_10687582
0x10687588,0x00000002,data,data_10687588
0x1068758A,0x00000006,data,data_1068758A
0x10687590,0x00000002,data,data_10687590
0x10687592,0x00000006,data,data_10687592
0x10687598,0x00000002,data,data_10687598
0x1068759A,0x00000006,data,data_1068759A
0x106875A0,0x00000002,data,data_106875A0
0x106875A2,0x00000006,data,data_106875A2
0x106875A8,0x00000002,data,data_106875A8
0x106875AA,0x00000006,data,data_106875AA
0x106875B0,0x00000002,data,data_106875B0
0x106875B2,0x00000006,data,data_106875B2
0x106875B8,0x00000002,data,data_106875B8
0x106875BA,0x00000006,data,data_106875BA
0x106875C0,0x00000002,data,data_106875C0
0x106875C2,0x00000006,data,data_106875C2
0x106875C8,0x00000002,data,data_106875C8
0x106875CA,0x00000006,data,data_106875CA
0x106875D0,0x00000002,data,data_106875D0
0x106875D2,0x00000006,data,data_106875D2
0x106875D8,0x00000002,data,data_106875D8
0x106875DA,0x00000006,data,data_106875DA
0x106875E0,0x00000002,data,data_106875E0
0x106875E2,0x00000006,data,data_106875E2
0x106875E8,0x00000002,data,data_106875E8
0x106875EA,0x0000000F,data,data_106875EA
0x106875F9,0x00000004,data,data_106875F9
0x106875FD,0x0000000B,data,data_106875FD
0x10687608,0x00000004,data,data_10687608
0x1068760C,0x00000008,data,data_1068760C
0x10687614,0x0000001D,data,data_10687614
0x10687631,0x00000004,data,data_10687631
0x10687635,0x0000001D,data,data_10687635
0x10687652,0x00000004,data,data_10687652
0x10687656,0x0000001D,data,data_10687656
0x10687673,0x00000004,data,data_10687673
0x10687677,0x00000011,data,data_10687677
0x10687688,0x00000004,data,data_10687688
0x1068768C,0x00000004,data,data_1068768C
0x10687690,0x00000004,data,data_10687690
0x10687694,0x00000004,data,data_10687694
0x10687698,0x00000004,data,data_10687698
0x1068769C,0x00000004,data,data_1068769C
0x106876A0,0x00000004,data,data_106876A0
0x106876A4,0x00000004,data,data_106876A4
0x106876A8,0x00000004,data,data_106876A8
0x106876AC,0x00000004,data,data_106876AC
0x106876B0,0x00000004,data,data_106876B0
0x106876B4,0x00000004,data,data_106876B4
0x106876B8,0x00000004,data,data_106876B8
0x106876BC,0x00000004,data,data_106876BC
0x106876C0,0x00000004,data,data_106876C0
0x106876C4,0x00000004,data,data_106876C4
0x106876C8,0x00000004,data,data_106876C8
0x106876CC,0x00000004,data,data_106876CC
0x106876D0,0x00000004,data,data_106876D0
0x106876D4,0x00000004,data,data_106876D4
0x106876D8,0x00000004,data,data_106876D8
0x106876DC,0x00000004,data,data_106876DC
0x106876E0,0x00000004,data,data_106876E0
0x106876E4,0x00000004,data,data_106876E4
0x106876E8,0x00000004,data,data_106876E8
0x106876EC,0x00000004,data,data_106876EC
0x106876F0,0x00000004,data,data_106876F0
0x106876F4,0x00000004,data,data_106876F4
0x106876F8,0x00000004,data,data_106876F8
0x106876FC,0x00000004,data,data_106876FC
0x10687700,0x0000006C,data,data_10687700
0x1068776C,0x00000001,data,data_1068776C
0x1068776D,0x00000006,data,data_1068776D
0x10687773,0x00000004,data,data_10687773
0x10687777,0x00000005,data,data_10687777
0x1068777C,0x00000001,data,data_1068777C
0x1068777D,0x00000006,data,data_1068777D
0x10687783,0x00000004,data,data_10687783
0x10687787,0x0000000A,data,data_10687787
0x10687791,0x00000007,data,data_10687791
0x10687798,0x00000004,data,data_10687798
0x1068779C,0x00000001,data,data_1068779C
0x1068779D,0x00000100,data,data_1068779D
0x1068789D,0x00000100,data,data_1068789D
0x1068799D,0x00000100,data,data_1068799D
0x10687A9D,0x00000100,data,data_10687A9D
0x10687B9D,0x00000100,data,data_10687B9D
0x10687C9D,0x00000100,data,data_10687C9D
0x10687D9D,0x00000100,data,data_10687D9D
0x10687E9D,0x00000100,data,data_10687E9D
0x10687F9D,0x00000100,data,data_10687F9D
0x1068809D,0x00000100,data,data_1068809D
0x1068819D,0x00000100,data,data_1068819D
0x1068829D,0x00000100,data,data_1068829D
0x1068839D,0x00000100,data,data_1068839D
0x1068849D,0x00000100,data,data_1068849D
0x1068859D,0x00000100,data,data_1068859D
0x1068869D,0x0000004F,data,data_1068869D
0x106886EC,0x00000001,data,data_106886EC
0x106886ED,0x0000000B,data,data_106886ED
0x106886F8,0x00000009,data,data_106886F8
0x10688701,0x0000000C,data,data_10688701
0x1068870D,0x00000001,data,data_1068870D
0x1068870E,0x00000023,data,data_1068870E
0x10688731,0x00000001,data,data_10688731
0x10688732,0x00000100,data,data_10688732
0x10688832,0x00000100,data,data_10688832
0x10688932,0x00000100,data,data_10688932
0x10688A32,0x00000046,data,data_10688A32
0x10688A78,0x00000005,data,data_10688A78
0x10688A7D,0x00000009,data,data_10688A7D
0x10688A86,0x00000003,data,data_10688A86
0x10688A89,0x00000007,data,data_10688A89
0x10688A90,0x00000001,data,data_10688A90
0x10688A91,0x0000000D,data,data_10688A91
0x10688A9E,0x00000006,data,data_10688A9E
0x10688AA4,0x0000002A,data,data_10688AA4
0x10688ACE,0x00000001,data,data_10688ACE
0x10688ACF,0x00000005,data,data_10688ACF
0x10688AD4,0x00000002,data,data_10688AD4
0x10688AD6,0x00000005,data,data_10688AD6
0x10688ADB,0x00000001,data,data_10688ADB
0x10688ADC,0x00000100,data,data_10688ADC
0x10688BDC,0x00000100,data,data_10688BDC
0x10688CDC,0x00000100,data,data_10688CDC
0x10688DDC,0x00000100,data,data_10688DDC
0x10688EDC,0x00000100,data,data_10688EDC
0x10688FDC,0x00000100,data,data_10688FDC
0x106890DC,0x00000100,data,data_106890DC
0x106891DC,0x00000100,data,data_106891DC
0x106892DC,0x00000100,data,data_106892DC
0x106893DC,0x0000004B,data,data_106893DC
0x10689427,0x00000001,data,data_10689427
0x10689428,0x0000000C,data,data_10689428
0x10689434,0x00000001,data,data_10689434
0x10689435,0x00000011,data,data_10689435
0x10689446,0x00000001,data,data_10689446
0x10689447,0x00000005,data,data_10689447
0x1068944C,0x00000004,data,data_1068944C
0x10689450,0x00000007,data,data_10689450
0x10689457,0x00000001,data,data_10689457
0x10689458,0x00000023,data,data_10689458
0x1068947B,0x00000001,data,data_1068947B
0x1068947C,0x00000021,data,data_1068947C
0x1068949D,0x00000001,data,data_1068949D
0x1068949E,0x0000002A,data,data_1068949E
0x106894C8,0x00000008,data,data_106894C8
0x106894D0,0x00000008,data,data_106894D0
0x106894D8,0x00000004,data,data_106894D8
0x106894DC,0x00000003,data,data_106894DC
0x106894DF,0x00000009,data,data_106894DF
0x106894E8,0x00000008,data,data_106894E8
0x106894F0,0x00000004,data,data_106894F0
0x106894F4,0x00000004,data,data_106894F4
0x106894F8,0x00000004,data,data_106894F8
0x106894FC,0x00000004,data,data_106894FC
0x10689500,0x00000014,data,data_10689500
0x10689514,0x00000004,data,data_10689514
0x10689518,0x00000004,data,data_10689518
0x1068951C,0x00000001,data,data_1068951C
0x1068951D,0x00000015,data,data_1068951D
0x10689532,0x00000001,data,data_10689532
0x10689533,0x00000007,data,data_10689533
0x1068953A,0x00000005,data,data_1068953A
0x1068953F,0x00000022,data,data_1068953F
0x10689561,0x0000001A,data,data_10689561
0x1068957B,0x00000071,data,data_1068957B
0x106895EC,0x00000004,data,data_106895EC
0x106895F0,0x00000004,data,data_106895F0
0x106895F4,0x00000004,data,data_106895F4
0x106895F8,0x00000004,data,data_106895F8
0x106895FC,0x00000004,data,data_106895FC
0x10689600,0x00000004,data,data_10689600
0x10689604,0x00000004,data,data_10689604
0x10689608,0x00000004,data,data_10689608
0x1068960C,0x00000004,data,data_1068960C
0x10689610,0x00000004,data,data_10689610
0x10689614,0x00000004,data,data_10689614
0x10689618,0x00000030,data,data_10689618
0x10689648,0x00000004,data,data_10689648
0x1068964C,0x00000004,data,data_1068964C
0x10689650,0x00000004,data,data_10689650
0x10689654,0x00000004,data,data_10689654
0x10689658,0x00000004,data,data_10689658
0x1068965C,0x00000004,data,data_1068965C
0x10689660,0x00000004,data,data_10689660
0x10689664,0x00000004,data,data_10689664
0x10689668,0x00000004,data,data_10689668
0x1068966C,0x00000004,data,data_1068966C
0x10689670,0x00000004,data,data_10689670
0x10689674,0x00000004,data,data_10689674
0x10689678,0x00000004,data,data_10689678
0x1068967C,0x00000004,data,data_1068967C
0x10689680,0x00000004,data,data_10689680
0x10689684,0x00000004,data,data_10689684
0x10689688,0x00000004,data,data_10689688
0x1068968C,0x00000004,data,data_1068968C
0x10689690,0x00000004,data,data_10689690
0x10689694,0x00000004,data,data_10689694
0x10689698,0x00000004,data,data_10689698
0x1068969C,0x00000004,data,data_1068969C
0x106896A0,0x00000004,data,data_106896A0
0x106896A4,0x00000004,data,data_106896A4
0x106896A8,0x00000004,data,data_106896A8
0x106896AC,0x00000004,data,data_106896AC
0x106896B0,0x00000004,data,data_106896B0
0x106896B4,0x00000004,data,data_106896B4
0x106896B8,0x00000004,data,data_106896B8
0x106896BC,0x00000008,data,data_106896BC
0x106896C4,0x00000004,data,data_106896C4
0x106896C8,0x0000000C,data,data_106896C8
0x106896D4,0x00000004,data,data_106896D4
0x106896D8,0x00000014,data,data_106896D8
0x106896EC,0x00000004,data,data_106896EC
0x106896F0,0x00000004,data,data_106896F0
0x106896F4,0x00000004,data,data_106896F4
0x106896F8,0x00000004,data,data_106896F8
0x106896FC,0x00000004,data,data_106896FC
0x10689700,0x00000004,data,data_10689700
0x10689704,0x00000004,data,data_10689704
0x10689708,0x00000008,data,data_10689708
0x10689710,0x00000004,data,data_10689710
0x10689714,0x00000004,data,data_10689714
0x10689718,0x00000004,data,data_10689718
0x1068971C,0x00000004,data,data_1068971C
0x10689720,0x00000004,data,data_10689720
0x10689724,0x00000004,data,data_10689724
0x10689728,0x00000004,data,data_10689728
0x1068972C,0x00000008,data,data_1068972C
0x10689734,0x00000004,data,data_10689734
0x10689738,0x00000004,data,data_10689738
0x1068973C,0x00000004,data,data_1068973C
0x10689740,0x00000004,data,data_10689740
0x10689744,0x00000004,data,data_10689744
0x10689748,0x00000004,data,data_10689748
0x1068974C,0x00000004,data,data_1068974C
0x10689750,0x00000004,data,data_10689750
0x10689754,0x00000004,data,data_10689754
0x10689758,0x00000034,data,data_10689758
0x1068978C,0x00000004,data,data_1068978C
0x10689790,0x00000004,data,data_10689790
0x10689794,0x00000010,data,data_10689794
0x106897A4,0x00000004,data,data_106897A4
0x106897A8,0x00000004,data,data_106897A8
0x106897AC,0x00000004,data,data_106897AC
0x106897B0,0x00000004,data,data_106897B0
0x106897B4,0x00000004,data,data_106897B4
0x106897B8,0x00000004,data,data_106897B8
0x106897BC,0x00000004,data,data_106897BC
0x106897C0,0x0000000C,data,data_106897C0
0x106897CC,0x00000004,data,data_106897CC
0x106897D0,0x00000014,data,data_106897D0
0x106897E4,0x00000004,data,data_106897E4
0x106897E8,0x0000002C,data,data_106897E8
0x10689814,0x00000004,data,data_10689814
0x10689818,0x00000004,data,data_10689818
0x1068981C,0x00000004,data,data_1068981C
0x10689820,0x00000004,data,data_10689820
0x10689824,0x00000008,data,data_10689824
0x1068982C,0x00000004,data,data_1068982C
0x10689830,0x00000004,data,data_10689830
0x10689834,0x00000004,data,data_10689834
0x10689838,0x00000004,data,data_10689838
0x1068983C,0x00000058,data,data_1068983C
0x10689894,0x00000004,data,data_10689894
0x10689898,0x00000004,data,data_10689898
0x1068989C,0x00000004,data,data_1068989C
0x106898A0,0x00000004,data,data_106898A0
0x106898A4,0x00000004,data,data_106898A4
0x106898A8,0x00000009,data,data_106898A8
0x106898B1,0x00000001,data,data_106898B1
0x106898B2,0x00000012,data,data_106898B2
0x106898C4,0x0000001D,data,data_106898C4
0x106898E1,0x00000004,data,data_106898E1
0x106898E5,0x0000001D,data,data_106898E5
0x10689902,0x00000004,data,data_10689902
0x10689906,0x0000001D,data,data_10689906
0x10689923,0x00000004,data,data_10689923
0x10689927,0x00000011,data,data_10689927
0x10689938,0x00000004,data,data_10689938
0x1068993C,0x00000004,data,data_1068993C
0x10689940,0x00000004,data,data_10689940
0x10689944,0x00000004,data,data_10689944
0x10689948,0x00000004,data,data_10689948
0x1068994C,0x00000004,data,data_1068994C
0x10689950,0x00000004,data,data_10689950
0x10689954,0x00000004,data,data_10689954
0x10689958,0x00000004,data,data_10689958
0x1068995C,0x00000004,data,data_1068995C
0x10689960,0x00000004,data,data_10689960
0x10689964,0x00000004,data,data_10689964
0x10689968,0x00000004,data,data_10689968
0x1068996C,0x00000004,data,data_1068996C
0x10689970,0x00000004,data,data_10689970
0x10689974,0x00000004,data,data_10689974
0x10689978,0x00000004,data,data_10689978
0x1068997C,0x00000004,data,data_1068997C
0x10689980,0x00000004,data,data_10689980
0x10689984,0x00000004,data,data_10689984
0x10689988,0x00000004,data,data_10689988
0x1068998C,0x00000004,data,data_1068998C
0x10689990,0x00000004,data,data_10689990
0x10689994,0x00000004,data,data_10689994
0x10689998,0x00000004,data,data_10689998
0x1068999C,0x00000004,data,data_1068999C
0x106899A0,0x00000004,data,data_106899A0
0x106899A4,0x00000004,data,data_106899A4
0x106899A8,0x00000004,data,data_106899A8
0x106899AC,0x00000004,data,data_106899AC
0x106899B0,0x00000004,data,data_106899B0
0x106899B4,0x00000004,data,data_106899B4
0x106899B8,0x00000004,data,data_106899B8
0x106899BC,0x00000004,data,data_106899BC
0x106899C0,0x00000004,data,data_106899C0
0x106899C4,0x00000004,data,data_106899C4
0x106899C8,0x00000004,data,data_106899C8
0x106899CC,0x00000004,data,data_106899CC
0x106899D0,0x00000004,data,data_106899D0
0x106899D4,0x00000004,data,data_106899D4
0x106899D8,0x00000004,data,data_106899D8
0x106899DC,0x00000004,data,data_106899DC
0x106899E0,0x00000004,data,data_106899E0
0x106899E4,0x00000004,data,data_106899E4
0x106899E8,0x00000004,data,data_106899E8
0x106899EC,0x00000004,data,data_106899EC
0x106899F0,0x00000004,data,data_106899F0
0x106899F4,0x00000004,data,data_106899F4
0x106899F8,0x00000004,data,data_106899F8
0x106899FC,0x00000004,data,data_106899FC
0x10689A00,0x00000004,data,data_10689A00
0x10689A04,0x00000004,data,data_10689A04
0x10689A08,0x00000004,data,data_10689A08
0x10689A0C,0x00000004,data,data_10689A0C
0x10689A10,0x00000004,data,data_10689A10
0x10689A14,0x00000004,data,data_10689A14
0x10689A18,0x00000004,data,data_10689A18
0x10689A1C,0x00000004,data,data_10689A1C
0x10689A20,0x00000004,data,data_10689A20
0x10689A24,0x00000004,data,data_10689A24
0x10689A28,0x00000004,data,data_10689A28
0x10689A2C,0x00000004,data,data_10689A2C
0x10689A30,0x00000004,data,data_10689A30
0x10689A34,0x00000004,data,data_10689A34
0x10689A38,0x00000004,data,data_10689A38
0x10689A3C,0x00000004,data,data_10689A3C
0x10689A40,0x00000004,data,data_10689A40
0x10689A44,0x00000004,data,data_10689A44
0x10689A48,0x00000004,data,data_10689A48
0x10689A4C,0x00000004,data,data_10689A4C
0x10689A50,0x00000004,data,data_10689A50
0x10689A54,0x00000004,data,data_10689A54
0x10689A58,0x00000004,data,data_10689A58
0x10689A5C,0x00000004,data,data_10689A5C
0x10689A60,0x00000004,data,data_10689A60
0x10689A64,0x00000010,data,data_10689A64
0x10689A74,0x00000005,data,data_10689A74
0x10689A79,0x0000002B,data,data_10689A79
0x10689AA4,0x00000001,data,data_10689AA4
0x10689AA5,0x0000001F,data,data_10689AA5
0x10689AC4,0x00000001,data,data_10689AC4
0x10689AC5,0x00000004,data,data_10689AC5
0x10689AC9,0x0000000D,data,data_10689AC9
0x10689AE3,0x00000100,data,data_10689AE3
0x10689BE3,0x00000100,data,data_10689BE3
0x10689CE3,0x000000E2,data,data_10689CE3
0x10689DC5,0x00000004,data,data_10689DC5
0x10689DC9,0x00000100,data,data_10689DC9
0x10689EC9,0x00000100,data,data_10689EC9
0x10689FC9,0x00000013,data,data_10689FC9
0x10689FDC,0x0000001D,data,data_10689FDC
0x10689FF9,0x00000004,data,data_10689FF9
0x10689FFD,0x0000001D,data,data_10689FFD
0x1068A01A,0x00000004,data,data_1068A01A
0x1068A01E,0x0000001D,data,data_1068A01E
0x1068A03B,0x00000004,data,data_1068A03B
0x1068A03F,0x00000011,data,data_1068A03F
0x1068A050,0x00000004,data,data_1068A050
0x1068A054,0x00000004,data,data_1068A054
0x1068A058,0x00000004,data,data_1068A058
0x1068A05C,0x00000004,data,data_1068A05C
0x1068A060,0x00000004,data,data_1068A060
0x1068A064,0x00000004,data,data_1068A064
0x1068A068,0x00000004,data,data_1068A068
0x1068A06C,0x00000004,data,data_1068A06C
0x1068A070,0x00000004,data,data_1068A070
0x1068A074,0x00000004,data,data_1068A074
0x1068A078,0x00000004,data,data_1068A078
0x1068A07C,0x00000004,data,data_1068A07C
0x1068A080,0x00000004,data,data_1068A080
0x1068A084,0x00000004,data,data_1068A084
0x1068A088,0x00000004,data,data_1068A088
0x1068A08C,0x00000004,data,data_1068A08C
0x1068A090,0x00000004,data,data_1068A090
0x1068A094,0x00000004,data,data_1068A094
0x1068A098,0x00000004,data,data_1068A098
0x1068A09C,0x00000004,data,data_1068A09C
0x1068A0A0,0x00000004,data,data_1068A0A0
0x1068A0A4,0x00000004,data,data_1068A0A4
0x1068A0A8,0x00000004,data,data_1068A0A8
0x1068A0AC,0x00000004,data,data_1068A0AC
0x1068A0B0,0x00000004,data,data_1068A0B0
0x1068A0B4,0x00000004,data,data_1068A0B4
0x1068A0B8,0x00000004,data,data_1068A0B8
0x1068A0BC,0x00000004,data,data_1068A0BC
0x1068A0C0,0x00000004,data,data_1068A0C0
0x1068A0C4,0x00000004,data,data_1068A0C4
0x1068A0C8,0x00000078,data,data_1068A0C8
0x1068A140,0x00000001,data,data_1068A140
0x1068A141,0x0000000B,data,data_1068A141
0x1068A14C,0x00000001,data,data_1068A14C
0x1068A14D,0x00000004,data,data_1068A14D
0x1068A151,0x00000003,data,data_1068A151
0x1068A154,0x00000004,data,data_1068A154
0x1068A158,0x00000008,data,data_1068A158
0x1068A160,0x00000004,data,data_1068A160
0x1068A164,0x00000002,data,data_1068A164
0x1068A166,0x00000006,data,data_1068A166
0x1068A16C,0x00000004,data,data_1068A16C
0x1068A170,0x00000001,data,data_1068A170
0x1068A171,0x00000004,data,data_1068A171
0x1068A175,0x00000003,data,data_1068A175
0x1068A178,0x00000004,data,data_1068A178
0x1068A17C,0x00000001,data,data_1068A17C
0x1068A17D,0x00000004,data,data_1068A17D
0x1068A181,0x00000003,data,data_1068A181
0x1068A184,0x00000004,data,data_1068A184
0x1068A188,0x00000008,data,data_1068A188
0x1068A190,0x00000004,data,data_1068A190
0x1068A194,0x00000001,data,data_1068A194
0x1068A195,0x00000004,data,data_1068A195
0x1068A199,0x00000003,data,data_1068A199
0x1068A19C,0x00000004,data,data_1068A19C
0x1068A1A0,0x00000008,data,data_1068A1A0
0x1068A1A8,0x00000004,data,data_1068A1A8
0x1068A1AC,0x00000001,data,data_1068A1AC
0x1068A1AD,0x00000004,data,data_1068A1AD
0x1068A1B1,0x00000003,data,data_1068A1B1
0x1068A1B4,0x00000004,data,data_1068A1B4
0x1068A1B8,0x00000002,data,data_1068A1B8
0x1068A1BA,0x00000006,data,data_1068A1BA
0x1068A1C0,0x00000004,data,data_1068A1C0
0x1068A1C4,0x00000001,data,data_1068A1C4
0x1068A1C5,0x00000004,data,data_1068A1C5
0x1068A1C9,0x00000003,data,data_1068A1C9
0x1068A1CC,0x00000004,data,data_1068A1CC
0x1068A1D0,0x00000008,data,data_1068A1D0
0x1068A1D8,0x00000004,data,data_1068A1D8
0x1068A1DC,0x00000008,data,data_1068A1DC
0x1068A1E4,0x00000004,data,data_1068A1E4
0x1068A1E8,0x00000001,data,data_1068A1E8
0x1068A1E9,0x00000004,data,data_1068A1E9
0x1068A1ED,0x00000003,data,data_1068A1ED
0x1068A1F0,0x00000004,data,data_1068A1F0
0x1068A1F4,0x00000008,data,data_1068A1F4
0x1068A1FC,0x00000004,data,data_1068A1FC
0x1068A200,0x00000001,data,data_1068A200
0x1068A201,0x00000007,data,data_1068A201
0x1068A208,0x00000004,data,data_1068A208
0x1068A20C,0x00000008,data,data_1068A20C
0x1068A214,0x00000004,data,data_1068A214
0x1068A218,0x00000008,data,data_1068A218
0x1068A220,0x00000004,data,data_1068A220
0x1068A224,0x00000008,data,data_1068A224
0x1068A22C,0x00000004,data,data_1068A22C
0x1068A230,0x00000001,data,data_1068A230
0x1068A231,0x00000007,data,data_1068A231
0x1068A238,0x00000004,data,data_1068A238
0x1068A23C,0x00000008,data,data_1068A23C
0x1068A244,0x00000004,data,data_1068A244
0x1068A248,0x00000008,data,data_1068A248
0x1068A250,0x00000004,data,data_1068A250
0x1068A254,0x00000008,data,data_1068A254
0x1068A25C,0x00000004,data,data_1068A25C
0x1068A260,0x00000008,data,data_1068A260
0x1068A268,0x00000004,data,data_1068A268
0x1068A26C,0x00000008,data,data_1068A26C
0x1068A274,0x00000004,data,data_1068A274
0x1068A278,0x00000001,data,data_1068A278
0x1068A279,0x00000004,data,data_1068A279
0x1068A27D,0x00000003,data,data_1068A27D
0x1068A280,0x00000004,data,data_1068A280
0x1068A284,0x00000001,data,data_1068A284
0x1068A285,0x00000007,data,data_1068A285
0x1068A28C,0x00000004,data,data_1068A28C
0x1068A290,0x00000001,data,data_1068A290
0x1068A291,0x00000004,data,data_1068A291
0x1068A295,0x00000003,data,data_1068A295
0x1068A298,0x00000004,data,data_1068A298
0x1068A29C,0x00000002,data,data_1068A29C
0x1068A29E,0x00000006,data,data_1068A29E
0x1068A2A4,0x00000004,data,data_1068A2A4
0x1068A2A8,0x00000001,data,data_1068A2A8
0x1068A2A9,0x00000004,data,data_1068A2A9
0x1068A2AD,0x00000003,data,data_1068A2AD
0x1068A2B0,0x00000004,data,data_1068A2B0
0x1068A2B4,0x00000008,data,data_1068A2B4
0x1068A2BC,0x00000004,data,data_1068A2BC
0x1068A2C0,0x00000001,data,data_1068A2C0
0x1068A2C1,0x00000004,data,data_1068A2C1
0x1068A2C5,0x00000003,data,data_1068A2C5
0x1068A2C8,0x00000004,data,data_1068A2C8
0x1068A2CC,0x00000008,data,data_1068A2CC
0x1068A2D4,0x00000004,data,data_1068A2D4
0x1068A2D8,0x00000001,data,data_1068A2D8
0x1068A2D9,0x00000007,data,data_1068A2D9
0x1068A2E0,0x00000004,data,data_1068A2E0
0x1068A2E4,0x00000001,data,data_1068A2E4
0x1068A2E5,0x00000007,data,data_1068A2E5
0x1068A2EC,0x00000004,data,data_1068A2EC
0x1068A2F0,0x00000008,data,data_1068A2F0
0x1068A2F8,0x00000004,data,data_1068A2F8
0x1068A2FC,0x00000008,data,data_1068A2FC
0x1068A304,0x00000004,data,data_1068A304
0x1068A308,0x00000008,data,data_1068A308
0x1068A310,0x00000004,data,data_1068A310
0x1068A314,0x00000008,data,data_1068A314
0x1068A31C,0x00000004,data,data_1068A31C
0x1068A320,0x00000008,data,data_1068A320
0x1068A328,0x00000004,data,data_1068A328
0x1068A32C,0x00000001,data,data_1068A32C
0x1068A32D,0x00000004,data,data_1068A32D
0x1068A331,0x00000003,data,data_1068A331
0x1068A334,0x00000004,data,data_1068A334
0x1068A338,0x00000008,data,data_1068A338
0x1068A340,0x00000004,data,data_1068A340
0x1068A344,0x00000001,data,data_1068A344
0x1068A345,0x00000007,data,data_1068A345
0x1068A34C,0x00000004,data,data_1068A34C
0x1068A350,0x00000002,data,data_1068A350
0x1068A352,0x00000006,data,data_1068A352
0x1068A358,0x00000004,data,data_1068A358
0x1068A35C,0x00000002,data,data_1068A35C
0x1068A35E,0x00000006,data,data_1068A35E
0x1068A364,0x00000004,data,data_1068A364
0x1068A368,0x00000008,data,data_1068A368
0x1068A370,0x00000004,data,data_1068A370
0x1068A374,0x00000008,data,data_1068A374
0x1068A37C,0x00000004,data,data_1068A37C
0x1068A380,0x00000010,data,data_1068A380
0x1068A390,0x00000008,data,data_1068A390
0x1068A398,0x00000008,data,data_1068A398
0x1068A3AC,0x00000010,data,data_1068A3AC
0x1068A3BC,0x00000004,data,data_1068A3BC
0x1068A3C0,0x00000004,data,data_1068A3C0
0x1068A3C4,0x00000004,data,data_1068A3C4
0x1068A3C8,0x00000008,data,data_1068A3C8
0x1068A3D0,0x00000004,data,data_1068A3D0
0x1068A3D4,0x00000014,data,data_1068A3D4
0x1068A3E8,0x00000001,data,data_1068A3E8
0x1068A3E9,0x0000000F,data,data_1068A3E9
0x1068A3FF,0x00000006,data,data_1068A3FF
0x1068A405,0x00000007,data,data_1068A405
0x1068A420,0x00000018,data,data_1068A420
0x1068A438,0x00000002,data,data_1068A438
0x1068A43A,0x00000042,data,data_1068A43A
0x1068A47C,0x00000004,data,data_1068A47C
0x1068A480,0x00000009,data,data_1068A480
0x1068A489,0x0000000F,data,data_1068A489
0x1068A498,0x00000004,data,data_1068A498
0x1068A49C,0x0000001C,data,data_1068A49C
0x1068A4B8,0x00000004,data,data_1068A4B8
0x1068A4BC,0x00000004,data,data_1068A4BC
0x1068A4C0,0x00000004,data,data_1068A4C0
0x1068A4C4,0x00000010,data,data_1068A4C4
0x1068A4D4,0x00000004,data,data_1068A4D4
0x1068A4D8,0x0000000C,data,data_1068A4D8
0x1068A4E4,0x00000004,data,data_1068A4E4
0x1068A4E8,0x00000010,data,data_1068A4E8
0x1068A4F8,0x00000004,data,data_1068A4F8
0x1068A4FC,0x00000004,data,data_1068A4FC
0x1068A500,0x00000004,data,data_1068A500
0x1068A504,0x00000004,data,data_1068A504
0x1068A508,0x00000004,data,data_1068A508
0x1068A50C,0x00000004,data,data_1068A50C
0x1068A510,0x00000004,data,data_1068A510
0x1068A514,0x00000004,data,data_1068A514
0x1068A531,0x0000000F,data,data_1068A531
0x1068A540,0x00000004,data,data_1068A540
0x1068A544,0x00000004,data,data_1068A544
0x1068A548,0x00000004,data,data_1068A548
0x1068A54C,0x00000004,data,data_1068A54C
0x1068A550,0x00000004,data,data_1068A550
0x1068A554,0x00000004,data,data_1068A554
0x1068A558,0x00000004,data,data_1068A558
0x1068A55C,0x00000004,data,data_1068A55C
0x1068A560,0x00000004,data,data_1068A560
0x1068A564,0x00000004,data,data_1068A564
0x1068A568,0x00000004,data,data_1068A568
0x1068A56C,0x00000004,data,data_1068A56C
0x1068A570,0x00000004,data,data_1068A570
0x1068A574,0x00000004,data,data_1068A574
0x1068A578,0x00000004,data,data_1068A578
0x1068A57C,0x00000004,data,data_1068A57C
0x1068A580,0x00000004,data,data_1068A580
0x1068A584,0x00000004,data,data_1068A584
0x1068A588,0x00000004,data,data_1068A588
0x1068A58C,0x00000004,data,data_1068A58C
0x1068A590,0x00000004,data,data_1068A590
0x1068A594,0x00000004,data,data_1068A594
0x1068A598,0x00000004,data,data_1068A598
0x1068A59C,0x00000004,data,data_1068A59C
0x1068A5A0,0x00000004,data,data_1068A5A0
0x1068A5A4,0x00000004,data,data_1068A5A4
0x1068A5A8,0x0000000C,data,data_1068A5A8
0x1068A5B4,0x00000065,data,data_1068A5B4
0x1068A619,0x0000000F,data,data_1068A619
0x1068A628,0x0000009E,data,data_1068A628
0x1068A6C6,0x0000001A,data,data_1068A6C6
0x1068A6E0,0x00000001,data,data_1068A6E0
0x1068A6E1,0x00000007,data,data_1068A6E1
0x1068A6E8,0x00000001,data,data_1068A6E8
0x1068A6E9,0x00000100,data,data_1068A6E9
0x1068A7E9,0x00000100,data,data_1068A7E9
0x1068A8E9,0x00000100,data,data_1068A8E9
0x1068A9E9,0x00000100,data,data_1068A9E9
0x1068AAE9,0x00000100,data,data_1068AAE9
0x1068ABE9,0x00000100,data,data_1068ABE9
0x1068ACE9,0x00000100,data,data_1068ACE9
0x1068ADE9,0x000000CF,data,data_1068ADE9
0x1068AEB8,0x0000003D,data,data_1068AEB8
0x1068AEF5,0x00000004,data,data_1068AEF5
0x1068AEF9,0x0000000C,data,data_1068AEF9
0x1068AF05,0x0000000C,data,data_1068AF05
0x1068AF11,0x0000002C,data,data_1068AF11
0x1068AF3D,0x00000004,data,data_1068AF3D
0x1068AF41,0x0000000C,data,data_1068AF41
0x1068AF4D,0x0000002F,data,data_1068AF4D
0x1068AF7C,0x00000001,data,data_1068AF7C
0x1068AF7D,0x0000004B,data,data_1068AF7D
0x1068AFC8,0x0000000A,data,data_1068AFC8
0x1068AFD2,0x0000000E,data,data_1068AFD2
0x1068AFE0,0x0000000A,data,data_1068AFE0
0x1068AFEA,0x00000006,data,data_1068AFEA
0x1068AFF0,0x00000001,data,data_1068AFF0
0x1068AFF1,0x00000007,data,data_1068AFF1
0x1068AFF8,0x0000000A,data,data_1068AFF8
0x1068B002,0x00000006,data,data_1068B002
0x1068B008,0x00000001,data,data_1068B008
0x1068B009,0x00000007,data,data_1068B009
0x1068B010,0x0000000A,data,data_1068B010
0x1068B01A,0x0000000E,data,data_1068B01A
0x1068B028,0x0000000A,data,data_1068B028
0x1068B032,0x0000000E,data,data_1068B032
0x1068B040,0x0000000A,data,data_1068B040
0x1068B04A,0x0000000E,data,data_1068B04A
0x1068B058,0x0000000A,data,data_1068B058
0x1068B062,0x0000000E,data,data_1068B062
0x1068B070,0x0000000A,data,data_1068B070
0x1068B07A,0x0000000E,data,data_1068B07A
0x1068B088,0x0000000A,data,data_1068B088
0x1068B092,0x0000000E,data,data_1068B092
0x1068B0A0,0x0000000A,data,data_1068B0A0
0x1068B0AA,0x0000000E,data,data_1068B0AA
0x1068B0B8,0x0000000A,data,data_1068B0B8
0x1068B0C2,0x0000000E,data,data_1068B0C2
0x1068B0D0,0x0000000A,data,data_1068B0D0
0x1068B0DA,0x0000000E,data,data_1068B0DA
0x1068B0E8,0x0000000A,data,data_1068B0E8
0x1068B0F2,0x0000000E,data,data_1068B0F2
0x1068B100,0x0000000A,data,data_1068B100
0x1068B10A,0x0000000E,data,data_1068B10A
0x1068B118,0x0000000A,data,data_1068B118
0x1068B122,0x0000000E,data,data_1068B122
0x1068B130,0x0000000A,data,data_1068B130
0x1068B13A,0x0000000E,data,data_1068B13A
0x1068B148,0x0000000A,data,data_1068B148
0x1068B152,0x0000000E,data,data_1068B152
0x1068B160,0x00000009,data,data_1068B160
0x1068B169,0x0000000F,data,data_1068B169
0x1068B178,0x0000000A,data,data_1068B178
0x1068B182,0x00000006,data,data_1068B182
0x1068B188,0x00000001,data,data_1068B188
0x1068B189,0x00000007,data,data_1068B189
0x1068B190,0x0000000A,data,data_1068B190
0x1068B19A,0x0000000E,data,data_1068B19A
0x1068B1A8,0x0000000A,data,data_1068B1A8
0x1068B1B2,0x00000006,data,data_1068B1B2
0x1068B1B8,0x00000001,data,data_1068B1B8
0x1068B1B9,0x00000007,data,data_1068B1B9
0x1068B1C0,0x00000009,data,data_1068B1C0
0x1068B1C9,0x0000000F,data,data_1068B1C9
0x1068B1D8,0x00000006,data,data_1068B1D8
0x1068B1DE,0x00000012,data,data_1068B1DE
0x1068B1F0,0x0000000A,data,data_1068B1F0
0x1068B1FA,0x0000000E,data,data_1068B1FA
0x1068B208,0x0000000A,data,data_1068B208
0x1068B212,0x00000006,data,data_1068B212
0x1068B218,0x00000001,data,data_1068B218
0x1068B219,0x00000008,data,data_1068B219
0x1068B221,0x00000009,data,data_1068B221
0x1068B22A,0x00000006,data,data_1068B22A
0x1068B230,0x00000001,data,data_1068B230
0x1068B231,0x00000008,data,data_1068B231
0x1068B239,0x00000009,data,data_1068B239
0x1068B242,0x00000006,data,data_1068B242
0x1068B248,0x00000001,data,data_1068B248
0x1068B249,0x00000007,data,data_1068B249
0x1068B250,0x00000006,data,data_1068B250
0x1068B256,0x0000000A,data,data_1068B256
0x1068B260,0x00000001,data,data_1068B260
0x1068B261,0x00000007,data,data_1068B261
0x1068B268,0x00000006,data,data_1068B268
0x1068B26E,0x0000000A,data,data_1068B26E
0x1068B278,0x00000001,data,data_1068B278
0x1068B279,0x00000007,data,data_1068B279
0x1068B280,0x0000000A,data,data_1068B280
0x1068B28A,0x00000006,data,data_1068B28A
0x1068B290,0x00000001,data,data_1068B290
0x1068B291,0x00000007,data,data_1068B291
0x1068B298,0x0000000A,data,data_1068B298
0x1068B2A2,0x00000006,data,data_1068B2A2
0x1068B2A8,0x00000001,data,data_1068B2A8
0x1068B2A9,0x00000007,data,data_1068B2A9
0x1068B2B0,0x00000006,data,data_1068B2B0
0x1068B2B6,0x0000000A,data,data_1068B2B6
0x1068B2C0,0x00000001,data,data_1068B2C0
0x1068B2C1,0x00000007,data,data_1068B2C1
0x1068B2C8,0x00000006,data,data_1068B2C8
0x1068B2CE,0x0000000A,data,data_1068B2CE
0x1068B2D8,0x00000001,data,data_1068B2D8
0x1068B2D9,0x00000007,data,data_1068B2D9
0x1068B2E0,0x0000000A,data,data_1068B2E0
0x1068B2EA,0x0000000E,data,data_1068B2EA
0x1068B2F8,0x0000000A,data,data_1068B2F8
0x1068B302,0x00000006,data,data_1068B302
0x1068B308,0x00000001,data,data_1068B308
0x1068B309,0x00000007,data,data_1068B309
0x1068B310,0x00000005,data,data_1068B310
0x1068B315,0x00000013,data,data_1068B315
0x1068B328,0x00000006,data,data_1068B328
0x1068B32E,0x00000012,data,data_1068B32E
0x1068B340,0x0000000A,data,data_1068B340
0x1068B34A,0x0000000E,data,data_1068B34A
0x1068B358,0x0000000A,data,data_1068B358
0x1068B362,0x0000000E,data,data_1068B362
0x1068B370,0x0000000A,data,data_1068B370
0x1068B37A,0x0000000E,data,data_1068B37A
0x1068B388,0x0000000A,data,data_1068B388
0x1068B392,0x00000006,data,data_1068B392
0x1068B398,0x00000001,data,data_1068B398
0x1068B399,0x00000007,data,data_1068B399
0x1068B3A0,0x0000000A,data,data_1068B3A0
0x1068B3AA,0x00000006,data,data_1068B3AA
0x1068B3B0,0x00000001,data,data_1068B3B0
0x1068B3B1,0x00000007,data,data_1068B3B1
0x1068B3B8,0x00000006,data,data_1068B3B8
0x1068B3BE,0x00000012,data,data_1068B3BE
0x1068B3D0,0x00000006,data,data_1068B3D0
0x1068B3D6,0x00000012,data,data_1068B3D6
0x1068B3E8,0x0000000A,data,data_1068B3E8
0x1068B3F2,0x0000000E,data,data_1068B3F2
0x1068B400,0x0000000A,data,data_1068B400
0x1068B40A,0x0000000E,data,data_1068B40A
0x1068B418,0x0000000A,data,data_1068B418
0x1068B422,0x0000000E,data,data_1068B422
0x1068B430,0x0000000A,data,data_1068B430
0x1068B43A,0x00000006,data,data_1068B43A
0x1068B440,0x00000001,data,data_1068B440
0x1068B441,0x00000007,data,data_1068B441
0x1068B448,0x0000000A,data,data_1068B448
0x1068B452,0x00000006,data,data_1068B452
0x1068B458,0x00000001,data,data_1068B458
0x1068B459,0x00000007,data,data_1068B459
0x1068B460,0x0000000A,data,data_1068B460
0x1068B46A,0x0000000E,data,data_1068B46A
0x1068B478,0x0000000A,data,data_1068B478
0x1068B482,0x00000006,data,data_1068B482
0x1068B488,0x00000001,data,data_1068B488
0x1068B489,0x00000007,data,data_1068B489
0x1068B490,0x0000000A,data,data_1068B490
0x1068B49A,0x0000000E,data,data_1068B49A
0x1068B4A8,0x00000006,data,data_1068B4A8
0x1068B4AE,0x00000012,data,data_1068B4AE
0x1068B4C0,0x0000000A,data,data_1068B4C0
0x1068B4CA,0x00000006,data,data_1068B4CA
0x1068B4D0,0x00000001,data,data_1068B4D0
0x1068B4D1,0x00000007,data,data_1068B4D1
0x1068B4D8,0x0000000A,data,data_1068B4D8
0x1068B4E2,0x0000000E,data,data_1068B4E2
0x1068B4F0,0x0000000A,data,data_1068B4F0
0x1068B4FA,0x0000000E,data,data_1068B4FA
0x1068B508,0x0000000A,data,data_1068B508
0x1068B512,0x00000006,data,data_1068B512
0x1068B518,0x00000001,data,data_1068B518
0x1068B519,0x00000007,data,data_1068B519
0x1068B520,0x0000000A,data,data_1068B520
0x1068B52A,0x00000006,data,data_1068B52A
0x1068B530,0x00000001,data,data_1068B530
0x1068B531,0x00000007,data,data_1068B531
0x1068B538,0x0000000A,data,data_1068B538
0x1068B542,0x0000000E,data,data_1068B542
0x1068B550,0x0000000A,data,data_1068B550
0x1068B55A,0x0000000E,data,data_1068B55A
0x1068B568,0x0000000A,data,data_1068B568
0x1068B572,0x00000071,data,data_1068B572
0x1068B5E3,0x00000001,data,data_1068B5E3
0x1068B5E4,0x00000034,data,data_1068B5E4
0x1068B618,0x00000008,data,data_1068B618
0x1068B620,0x0000000C,data,data_1068B620
0x1068B62C,0x00000005,data,data_1068B62C
0x1068B631,0x0000003F,data,data_1068B631
0x1068B670,0x00000004,data,data_1068B670
0x1068B674,0x00000008,data,data_1068B674
0x1068B67C,0x00000004,data,data_1068B67C
0x1068B680,0x00000004,data,data_1068B680
0x1068B684,0x00000007,data,data_1068B684
0x1068B68B,0x00000004,data,data_1068B68B
0x1068B68F,0x00000005,data,data_1068B68F
0x1068B694,0x00000003,data,data_1068B694
0x1068B697,0x00000011,data,data_1068B697
0x1068B6A8,0x00000004,data,data_1068B6A8
0x1068B6AC,0x00000001,data,data_1068B6AC
0x1068B6AD,0x0000004B,data,data_1068B6AD
0x1068B6F8,0x00000004,data,data_1068B6F8
0x1068B6FC,0x0000000B,data,data_1068B6FC
0x1068B707,0x00000009,data,data_1068B707
0x1068B710,0x00000004,data,data_1068B710
0x1068B714,0x00000005,data,data_1068B714
0x1068B719,0x0000000F,data,data_1068B719
0x1068B728,0x00000004,data,data_1068B728
0x1068B72C,0x00000003,data,data_1068B72C
0x1068B72F,0x00000011,data,data_1068B72F
0x1068B740,0x00000004,data,data_1068B740
0x1068B744,0x00000003,data,data_1068B744
0x1068B747,0x00000011,data,data_1068B747
0x1068B758,0x00000004,data,data_1068B758
0x1068B75C,0x0000000F,data,data_1068B75C
0x1068B76B,0x00000005,data,data_1068B76B
0x1068B770,0x00000004,data,data_1068B770
0x1068B774,0x00000014,data,data_1068B774
0x1068B788,0x00000004,data,data_1068B788
0x1068B78C,0x00000003,data,data_1068B78C
0x1068B78F,0x00000011,data,data_1068B78F
0x1068B7A0,0x00000004,data,data_1068B7A0
0x1068B7A4,0x0000000D,data,data_1068B7A4
0x1068B7B1,0x00000007,data,data_1068B7B1
0x1068B7B8,0x00000004,data,data_1068B7B8
0x1068B7BC,0x00000007,data,data_1068B7BC
0x1068B7C3,0x0000000D,data,data_1068B7C3
0x1068B7D0,0x00000004,data,data_1068B7D0
0x1068B7D4,0x00000003,data,data_1068B7D4
0x1068B7D7,0x00000011,data,data_1068B7D7
0x1068B7E8,0x00000004,data,data_1068B7E8
0x1068B7EC,0x00000003,data,data_1068B7EC
0x1068B7EF,0x00000011,data,data_1068B7EF
0x1068B800,0x00000004,data,data_1068B800
0x1068B804,0x00000003,data,data_1068B804
0x1068B807,0x00000011,data,data_1068B807
0x1068B818,0x00000004,data,data_1068B818
0x1068B81C,0x0000000F,data,data_1068B81C
0x1068B82B,0x00000005,data,data_1068B82B
0x1068B830,0x00000004,data,data_1068B830
0x1068B834,0x00000014,data,data_1068B834
0x1068B848,0x00000004,data,data_1068B848
0x1068B84C,0x0000000D,data,data_1068B84C
0x1068B859,0x00000007,data,data_1068B859
0x1068B860,0x00000004,data,data_1068B860
0x1068B864,0x00000007,data,data_1068B864
0x1068B86B,0x0000000D,data,data_1068B86B
0x1068B878,0x00000001,data,data_1068B878
0x1068B879,0x00000003,data,data_1068B879
0x1068B87C,0x00000005,data,data_1068B87C
0x1068B881,0x0000000F,data,data_1068B881
0x1068B890,0x00000004,data,data_1068B890
0x1068B894,0x00000003,data,data_1068B894
0x1068B897,0x00000011,data,data_1068B897
0x1068B8A8,0x00000004,data,data_1068B8A8
0x1068B8AC,0x00000005,data,data_1068B8AC
0x1068B8B1,0x0000000F,data,data_1068B8B1
0x1068B8C0,0x00000004,data,data_1068B8C0
0x1068B8C4,0x00000003,data,data_1068B8C4
0x1068B8C7,0x00000011,data,data_1068B8C7
0x1068B8D8,0x00000004,data,data_1068B8D8
0x1068B8DC,0x00000009,data,data_1068B8DC
0x1068B8E5,0x0000000B,data,data_1068B8E5
0x1068B8F0,0x00000004,data,data_1068B8F0
0x1068B8F4,0x00000009,data,data_1068B8F4
0x1068B8FD,0x0000000B,data,data_1068B8FD
0x1068B908,0x00000004,data,data_1068B908
0x1068B90C,0x00000009,data,data_1068B90C
0x1068B915,0x0000000B,data,data_1068B915
0x1068B920,0x00000004,data,data_1068B920
0x1068B924,0x00000009,data,data_1068B924
0x1068B92D,0x0000000B,data,data_1068B92D
0x1068B938,0x00000004,data,data_1068B938
0x1068B93C,0x00000009,data,data_1068B93C
0x1068B945,0x0000000B,data,data_1068B945
0x1068B950,0x00000004,data,data_1068B950
0x1068B954,0x00000009,data,data_1068B954
0x1068B95D,0x0000000B,data,data_1068B95D
0x1068B968,0x00000004,data,data_1068B968
0x1068B96C,0x00000009,data,data_1068B96C
0x1068B975,0x0000000B,data,data_1068B975
0x1068B980,0x00000004,data,data_1068B980
0x1068B984,0x00000009,data,data_1068B984
0x1068B98D,0x0000000B,data,data_1068B98D
0x1068B998,0x00000004,data,data_1068B998
0x1068B99C,0x00000009,data,data_1068B99C
0x1068B9A5,0x0000000B,data,data_1068B9A5
0x1068B9B0,0x00000004,data,data_1068B9B0
0x1068B9B4,0x00000009,data,data_1068B9B4
0x1068B9BD,0x0000000B,data,data_1068B9BD
0x1068B9C8,0x00000004,data,data_1068B9C8
0x1068B9CC,0x00000007,data,data_1068B9CC
0x1068B9D3,0x0000000D,data,data_1068B9D3
0x1068B9E0,0x00000004,data,data_1068B9E0
0x1068B9E4,0x00000003,data,data_1068B9E4
0x1068B9E7,0x00000011,data,data_1068B9E7
0x1068B9F8,0x00000004,data,data_1068B9F8
0x1068B9FC,0x00000003,data,data_1068B9FC
0x1068B9FF,0x00000011,data,data_1068B9FF
0x1068BA10,0x00000004,data,data_1068BA10
0x1068BA14,0x00000003,data,data_1068BA14
0x1068BA17,0x00000011,data,data_1068BA17
0x1068BA28,0x00000004,data,data_1068BA28
0x1068BA2C,0x00000005,data,data_1068BA2C
0x1068BA31,0x0000000F,data,data_1068BA31
0x1068BA40,0x00000004,data,data_1068BA40
0x1068BA44,0x00000005,data,data_1068BA44
0x1068BA49,0x0000000F,data,data_1068BA49
0x1068BA58,0x00000004,data,data_1068BA58
0x1068BA5C,0x00000003,data,data_1068BA5C
0x1068BA5F,0x00000011,data,data_1068BA5F
0x1068BA70,0x00000004,data,data_1068BA70
0x1068BA74,0x00000007,data,data_1068BA74
0x1068BA7B,0x0000000D,data,data_1068BA7B
0x1068BA88,0x00000004,data,data_1068BA88
0x1068BA8C,0x00000007,data,data_1068BA8C
0x1068BA93,0x0000000D,data,data_1068BA93
0x1068BAA0,0x00000004,data,data_1068BAA0
0x1068BAA4,0x00000007,data,data_1068BAA4
0x1068BAAB,0x0000000D,data,data_1068BAAB
0x1068BAB8,0x00000004,data,data_1068BAB8
0x1068BABC,0x00000007,data,data_1068BABC
0x1068BAC3,0x0000000D,data,data_1068BAC3
0x1068BAD0,0x00000004,data,data_1068BAD0
0x1068BAD4,0x00000007,data,data_1068BAD4
0x1068BADB,0x0000000D,data,data_1068BADB
0x1068BAE8,0x00000004,data,data_1068BAE8
0x1068BAEC,0x00000007,data,data_1068BAEC
0x1068BAF3,0x0000000D,data,data_1068BAF3
0x1068BB00,0x00000004,data,data_1068BB00
0x1068BB04,0x00000007,data,data_1068BB04
0x1068BB0B,0x0000000D,data,data_1068BB0B
0x1068BB18,0x00000004,data,data_1068BB18
0x1068BB1C,0x00000007,data,data_1068BB1C
0x1068BB23,0x0000000D,data,data_1068BB23
0x1068BB30,0x00000004,data,data_1068BB30
0x1068BB34,0x00000007,data,data_1068BB34
0x1068BB3B,0x0000000D,data,data_1068BB3B
0x1068BB48,0x00000004,data,data_1068BB48
0x1068BB4C,0x00000007,data,data_1068BB4C
0x1068BB53,0x0000000D,data,data_1068BB53
0x1068BB60,0x00000004,data,data_1068BB60
0x1068BB64,0x00000007,data,data_1068BB64
0x1068BB6B,0x0000000D,data,data_1068BB6B
0x1068BB78,0x00000004,data,data_1068BB78
0x1068BB7C,0x00000007,data,data_1068BB7C
0x1068BB83,0x0000000D,data,data_1068BB83
0x1068BB90,0x00000004,data,data_1068BB90
0x1068BB94,0x00000007,data,data_1068BB94
0x1068BB9B,0x0000000D,data,data_1068BB9B
0x1068BBA8,0x00000004,data,data_1068BBA8
0x1068BBAC,0x00000007,data,data_1068BBAC
0x1068BBB3,0x0000000D,data,data_1068BBB3
0x1068BBC0,0x00000004,data,data_1068BBC0
0x1068BBC4,0x00000007,data,data_1068BBC4
0x1068BBCB,0x0000000D,data,data_1068BBCB
0x1068BBD8,0x00000004,data,data_1068BBD8
0x1068BBDC,0x00000007,data,data_1068BBDC
0x1068BBE3,0x0000000D,data,data_1068BBE3
0x1068BBF0,0x00000004,data,data_1068BBF0
0x1068BBF4,0x00000007,data,data_1068BBF4
0x1068BBFB,0x0000000D,data,data_1068BBFB
0x1068BC08,0x00000004,data,data_1068BC08
0x1068BC0C,0x00000007,data,data_1068BC0C
0x1068BC13,0x0000000D,data,data_1068BC13
0x1068BC20,0x00000004,data,data_1068BC20
0x1068BC24,0x00000007,data,data_1068BC24
0x1068BC2B,0x0000000D,data,data_1068BC2B
0x1068BC38,0x00000004,data,data_1068BC38
0x1068BC3C,0x00000007,data,data_1068BC3C
0x1068BC43,0x0000000D,data,data_1068BC43
0x1068BC50,0x00000004,data,data_1068BC50
0x1068BC54,0x00000007,data,data_1068BC54
0x1068BC5B,0x0000000D,data,data_1068BC5B
0x1068BC68,0x00000004,data,data_1068BC68
0x1068BC6C,0x00000007,data,data_1068BC6C
0x1068BC73,0x0000000D,data,data_1068BC73
0x1068BC80,0x00000004,data,data_1068BC80
0x1068BC84,0x00000007,data,data_1068BC84
0x1068BC8B,0x0000000D,data,data_1068BC8B
0x1068BC98,0x00000004,data,data_1068BC98
0x1068BC9C,0x00000007,data,data_1068BC9C
0x1068BCA3,0x0000000D,data,data_1068BCA3
0x1068BCB0,0x00000004,data,data_1068BCB0
0x1068BCB4,0x00000007,data,data_1068BCB4
0x1068BCBB,0x0000000D,data,data_1068BCBB
0x1068BCC8,0x00000004,data,data_1068BCC8
0x1068BCCC,0x00000007,data,data_1068BCCC
0x1068BCD3,0x0000000D,data,data_1068BCD3
0x1068BCE0,0x00000004,data,data_1068BCE0
0x1068BCE4,0x00000007,data,data_1068BCE4
0x1068BCEB,0x0000000D,data,data_1068BCEB
0x1068BCF8,0x00000004,data,data_1068BCF8
0x1068BCFC,0x00000007,data,data_1068BCFC
0x1068BD03,0x0000000D,data,data_1068BD03
0x1068BD10,0x00000004,data,data_1068BD10
0x1068BD14,0x00000007,data,data_1068BD14
0x1068BD1B,0x0000000D,data,data_1068BD1B
0x1068BD28,0x00000004,data,data_1068BD28
0x1068BD2C,0x00000007,data,data_1068BD2C
0x1068BD33,0x0000000D,data,data_1068BD33
0x1068BD40,0x00000004,data,data_1068BD40
0x1068BD44,0x00000007,data,data_1068BD44
0x1068BD4B,0x0000000D,data,data_1068BD4B
0x1068BD58,0x00000004,data,data_1068BD58
0x1068BD5C,0x00000007,data,data_1068BD5C
0x1068BD63,0x0000000D,data,data_1068BD63
0x1068BD70,0x00000004,data,data_1068BD70
0x1068BD74,0x00000007,data,data_1068BD74
0x1068BD7B,0x0000000D,data,data_1068BD7B
0x1068BD88,0x00000004,data,data_1068BD88
0x1068BD8C,0x00000007,data,data_1068BD8C
0x1068BD93,0x0000000D,data,data_1068BD93
0x1068BDA0,0x00000004,data,data_1068BDA0
0x1068BDA4,0x00000007,data,data_1068BDA4
0x1068BDAB,0x0000000D,data,data_1068BDAB
0x1068BDB8,0x00000004,data,data_1068BDB8
0x1068BDBC,0x00000007,data,data_1068BDBC
0x1068BDC3,0x0000000D,data,data_1068BDC3
0x1068BDD0,0x00000004,data,data_1068BDD0
0x1068BDD4,0x00000007,data,data_1068BDD4
0x1068BDDB,0x0000000D,data,data_1068BDDB
0x1068BDE8,0x00000004,data,data_1068BDE8
0x1068BDEC,0x00000007,data,data_1068BDEC
0x1068BDF3,0x0000000D,data,data_1068BDF3
0x1068BE00,0x00000004,data,data_1068BE00
0x1068BE04,0x00000007,data,data_1068BE04
0x1068BE0B,0x0000000D,data,data_1068BE0B
0x1068BE18,0x00000004,data,data_1068BE18
0x1068BE1C,0x00000007,data,data_1068BE1C
0x1068BE23,0x0000000D,data,data_1068BE23
0x1068BE30,0x00000004,data,data_1068BE30
0x1068BE34,0x00000007,data,data_1068BE34
0x1068BE3B,0x0000000D,data,data_1068BE3B
0x1068BE48,0x00000004,data,data_1068BE48
0x1068BE4C,0x00000007,data,data_1068BE4C
0x1068BE53,0x0000000D,data,data_1068BE53
0x1068BE60,0x00000004,data,data_1068BE60
0x1068BE64,0x00000007,data,data_1068BE64
0x1068BE6B,0x0000000D,data,data_1068BE6B
0x1068BE78,0x00000004,data,data_1068BE78
0x1068BE7C,0x00000007,data,data_1068BE7C
0x1068BE83,0x0000000D,data,data_1068BE83
0x1068BE90,0x00000004,data,data_1068BE90
0x1068BE94,0x00000007,data,data_1068BE94
0x1068BE9B,0x0000000D,data,data_1068BE9B
0x1068BEA8,0x00000004,data,data_1068BEA8
0x1068BEAC,0x00000007,data,data_1068BEAC
0x1068BEB3,0x0000000D,data,data_1068BEB3
0x1068BEC0,0x00000004,data,data_1068BEC0
0x1068BEC4,0x00000007,data,data_1068BEC4
0x1068BECB,0x0000000D,data,data_1068BECB
0x1068BED8,0x00000004,data,data_1068BED8
0x1068BEDC,0x00000007,data,data_1068BEDC
0x1068BEE3,0x0000000D,data,data_1068BEE3
0x1068BEF0,0x00000004,data,data_1068BEF0
0x1068BEF4,0x00000007,data,data_1068BEF4
0x1068BEFB,0x0000000D,data,data_1068BEFB
0x1068BF08,0x00000004,data,data_1068BF08
0x1068BF0C,0x00000007,data,data_1068BF0C
0x1068BF13,0x0000000D,data,data_1068BF13
0x1068BF20,0x00000004,data,data_1068BF20
0x1068BF24,0x00000007,data,data_1068BF24
0x1068BF2B,0x0000000D,data,data_1068BF2B
0x1068BF38,0x00000004,data,data_1068BF38
0x1068BF3C,0x00000007,data,data_1068BF3C
0x1068BF43,0x0000000D,data,data_1068BF43
0x1068BF50,0x00000004,data,data_1068BF50
0x1068BF54,0x00000007,data,data_1068BF54
0x1068BF5B,0x0000000D,data,data_1068BF5B
0x1068BF68,0x00000004,data,data_1068BF68
0x1068BF6C,0x0000000C,data,data_1068BF6C
0x1068BF78,0x00000004,data,data_1068BF78
0x1068BF7C,0x00000008,data,data_1068BF7C
0x1068BF84,0x0000001D,data,data_1068BF84
0x1068BFA1,0x00000004,data,data_1068BFA1
0x1068BFA5,0x0000001D,data,data_1068BFA5
0x1068BFC2,0x00000004,data,data_1068BFC2
0x1068BFC6,0x0000001D,data,data_1068BFC6
0x1068BFE3,0x00000004,data,data_1068BFE3
0x1068BFE7,0x00000011,data,data_1068BFE7
0x1068BFF8,0x00000004,data,data_1068BFF8
0x1068BFFC,0x00000004,data,data_1068BFFC
0x1068C000,0x00000004,data,data_1068C000
0x1068C004,0x00000004,data,data_1068C004
0x1068C008,0x00000004,data,data_1068C008
0x1068C00C,0x00000004,data,data_1068C00C
0x1068C010,0x00000004,data,data_1068C010
0x1068C014,0x00000004,data,data_1068C014
0x1068C018,0x00000004,data,data_1068C018
0x1068C01C,0x00000004,data,data_1068C01C
0x1068C020,0x00000004,data,data_1068C020
0x1068C024,0x00000004,data,data_1068C024
0x1068C028,0x00000004,data,data_1068C028
0x1068C02C,0x00000004,data,data_1068C02C
0x1068C030,0x00000004,data,data_1068C030
0x1068C034,0x00000004,data,data_1068C034
0x1068C038,0x00000004,data,data_1068C038
0x1068C03C,0x00000004,data,data_1068C03C
0x1068C040,0x00000004,data,data_1068C040
0x1068C044,0x00000004,data,data_1068C044
0x1068C048,0x00000004,data,data_1068C048
0x1068C04C,0x00000004,data,data_1068C04C
0x1068C050,0x00000004,data,data_1068C050
0x1068C054,0x00000004,data,data_1068C054
0x1068C058,0x00000004,data,data_1068C058
0x1068C05C,0x00000004,data,data_1068C05C
0x1068C060,0x00000004,data,data_1068C060
0x1068C064,0x00000004,data,data_1068C064
0x1068C068,0x00000004,data,data_1068C068
0x1068C06C,0x00000004,data,data_1068C06C
0x1068C070,0x00000090,data,data_1068C070
0x1068C100,0x00000004,data,data_1068C100
0x1068C104,0x00000004,data,data_1068C104
0x1068C108,0x00000004,data,data_1068C108
0x1068C10C,0x00000004,data,data_1068C10C
0x1068C110,0x00000004,data,data_1068C110
0x1068C114,0x00000004,data,data_1068C114
0x1068C118,0x00000004,data,data_1068C118
0x1068C11C,0x00000004,data,data_1068C11C
0x1068C120,0x00000004,data,data_1068C120
0x1068C124,0x00000004,data,data_1068C124
0x1068C128,0x00000004,data,data_1068C128
0x1068C12C,0x00000004,data,data_1068C12C
0x1068C130,0x00000004,data,data_1068C130
0x1068C134,0x00000004,data,data_1068C134
0x1068C138,0x00000004,data,data_1068C138
0x1068C13C,0x00000004,data,data_1068C13C
0x1068C140,0x00000004,data,data_1068C140
0x1068C144,0x00000004,data,data_1068C144
0x1068C148,0x00000004,data,data_1068C148
0x1068C14C,0x00000004,data,data_1068C14C
0x1068C150,0x00000004,data,data_1068C150
0x1068C154,0x00000004,data,data_1068C154
0x1068C158,0x00000004,data,data_1068C158
0x1068C15C,0x00000004,data,data_1068C15C
0x1068C160,0x00000004,data,data_1068C160
0x1068C164,0x00000004,data,data_1068C164
0x1068C168,0x00000004,data,data_1068C168
0x1068C16C,0x00000004,data,data_1068C16C
0x1068C170,0x00000004,data,data_1068C170
0x1068C174,0x00000004,data,data_1068C174
0x1068C178,0x00000004,data,data_1068C178
0x1068C17C,0x00000004,data,data_1068C17C
0x1068C180,0x00000004,data,data_1068C180
0x1068C184,0x00000004,data,data_1068C184
0x1068C188,0x00000004,data,data_1068C188
0x1068C18C,0x00000004,data,data_1068C18C
0x1068C190,0x00000004,data,data_1068C190
0x1068C194,0x00000004,data,data_1068C194
0x1068C198,0x00000004,data,data_1068C198
0x1068C19C,0x00000094,data,data_1068C19C
0x1068C230,0x00000004,data,data_1068C230
0x1068C234,0x00000004,data,data_1068C234
0x1068C238,0x00000004,data,data_1068C238
0x1068C23C,0x00000004,data,data_1068C23C
0x1068C240,0x00000004,data,data_1068C240
0x1068C244,0x00000004,data,data_1068C244
0x1068C248,0x00000004,data,data_1068C248
0x1068C24C,0x00000004,data,data_1068C24C
0x1068C250,0x00000004,data,data_1068C250
0x1068C254,0x00000004,data,data_1068C254
0x1068C258,0x00000004,data,data_1068C258
0x1068C25C,0x00000100,data,data_1068C25C
0x1068C35C,0x0000001C,data,data_1068C35C
0x1068C378,0x0000000C,data,data_1068C378
0x1068C384,0x00000016,data,data_1068C384
0x1068C39A,0x00000004,data,data_1068C39A
0x1068C39E,0x00000056,data,data_1068C39E
0x1068C3F4,0x00000001,data,data_1068C3F4
0x1068C3F5,0x00000047,data,data_1068C3F5
0x1068C43C,0x0000001D,data,data_1068C43C
0x1068C459,0x00000004,data,data_1068C459
0x1068C45D,0x0000001D,data,data_1068C45D
0x1068C47A,0x00000004,data,data_1068C47A
0x1068C47E,0x0000001D,data,data_1068C47E
0x1068C49B,0x00000004,data,data_1068C49B
0x1068C49F,0x00000011,data,data_1068C49F
0x1068C4B0,0x00000004,data,data_1068C4B0
0x1068C4B4,0x00000004,data,data_1068C4B4
0x1068C4B8,0x00000004,data,data_1068C4B8
0x1068C4BC,0x00000004,data,data_1068C4BC
0x1068C4C0,0x00000004,data,data_1068C4C0
0x1068C4C4,0x00000004,data,data_1068C4C4
0x1068C4C8,0x00000004,data,data_1068C4C8
0x1068C4CC,0x00000004,data,data_1068C4CC
0x1068C4D0,0x00000004,data,data_1068C4D0
0x1068C4D4,0x00000004,data,data_1068C4D4
0x1068C4D8,0x00000004,data,data_1068C4D8
0x1068C4DC,0x00000004,data,data_1068C4DC
0x1068C4E0,0x00000004,data,data_1068C4E0
0x1068C4E4,0x00000004,data,data_1068C4E4
0x1068C4E8,0x00000004,data,data_1068C4E8
0x1068C4EC,0x00000004,data,data_1068C4EC
0x1068C4F0,0x00000004,data,data_1068C4F0
0x1068C4F4,0x00000004,data,data_1068C4F4
0x1068C4F8,0x00000004,data,data_1068C4F8
0x1068C4FC,0x00000004,data,data_1068C4FC
0x1068C500,0x00000004,data,data_1068C500
0x1068C504,0x00000004,data,data_1068C504
0x1068C508,0x00000004,data,data_1068C508
0x1068C50C,0x00000004,data,data_1068C50C
0x1068C510,0x00000004,data,data_1068C510
0x1068C514,0x00000004,data,data_1068C514
0x1068C518,0x00000004,data,data_1068C518
0x1068C51C,0x00000004,data,data_1068C51C
0x1068C520,0x00000004,data,data_1068C520
0x1068C524,0x00000004,data,data_1068C524
0x1068C528,0x00000004,data,data_1068C528
0x1068C52C,0x00000004,data,data_1068C52C
0x1068C530,0x00000004,data,data_1068C530
0x1068C534,0x00000004,data,data_1068C534
0x1068C538,0x00000004,data,data_1068C538
0x1068C53C,0x00000004,data,data_1068C53C
0x1068C540,0x00000004,data,data_1068C540
0x1068C544,0x00000004,data,data_1068C544
0x1068C548,0x00000004,data,data_1068C548
0x1068C54C,0x00000004,data,data_1068C54C
0x1068C550,0x00000004,data,data_1068C550
0x1068C554,0x00000004,data,data_1068C554
0x1068C558,0x00000004,data,data_1068C558
0x1068C55C,0x00000004,data,data_1068C55C
0x1068C560,0x00000004,data,data_1068C560
0x1068C564,0x00000004,data,data_1068C564
0x1068C568,0x00000015,data,data_1068C568
0x1068C57D,0x00000013,data,data_1068C57D
0x1068C590,0x00000004,data,data_1068C590
0x1068C594,0x00000004,data,data_1068C594
0x1068C598,0x00000004,data,data_1068C598
0x1068C59C,0x00000004,data,data_1068C59C
0x1068C5A0,0x00000004,data,data_1068C5A0
0x1068C5A4,0x00000004,data,data_1068C5A4
0x1068C5A8,0x00000004,data,data_1068C5A8
0x1068C5AC,0x00000004,data,data_1068C5AC
0x1068C5B0,0x00000004,data,data_1068C5B0
0x1068C5B4,0x00000004,data,data_1068C5B4
0x1068C5B8,0x00000004,data,data_1068C5B8
0x1068C5BC,0x00000004,data,data_1068C5BC
0x1068C5C0,0x00000004,data,data_1068C5C0
0x1068C5C4,0x00000004,data,data_1068C5C4
0x1068C5C8,0x00000004,data,data_1068C5C8
0x1068C5CC,0x00000004,data,data_1068C5CC
0x1068C5D0,0x00000004,data,data_1068C5D0
0x1068C5D4,0x00000004,data,data_1068C5D4
0x1068C5D8,0x00000004,data,data_1068C5D8
0x1068C5DC,0x00000004,data,data_1068C5DC
0x1068C5E0,0x00000004,data,data_1068C5E0
0x1068C5E4,0x00000004,data,data_1068C5E4
0x1068C5E8,0x00000004,data,data_1068C5E8
0x1068C5EC,0x00000004,data,data_1068C5EC
0x1068C5F0,0x00000004,data,data_1068C5F0
0x1068C5F4,0x00000004,data,data_1068C5F4
0x1068C5F8,0x00000004,data,data_1068C5F8
0x1068C5FC,0x00000004,data,data_1068C5FC
0x1068C600,0x00000004,data,data_1068C600
0x1068C604,0x00000004,data,data_1068C604
0x1068C608,0x00000004,data,data_1068C608
0x1068C60C,0x00000004,data,data_1068C60C
0x1068C610,0x00000004,data,data_1068C610
0x1068C614,0x00000004,data,data_1068C614
0x1068C618,0x00000004,data,data_1068C618
0x1068C61C,0x00000004,data,data_1068C61C
0x1068C620,0x00000004,data,data_1068C620
0x1068C624,0x00000004,data,data_1068C624
0x1068C628,0x00000004,data,data_1068C628
0x1068C62C,0x00000004,data,data_1068C62C
0x1068C630,0x00000004,data,data_1068C630
0x1068C634,0x00000004,data,data_1068C634
0x1068C638,0x00000004,data,data_1068C638
0x1068C63C,0x00000004,data,data_1068C63C
0x1068C640,0x00000004,data,data_1068C640
0x1068C644,0x00000004,data,data_1068C644
0x1068C648,0x00000004,data,data_1068C648
0x1068C64C,0x00000004,data,data_1068C64C
0x1068C650,0x00000004,data,data_1068C650
0x1068C654,0x00000004,data,data_1068C654
0x1068C658,0x00000004,data,data_1068C658
0x1068C65C,0x00000004,data,data_1068C65C
0x1068C660,0x00000004,data,data_1068C660
0x1068C664,0x00000004,data,data_1068C664
0x1068C668,0x00000004,data,data_1068C668
0x1068C66C,0x00000004,data,data_1068C66C
0x1068C670,0x00000004,data,data_1068C670
0x1068C674,0x00000004,data,data_1068C674
0x1068C678,0x00000004,data,data_1068C678
0x1068C67C,0x00000004,data,data_1068C67C
0x1068C680,0x00000004,data,data_1068C680
0x1068C684,0x00000004,data,data_1068C684
0x1068C688,0x00000004,data,data_1068C688
0x1068C68C,0x00000004,data,data_1068C68C
0x1068C690,0x00000004,data,data_1068C690
0x1068C694,0x00000004,data,data_1068C694
0x1068C698,0x00000004,data,data_1068C698
0x1068C69C,0x00000004,data,data_1068C69C
0x1068C6A0,0x00000004,data,data_1068C6A0
0x1068C6A4,0x00000004,data,data_1068C6A4
0x1068C6A8,0x00000004,data,data_1068C6A8
0x1068C6AC,0x00000004,data,data_1068C6AC
0x1068C6B0,0x00000004,data,data_1068C6B0
0x1068C6B4,0x00000004,data,data_1068C6B4
0x1068C6B8,0x00000004,data,data_1068C6B8
0x1068C6BC,0x00000004,data,data_1068C6BC
0x1068C6C0,0x00000004,data,data_1068C6C0
0x1068C6C4,0x00000004,data,data_1068C6C4
0x1068C6C8,0x00000004,data,data_1068C6C8
0x1068C6CC,0x00000004,data,data_1068C6CC
0x1068C6D0,0x00000004,data,data_1068C6D0
0x1068C6D4,0x00000004,data,data_1068C6D4
0x1068C6D8,0x00000004,data,data_1068C6D8
0x1068C6DC,0x00000004,data,data_1068C6DC
0x1068C6E0,0x00000004,data,data_1068C6E0
0x1068C6E4,0x00000004,data,data_1068C6E4
0x1068C6E8,0x00000004,data,data_1068C6E8
0x1068C6EC,0x00000004,data,data_1068C6EC
0x1068C6F0,0x00000004,data,data_1068C6F0
0x1068C6F4,0x00000004,data,data_1068C6F4
0x1068C6F8,0x00000004,data,data_1068C6F8
0x1068C6FC,0x00000004,data,data_1068C6FC
0x1068C700,0x00000004,data,data_1068C700
0x1068C704,0x00000004,data,data_1068C704
0x1068C708,0x00000004,data,data_1068C708
0x1068C70C,0x00000004,data,data_1068C70C
0x1068C710,0x00000004,data,data_1068C710
0x1068C714,0x00000004,data,data_1068C714
0x1068C718,0x00000004,data,data_1068C718
0x1068C71C,0x00000004,data,data_1068C71C
0x1068C720,0x00000004,data,data_1068C720
0x1068C724,0x0000000C,data,data_1068C724
0x1068C730,0x00000004,data,data_1068C730
0x1068C734,0x00000004,data,data_1068C734
0x1068C738,0x00000004,data,data_1068C738
0x1068C73C,0x00000004,data,data_1068C73C
0x1068C740,0x00000004,data,data_1068C740
0x1068C744,0x00000004,data,data_1068C744
0x1068C748,0x00000034,data,data_1068C748
0x1068C77C,0x0000001D,data,data_1068C77C
0x1068C799,0x00000004,data,data_1068C799
0x1068C79D,0x0000001D,data,data_1068C79D
0x1068C7BA,0x00000004,data,data_1068C7BA
0x1068C7BE,0x0000001D,data,data_1068C7BE
0x1068C7DB,0x00000004,data,data_1068C7DB
0x1068C7DF,0x00000011,data,data_1068C7DF
0x1068C7F0,0x00000004,data,data_1068C7F0
0x1068C7F4,0x00000004,data,data_1068C7F4
0x1068C7F8,0x00000004,data,data_1068C7F8
0x1068C7FC,0x00000004,data,data_1068C7FC
0x1068C800,0x00000004,data,data_1068C800
0x1068C804,0x00000004,data,data_1068C804
0x1068C808,0x00000004,data,data_1068C808
0x1068C80C,0x00000004,data,data_1068C80C
0x1068C810,0x00000004,data,data_1068C810
0x1068C814,0x00000004,data,data_1068C814
0x1068C818,0x00000004,data,data_1068C818
0x1068C81C,0x00000004,data,data_1068C81C
0x1068C820,0x00000004,data,data_1068C820
0x1068C824,0x00000004,data,data_1068C824
0x1068C828,0x00000004,data,data_1068C828
0x1068C82C,0x00000004,data,data_1068C82C
0x1068C830,0x00000004,data,data_1068C830
0x1068C834,0x00000004,data,data_1068C834
0x1068C838,0x00000004,data,data_1068C838
0x1068C83C,0x00000004,data,data_1068C83C
0x1068C840,0x00000004,data,data_1068C840
0x1068C844,0x00000004,data,data_1068C844
0x1068C848,0x00000004,data,data_1068C848
0x1068C84C,0x00000004,data,data_1068C84C
0x1068C850,0x00000004,data,data_1068C850
0x1068C854,0x00000004,data,data_1068C854
0x1068C858,0x00000004,data,data_1068C858
0x1068C85C,0x00000004,data,data_1068C85C
0x1068C860,0x00000004,data,data_1068C860
0x1068C864,0x00000004,data,data_1068C864
0x1068C868,0x00000004,data,data_1068C868
0x1068C86C,0x00000004,data,data_1068C86C
0x1068C870,0x00000008,data,data_1068C870
0x1068C878,0x00000004,data,data_1068C878
0x1068C87C,0x00000100,data,data_1068C87C
0x1068C97C,0x00000100,data,data_1068C97C
0x1068CA7C,0x00000100,data,data_1068CA7C
0x1068CB7C,0x00000100,data,data_1068CB7C
0x1068CC7C,0x00000100,data,data_1068CC7C
0x1068CD7C,0x00000100,data,data_1068CD7C
0x1068CE7C,0x00000100,data,data_1068CE7C
0x1068CF7C,0x00000100,data,data_1068CF7C
0x1068D07C,0x00000100,data,data_1068D07C
0x1068D17C,0x00000100,data,data_1068D17C
0x1068D27C,0x00000100,data,data_1068D27C
0x1068D37C,0x00000100,data,data_1068D37C
0x1068D47C,0x00000100,data,data_1068D47C
0x1068D57C,0x00000100,data,data_1068D57C
0x1068D67C,0x00000100,data,data_1068D67C
0x1068D77C,0x00000100,data,data_1068D77C
0x1068D87C,0x00000100,data,data_1068D87C
0x1068D97C,0x00000100,data,data_1068D97C
0x1068DA7C,0x00000100,data,data_1068DA7C
0x1068DB7C,0x00000100,data,data_1068DB7C
0x1068DC7C,0x00000100,data,data_1068DC7C
0x1068DD7C,0x00000100,data,data_1068DD7C
0x1068DE7C,0x00000100,data,data_1068DE7C
0x1068DF7C,0x00000100,data,data_1068DF7C
0x1068E07C,0x00000100,data,data_1068E07C
0x1068E17C,0x00000100,data,data_1068E17C
0x1068E27C,0x00000100,data,data_1068E27C
0x1068E37C,0x00000100,data,data_1068E37C
0x1068E47C,0x00000100,data,data_1068E47C
0x1068E57C,0x00000100,data,data_1068E57C
0x1068E67C,0x00000100,data,data_1068E67C
0x1068E77C,0x00000100,data,data_1068E77C
0x1068E87C,0x00000100,data,data_1068E87C
0x1068E97C,0x00000100,data,data_1068E97C
0x1068EA7C,0x00000100,data,data_1068EA7C
0x1068EB7C,0x00000100,data,data_1068EB7C
0x1068EC7C,0x00000100,data,data_1068EC7C
0x1068ED7C,0x00000100,data,data_1068ED7C
0x1068EE7C,0x00000100,data,data_1068EE7C
0x1068EF7C,0x00000100,data,data_1068EF7C
0x1068F07C,0x00000100,data,data_1068F07C
0x1068F17C,0x00000100,data,data_1068F17C
0x1068F27C,0x00000100,data,data_1068F27C
0x1068F37C,0x00000100,data,data_1068F37C
0x1068F47C,0x00000100,data,data_1068F47C
0x1068F57C,0x00000100,data,data_1068F57C
0x1068F67C,0x00000100,data,data_1068F67C
0x1068F77C,0x00000100,data,data_1068F77C
0x1068F87C,0x00000100,data,data_1068F87C
0x1068F97C,0x00000100,data,data_1068F97C
0x1068FA7C,0x00000100,data,data_1068FA7C
0x1068FB7C,0x00000100,data,data_1068FB7C
0x1068FC7C,0x00000100,data,data_1068FC7C
0x1068FD7C,0x00000100,data,data_1068FD7C
0x1068FE7C,0x00000100,data,data_1068FE7C
0x1068FF7C,0x00000100,data,data_1068FF7C
0x1069007C,0x00000100,data,data_1069007C
0x1069017C,0x00000100,data,data_1069017C
0x1069027C,0x00000100,data,data_1069027C
0x1069037C,0x00000100,data,data_1069037C
0x1069047C,0x00000100,data,data_1069047C
0x1069057C,0x00000100,data,data_1069057C
0x1069067C,0x00000100,data,data_1069067C
0x1069077C,0x00000100,data,data_1069077C
0x1069087C,0x00000100,data,data_1069087C
0x1069097C,0x00000100,data,data_1069097C
0x10690A7C,0x00000100,data,data_10690A7C
0x10690B7C,0x00000100,data,data_10690B7C
0x10690C7C,0x00000100,data,data_10690C7C
0x10690D7C,0x00000100,data,data_10690D7C
0x10690E7C,0x00000100,data,data_10690E7C
0x10690F7C,0x00000100,data,data_10690F7C
0x1069107C,0x00000100,data,data_1069107C
0x1069117C,0x00000100,data,data_1069117C
0x1069127C,0x00000100,data,data_1069127C
0x1069137C,0x00000100,data,data_1069137C
0x1069147C,0x00000100,data,data_1069147C
0x1069157C,0x00000100,data,data_1069157C
0x1069167C,0x00000100,data,data_1069167C
0x1069177C,0x00000100,data,data_1069177C
0x1069187C,0x00000100,data,data_1069187C
0x1069197C,0x00000100,data,data_1069197C
0x10691A7C,0x00000100,data,data_10691A7C
0x10691B7C,0x00000100,data,data_10691B7C
0x10691C7C,0x00000100,data,data_10691C7C
0x10691D7C,0x00000100,data,data_10691D7C
0x10691E7C,0x00000100,data,data_10691E7C
0x10691F7C,0x00000100,data,data_10691F7C
0x1069207C,0x00000100,data,data_1069207C
0x1069217C,0x00000100,data,data_1069217C
0x1069227C,0x00000100,data,data_1069227C
0x1069237C,0x00000100,data,data_1069237C
0x1069247C,0x00000100,data,data_1069247C
0x1069257C,0x00000100,data,data_1069257C
0x1069267C,0x00000100,data,data_1069267C
0x1069277C,0x00000100,data,data_1069277C
0x1069287C,0x00000100,data,data_1069287C
0x1069297C,0x00000100,data,data_1069297C
0x10692A7C,0x00000100,data,data_10692A7C
0x10692B7C,0x00000100,data,data_10692B7C
0x10692C7C,0x00000100,data,data_10692C7C
0x10692D7C,0x00000100,data,data_10692D7C
0x10692E7C,0x00000100,data,data_10692E7C
0x10692F7C,0x00000100,data,data_10692F7C
0x1069307C,0x00000100,data,data_1069307C
0x1069317C,0x00000100,data,data_1069317C
0x1069327C,0x00000100,data,data_1069327C
0x1069337C,0x00000100,data,data_1069337C
0x1069347C,0x00000100,data,data_1069347C
0x1069357C,0x00000100,data,data_1069357C
0x1069367C,0x00000100,data,data_1069367C
0x1069377C,0x00000100,data,data_1069377C
0x1069387C,0x00000100,data,data_1069387C
0x1069397C,0x00000100,data,data_1069397C
0x10693A7C,0x00000100,data,data_10693A7C
0x10693B7C,0x00000100,data,data_10693B7C
0x10693C7C,0x00000100,data,data_10693C7C
0x10693D7C,0x00000100,data,data_10693D7C
0x10693E7C,0x00000100,data,data_10693E7C
0x10693F7C,0x00000100,data,data_10693F7C
0x1069407C,0x00000100,data,data_1069407C
0x1069417C,0x00000100,data,data_1069417C
0x1069427C,0x00000100,data,data_1069427C
0x1069437C,0x00000100,data,data_1069437C
0x1069447C,0x00000100,data,data_1069447C
0x1069457C,0x00000100,data,data_1069457C
0x1069467C,0x00000100,data,data_1069467C
0x1069477C,0x00000100,data,data_1069477C
0x1069487C,0x00000100,data,data_1069487C
0x1069497C,0x00000100,data,data_1069497C
0x10694A7C,0x00000100,data,data_10694A7C
0x10694B7C,0x00000100,data,data_10694B7C
0x10694C7C,0x00000100,data,data_10694C7C
0x10694D7C,0x00000100,data,data_10694D7C
0x10694E7C,0x00000100,data,data_10694E7C
0x10694F7C,0x00000100,data,data_10694F7C
0x1069507C,0x00000100,data,data_1069507C
0x1069517C,0x00000100,data,data_1069517C
0x1069527C,0x00000100,data,data_1069527C
0x1069537C,0x00000100,data,data_1069537C
0x1069547C,0x00000100,data,data_1069547C
0x1069557C,0x00000100,data,data_1069557C
0x1069567C,0x00000100,data,data_1069567C
0x1069577C,0x00000100,data,data_1069577C
0x1069587C,0x00000100,data,data_1069587C
0x1069597C,0x00000100,data,data_1069597C
0x10695A7C,0x00000100,data,data_10695A7C
0x10695B7C,0x00000100,data,data_10695B7C
0x10695C7C,0x00000100,data,data_10695C7C
0x10695D7C,0x00000100,data,data_10695D7C
0x10695E7C,0x00000100,data,data_10695E7C
0x10695F7C,0x00000100,data,data_10695F7C
0x1069607C,0x00000100,data,data_1069607C
0x1069617C,0x00000100,data,data_1069617C
0x1069627C,0x00000100,data,data_1069627C
0x1069637C,0x00000100,data,data_1069637C
0x1069647C,0x00000100,data,data_1069647C
0x1069657C,0x00000100,data,data_1069657C
0x1069667C,0x00000100,data,data_1069667C
0x1069677C,0x00000100,data,data_1069677C
0x1069687C,0x00000100,data,data_1069687C
0x1069697C,0x00000100,data,data_1069697C
0x10696A7C,0x00000100,data,data_10696A7C
0x10696B7C,0x00000100,data,data_10696B7C
0x10696C7C,0x00000100,data,data_10696C7C
0x10696D7C,0x00000100,data,data_10696D7C
0x10696E7C,0x00000100,data,data_10696E7C
0x10696F7C,0x00000100,data,data_10696F7C
0x1069707C,0x00000100,data,data_1069707C
0x1069717C,0x00000100,data,data_1069717C
0x1069727C,0x00000100,data,data_1069727C
0x1069737C,0x00000100,data,data_1069737C
0x1069747C,0x00000100,data,data_1069747C
0x1069757C,0x00000100,data,data_1069757C
0x1069767C,0x00000100,data,data_1069767C
0x1069777C,0x00000100,data,data_1069777C
0x1069787C,0x00000100,data,data_1069787C
0x1069797C,0x00000100,data,data_1069797C
0x10697A7C,0x00000100,data,data_10697A7C
0x10697B7C,0x00000100,data,data_10697B7C
0x10697C7C,0x00000100,data,data_10697C7C
0x10697D7C,0x00000100,data,data_10697D7C
0x10697E7C,0x00000100,data,data_10697E7C
0x10697F7C,0x00000100,data,data_10697F7C
0x1069807C,0x00000100,data,data_1069807C
0x1069817C,0x00000100,data,data_1069817C
0x1069827C,0x00000100,data,data_1069827C
0x1069837C,0x00000100,data,data_1069837C
0x1069847C,0x00000100,data,data_1069847C
0x1069857C,0x00000100,data,data_1069857C
0x1069867C,0x00000100,data,data_1069867C
0x1069877C,0x00000100,data,data_1069877C
0x1069887C,0x00000100,data,data_1069887C
0x1069897C,0x00000100,data,data_1069897C
0x10698A7C,0x00000100,data,data_10698A7C
0x10698B7C,0x00000100,data,data_10698B7C
0x10698C7C,0x00000100,data,data_10698C7C
0x10698D7C,0x00000100,data,data_10698D7C
0x10698E7C,0x00000100,data,data_10698E7C
0x10698F7C,0x00000100,data,data_10698F7C
0x1069907C,0x00000100,data,data_1069907C
0x1069917C,0x00000100,data,data_1069917C
0x1069927C,0x00000100,data,data_1069927C
0x1069937C,0x00000100,data,data_1069937C
0x1069947C,0x00000100,data,data_1069947C
0x1069957C,0x00000100,data,data_1069957C
0x1069967C,0x00000100,data,data_1069967C
0x1069977C,0x00000100,data,data_1069977C
0x1069987C,0x00000100,data,data_1069987C
0x1069997C,0x00000100,data,data_1069997C
0x10699A7C,0x00000100,data,data_10699A7C
0x10699B7C,0x00000100,data,data_10699B7C
0x10699C7C,0x00000100,data,data_10699C7C
0x10699D7C,0x00000100,data,data_10699D7C
0x10699E7C,0x00000100,data,data_10699E7C
0x10699F7C,0x00000100,data,data_10699F7C
0x1069A07C,0x00000100,data,data_1069A07C
0x1069A17C,0x00000100,data,data_1069A17C
0x1069A27C,0x00000100,data,data_1069A27C
0x1069A37C,0x00000100,data,data_1069A37C
0x1069A47C,0x00000100,data,data_1069A47C
0x1069A57C,0x00000100,data,data_1069A57C
0x1069A67C,0x00000100,data,data_1069A67C
0x1069A77C,0x00000100,data,data_1069A77C
0x1069A87C,0x00000100,data,data_1069A87C
0x1069A97C,0x00000100,data,data_1069A97C
0x1069AA7C,0x00000100,data,data_1069AA7C
0x1069AB7C,0x00000100,data,data_1069AB7C
0x1069AC7C,0x00000100,data,data_1069AC7C
0x1069AD7C,0x00000100,data,data_1069AD7C
0x1069AE7C,0x00000100,data,data_1069AE7C
0x1069AF7C,0x00000100,data,data_1069AF7C
0x1069B07C,0x00000100,data,data_1069B07C
0x1069B17C,0x00000100,data,data_1069B17C
0x1069B27C,0x00000100,data,data_1069B27C
0x1069B37C,0x00000100,data,data_1069B37C
0x1069B47C,0x00000100,data,data_1069B47C
0x1069B57C,0x00000100,data,data_1069B57C
0x1069B67C,0x00000100,data,data_1069B67C
0x1069B77C,0x00000100,data,data_1069B77C
0x1069B87C,0x00000100,data,data_1069B87C
0x1069B97C,0x00000100,data,data_1069B97C
0x1069BA7C,0x00000100,data,data_1069BA7C
0x1069BB7C,0x00000100,data,data_1069BB7C
0x1069BC7C,0x00000100,data,data_1069BC7C
0x1069BD7C,0x00000100,data,data_1069BD7C
0x1069BE7C,0x00000100,data,data_1069BE7C
0x1069BF7C,0x00000100,data,data_1069BF7C
0x1069C07C,0x00000100,data,data_1069C07C
0x1069C17C,0x00000100,data,data_1069C17C
0x1069C27C,0x00000100,data,data_1069C27C
0x1069C37C,0x00000100,data,data_1069C37C
0x1069C47C,0x00000100,data,data_1069C47C
0x1069C57C,0x00000100,data,data_1069C57C
0x1069C67C,0x00000100,data,data_1069C67C
0x1069C77C,0x00000100,data,data_1069C77C
0x1069C87C,0x00000100,data,data_1069C87C
0x1069C97C,0x00000100,data,data_1069C97C
0x1069CA7C,0x00000100,data,data_1069CA7C
0x1069CB7C,0x00000100,data,data_1069CB7C
0x1069CC7C,0x00000100,data,data_1069CC7C
0x1069CD7C,0x00000100,data,data_1069CD7C
0x1069CE7C,0x00000100,data,data_1069CE7C
0x1069CF7C,0x00000100,data,data_1069CF7C
0x1069D07C,0x00000100,data,data_1069D07C
0x1069D17C,0x00000100,data,data_1069D17C
0x1069D27C,0x00000100,data,data_1069D27C
0x1069D37C,0x00000100,data,data_1069D37C
0x1069D47C,0x00000100,data,data_1069D47C
0x1069D57C,0x00000100,data,data_1069D57C
0x1069D67C,0x00000100,data,data_1069D67C
0x1069D77C,0x00000100,data,data_1069D77C
0x1069D87C,0x00000100,data,data_1069D87C
0x1069D97C,0x00000100,data,data_1069D97C
0x1069DA7C,0x00000100,data,data_1069DA7C
0x1069DB7C,0x00000100,data,data_1069DB7C
0x1069DC7C,0x00000100,data,data_1069DC7C
0x1069DD7C,0x00000100,data,data_1069DD7C
0x1069DE7C,0x00000100,data,data_1069DE7C
0x1069DF7C,0x00000100,data,data_1069DF7C
0x1069E07C,0x00000100,data,data_1069E07C
0x1069E17C,0x00000100,data,data_1069E17C
0x1069E27C,0x00000100,data,data_1069E27C
0x1069E37C,0x00000100,data,data_1069E37C
0x1069E47C,0x00000100,data,data_1069E47C
0x1069E57C,0x00000100,data,data_1069E57C
0x1069E67C,0x00000100,data,data_1069E67C
0x1069E77C,0x00000100,data,data_1069E77C
0x1069E87C,0x00000100,data,data_1069E87C
0x1069E97C,0x00000100,data,data_1069E97C
0x1069EA7C,0x00000100,data,data_1069EA7C
0x1069EB7C,0x00000100,data,data_1069EB7C
0x1069EC7C,0x00000100,data,data_1069EC7C
0x1069ED7C,0x00000100,data,data_1069ED7C
0x1069EE7C,0x00000100,data,data_1069EE7C
0x1069EF7C,0x00000100,data,data_1069EF7C
0x1069F07C,0x00000100,data,data_1069F07C
0x1069F17C,0x00000100,data,data_1069F17C
0x1069F27C,0x00000100,data,data_1069F27C
0x1069F37C,0x00000100,data,data_1069F37C
0x1069F47C,0x00000100,data,data_1069F47C
0x1069F57C,0x00000100,data,data_1069F57C
0x1069F67C,0x00000100,data,data_1069F67C
0x1069F77C,0x00000100,data,data_1069F77C
0x1069F87C,0x00000100,data,data_1069F87C
0x1069F97C,0x00000100,data,data_1069F97C
0x1069FA7C,0x00000100,data,data_1069FA7C
0x1069FB7C,0x00000100,data,data_1069FB7C
0x1069FC7C,0x00000100,data,data_1069FC7C
0x1069FD7C,0x00000100,data,data_1069FD7C
0x1069FE7C,0x00000100,data,data_1069FE7C
0x1069FF7C,0x00000100,data,data_1069FF7C
0x106A007C,0x00000100,data,data_106A007C
0x106A017C,0x00000100,data,data_106A017C
0x106A027C,0x00000100,data,data_106A027C
0x106A037C,0x00000100,data,data_106A037C
0x106A047C,0x00000100,data,data_106A047C
0x106A057C,0x00000100,data,data_106A057C
0x106A067C,0x00000100,data,data_106A067C
0x106A077C,0x00000100,data,data_106A077C
0x106A087C,0x00000100,data,data_106A087C
0x106A097C,0x00000100,data,data_106A097C
0x106A0A7C,0x00000100,data,data_106A0A7C
0x106A0B7C,0x00000100,data,data_106A0B7C
0x106A0C7C,0x00000100,data,data_106A0C7C
0x106A0D7C,0x00000100,data,data_106A0D7C
0x106A0E7C,0x00000100,data,data_106A0E7C
0x106A0F7C,0x00000100,data,data_106A0F7C
0x106A107C,0x00000100,data,data_106A107C
0x106A117C,0x00000100,data,data_106A117C
0x106A127C,0x00000100,data,data_106A127C
0x106A137C,0x00000100,data,data_106A137C
0x106A147C,0x00000100,data,data_106A147C
0x106A157C,0x00000100,data,data_106A157C
0x106A167C,0x00000100,data,data_106A167C
0x106A177C,0x00000100,data,data_106A177C
0x106A187C,0x00000100,data,data_106A187C
0x106A197C,0x00000100,data,data_106A197C
0x106A1A7C,0x00000100,data,data_106A1A7C
0x106A1B7C,0x00000100,data,data_106A1B7C
0x106A1C7C,0x00000100,data,data_106A1C7C
0x106A1D7C,0x00000100,data,data_106A1D7C
0x106A1E7C,0x00000100,data,data_106A1E7C
0x106A1F7C,0x00000100,data,data_106A1F7C
0x106A207C,0x00000100,data,data_106A207C
0x106A217C,0x00000100,data,data_106A217C
0x106A227C,0x00000100,data,data_106A227C
0x106A237C,0x00000100,data,data_106A237C
0x106A247C,0x00000100,data,data_106A247C
0x106A257C,0x00000100,data,data_106A257C
0x106A267C,0x00000100,data,data_106A267C
0x106A277C,0x00000100,data,data_106A277C
0x106A287C,0x00000100,data,data_106A287C
0x106A297C,0x00000100,data,data_106A297C
0x106A2A7C,0x00000100,data,data_106A2A7C
0x106A2B7C,0x00000100,data,data_106A2B7C
0x106A2C7C,0x00000100,data,data_106A2C7C
0x106A2D7C,0x00000100,data,data_106A2D7C
0x106A2E7C,0x00000100,data,data_106A2E7C
0x106A2F7C,0x00000100,data,data_106A2F7C
0x106A307C,0x00000100,data,data_106A307C
0x106A317C,0x00000100,data,data_106A317C
0x106A327C,0x00000100,data,data_106A327C
0x106A337C,0x00000100,data,data_106A337C
0x106A347C,0x00000100,data,data_106A347C
0x106A357C,0x00000100,data,data_106A357C
0x106A367C,0x00000100,data,data_106A367C
0x106A377C,0x00000100,data,data_106A377C
0x106A387C,0x00000100,data,data_106A387C
0x106A397C,0x00000100,data,data_106A397C
0x106A3A7C,0x00000100,data,data_106A3A7C
0x106A3B7C,0x00000100,data,data_106A3B7C
0x106A3C7C,0x00000100,data,data_106A3C7C
0x106A3D7C,0x00000100,data,data_106A3D7C
0x106A3E7C,0x00000100,data,data_106A3E7C
0x106A3F7C,0x00000100,data,data_106A3F7C
0x106A407C,0x00000100,data,data_106A407C
0x106A417C,0x00000100,data,data_106A417C
0x106A427C,0x00000100,data,data_106A427C
0x106A437C,0x00000100,data,data_106A437C
0x106A447C,0x00000100,data,data_106A447C
0x106A457C,0x00000100,data,data_106A457C
0x106A467C,0x00000100,data,data_106A467C
0x106A477C,0x00000100,data,data_106A477C
0x106A487C,0x00000100,data,data_106A487C
0x106A497C,0x00000100,data,data_106A497C
0x106A4A7C,0x00000100,data,data_106A4A7C
0x106A4B7C,0x00000100,data,data_106A4B7C
0x106A4C7C,0x00000100,data,data_106A4C7C
0x106A4D7C,0x00000100,data,data_106A4D7C
0x106A4E7C,0x00000100,data,data_106A4E7C
0x106A4F7C,0x00000100,data,data_106A4F7C
0x106A507C,0x00000100,data,data_106A507C
0x106A517C,0x00000100,data,data_106A517C
0x106A527C,0x00000100,data,data_106A527C
0x106A537C,0x00000100,data,data_106A537C
0x106A547C,0x00000100,data,data_106A547C
0x106A557C,0x00000100,data,data_106A557C
0x106A567C,0x00000100,data,data_106A567C
0x106A577C,0x00000100,data,data_106A577C
0x106A587C,0x00000100,data,data_106A587C
0x106A597C,0x00000100,data,data_106A597C
0x106A5A7C,0x00000100,data,data_106A5A7C
0x106A5B7C,0x00000100,data,data_106A5B7C
0x106A5C7C,0x00000100,data,data_106A5C7C
0x106A5D7C,0x00000100,data,data_106A5D7C
0x106A5E7C,0x00000100,data,data_106A5E7C
0x106A5F7C,0x00000100,data,data_106A5F7C
0x106A607C,0x00000100,data,data_106A607C
0x106A617C,0x00000100,data,data_106A617C
0x106A627C,0x00000100,data,data_106A627C
0x106A637C,0x00000100,data,data_106A637C
0x106A647C,0x00000100,data,data_106A647C
0x106A657C,0x00000100,data,data_106A657C
0x106A667C,0x00000100,data,data_106A667C
0x106A677C,0x00000100,data,data_106A677C
0x106A687C,0x00000100,data,data_106A687C
0x106A697C,0x00000100,data,data_106A697C
0x106A6A7C,0x00000100,data,data_106A6A7C
0x106A6B7C,0x00000100,data,data_106A6B7C
0x106A6C7C,0x00000100,data,data_106A6C7C
0x106A6D7C,0x00000100,data,data_106A6D7C
0x106A6E7C,0x00000100,data,data_106A6E7C
0x106A6F7C,0x00000100,data,data_106A6F7C
0x106A707C,0x00000100,data,data_106A707C
0x106A717C,0x00000100,data,data_106A717C
0x106A727C,0x00000100,data,data_106A727C
0x106A737C,0x00000100,data,data_106A737C
0x106A747C,0x00000100,data,data_106A747C
0x106A757C,0x00000100,data,data_106A757C
0x106A767C,0x00000100,data,data_106A767C
0x106A777C,0x00000100,data,data_106A777C
0x106A787C,0x00000100,data,data_106A787C
0x106A797C,0x00000100,data,data_106A797C
0x106A7A7C,0x00000100,data,data_106A7A7C
0x106A7B7C,0x00000100,data,data_106A7B7C
0x106A7C7C,0x00000100,data,data_106A7C7C
0x106A7D7C,0x00000100,data,data_106A7D7C
0x106A7E7C,0x00000100,data,data_106A7E7C
0x106A7F7C,0x00000100,data,data_106A7F7C
0x106A807C,0x00000100,data,data_106A807C
0x106A817C,0x00000100,data,data_106A817C
0x106A827C,0x00000100,data,data_106A827C
0x106A837C,0x00000100,data,data_106A837C
0x106A847C,0x00000100,data,data_106A847C
0x106A857C,0x00000100,data,data_106A857C
0x106A867C,0x00000100,data,data_106A867C
0x106A877C,0x00000100,data,data_106A877C
0x106A887C,0x00000100,data,data_106A887C
0x106A897C,0x00000100,data,data_106A897C
0x106A8A7C,0x00000100,data,data_106A8A7C
0x106A8B7C,0x00000100,data,data_106A8B7C
0x106A8C7C,0x00000100,data,data_106A8C7C
0x106A8D7C,0x00000100,data,data_106A8D7C
0x106A8E7C,0x00000100,data,data_106A8E7C
0x106A8F7C,0x00000100,data,data_106A8F7C
0x106A907C,0x00000100,data,data_106A907C
0x106A917C,0x00000100,data,data_106A917C
0x106A927C,0x00000100,data,data_106A927C
0x106A937C,0x00000100,data,data_106A937C
0x106A947C,0x00000100,data,data_106A947C
0x106A957C,0x00000100,data,data_106A957C
0x106A967C,0x00000100,data,data_106A967C
0x106A977C,0x00000100,data,data_106A977C
0x106A987C,0x00000100,data,data_106A987C
0x106A997C,0x00000100,data,data_106A997C
0x106A9A7C,0x00000100,data,data_106A9A7C
0x106A9B7C,0x00000100,data,data_106A9B7C
0x106A9C7C,0x00000100,data,data_106A9C7C
0x106A9D7C,0x00000100,data,data_106A9D7C
0x106A9E7C,0x00000100,data,data_106A9E7C
0x106A9F7C,0x00000100,data,data_106A9F7C
0x106AA07C,0x00000100,data,data_106AA07C
0x106AA17C,0x00000100,data,data_106AA17C
0x106AA27C,0x00000100,data,data_106AA27C
0x106AA37C,0x00000100,data,data_106AA37C
0x106AA47C,0x00000100,data,data_106AA47C
0x106AA57C,0x00000100,data,data_106AA57C
0x106AA67C,0x00000100,data,data_106AA67C
0x106AA77C,0x00000100,data,data_106AA77C
0x106AA87C,0x00000100,data,data_106AA87C
0x106AA97C,0x00000100,data,data_106AA97C
0x106AAA7C,0x00000100,data,data_106AAA7C
0x106AAB7C,0x00000100,data,data_106AAB7C
0x106AAC7C,0x00000100,data,data_106AAC7C
0x106AAD7C,0x00000100,data,data_106AAD7C
0x106AAE7C,0x00000100,data,data_106AAE7C
0x106AAF7C,0x00000100,data,data_106AAF7C
0x106AB07C,0x00000100,data,data_106AB07C
0x106AB17C,0x00000100,data,data_106AB17C
0x106AB27C,0x00000100,data,data_106AB27C
0x106AB37C,0x00000100,data,data_106AB37C
0x106AB47C,0x00000100,data,data_106AB47C
0x106AB57C,0x00000100,data,data_106AB57C
0x106AB67C,0x00000100,data,data_106AB67C
0x106AB77C,0x00000100,data,data_106AB77C
0x106AB87C,0x00000100,data,data_106AB87C
0x106AB97C,0x00000100,data,data_106AB97C
0x106ABA7C,0x00000100,data,data_106ABA7C
0x106ABB7C,0x00000100,data,data_106ABB7C
0x106ABC7C,0x00000100,data,data_106ABC7C
0x106ABD7C,0x00000100,data,data_106ABD7C
0x106ABE7C,0x00000100,data,data_106ABE7C
0x106ABF7C,0x00000100,data,data_106ABF7C
0x106AC07C,0x00000100,data,data_106AC07C
0x106AC17C,0x00000100,data,data_106AC17C
0x106AC27C,0x00000100,data,data_106AC27C
0x106AC37C,0x00000100,data,data_106AC37C
0x106AC47C,0x00000100,data,data_106AC47C
0x106AC57C,0x00000100,data,data_106AC57C
0x106AC67C,0x00000100,data,data_106AC67C
0x106AC77C,0x00000100,data,data_106AC77C
0x106AC87C,0x00000100,data,data_106AC87C
0x106AC97C,0x00000100,data,data_106AC97C
0x106ACA7C,0x00000100,data,data_106ACA7C
0x106ACB7C,0x00000100,data,data_106ACB7C
0x106ACC7C,0x00000100,data,data_106ACC7C
0x106ACD7C,0x00000100,data,data_106ACD7C
0x106ACE7C,0x00000100,data,data_106ACE7C
0x106ACF7C,0x00000100,data,data_106ACF7C
0x106AD07C,0x00000100,data,data_106AD07C
0x106AD17C,0x00000100,data,data_106AD17C
0x106AD27C,0x00000100,data,data_106AD27C
0x106AD37C,0x00000100,data,data_106AD37C
0x106AD47C,0x00000100,data,data_106AD47C
0x106AD57C,0x00000100,data,data_106AD57C
0x106AD67C,0x00000100,data,data_106AD67C
0x106AD77C,0x00000100,data,data_106AD77C
0x106AD87C,0x00000100,data,data_106AD87C
0x106AD97C,0x00000100,data,data_106AD97C
0x106ADA7C,0x00000100,data,data_106ADA7C
0x106ADB7C,0x00000100,data,data_106ADB7C
0x106ADC7C,0x00000100,data,data_106ADC7C
0x106ADD7C,0x00000100,data,data_106ADD7C
0x106ADE7C,0x00000100,data,data_106ADE7C
0x106ADF7C,0x00000100,data,data_106ADF7C
0x106AE07C,0x00000100,data,data_106AE07C
0x106AE17C,0x00000100,data,data_106AE17C
0x106AE27C,0x00000100,data,data_106AE27C
0x106AE37C,0x00000100,data,data_106AE37C
0x106AE47C,0x00000100,data,data_106AE47C
0x106AE57C,0x00000100,data,data_106AE57C
0x106AE67C,0x00000100,data,data_106AE67C
0x106AE77C,0x00000100,data,data_106AE77C
0x106AE87C,0x00000100,data,data_106AE87C
0x106AE97C,0x00000100,data,data_106AE97C
0x106AEA7C,0x00000100,data,data_106AEA7C
0x106AEB7C,0x00000100,data,data_106AEB7C
0x106AEC7C,0x00000100,data,data_106AEC7C
0x106AED7C,0x00000100,data,data_106AED7C
0x106AEE7C,0x00000100,data,data_106AEE7C
0x106AEF7C,0x00000100,data,data_106AEF7C
0x106AF07C,0x00000100,data,data_106AF07C
0x106AF17C,0x00000100,data,data_106AF17C
0x106AF27C,0x00000100,data,data_106AF27C
0x106AF37C,0x00000100,data,data_106AF37C
0x106AF47C,0x00000100,data,data_106AF47C
0x106AF57C,0x00000100,data,data_106AF57C
0x106AF67C,0x00000100,data,data_106AF67C
0x106AF77C,0x00000100,data,data_106AF77C
0x106AF87C,0x00000100,data,data_106AF87C
0x106AF97C,0x00000100,data,data_106AF97C
0x106AFA7C,0x00000100,data,data_106AFA7C
0x106AFB7C,0x00000100,data,data_106AFB7C
0x106AFC7C,0x00000100,data,data_106AFC7C
0x106AFD7C,0x00000100,data,data_106AFD7C
0x106AFE7C,0x00000100,data,data_106AFE7C
0x106AFF7C,0x00000100,data,data_106AFF7C
0x106B007C,0x00000100,data,data_106B007C
0x106B017C,0x00000100,data,data_106B017C
0x106B027C,0x00000100,data,data_106B027C
0x106B037C,0x00000100,data,data_106B037C
0x106B047C,0x00000100,data,data_106B047C
0x106B057C,0x00000100,data,data_106B057C
0x106B067C,0x00000100,data,data_106B067C
0x106B077C,0x00000100,data,data_106B077C
0x106B087C,0x00000100,data,data_106B087C
0x106B097C,0x00000100,data,data_106B097C
0x106B0A7C,0x00000100,data,data_106B0A7C
0x106B0B7C,0x00000100,data,data_106B0B7C
0x106B0C7C,0x00000100,data,data_106B0C7C
0x106B0D7C,0x00000100,data,data_106B0D7C
0x106B0E7C,0x00000100,data,data_106B0E7C
0x106B0F7C,0x00000100,data,data_106B0F7C
0x106B107C,0x00000100,data,data_106B107C
0x106B117C,0x00000100,data,data_106B117C
0x106B127C,0x00000100,data,data_106B127C
0x106B137C,0x00000100,data,data_106B137C
0x106B147C,0x00000100,data,data_106B147C
0x106B157C,0x00000100,data,data_106B157C
0x106B167C,0x00000100,data,data_106B167C
0x106B177C,0x00000100,data,data_106B177C
0x106B187C,0x00000100,data,data_106B187C
0x106B197C,0x00000100,data,data_106B197C
0x106B1A7C,0x00000100,data,data_106B1A7C
0x106B1B7C,0x00000100,data,data_106B1B7C
0x106B1C7C,0x00000100,data,data_106B1C7C
0x106B1D7C,0x00000100,data,data_106B1D7C
0x106B1E7C,0x00000100,data,data_106B1E7C
0x106B1F7C,0x00000100,data,data_106B1F7C
0x106B207C,0x00000100,data,data_106B207C
0x106B217C,0x00000100,data,data_106B217C
0x106B227C,0x00000100,data,data_106B227C
0x106B237C,0x00000100,data,data_106B237C
0x106B247C,0x00000100,data,data_106B247C
0x106B257C,0x00000100,data,data_106B257C
0x106B267C,0x00000100,data,data_106B267C
0x106B277C,0x00000100,data,data_106B277C
0x106B287C,0x00000100,data,data_106B287C
0x106B297C,0x00000100,data,data_106B297C
0x106B2A7C,0x00000100,data,data_106B2A7C
0x106B2B7C,0x00000100,data,data_106B2B7C
0x106B2C7C,0x00000100,data,data_106B2C7C
0x106B2D7C,0x00000100,data,data_106B2D7C
0x106B2E7C,0x00000100,data,data_106B2E7C
0x106B2F7C,0x00000100,data,data_106B2F7C
0x106B307C,0x00000100,data,data_106B307C
0x106B317C,0x00000100,data,data_106B317C
0x106B327C,0x00000100,data,data_106B327C
0x106B337C,0x00000100,data,data_106B337C
0x106B347C,0x00000100,data,data_106B347C
0x106B357C,0x00000100,data,data_106B357C
0x106B367C,0x00000100,data,data_106B367C
0x106B377C,0x00000100,data,data_106B377C
0x106B387C,0x00000100,data,data_106B387C
0x106B397C,0x00000100,data,data_106B397C
0x106B3A7C,0x00000100,data,data_106B3A7C
0x106B3B7C,0x00000100,data,data_106B3B7C
0x106B3C7C,0x00000100,data,data_106B3C7C
0x106B3D7C,0x00000100,data,data_106B3D7C
0x106B3E7C,0x00000100,data,data_106B3E7C
0x106B3F7C,0x00000100,data,data_106B3F7C
0x106B407C,0x00000100,data,data_106B407C
0x106B417C,0x00000100,data,data_106B417C
0x106B427C,0x00000100,data,data_106B427C
0x106B437C,0x00000100,data,data_106B437C
0x106B447C,0x00000100,data,data_106B447C
0x106B457C,0x00000100,data,data_106B457C
0x106B467C,0x00000100,data,data_106B467C
0x106B477C,0x00000100,data,data_106B477C
0x106B487C,0x00000100,data,data_106B487C
0x106B497C,0x00000100,data,data_106B497C
0x106B4A7C,0x00000100,data,data_106B4A7C
0x106B4B7C,0x00000100,data,data_106B4B7C
0x106B4C7C,0x00000100,data,data_106B4C7C
0x106B4D7C,0x00000100,data,data_106B4D7C
0x106B4E7C,0x00000100,data,data_106B4E7C
0x106B4F7C,0x00000100,data,data_106B4F7C
0x106B507C,0x00000100,data,data_106B507C
0x106B517C,0x00000100,data,data_106B517C
0x106B527C,0x00000100,data,data_106B527C
0x106B537C,0x00000100,data,data_106B537C
0x106B547C,0x00000100,data,data_106B547C
0x106B557C,0x00000100,data,data_106B557C
0x106B567C,0x00000100,data,data_106B567C
0x106B577C,0x00000100,data,data_106B577C
0x106B587C,0x00000100,data,data_106B587C
0x106B597C,0x00000100,data,data_106B597C
0x106B5A7C,0x00000100,data,data_106B5A7C
0x106B5B7C,0x00000100,data,data_106B5B7C
0x106B5C7C,0x00000100,data,data_106B5C7C
0x106B5D7C,0x00000100,data,data_106B5D7C
0x106B5E7C,0x00000100,data,data_106B5E7C
0x106B5F7C,0x00000100,data,data_106B5F7C
0x106B607C,0x00000100,data,data_106B607C
0x106B617C,0x00000100,data,data_106B617C
0x106B627C,0x00000100,data,data_106B627C
0x106B637C,0x00000100,data,data_106B637C
0x106B647C,0x00000100,data,data_106B647C
0x106B657C,0x00000100,data,data_106B657C
0x106B667C,0x00000100,data,data_106B667C
0x106B677C,0x00000100,data,data_106B677C
0x106B687C,0x00000100,data,data_106B687C
0x106B697C,0x00000100,data,data_106B697C
0x106B6A7C,0x00000100,data,data_106B6A7C
0x106B6B7C,0x00000100,data,data_106B6B7C
0x106B6C7C,0x00000100,data,data_106B6C7C
0x106B6D7C,0x00000100,data,data_106B6D7C
0x106B6E7C,0x00000100,data,data_106B6E7C
0x106B6F7C,0x00000100,data,data_106B6F7C
0x106B707C,0x00000100,data,data_106B707C
0x106B717C,0x00000100,data,data_106B717C
0x106B727C,0x00000100,data,data_106B727C
0x106B737C,0x00000100,data,data_106B737C
0x106B747C,0x00000100,data,data_106B747C
0x106B757C,0x00000100,data,data_106B757C
0x106B767C,0x00000100,data,data_106B767C
0x106B777C,0x00000100,data,data_106B777C
0x106B787C,0x00000100,data,data_106B787C
0x106B797C,0x00000100,data,data_106B797C
0x106B7A7C,0x00000100,data,data_106B7A7C
0x106B7B7C,0x00000100,data,data_106B7B7C
0x106B7C7C,0x00000100,data,data_106B7C7C
0x106B7D7C,0x00000100,data,data_106B7D7C
0x106B7E7C,0x00000100,data,data_106B7E7C
0x106B7F7C,0x00000100,data,data_106B7F7C
0x106B807C,0x00000100,data,data_106B807C
0x106B817C,0x00000100,data,data_106B817C
0x106B827C,0x00000100,data,data_106B827C
0x106B837C,0x00000100,data,data_106B837C
0x106B847C,0x00000100,data,data_106B847C
0x106B857C,0x00000100,data,data_106B857C
0x106B867C,0x00000100,data,data_106B867C
0x106B877C,0x00000100,data,data_106B877C
0x106B887C,0x00000100,data,data_106B887C
0x106B897C,0x00000100,data,data_106B897C
0x106B8A7C,0x00000100,data,data_106B8A7C
0x106B8B7C,0x00000100,data,data_106B8B7C
0x106B8C7C,0x00000100,data,data_106B8C7C
0x106B8D7C,0x00000100,data,data_106B8D7C
0x106B8E7C,0x00000100,data,data_106B8E7C
0x106B8F7C,0x00000100,data,data_106B8F7C
0x106B907C,0x00000100,data,data_106B907C
0x106B917C,0x00000100,data,data_106B917C
0x106B927C,0x00000100,data,data_106B927C
0x106B937C,0x00000100,data,data_106B937C
0x106B947C,0x00000100,data,data_106B947C
0x106B957C,0x00000100,data,data_106B957C
0x106B967C,0x00000100,data,data_106B967C
0x106B977C,0x00000100,data,data_106B977C
0x106B987C,0x00000100,data,data_106B987C
0x106B997C,0x00000100,data,data_106B997C
0x106B9A7C,0x00000100,data,data_106B9A7C
0x106B9B7C,0x00000100,data,data_106B9B7C
0x106B9C7C,0x00000100,data,data_106B9C7C
0x106B9D7C,0x00000100,data,data_106B9D7C
0x106B9E7C,0x00000100,data,data_106B9E7C
0x106B9F7C,0x00000100,data,data_106B9F7C
0x106BA07C,0x00000100,data,data_106BA07C
0x106BA17C,0x00000100,data,data_106BA17C
0x106BA27C,0x00000100,data,data_106BA27C
0x106BA37C,0x00000100,data,data_106BA37C
0x106BA47C,0x00000100,data,data_106BA47C
0x106BA57C,0x00000100,data,data_106BA57C
0x106BA67C,0x00000100,data,data_106BA67C
0x106BA77C,0x00000100,data,data_106BA77C
0x106BA87C,0x00000100,data,data_106BA87C
0x106BA97C,0x00000100,data,data_106BA97C
0x106BAA7C,0x00000100,data,data_106BAA7C
0x106BAB7C,0x00000100,data,data_106BAB7C
0x106BAC7C,0x00000100,data,data_106BAC7C
0x106BAD7C,0x00000100,data,data_106BAD7C
0x106BAE7C,0x00000100,data,data_106BAE7C
0x106BAF7C,0x00000100,data,data_106BAF7C
0x106BB07C,0x00000100,data,data_106BB07C
0x106BB17C,0x00000100,data,data_106BB17C
0x106BB27C,0x00000100,data,data_106BB27C
0x106BB37C,0x00000100,data,data_106BB37C
0x106BB47C,0x00000100,data,data_106BB47C
0x106BB57C,0x00000100,data,data_106BB57C
0x106BB67C,0x00000100,data,data_106BB67C
0x106BB77C,0x00000100,data,data_106BB77C
0x106BB87C,0x00000100,data,data_106BB87C
0x106BB97C,0x00000100,data,data_106BB97C
0x106BBA7C,0x00000100,data,data_106BBA7C
0x106BBB7C,0x00000100,data,data_106BBB7C
0x106BBC7C,0x00000100,data,data_106BBC7C
0x106BBD7C,0x00000100,data,data_106BBD7C
0x106BBE7C,0x00000100,data,data_106BBE7C
0x106BBF7C,0x00000100,data,data_106BBF7C
0x106BC07C,0x00000100,data,data_106BC07C
0x106BC17C,0x00000100,data,data_106BC17C
0x106BC27C,0x00000100,data,data_106BC27C
0x106BC37C,0x00000100,data,data_106BC37C
0x106BC47C,0x00000100,data,data_106BC47C
0x106BC57C,0x00000100,data,data_106BC57C
0x106BC67C,0x00000100,data,data_106BC67C
0x106BC77C,0x00000100,data,data_106BC77C
0x106BC87C,0x00000100,data,data_106BC87C
0x106BC97C,0x00000100,data,data_106BC97C
0x106BCA7C,0x00000100,data,data_106BCA7C
0x106BCB7C,0x00000100,data,data_106BCB7C
0x106BCC7C,0x00000100,data,data_106BCC7C
0x106BCD7C,0x00000100,data,data_106BCD7C
0x106BCE7C,0x00000100,data,data_106BCE7C
0x106BCF7C,0x00000100,data,data_106BCF7C
0x106BD07C,0x00000100,data,data_106BD07C
0x106BD17C,0x00000100,data,data_106BD17C
0x106BD27C,0x00000100,data,data_106BD27C
0x106BD37C,0x00000100,data,data_106BD37C
0x106BD47C,0x00000100,data,data_106BD47C
0x106BD57C,0x00000100,data,data_106BD57C
0x106BD67C,0x00000100,data,data_106BD67C
0x106BD77C,0x00000100,data,data_106BD77C
0x106BD87C,0x00000100,data,data_106BD87C
0x106BD97C,0x00000100,data,data_106BD97C
0x106BDA7C,0x00000100,data,data_106BDA7C
0x106BDB7C,0x00000100,data,data_106BDB7C
0x106BDC7C,0x00000100,data,data_106BDC7C
0x106BDD7C,0x00000100,data,data_106BDD7C
0x106BDE7C,0x00000100,data,data_106BDE7C
0x106BDF7C,0x00000100,data,data_106BDF7C
0x106BE07C,0x00000100,data,data_106BE07C
0x106BE17C,0x00000100,data,data_106BE17C
0x106BE27C,0x00000100,data,data_106BE27C
0x106BE37C,0x00000100,data,data_106BE37C
0x106BE47C,0x00000100,data,data_106BE47C
0x106BE57C,0x00000100,data,data_106BE57C
0x106BE67C,0x00000100,data,data_106BE67C
0x106BE77C,0x00000100,data,data_106BE77C
0x106BE87C,0x00000100,data,data_106BE87C
0x106BE97C,0x00000100,data,data_106BE97C
0x106BEA7C,0x00000100,data,data_106BEA7C
0x106BEB7C,0x00000100,data,data_106BEB7C
0x106BEC7C,0x00000100,data,data_106BEC7C
0x106BED7C,0x00000100,data,data_106BED7C
0x106BEE7C,0x00000100,data,data_106BEE7C
0x106BEF7C,0x00000100,data,data_106BEF7C
0x106BF07C,0x00000100,data,data_106BF07C
0x106BF17C,0x00000100,data,data_106BF17C
0x106BF27C,0x00000004,data,data_106BF27C
